assessmentId,internalTaxonId,Study_ID,scientificName,Common_name,redlistCategory,Synonyms_or_previous_lump,Rodent_attributed_IUCN,Article,Article_secondary_same_data,Study_type,Study_data_type_useable,Study_rodent,Study_rodent_species_Rattus_genus,Study_location,Latitude,Longitude,Description,Year,Site,Predator_mean,Predator_error,Predator_error_type,Predator_HPD_Credible_Intervals_Lower_95,Predator_HPD_Credible_Intervals_Upper_95,Predator_sample_size,Predator_units,Predator_comment,Prey_mean,Prey_error,Prey_error_type,Prey_sample_size,Prey_units,Abundance_reproduction,Hypothesis_supported_when,Prey_comment,Sample_size_overall,Sample_type,Sampling_quote,Source,Data_notes,Effect_type
95133622,22736423,study_7,Chasiempis ibidis,Oahu Elepaio,Endangered,Chasiempis sandwichensis,Rattus rattus,"VanderWerf, E.A., Mosher, S.M., Burt, M.D., Taylor, P.E. and Sailer, D., 2011. Variable efficacy of rat control in conserving O ‘ahu ‘Elepaio populations. In Proceedings of the Island Invasives: Eradication and Management Conference.",N/A,Spatiotemporal,,Rattus rattus,,O’ahu,21.4389,-158.0001,Rat abundance vs bird abundance (breeding pairs) over time and across sites,2005,Ekahanui,0.083,,,,,,Rats/trap/visit,,16.883,,,,Number of breeding pairs,Abundance,Negative,,,,,"Figure 3,7",,Correlation
95133622,22736423,study_7,Chasiempis ibidis,Oahu Elepaio,Endangered,Chasiempis sandwichensis,Rattus rattus,"VanderWerf, E.A., Mosher, S.M., Burt, M.D., Taylor, P.E. and Sailer, D., 2011. Variable efficacy of rat control in conserving O ‘ahu ‘Elepaio populations. In Proceedings of the Island Invasives: Eradication and Management Conference.",N/A,Spatiotemporal,,Rattus rattus,,O’ahu,21.4389,-158.0001,Rat abundance vs bird abundance (breeding pairs) over time and across sites,2006,Ekahanui,0.088,,,,,,Rats/trap/visit,,22.684,,,,Number of breeding pairs,Abundance,Negative,,,,,"Figure 3,7",,Correlation
95133622,22736423,study_7,Chasiempis ibidis,Oahu Elepaio,Endangered,Chasiempis sandwichensis,Rattus rattus,"VanderWerf, E.A., Mosher, S.M., Burt, M.D., Taylor, P.E. and Sailer, D., 2011. Variable efficacy of rat control in conserving O ‘ahu ‘Elepaio populations. In Proceedings of the Island Invasives: Eradication and Management Conference.",N/A,Spatiotemporal,,Rattus rattus,,O’ahu,21.4389,-158.0001,Rat abundance vs bird abundance (breeding pairs) over time and across sites,2007,Ekahanui,0.114,,,,,,Rats/trap/visit,,19.246,,,,Number of breeding pairs,Abundance,Negative,,,,,"Figure 3,7",,Correlation
95133622,22736423,study_7,Chasiempis ibidis,Oahu Elepaio,Endangered,Chasiempis sandwichensis,Rattus rattus,"VanderWerf, E.A., Mosher, S.M., Burt, M.D., Taylor, P.E. and Sailer, D., 2011. Variable efficacy of rat control in conserving O ‘ahu ‘Elepaio populations. In Proceedings of the Island Invasives: Eradication and Management Conference.",N/A,Spatiotemporal,,Rattus rattus,,O’ahu,21.4389,-158.0001,Rat abundance vs bird abundance (breeding pairs) over time and across sites,2008,Ekahanui,0.048,,,,,,Rats/trap/visit,,16.791,,,,Number of breeding pairs,Abundance,Negative,,,,,"Figure 3,7",,Correlation
95133622,22736423,study_7,Chasiempis ibidis,Oahu Elepaio,Endangered,Chasiempis sandwichensis,Rattus rattus,"VanderWerf, E.A., Mosher, S.M., Burt, M.D., Taylor, P.E. and Sailer, D., 2011. Variable efficacy of rat control in conserving O ‘ahu ‘Elepaio populations. In Proceedings of the Island Invasives: Eradication and Management Conference.",N/A,Spatiotemporal,,Rattus rattus,,O’ahu,21.4389,-158.0001,Rat abundance vs bird abundance (breeding pairs) over time and across sites,2009,Ekahanui,0.048,,,,,,Rats/trap/visit,,39.014,,,,Number of breeding pairs,Abundance,Negative,,,,,"Figure 3,7",,Correlation
95133622,22736423,study_7,Chasiempis ibidis,Oahu Elepaio,Endangered,Chasiempis sandwichensis,Rattus rattus,"VanderWerf, E.A., Mosher, S.M., Burt, M.D., Taylor, P.E. and Sailer, D., 2011. Variable efficacy of rat control in conserving O ‘ahu ‘Elepaio populations. In Proceedings of the Island Invasives: Eradication and Management Conference.",N/A,Spatiotemporal,,Rattus rattus,,O’ahu,21.4389,-158.0001,Rat abundance vs bird abundance (breeding pairs) over time and across sites,2007,Palehua,0.213,,,,,,Rats/trap/visit,,9.669,,,,Number of breeding pairs,Abundance,Negative,,,,,"Figure 3,7",,Correlation
95133622,22736423,study_7,Chasiempis ibidis,Oahu Elepaio,Endangered,Chasiempis sandwichensis,Rattus rattus,"VanderWerf, E.A., Mosher, S.M., Burt, M.D., Taylor, P.E. and Sailer, D., 2011. Variable efficacy of rat control in conserving O ‘ahu ‘Elepaio populations. In Proceedings of the Island Invasives: Eradication and Management Conference.",N/A,Spatiotemporal,,Rattus rattus,,O’ahu,21.4389,-158.0001,Rat abundance vs bird abundance (breeding pairs) over time and across sites,2008,Palehua,0.116,,,,,,Rats/trap/visit,,10.774,,,,Number of breeding pairs,Abundance,Negative,,,,,"Figure 3,7",,Correlation
95133622,22736423,study_7,Chasiempis ibidis,Oahu Elepaio,Endangered,Chasiempis sandwichensis,Rattus rattus,"VanderWerf, E.A., Mosher, S.M., Burt, M.D., Taylor, P.E. and Sailer, D., 2011. Variable efficacy of rat control in conserving O ‘ahu ‘Elepaio populations. In Proceedings of the Island Invasives: Eradication and Management Conference.",N/A,Spatiotemporal,,Rattus rattus,,O’ahu,21.4389,-158.0001,Rat abundance vs bird abundance (breeding pairs) over time and across sites,2009,Palehua,0.045,,,,,,Rats/trap/visit,,14.826,,,,Number of breeding pairs,Abundance,Negative,,,,,"Figure 3,7",,Correlation
95133622,22736423,study_7,Chasiempis ibidis,Oahu Elepaio,Endangered,Chasiempis sandwichensis,Rattus rattus,"VanderWerf, E.A., Mosher, S.M., Burt, M.D., Taylor, P.E. and Sailer, D., 2011. Variable efficacy of rat control in conserving O ‘ahu ‘Elepaio populations. In Proceedings of the Island Invasives: Eradication and Management Conference.",N/A,Spatiotemporal,,Rattus rattus,,O’ahu,21.4389,-158.0001,Rat abundance vs bird abundance (breeding pairs) over time and across sites,2006,Moanalua,0.126,,,,,,Rats/trap/visit,,23.912,,,,Number of breeding pairs,Abundance,Negative,,,,,"Figure 3,7",,Correlation
95133622,22736423,study_7,Chasiempis ibidis,Oahu Elepaio,Endangered,Chasiempis sandwichensis,Rattus rattus,"VanderWerf, E.A., Mosher, S.M., Burt, M.D., Taylor, P.E. and Sailer, D., 2011. Variable efficacy of rat control in conserving O ‘ahu ‘Elepaio populations. In Proceedings of the Island Invasives: Eradication and Management Conference.",N/A,Spatiotemporal,,Rattus rattus,,O’ahu,21.4389,-158.0001,Rat abundance vs bird abundance (breeding pairs) over time and across sites,2007,Moanalua,0.131,,,,,,Rats/trap/visit,,30.911,,,,Number of breeding pairs,Abundance,Negative,,,,,"Figure 3,7",,Correlation
95133622,22736423,study_7,Chasiempis ibidis,Oahu Elepaio,Endangered,Chasiempis sandwichensis,Rattus rattus,"VanderWerf, E.A., Mosher, S.M., Burt, M.D., Taylor, P.E. and Sailer, D., 2011. Variable efficacy of rat control in conserving O ‘ahu ‘Elepaio populations. In Proceedings of the Island Invasives: Eradication and Management Conference.",N/A,Spatiotemporal,,Rattus rattus,,O’ahu,21.4389,-158.0001,Rat abundance vs bird abundance (breeding pairs) over time and across sites,2008,Moanalua,0.113,,,,,,Rats/trap/visit,,25.754,,,,Number of breeding pairs,Abundance,Negative,,,,,"Figure 3,7",,Correlation
95133622,22736423,study_7,Chasiempis ibidis,Oahu Elepaio,Endangered,Chasiempis sandwichensis,Rattus rattus,"VanderWerf, E.A., Mosher, S.M., Burt, M.D., Taylor, P.E. and Sailer, D., 2011. Variable efficacy of rat control in conserving O ‘ahu ‘Elepaio populations. In Proceedings of the Island Invasives: Eradication and Management Conference.",N/A,Spatiotemporal,,Rattus rattus,,O’ahu,21.4389,-158.0001,Rat abundance vs bird abundance (breeding pairs) over time and across sites,2009,Moanalua,0.106,,,,,,Rats/trap/visit,,26.736,,,,Number of breeding pairs,Abundance,Negative,,,,,"Figure 3,7",,Correlation
95133622,22736423,study_7,Chasiempis ibidis,Oahu Elepaio,Endangered,Chasiempis sandwichensis,Rattus rattus,"VanderWerf, E.A., Mosher, S.M., Burt, M.D., Taylor, P.E. and Sailer, D., 2011. Variable efficacy of rat control in conserving O ‘ahu ‘Elepaio populations. In Proceedings of the Island Invasives: Eradication and Management Conference.",N/A,Spatiotemporal,,Rattus rattus,,O’ahu,21.4389,-158.0001,Rat abundance vs bird abundance (breeding pairs) over time and across sites,2005,Makaha,0.341,,,,,,Rats/trap/visit,,12.616,,,,Number of breeding pairs,Abundance,Negative,,,,,"Figure 3,7",,Correlation
95133622,22736423,study_7,Chasiempis ibidis,Oahu Elepaio,Endangered,Chasiempis sandwichensis,Rattus rattus,"VanderWerf, E.A., Mosher, S.M., Burt, M.D., Taylor, P.E. and Sailer, D., 2011. Variable efficacy of rat control in conserving O ‘ahu ‘Elepaio populations. In Proceedings of the Island Invasives: Eradication and Management Conference.",N/A,Spatiotemporal,,Rattus rattus,,O’ahu,21.4389,-158.0001,Rat abundance vs bird abundance (breeding pairs) over time and across sites,2006,Makaha,0.126,,,,,,Rats/trap/visit,,12.739,,,,Number of breeding pairs,Abundance,Negative,,,,,"Figure 3,7",,Correlation
95133622,22736423,study_7,Chasiempis ibidis,Oahu Elepaio,Endangered,Chasiempis sandwichensis,Rattus rattus,"VanderWerf, E.A., Mosher, S.M., Burt, M.D., Taylor, P.E. and Sailer, D., 2011. Variable efficacy of rat control in conserving O ‘ahu ‘Elepaio populations. In Proceedings of the Island Invasives: Eradication and Management Conference.",N/A,Spatiotemporal,,Rattus rattus,,O’ahu,21.4389,-158.0001,Rat abundance vs bird abundance (breeding pairs) over time and across sites,2007,Makaha,0.225,,,,,,Rats/trap/visit,,7.705,,,,Number of breeding pairs,Abundance,Negative,,,,,"Figure 3,7",,Correlation
95133622,22736423,study_7,Chasiempis ibidis,Oahu Elepaio,Endangered,Chasiempis sandwichensis,Rattus rattus,"VanderWerf, E.A., Mosher, S.M., Burt, M.D., Taylor, P.E. and Sailer, D., 2011. Variable efficacy of rat control in conserving O ‘ahu ‘Elepaio populations. In Proceedings of the Island Invasives: Eradication and Management Conference.",N/A,Spatiotemporal,,Rattus rattus,,O’ahu,21.4389,-158.0001,Rat abundance vs bird abundance (breeding pairs) over time and across sites,2008,Makaha,0.118,,,,,,Rats/trap/visit,,7.95,,,,Number of breeding pairs,Abundance,Negative,,,,,"Figure 3,7",,Correlation
95133622,22736423,study_7,Chasiempis ibidis,Oahu Elepaio,Endangered,Chasiempis sandwichensis,Rattus rattus,"VanderWerf, E.A., Mosher, S.M., Burt, M.D., Taylor, P.E. and Sailer, D., 2011. Variable efficacy of rat control in conserving O ‘ahu ‘Elepaio populations. In Proceedings of the Island Invasives: Eradication and Management Conference.",N/A,Spatiotemporal,,Rattus rattus,,O’ahu,21.4389,-158.0001,Rat abundance vs bird abundance (breeding pairs) over time and across sites,2009,Makaha,0.16,,,,,,Rats/trap/visit,,5.003,,,,Number of breeding pairs,Abundance,Negative,,,,,"Figure 3,7",,Correlation
95133622,22736423,study_7,Chasiempis ibidis,Oahu Elepaio,Endangered,Chasiempis sandwichensis,Rattus rattus,"VanderWerf, E.A., Mosher, S.M., Burt, M.D., Taylor, P.E. and Sailer, D., 2011. Variable efficacy of rat control in conserving O ‘ahu ‘Elepaio populations. In Proceedings of the Island Invasives: Eradication and Management Conference.",N/A,Spatiotemporal,,Rattus rattus,,O’ahu,21.4389,-158.0001,Rat abundance vs bird abundance (breeding pairs) over time and across sites,2007,Waikane,0.34,,,,,,Rats/trap/visit,,6.6,,,,Number of breeding pairs,Abundance,Negative,,,,,"Figure 3,7",,Correlation
95133622,22736423,study_7,Chasiempis ibidis,Oahu Elepaio,Endangered,Chasiempis sandwichensis,Rattus rattus,"VanderWerf, E.A., Mosher, S.M., Burt, M.D., Taylor, P.E. and Sailer, D., 2011. Variable efficacy of rat control in conserving O ‘ahu ‘Elepaio populations. In Proceedings of the Island Invasives: Eradication and Management Conference.",N/A,Spatiotemporal,,Rattus rattus,,O’ahu,21.4389,-158.0001,Rat abundance vs bird abundance (breeding pairs) over time and across sites,2008,Waikane,0.194,,,,,,Rats/trap/visit,,2.548,,,,Number of breeding pairs,Abundance,Negative,,,,,"Figure 3,7",,Correlation
95133622,22736423,study_7,Chasiempis ibidis,Oahu Elepaio,Endangered,Chasiempis sandwichensis,Rattus rattus,"VanderWerf, E.A., Mosher, S.M., Burt, M.D., Taylor, P.E. and Sailer, D., 2011. Variable efficacy of rat control in conserving O ‘ahu ‘Elepaio populations. In Proceedings of the Island Invasives: Eradication and Management Conference.",N/A,Spatiotemporal,,Rattus rattus,,O’ahu,21.4389,-158.0001,Rat abundance vs bird abundance (breeding pairs) over time and across sites,2005,Schofield,0.214,,,,,,Rats/trap/visit,,14.949,,,,Number of breeding pairs,Abundance,Negative,,,,,"Figure 3,7",,Correlation
95133622,22736423,study_7,Chasiempis ibidis,Oahu Elepaio,Endangered,Chasiempis sandwichensis,Rattus rattus,"VanderWerf, E.A., Mosher, S.M., Burt, M.D., Taylor, P.E. and Sailer, D., 2011. Variable efficacy of rat control in conserving O ‘ahu ‘Elepaio populations. In Proceedings of the Island Invasives: Eradication and Management Conference.",N/A,Spatiotemporal,,Rattus rattus,,O’ahu,21.4389,-158.0001,Rat abundance vs bird abundance (breeding pairs) over time and across sites,2006,Schofield,0.263,,,,,,Rats/trap/visit,,14.949,,,,Number of breeding pairs,Abundance,Negative,,,,,"Figure 3,7",,Correlation
95133622,22736423,study_7,Chasiempis ibidis,Oahu Elepaio,Endangered,Chasiempis sandwichensis,Rattus rattus,"VanderWerf, E.A., Mosher, S.M., Burt, M.D., Taylor, P.E. and Sailer, D., 2011. Variable efficacy of rat control in conserving O ‘ahu ‘Elepaio populations. In Proceedings of the Island Invasives: Eradication and Management Conference.",N/A,Spatiotemporal,,Rattus rattus,,O’ahu,21.4389,-158.0001,Rat abundance vs bird abundance (breeding pairs) over time and across sites,2007,Schofield,0.24,,,,,,Rats/trap/visit,,12.739,,,,Number of breeding pairs,Abundance,Negative,,,,,"Figure 3,7",,Correlation
95133622,22736423,study_7,Chasiempis ibidis,Oahu Elepaio,Endangered,Chasiempis sandwichensis,Rattus rattus,"VanderWerf, E.A., Mosher, S.M., Burt, M.D., Taylor, P.E. and Sailer, D., 2011. Variable efficacy of rat control in conserving O ‘ahu ‘Elepaio populations. In Proceedings of the Island Invasives: Eradication and Management Conference.",N/A,Spatiotemporal,,Rattus rattus,,O’ahu,21.4389,-158.0001,Rat abundance vs bird abundance (breeding pairs) over time and across sites,2008,Schofield,0.3,,,,,,Rats/trap/visit,,12.002,,,,Number of breeding pairs,Abundance,Negative,,,,,"Figure 3,7",,Correlation
95133622,22736423,study_7,Chasiempis ibidis,Oahu Elepaio,Endangered,Chasiempis sandwichensis,Rattus rattus,"VanderWerf, E.A., Mosher, S.M., Burt, M.D., Taylor, P.E. and Sailer, D., 2011. Variable efficacy of rat control in conserving O ‘ahu ‘Elepaio populations. In Proceedings of the Island Invasives: Eradication and Management Conference.",N/A,Spatiotemporal,,Rattus rattus,,O’ahu,21.4389,-158.0001,Rat abundance vs bird abundance (breeding pairs) over time and across sites,2009,Schofield,0.072,,,,,,Rats/trap/visit,,19.001,,,,Number of breeding pairs,Abundance,Negative,,,,,"Figure 3,7",,Correlation
119177586,45353580,study_9,Apteryx mantelli,North Island Brown Kiwi,Vulnerable,Apteryx australis,Rattus,"Gillies, C.A., Leach, M.R., Coad, N.B., Theobald, S.W., Campbell, J., Herbert, T., Graham, P.J. and Pierce, R.J., 2003. Six years of intensive pest mammal control at Trounson Kauri Park, a Department of Conservation “mainland island”, June 1996—July 2002. New Zealand Journal of Zoology, 30(4), pp.399-420.",N/A,Temporal,,"Rattus rattus, Rattus norvegicus, Rattus exulans",1,Trounson Kauri Park,-35.7199752,173.6493761,Rat abundance vs chick survival over time,1997,Trounson Kauri Park,0.0021375,,,,,,Percent tunnels tracked by rats,,0.25,,,,Percent survived to 1kg,Reproduction,Negative,,,,,"Figure 3,5",Table 4 unuseable due to limited years,Correlation
119177586,45353580,study_9,Apteryx mantelli,North Island Brown Kiwi,Vulnerable,Apteryx australis,Rattus,"Gillies, C.A., Leach, M.R., Coad, N.B., Theobald, S.W., Campbell, J., Herbert, T., Graham, P.J. and Pierce, R.J., 2003. Six years of intensive pest mammal control at Trounson Kauri Park, a Department of Conservation “mainland island”, June 1996—July 2002. New Zealand Journal of Zoology, 30(4), pp.399-420.",N/A,Temporal,,"Rattus rattus, Rattus norvegicus, Rattus exulans",1,Trounson Kauri Park,-35.7199752,173.6493761,Rat abundance vs chick survival over time,1998,Trounson Kauri Park,0.0309025,,,,,,Percent tunnels tracked by rats,,0.389,,,,Percent survived to 1kg,Reproduction,Negative,,,,,"Figure 3,5",Table 4 unuseable due to limited years,Correlation
119177586,45353580,study_9,Apteryx mantelli,North Island Brown Kiwi,Vulnerable,Apteryx australis,Rattus,"Gillies, C.A., Leach, M.R., Coad, N.B., Theobald, S.W., Campbell, J., Herbert, T., Graham, P.J. and Pierce, R.J., 2003. Six years of intensive pest mammal control at Trounson Kauri Park, a Department of Conservation “mainland island”, June 1996—July 2002. New Zealand Journal of Zoology, 30(4), pp.399-420.",N/A,Temporal,,"Rattus rattus, Rattus norvegicus, Rattus exulans",1,Trounson Kauri Park,-35.7199752,173.6493761,Rat abundance vs chick survival over time,1999,Trounson Kauri Park,0.0598375,,,,,,Percent tunnels tracked by rats,,0.688,,,,Percent survived to 1kg,Reproduction,Negative,,,,,"Figure 3,5",Table 4 unuseable due to limited years,Correlation
119177586,45353580,study_9,Apteryx mantelli,North Island Brown Kiwi,Vulnerable,Apteryx australis,Rattus,"Gillies, C.A., Leach, M.R., Coad, N.B., Theobald, S.W., Campbell, J., Herbert, T., Graham, P.J. and Pierce, R.J., 2003. Six years of intensive pest mammal control at Trounson Kauri Park, a Department of Conservation “mainland island”, June 1996—July 2002. New Zealand Journal of Zoology, 30(4), pp.399-420.",N/A,Temporal,,"Rattus rattus, Rattus norvegicus, Rattus exulans",1,Trounson Kauri Park,-35.7199752,173.6493761,Rat abundance vs chick survival over time,2000,Trounson Kauri Park,0.0723125,,,,,,Percent tunnels tracked by rats,,0.429,,,,Percent survived to 1kg,Reproduction,Negative,,,,,"Figure 3,5",Table 4 unuseable due to limited years,Correlation
119177586,45353580,study_9,Apteryx mantelli,North Island Brown Kiwi,Vulnerable,Apteryx australis,Rattus,"Gillies, C.A., Leach, M.R., Coad, N.B., Theobald, S.W., Campbell, J., Herbert, T., Graham, P.J. and Pierce, R.J., 2003. Six years of intensive pest mammal control at Trounson Kauri Park, a Department of Conservation “mainland island”, June 1996—July 2002. New Zealand Journal of Zoology, 30(4), pp.399-420.",N/A,Temporal,,"Rattus rattus, Rattus norvegicus, Rattus exulans",1,Trounson Kauri Park,-35.7199752,173.6493761,Rat abundance vs chick survival over time,2001,Trounson Kauri Park,0.058445,,,,,,Percent tunnels tracked by rats,,0.25,,,,Percent survived to 1kg,Reproduction,Negative,,,,,"Figure 3,5",Table 4 unuseable due to limited years,Correlation
132468877,132468585,study_12,Puffinus myrtae,Rapa Shearwater,Critically Endangered,"Puffinus assimilis, Puffinus newelli",Rattus exulans,"Pierce, R.J., 2002. Kiore (Rattus exulans) impact on breeding success of Pycroft's petrels and little shearwaters (p. 24). Wellington: Department of Conservation.",N/A,Temporal,,Rattus exulans,,"Lady Alice Island, Coppermine Island",-35.8911,174.7303,Rat abundance vs bird abundance (breeding success) over time and across 2 islands,1995,Coppermine,2,,,,,,Number of rats observed per 15min,,0.06531,add if relevant,SE,,Percent breeding success,Reproduction,Negative,,18,Nests monitored,,Figure 2,,Correlation
132468877,132468585,study_12,Puffinus myrtae,Rapa Shearwater,Critically Endangered,"Puffinus assimilis, Puffinus newelli",Rattus exulans,"Pierce, R.J., 2002. Kiore (Rattus exulans) impact on breeding success of Pycroft's petrels and little shearwaters (p. 24). Wellington: Department of Conservation.",N/A,Temporal,,Rattus exulans,,"Lady Alice Island, Coppermine Island",-35.8911,174.7303,Rat abundance vs bird abundance (breeding success) over time and across 2 islands,1996,Coppermine,1.5,,,,,,Number of rats observed per 15min,,0.05408,add if relevant,SE,,Percent breeding success,Reproduction,Negative,,19,Nests monitored,,Figure 2,,Correlation
132468877,132468585,study_12,Puffinus myrtae,Rapa Shearwater,Critically Endangered,"Puffinus assimilis, Puffinus newelli",Rattus exulans,"Pierce, R.J., 2002. Kiore (Rattus exulans) impact on breeding success of Pycroft's petrels and little shearwaters (p. 24). Wellington: Department of Conservation.",N/A,Temporal,,Rattus exulans,,"Lady Alice Island, Coppermine Island",-35.8911,174.7303,Rat abundance vs bird abundance (breeding success) over time and across 2 islands,1997,Coppermine,0,,,,,,Number of rats observed per 15min,,0.38333,add if relevant,SE,,Percent breeding success,Reproduction,Negative,,21,Nests monitored,,Figure 2,,Correlation
132468877,132468585,study_12,Puffinus myrtae,Rapa Shearwater,Critically Endangered,"Puffinus assimilis, Puffinus newelli",Rattus exulans,"Pierce, R.J., 2002. Kiore (Rattus exulans) impact on breeding success of Pycroft's petrels and little shearwaters (p. 24). Wellington: Department of Conservation.",N/A,Temporal,,Rattus exulans,,"Lady Alice Island, Coppermine Island",-35.8911,174.7303,Rat abundance vs bird abundance (breeding success) over time and across 2 islands,1998,Coppermine,0,,,,,,Number of rats observed per 15min,,0.39966,add if relevant,SE,,Percent breeding success,Reproduction,Negative,,10,Nests monitored,,Figure 2,,Correlation
132468877,132468585,study_12,Puffinus myrtae,Rapa Shearwater,Critically Endangered,"Puffinus assimilis, Puffinus newelli",Rattus exulans,"Pierce, R.J., 2002. Kiore (Rattus exulans) impact on breeding success of Pycroft's petrels and little shearwaters (p. 24). Wellington: Department of Conservation.",N/A,Temporal,,Rattus exulans,,"Lady Alice Island, Coppermine Island",-35.8911,174.7303,Rat abundance vs bird abundance (breeding success) over time and across 2 islands,1999,Coppermine,0,,,,,,Number of rats observed per 15min,,0.78878,add if relevant,SE,,Percent breeding success,Reproduction,Negative,,24,Nests monitored,,Figure 2,,Correlation
132468877,132468585,study_12,Puffinus myrtae,Rapa Shearwater,Critically Endangered,"Puffinus assimilis, Puffinus newelli",Rattus exulans,"Pierce, R.J., 2002. Kiore (Rattus exulans) impact on breeding success of Pycroft's petrels and little shearwaters (p. 24). Wellington: Department of Conservation.",N/A,Temporal,,Rattus exulans,,"Lady Alice Island, Coppermine Island",-35.8911,174.7303,Rat abundance vs bird abundance (breeding success) over time and across 2 islands,1993,Lady Alice,2.2,,,,,,Number of rats observed per 15min,,0.4949,add if relevant,SE,,Percent breeding success,Reproduction,Negative,,24,Nests monitored,,Figure 2,,Correlation
132468877,132468585,study_12,Puffinus myrtae,Rapa Shearwater,Critically Endangered,"Puffinus assimilis, Puffinus newelli",Rattus exulans,"Pierce, R.J., 2002. Kiore (Rattus exulans) impact on breeding success of Pycroft's petrels and little shearwaters (p. 24). Wellington: Department of Conservation.",N/A,Temporal,,Rattus exulans,,"Lady Alice Island, Coppermine Island",-35.8911,174.7303,Rat abundance vs bird abundance (breeding success) over time and across 2 islands,1994,Lady Alice,0,,,,,,Number of rats observed per 15min,,0.37789,add if relevant,SE,,Percent breeding success,Reproduction,Negative,,29,Nests monitored,,Figure 2,,Correlation
132468877,132468585,study_12,Puffinus myrtae,Rapa Shearwater,Critically Endangered,"Puffinus assimilis, Puffinus newelli",Rattus exulans,"Pierce, R.J., 2002. Kiore (Rattus exulans) impact on breeding success of Pycroft's petrels and little shearwaters (p. 24). Wellington: Department of Conservation.",N/A,Temporal,,Rattus exulans,,"Lady Alice Island, Coppermine Island",-35.8911,174.7303,Rat abundance vs bird abundance (breeding success) over time and across 2 islands,1995,Lady Alice,0,,,,,,Number of rats observed per 15min,,0.86224,add if relevant,SE,,Percent breeding success,Reproduction,Negative,,21,Nests monitored,,Figure 2,,Correlation
132468877,132468585,study_12,Puffinus myrtae,Rapa Shearwater,Critically Endangered,"Puffinus assimilis, Puffinus newelli",Rattus exulans,"Pierce, R.J., 2002. Kiore (Rattus exulans) impact on breeding success of Pycroft's petrels and little shearwaters (p. 24). Wellington: Department of Conservation.",N/A,Temporal,,Rattus exulans,,"Lady Alice Island, Coppermine Island",-35.8911,174.7303,Rat abundance vs bird abundance (breeding success) over time and across 2 islands,1996,Lady Alice,0,,,,,,Number of rats observed per 15min,,0.68265,add if relevant,SE,,Percent breeding success,Reproduction,Negative,,25,Nests monitored,,Figure 2,,Correlation
132468877,132468585,study_12,Puffinus myrtae,Rapa Shearwater,Critically Endangered,"Puffinus assimilis, Puffinus newelli",Rattus exulans,"Pierce, R.J., 2002. Kiore (Rattus exulans) impact on breeding success of Pycroft's petrels and little shearwaters (p. 24). Wellington: Department of Conservation.",N/A,Temporal,,Rattus exulans,,"Lady Alice Island, Coppermine Island",-35.8911,174.7303,Rat abundance vs bird abundance (breeding success) over time and across 2 islands,1997,Lady Alice,0,,,,,,Number of rats observed per 15min,,0.59286,add if relevant,SE,,Percent breeding success,Reproduction,Negative,,22,Nests monitored,,Figure 2,,Correlation
132468877,132468585,study_12,Puffinus myrtae,Rapa Shearwater,Critically Endangered,"Puffinus assimilis, Puffinus newelli",Rattus exulans,"Pierce, R.J., 2002. Kiore (Rattus exulans) impact on breeding success of Pycroft's petrels and little shearwaters (p. 24). Wellington: Department of Conservation.",N/A,Temporal,,Rattus exulans,,"Lady Alice Island, Coppermine Island",-35.8911,174.7303,Rat abundance vs bird abundance (breeding success) over time and across 2 islands,1998,Lady Alice,0,,,,,,Number of rats observed per 15min,,0.53299,add if relevant,SE,,Percent breeding success,Reproduction,Negative,,23,Nests monitored,,Figure 2,,Correlation
132468877,132468585,study_12,Puffinus myrtae,Rapa Shearwater,Critically Endangered,"Puffinus assimilis, Puffinus newelli",Rattus exulans,"Pierce, R.J., 2002. Kiore (Rattus exulans) impact on breeding success of Pycroft's petrels and little shearwaters (p. 24). Wellington: Department of Conservation.",N/A,Temporal,,Rattus exulans,,"Lady Alice Island, Coppermine Island",-35.8911,174.7303,Rat abundance vs bird abundance (breeding success) over time and across 2 islands,1999,Lady Alice,0,,,,,,Number of rats observed per 15min,,0.75884,add if relevant,SE,,Percent breeding success,Reproduction,Negative,,23,Nests monitored,,Figure 2,,Correlation
132616888,22697984,study_15,Pterodroma pycrofti,Pycroft's Petrel,Vulnerable,N/A,Rattus exulans,"Pierce, R.J., 2002. Kiore (Rattus exulans) impact on breeding success of Pycroft's petrels and little shearwaters (p. 24). Wellington: Department of Conservation.",N/A,Temporal,,Rattus exulans,,"Lady Alice Island, Coppermine Island",-35.8911,174.7303,Rat abundance vs bird abundance (breeding success) over time and across 2 islands,1992,Coppermine,0,,,,,,Number of rats observed per 15min,,0.57909,add if relevant,SE,,Percent breeding success,Reproduction,Negative,,24,Nests monitored,,Figure 2,,Correlation
132616888,22697984,study_15,Pterodroma pycrofti,Pycroft's Petrel,Vulnerable,N/A,Rattus exulans,"Pierce, R.J., 2002. Kiore (Rattus exulans) impact on breeding success of Pycroft's petrels and little shearwaters (p. 24). Wellington: Department of Conservation.",N/A,Temporal,,Rattus exulans,,"Lady Alice Island, Coppermine Island",-35.8911,174.7303,Rat abundance vs bird abundance (breeding success) over time and across 2 islands,1993,Coppermine,1.1,,,,,,Number of rats observed per 15min,,0.36783,add if relevant,SE,,Percent breeding success,Reproduction,Negative,,24,Nests monitored,,Figure 2,,Correlation
132616888,22697984,study_15,Pterodroma pycrofti,Pycroft's Petrel,Vulnerable,N/A,Rattus exulans,"Pierce, R.J., 2002. Kiore (Rattus exulans) impact on breeding success of Pycroft's petrels and little shearwaters (p. 24). Wellington: Department of Conservation.",N/A,Temporal,,Rattus exulans,,"Lady Alice Island, Coppermine Island",-35.8911,174.7303,Rat abundance vs bird abundance (breeding success) over time and across 2 islands,1995,Coppermine,2,,,,,,Number of rats observed per 15min,,0.36977,add if relevant,SE,,Percent breeding success,Reproduction,Negative,,27,Nests monitored,,Figure 2,,Correlation
132616888,22697984,study_15,Pterodroma pycrofti,Pycroft's Petrel,Vulnerable,N/A,Rattus exulans,"Pierce, R.J., 2002. Kiore (Rattus exulans) impact on breeding success of Pycroft's petrels and little shearwaters (p. 24). Wellington: Department of Conservation.",N/A,Temporal,,Rattus exulans,,"Lady Alice Island, Coppermine Island",-35.8911,174.7303,Rat abundance vs bird abundance (breeding success) over time and across 2 islands,1996,Coppermine,1.5,,,,,,Number of rats observed per 15min,,0.21807,add if relevant,SE,,Percent breeding success,Reproduction,Negative,,32,Nests monitored,,Figure 2,,Correlation
132616888,22697984,study_15,Pterodroma pycrofti,Pycroft's Petrel,Vulnerable,N/A,Rattus exulans,"Pierce, R.J., 2002. Kiore (Rattus exulans) impact on breeding success of Pycroft's petrels and little shearwaters (p. 24). Wellington: Department of Conservation.",N/A,Temporal,,Rattus exulans,,"Lady Alice Island, Coppermine Island",-35.8911,174.7303,Rat abundance vs bird abundance (breeding success) over time and across 2 islands,1997,Coppermine,0,,,,,,Number of rats observed per 15min,,0.60122,add if relevant,SE,,Percent breeding success,Reproduction,Negative,,27,Nests monitored,,Figure 2,,Correlation
132616888,22697984,study_15,Pterodroma pycrofti,Pycroft's Petrel,Vulnerable,N/A,Rattus exulans,"Pierce, R.J., 2002. Kiore (Rattus exulans) impact on breeding success of Pycroft's petrels and little shearwaters (p. 24). Wellington: Department of Conservation.",N/A,Temporal,,Rattus exulans,,"Lady Alice Island, Coppermine Island",-35.8911,174.7303,Rat abundance vs bird abundance (breeding success) over time and across 2 islands,1998,Coppermine,0,,,,,,Number of rats observed per 15min,,0.47869,add if relevant,SE,,Percent breeding success,Reproduction,Negative,,21,Nests monitored,,Figure 2,,Correlation
132616888,22697984,study_15,Pterodroma pycrofti,Pycroft's Petrel,Vulnerable,N/A,Rattus exulans,"Pierce, R.J., 2002. Kiore (Rattus exulans) impact on breeding success of Pycroft's petrels and little shearwaters (p. 24). Wellington: Department of Conservation.",N/A,Temporal,,Rattus exulans,,"Lady Alice Island, Coppermine Island",-35.8911,174.7303,Rat abundance vs bird abundance (breeding success) over time and across 2 islands,1999,Coppermine,0,,,,,,Number of rats observed per 15min,,0.71207,add if relevant,SE,,Percent breeding success,Reproduction,Negative,,24,Nests monitored,,Figure 2,,Correlation
132616888,22697984,study_15,Pterodroma pycrofti,Pycroft's Petrel,Vulnerable,N/A,Rattus exulans,"Pierce, R.J., 2002. Kiore (Rattus exulans) impact on breeding success of Pycroft's petrels and little shearwaters (p. 24). Wellington: Department of Conservation.",N/A,Temporal,,Rattus exulans,,"Lady Alice Island, Coppermine Island",-35.8911,174.7303,Rat abundance vs bird abundance (breeding success) over time and across 2 islands,1992,Lady Alice,,,,,,,Number of rats observed per 15min,,0.1889,add if relevant,SE,,Percent breeding success,Reproduction,Negative,,32,Nests monitored,,Figure 2,,Correlation
132616888,22697984,study_15,Pterodroma pycrofti,Pycroft's Petrel,Vulnerable,N/A,Rattus exulans,"Pierce, R.J., 2002. Kiore (Rattus exulans) impact on breeding success of Pycroft's petrels and little shearwaters (p. 24). Wellington: Department of Conservation.",N/A,Temporal,,Rattus exulans,,"Lady Alice Island, Coppermine Island",-35.8911,174.7303,Rat abundance vs bird abundance (breeding success) over time and across 2 islands,1993,Lady Alice,2.2,,,,,,Number of rats observed per 15min,,0.50981,add if relevant,SE,,Percent breeding success,Reproduction,Negative,,33,Nests monitored,,Figure 2,,Correlation
132616888,22697984,study_15,Pterodroma pycrofti,Pycroft's Petrel,Vulnerable,N/A,Rattus exulans,"Pierce, R.J., 2002. Kiore (Rattus exulans) impact on breeding success of Pycroft's petrels and little shearwaters (p. 24). Wellington: Department of Conservation.",N/A,Temporal,,Rattus exulans,,"Lady Alice Island, Coppermine Island",-35.8911,174.7303,Rat abundance vs bird abundance (breeding success) over time and across 2 islands,1994,Lady Alice,0,,,,,,Number of rats observed per 15min,,0.5487,add if relevant,SE,,Percent breeding success,Reproduction,Negative,,43,Nests monitored,,Figure 2,,Correlation
132616888,22697984,study_15,Pterodroma pycrofti,Pycroft's Petrel,Vulnerable,N/A,Rattus exulans,"Pierce, R.J., 2002. Kiore (Rattus exulans) impact on breeding success of Pycroft's petrels and little shearwaters (p. 24). Wellington: Department of Conservation.",N/A,Temporal,,Rattus exulans,,"Lady Alice Island, Coppermine Island",-35.8911,174.7303,Rat abundance vs bird abundance (breeding success) over time and across 2 islands,1995,Lady Alice,0,,,,,,Number of rats observed per 15min,,0.51953,add if relevant,SE,,Percent breeding success,Reproduction,Negative,,42,Nests monitored,,Figure 2,,Correlation
132616888,22697984,study_15,Pterodroma pycrofti,Pycroft's Petrel,Vulnerable,N/A,Rattus exulans,"Pierce, R.J., 2002. Kiore (Rattus exulans) impact on breeding success of Pycroft's petrels and little shearwaters (p. 24). Wellington: Department of Conservation.",N/A,Temporal,,Rattus exulans,,"Lady Alice Island, Coppermine Island",-35.8911,174.7303,Rat abundance vs bird abundance (breeding success) over time and across 2 islands,1996,Lady Alice,0,,,,,,Number of rats observed per 15min,,0.55065,add if relevant,SE,,Percent breeding success,Reproduction,Negative,,40,Nests monitored,,Figure 2,,Correlation
132616888,22697984,study_15,Pterodroma pycrofti,Pycroft's Petrel,Vulnerable,N/A,Rattus exulans,"Pierce, R.J., 2002. Kiore (Rattus exulans) impact on breeding success of Pycroft's petrels and little shearwaters (p. 24). Wellington: Department of Conservation.",N/A,Temporal,,Rattus exulans,,"Lady Alice Island, Coppermine Island",-35.8911,174.7303,Rat abundance vs bird abundance (breeding success) over time and across 2 islands,1997,Lady Alice,0,,,,,,Number of rats observed per 15min,,0.6829,add if relevant,SE,,Percent breeding success,Reproduction,Negative,,44,Nests monitored,,Figure 2,,Correlation
132616888,22697984,study_15,Pterodroma pycrofti,Pycroft's Petrel,Vulnerable,N/A,Rattus exulans,"Pierce, R.J., 2002. Kiore (Rattus exulans) impact on breeding success of Pycroft's petrels and little shearwaters (p. 24). Wellington: Department of Conservation.",N/A,Temporal,,Rattus exulans,,"Lady Alice Island, Coppermine Island",-35.8911,174.7303,Rat abundance vs bird abundance (breeding success) over time and across 2 islands,1998,Lady Alice,0,,,,,,Number of rats observed per 15min,,0.61094,add if relevant,SE,,Percent breeding success,Reproduction,Negative,,51,Nests monitored,,Figure 2,,Correlation
132616888,22697984,study_15,Pterodroma pycrofti,Pycroft's Petrel,Vulnerable,N/A,Rattus exulans,"Pierce, R.J., 2002. Kiore (Rattus exulans) impact on breeding success of Pycroft's petrels and little shearwaters (p. 24). Wellington: Department of Conservation.",N/A,Temporal,,Rattus exulans,,"Lady Alice Island, Coppermine Island",-35.8911,174.7303,Rat abundance vs bird abundance (breeding success) over time and across 2 islands,1999,Lady Alice,0,,,,,,Number of rats observed per 15min,,0.62844,add if relevant,SE,,Percent breeding success,Reproduction,Negative,,52,Nests monitored,,Figure 2,,Correlation
132616888,22697984,study_15,Pterodroma pycrofti,Pycroft's Petrel,Vulnerable,N/A,Rattus exulans,"Pierce, R.J., 2002. Kiore (Rattus exulans) impact on breeding success of Pycroft's petrels and little shearwaters (p. 24). Wellington: Department of Conservation.",N/A,Temporal,,Rattus exulans,,"Lady Alice Island, Coppermine Island",-35.8911,174.7303,Rat abundance vs bird abundance (breeding success) over time and across 2 islands,2000,Lady Alice,0,,,,,,Number of rats observed per 15min,,0.61094,add if relevant,SE,,Percent breeding success,Reproduction,Negative,,46,Nests monitored,,Figure 2,,Correlation
179182366,22693785,study_22,Charadrius sanctaehelenae,Saint Helena Plover,Vulnerable,N/A,"Rattus norvegicus, Rattus","Oppel, S., Burns, F., Vickery, J., George, K., Ellick, G., Leo, D. and Hillman, J.C., 2014. Habitat‐specific effectiveness of feral cat control for the conservation of an endemic ground‐nesting bird species. Journal of Applied Ecology, 51(5), pp.1246-1254.",N/A,Spatiotemporal,,"Rattus rattus, Rattus norvegicus",,Saint Helena Island,-27.3852,153.2345,,Before cat control,Semi desert,0.057,4.4999999999999991E-2,95% confidence intervals,,,60,Proportion of tracking tunnels with rodent footprints,,0.234,,95% confidence intervals,31,Nest survival,Reproduction,Negative,,,,,"Figure 1, 2",,Correlation
179182366,22693785,study_22,Charadrius sanctaehelenae,Saint Helena Plover,Vulnerable,N/A,"Rattus norvegicus, Rattus","Oppel, S., Burns, F., Vickery, J., George, K., Ellick, G., Leo, D. and Hillman, J.C., 2014. Habitat‐specific effectiveness of feral cat control for the conservation of an endemic ground‐nesting bird species. Journal of Applied Ecology, 51(5), pp.1246-1254.",N/A,Spatiotemporal,,"Rattus rattus, Rattus norvegicus",,Saint Helena Island,-27.3852,153.2345,,After cat control,Semi desert,0.014,1.1000000000000001E-2,95% confidence intervals,,,60,Proportion of tracking tunnels with rodent footprints,,0.768,,95% confidence intervals,33,Nest survival,Reproduction,Negative,,,,,"Figure 1, 2",,Correlation
179182366,22693785,study_22,Charadrius sanctaehelenae,Saint Helena Plover,Vulnerable,N/A,"Rattus norvegicus, Rattus","Oppel, S., Burns, F., Vickery, J., George, K., Ellick, G., Leo, D. and Hillman, J.C., 2014. Habitat‐specific effectiveness of feral cat control for the conservation of an endemic ground‐nesting bird species. Journal of Applied Ecology, 51(5), pp.1246-1254.",N/A,Spatiotemporal,,"Rattus rattus, Rattus norvegicus",,Saint Helena Island,-27.3852,153.2345,,Before cat control,Pasture,0.232,5.6999999999999967E-2,95% confidence intervals,,,80,Proportion of tracking tunnels with rodent footprints,,0.548,,95% confidence intervals,22,Nest survival,Reproduction,Negative,,,,,"Figure 1, 2",,Correlation
179182366,22693785,study_22,Charadrius sanctaehelenae,Saint Helena Plover,Vulnerable,N/A,"Rattus norvegicus, Rattus","Oppel, S., Burns, F., Vickery, J., George, K., Ellick, G., Leo, D. and Hillman, J.C., 2014. Habitat‐specific effectiveness of feral cat control for the conservation of an endemic ground‐nesting bird species. Journal of Applied Ecology, 51(5), pp.1246-1254.",N/A,Spatiotemporal,,"Rattus rattus, Rattus norvegicus",,Saint Helena Island,-27.3852,153.2345,,After cat control,Pasture,0.425,5.8999999999999997E-2,95% confidence intervals,,,80,Proportion of tracking tunnels with rodent footprints,,0.652,,95% confidence intervals,23,Nest survival,Reproduction,Negative,,,,,"Figure 1, 2",,Correlation
209465053,22705397,study_27,Mohoua ochrocephala,Yellowhead,Near Threatened,N/A,Rattus rattus,"O'Donnell, C.F. and Phillipson, S.M., 1996. Predicting the incidence of mohua predation from the seedfall, mouse, and predator fluctuations in beech forests. New Zealand Journal of Zoology, 23(3), pp.287-293.",N/A,Temporal,,Rattus rattus,,Arthur's Pass National Park,-42.9363,171.7251,Rat abundance vs bird abundance (breeding success) over time,1990-1991,Eglinton Valley,0.03,,,,,56,capture rate per hundred trap nights,,1.1,,,,Fledglings/pr,Reproduction,Negative,"Unit ""pr"" unclear but refers to a measure of reproductive rate",?,,,Table 2,Sample size is unclear,Correlation
209465053,22705397,study_27,Mohoua ochrocephala,Yellowhead,Near Threatened,N/A,Rattus rattus,"O'Donnell, C.F. and Phillipson, S.M., 1996. Predicting the incidence of mohua predation from the seedfall, mouse, and predator fluctuations in beech forests. New Zealand Journal of Zoology, 23(3), pp.287-293.",N/A,Temporal,,Rattus rattus,,Arthur's Pass National Park,-42.9363,171.7251,Rat abundance vs bird abundance (breeding success) over time,1991-1992,Eglinton Valley,0,,,,,56,capture rate per hundred trap nights,,2.5,,,,Fledglings/pr,Reproduction,Negative,"Unit ""pr"" unclear but refers to a measure of reproductive rate",?,,,Table 2,Sample size is unclear,Correlation
209465053,22705397,study_27,Mohoua ochrocephala,Yellowhead,Near Threatened,N/A,Rattus rattus,"O'Donnell, C.F. and Phillipson, S.M., 1996. Predicting the incidence of mohua predation from the seedfall, mouse, and predator fluctuations in beech forests. New Zealand Journal of Zoology, 23(3), pp.287-293.",N/A,Temporal,,Rattus rattus,,Arthur's Pass National Park,-42.9363,171.7251,Rat abundance vs bird abundance (breeding success) over time,1992-1993,Eglinton Valley,0,,,,,56,capture rate per hundred trap nights,,1.9,,,,Fledglings/pr,Reproduction,Negative,"Unit ""pr"" unclear but refers to a measure of reproductive rate",?,,,Table 2,Sample size is unclear,Correlation
209465053,22705397,study_28,Mohoua ochrocephala,Yellowhead,Near Threatened,N/A,Rattus rattus,"O'Donnell, C.F. and Phillipson, S.M., 1996. Predicting the incidence of mohua predation from the seedfall, mouse, and predator fluctuations in beech forests. New Zealand Journal of Zoology, 23(3), pp.287-293.",N/A,Temporal,,Rattus rattus,,Arthur's Pass National Park,-42.9363,171.7251,Rat abundance vs bird abundance (breeding success) over time across 2 sites,1990-1991,Eglinton Valley,0.03,,,,,56,capture rate per hundred trap nights,,9,,,,Breeding pairs beginning season,Abundance,Negative,,?,,,Table 2,Sample size is unclear,Correlation
209465053,22705397,study_28,Mohoua ochrocephala,Yellowhead,Near Threatened,N/A,Rattus rattus,"O'Donnell, C.F. and Phillipson, S.M., 1996. Predicting the incidence of mohua predation from the seedfall, mouse, and predator fluctuations in beech forests. New Zealand Journal of Zoology, 23(3), pp.287-293.",N/A,Temporal,,Rattus rattus,,Arthur's Pass National Park,-42.9363,171.7251,Rat abundance vs bird abundance (breeding success) over time across 2 sites,1991-1992,Eglinton Valley,0,,,,,56,capture rate per hundred trap nights,,3,,,,Breeding pairs beginning season,Abundance,Negative,,?,,,Table 2,Sample size is unclear,Correlation
209465053,22705397,study_28,Mohoua ochrocephala,Yellowhead,Near Threatened,N/A,Rattus rattus,"O'Donnell, C.F. and Phillipson, S.M., 1996. Predicting the incidence of mohua predation from the seedfall, mouse, and predator fluctuations in beech forests. New Zealand Journal of Zoology, 23(3), pp.287-293.",N/A,Temporal,,Rattus rattus,,Arthur's Pass National Park,-42.9363,171.7251,Rat abundance vs bird abundance (breeding success) over time across 2 sites,1992-1993,Eglinton Valley,0,,,,,56,capture rate per hundred trap nights,,7,,,,Breeding pairs beginning season,Abundance,Negative,,?,,,Table 2,Sample size is unclear,Correlation
209465053,22705397,study_28,Mohoua ochrocephala,Yellowhead,Near Threatened,N/A,Rattus rattus,"O'Donnell, C.F. and Phillipson, S.M., 1996. Predicting the incidence of mohua predation from the seedfall, mouse, and predator fluctuations in beech forests. New Zealand Journal of Zoology, 23(3), pp.287-293.",N/A,Temporal,,Rattus rattus,,Arthur's Pass National Park,-42.9363,171.7251,Rat abundance vs bird abundance (breeding success) over time across 2 sites,1993-1994,Eglinton Valley,0,,,,,56,capture rate per hundred trap nights,,6,,,,Breeding pairs beginning season,Abundance,Negative,,?,,,Table 2,Sample size is unclear,Correlation
209465053,22705397,study_28,Mohoua ochrocephala,Yellowhead,Near Threatened,N/A,Rattus rattus,"O'Donnell, C.F. and Phillipson, S.M., 1996. Predicting the incidence of mohua predation from the seedfall, mouse, and predator fluctuations in beech forests. New Zealand Journal of Zoology, 23(3), pp.287-293.",N/A,Temporal,,Rattus rattus,,Arthur's Pass National Park,-42.9363,171.7251,Rat abundance vs bird abundance (breeding success) over time across 2 sites,1989-1990,Hawdon Valley,0,,,,,76,capture rate per hundred trap nights,,5,,,,Breeding pairs beginning season,Abundance,Negative,,?,,,Table 3,Sample size is unclear,Correlation
209465053,22705397,study_28,Mohoua ochrocephala,Yellowhead,Near Threatened,N/A,Rattus rattus,"O'Donnell, C.F. and Phillipson, S.M., 1996. Predicting the incidence of mohua predation from the seedfall, mouse, and predator fluctuations in beech forests. New Zealand Journal of Zoology, 23(3), pp.287-293.",N/A,Temporal,,Rattus rattus,,Arthur's Pass National Park,-42.9363,171.7251,Rat abundance vs bird abundance (breeding success) over time across 2 sites,1990-1991,Hawdon Valley,0.07,,,,,76,capture rate per hundred trap nights,,7,,,,Breeding pairs beginning season,Abundance,Negative,,?,,,Table 3,Sample size is unclear,Correlation
209465053,22705397,study_28,Mohoua ochrocephala,Yellowhead,Near Threatened,N/A,Rattus rattus,"O'Donnell, C.F. and Phillipson, S.M., 1996. Predicting the incidence of mohua predation from the seedfall, mouse, and predator fluctuations in beech forests. New Zealand Journal of Zoology, 23(3), pp.287-293.",N/A,Temporal,,Rattus rattus,,Arthur's Pass National Park,-42.9363,171.7251,Rat abundance vs bird abundance (breeding success) over time across 2 sites,1991-1992,Hawdon Valley,0,,,,,76,capture rate per hundred trap nights,,0,,,,Breeding pairs beginning season,Abundance,Negative,,?,,,Table 3,Sample size is unclear,Correlation
209465053,22705397,study_28,Mohoua ochrocephala,Yellowhead,Near Threatened,N/A,Rattus rattus,"O'Donnell, C.F. and Phillipson, S.M., 1996. Predicting the incidence of mohua predation from the seedfall, mouse, and predator fluctuations in beech forests. New Zealand Journal of Zoology, 23(3), pp.287-293.",N/A,Temporal,,Rattus rattus,,Arthur's Pass National Park,-42.9363,171.7251,Rat abundance vs bird abundance (breeding success) over time across 2 sites,1992-1993,Hawdon Valley,0,,,,,76,capture rate per hundred trap nights,,1,,,,Breeding pairs beginning season,Abundance,Negative,,?,,,Table 3,Sample size is unclear,Correlation
209465053,22705397,study_28,Mohoua ochrocephala,Yellowhead,Near Threatened,N/A,Rattus rattus,"O'Donnell, C.F. and Phillipson, S.M., 1996. Predicting the incidence of mohua predation from the seedfall, mouse, and predator fluctuations in beech forests. New Zealand Journal of Zoology, 23(3), pp.287-293.",N/A,Temporal,,Rattus rattus,,Arthur's Pass National Park,-42.9363,171.7251,Rat abundance vs bird abundance (breeding success) over time across 2 sites,1993-1994,Hawdon Valley,0,,,,,76,capture rate per hundred trap nights,,1,,,,Breeding pairs beginning season,Abundance,Negative,,?,,,Table 3,Sample size is unclear,Correlation
209465053,22705397,study_29,Mohoua ochrocephala,Yellowhead,Near Threatened,N/A,Rattus rattus,"O'Donnell, C.F. and Phillipson, S.M., 1996. Predicting the incidence of mohua predation from the seedfall, mouse, and predator fluctuations in beech forests. New Zealand Journal of Zoology, 23(3), pp.287-293.",N/A,Temporal,,Rattus rattus,,Arthur's Pass National Park,-42.9363,171.7251,Rat abundance vs bird abundance (breeding success) over time across 2 sites,1990-1991,Eglinton Valley,0.03,,,,,56,capture rate per hundred trap nights,,3,,,,Breeding pairs end season,Abundance,Negative,,?,,,Table 2,Sample size is unclear,Correlation
209465053,22705397,study_29,Mohoua ochrocephala,Yellowhead,Near Threatened,N/A,Rattus rattus,"O'Donnell, C.F. and Phillipson, S.M., 1996. Predicting the incidence of mohua predation from the seedfall, mouse, and predator fluctuations in beech forests. New Zealand Journal of Zoology, 23(3), pp.287-293.",N/A,Temporal,,Rattus rattus,,Arthur's Pass National Park,-42.9363,171.7251,Rat abundance vs bird abundance (breeding success) over time across 2 sites,1991-1992,Eglinton Valley,0,,,,,56,capture rate per hundred trap nights,,3,,,,Breeding pairs end season,Abundance,Negative,,?,,,Table 2,Sample size is unclear,Correlation
209465053,22705397,study_29,Mohoua ochrocephala,Yellowhead,Near Threatened,N/A,Rattus rattus,"O'Donnell, C.F. and Phillipson, S.M., 1996. Predicting the incidence of mohua predation from the seedfall, mouse, and predator fluctuations in beech forests. New Zealand Journal of Zoology, 23(3), pp.287-293.",N/A,Temporal,,Rattus rattus,,Arthur's Pass National Park,-42.9363,171.7251,Rat abundance vs bird abundance (breeding success) over time across 2 sites,1992-1993,Eglinton Valley,0,,,,,56,capture rate per hundred trap nights,,7,,,,Breeding pairs end season,Abundance,Negative,,?,,,Table 2,Sample size is unclear,Correlation
209465053,22705397,study_29,Mohoua ochrocephala,Yellowhead,Near Threatened,N/A,Rattus rattus,"O'Donnell, C.F. and Phillipson, S.M., 1996. Predicting the incidence of mohua predation from the seedfall, mouse, and predator fluctuations in beech forests. New Zealand Journal of Zoology, 23(3), pp.287-293.",N/A,Temporal,,Rattus rattus,,Arthur's Pass National Park,-42.9363,171.7251,Rat abundance vs bird abundance (breeding success) over time across 2 sites,1993-1994,Eglinton Valley,0,,,,,56,capture rate per hundred trap nights,,8,,,,Breeding pairs end season,Abundance,Negative,,?,,,Table 2,Sample size is unclear,Correlation
209465053,22705397,study_29,Mohoua ochrocephala,Yellowhead,Near Threatened,N/A,Rattus rattus,"O'Donnell, C.F. and Phillipson, S.M., 1996. Predicting the incidence of mohua predation from the seedfall, mouse, and predator fluctuations in beech forests. New Zealand Journal of Zoology, 23(3), pp.287-293.",N/A,Temporal,,Rattus rattus,,Arthur's Pass National Park,-42.9363,171.7251,Rat abundance vs bird abundance (breeding success) over time across 2 sites,1989-1990,Hawdon Valley,0,,,,,76,capture rate per hundred trap nights,,7,,,,Breeding pairs end season,Abundance,Negative,,?,,,Table 3,Sample size is unclear,Correlation
209465053,22705397,study_29,Mohoua ochrocephala,Yellowhead,Near Threatened,N/A,Rattus rattus,"O'Donnell, C.F. and Phillipson, S.M., 1996. Predicting the incidence of mohua predation from the seedfall, mouse, and predator fluctuations in beech forests. New Zealand Journal of Zoology, 23(3), pp.287-293.",N/A,Temporal,,Rattus rattus,,Arthur's Pass National Park,-42.9363,171.7251,Rat abundance vs bird abundance (breeding success) over time across 2 sites,1990-1991,Hawdon Valley,0.07,,,,,76,capture rate per hundred trap nights,,0,,,,Breeding pairs end season,Abundance,Negative,,?,,,Table 3,Sample size is unclear,Correlation
209465053,22705397,study_29,Mohoua ochrocephala,Yellowhead,Near Threatened,N/A,Rattus rattus,"O'Donnell, C.F. and Phillipson, S.M., 1996. Predicting the incidence of mohua predation from the seedfall, mouse, and predator fluctuations in beech forests. New Zealand Journal of Zoology, 23(3), pp.287-293.",N/A,Temporal,,Rattus rattus,,Arthur's Pass National Park,-42.9363,171.7251,Rat abundance vs bird abundance (breeding success) over time across 2 sites,1991-1992,Hawdon Valley,0,,,,,76,capture rate per hundred trap nights,,1,,,,Breeding pairs end season,Abundance,Negative,,?,,,Table 3,Sample size is unclear,Correlation
209465053,22705397,study_29,Mohoua ochrocephala,Yellowhead,Near Threatened,N/A,Rattus rattus,"O'Donnell, C.F. and Phillipson, S.M., 1996. Predicting the incidence of mohua predation from the seedfall, mouse, and predator fluctuations in beech forests. New Zealand Journal of Zoology, 23(3), pp.287-293.",N/A,Temporal,,Rattus rattus,,Arthur's Pass National Park,-42.9363,171.7251,Rat abundance vs bird abundance (breeding success) over time across 2 sites,1992-1993,Hawdon Valley,0,,,,,76,capture rate per hundred trap nights,,1,,,,Breeding pairs end season,Abundance,Negative,,?,,,Table 3,Sample size is unclear,Correlation
209465053,22705397,study_29,Mohoua ochrocephala,Yellowhead,Near Threatened,N/A,Rattus rattus,"O'Donnell, C.F. and Phillipson, S.M., 1996. Predicting the incidence of mohua predation from the seedfall, mouse, and predator fluctuations in beech forests. New Zealand Journal of Zoology, 23(3), pp.287-293.",N/A,Temporal,,Rattus rattus,,Arthur's Pass National Park,-42.9363,171.7251,Rat abundance vs bird abundance (breeding success) over time across 2 sites,1993-1994,Hawdon Valley,0,,,,,76,capture rate per hundred trap nights,,1,,,,Breeding pairs end season,Abundance,Negative,,?,,,Table 3,Sample size is unclear,Correlation
209465053,22705397,study_31,Mohoua ochrocephala,Yellowhead,Near Threatened,N/A,Rattus rattus,"O'Donnell, C.F. and Phillipson, S.M., 1996. Predicting the incidence of mohua predation from the seedfall, mouse, and predator fluctuations in beech forests. New Zealand Journal of Zoology, 23(3), pp.287-293.",N/A,Temporal,,Mus musculus,,Arthur's Pass National Park,-42.9363,171.7251,Mouse abundance vs bird abundance (breeding success) over time across 2 sites,1990-1991,Eglinton Valley,21.9,,,,,56,capture rate per hundred trap nights,,9,,,,Breeding pairs beginning season,Abundance,Negative,,?,,,Table 2,Sample size is unclear,Correlation
209465053,22705397,study_31,Mohoua ochrocephala,Yellowhead,Near Threatened,N/A,Rattus rattus,"O'Donnell, C.F. and Phillipson, S.M., 1996. Predicting the incidence of mohua predation from the seedfall, mouse, and predator fluctuations in beech forests. New Zealand Journal of Zoology, 23(3), pp.287-293.",N/A,Temporal,,Mus musculus,,Arthur's Pass National Park,-42.9363,171.7251,Mouse abundance vs bird abundance (breeding success) over time across 2 sites,1991-1992,Eglinton Valley,0.7,,,,,56,capture rate per hundred trap nights,,3,,,,Breeding pairs beginning season,Abundance,Negative,,?,,,Table 2,Sample size is unclear,Correlation
209465053,22705397,study_31,Mohoua ochrocephala,Yellowhead,Near Threatened,N/A,Rattus rattus,"O'Donnell, C.F. and Phillipson, S.M., 1996. Predicting the incidence of mohua predation from the seedfall, mouse, and predator fluctuations in beech forests. New Zealand Journal of Zoology, 23(3), pp.287-293.",N/A,Temporal,,Mus musculus,,Arthur's Pass National Park,-42.9363,171.7251,Mouse abundance vs bird abundance (breeding success) over time across 2 sites,1992-1993,Eglinton Valley,0,,,,,56,capture rate per hundred trap nights,,7,,,,Breeding pairs beginning season,Abundance,Negative,,?,,,Table 2,Sample size is unclear,Correlation
209465053,22705397,study_31,Mohoua ochrocephala,Yellowhead,Near Threatened,N/A,Rattus rattus,"O'Donnell, C.F. and Phillipson, S.M., 1996. Predicting the incidence of mohua predation from the seedfall, mouse, and predator fluctuations in beech forests. New Zealand Journal of Zoology, 23(3), pp.287-293.",N/A,Temporal,,Mus musculus,,Arthur's Pass National Park,-42.9363,171.7251,Mouse abundance vs bird abundance (breeding success) over time across 2 sites,1993-1994,Eglinton Valley,0,,,,,56,capture rate per hundred trap nights,,6,,,,Breeding pairs beginning season,Abundance,Negative,,?,,,Table 2,Sample size is unclear,Correlation
209465053,22705397,study_31,Mohoua ochrocephala,Yellowhead,Near Threatened,N/A,Rattus rattus,"O'Donnell, C.F. and Phillipson, S.M., 1996. Predicting the incidence of mohua predation from the seedfall, mouse, and predator fluctuations in beech forests. New Zealand Journal of Zoology, 23(3), pp.287-293.",N/A,Temporal,,Mus musculus,,Arthur's Pass National Park,-42.9363,171.7251,Mouse abundance vs bird abundance (breeding success) over time across 2 sites,1989-1990,Hawdon Valley,0,,,,,76,capture rate per hundred trap nights,,5,,,,Breeding pairs beginning season,Abundance,Negative,,?,,,Table 3,Sample size is unclear,Correlation
209465053,22705397,study_31,Mohoua ochrocephala,Yellowhead,Near Threatened,N/A,Rattus rattus,"O'Donnell, C.F. and Phillipson, S.M., 1996. Predicting the incidence of mohua predation from the seedfall, mouse, and predator fluctuations in beech forests. New Zealand Journal of Zoology, 23(3), pp.287-293.",N/A,Temporal,,Mus musculus,,Arthur's Pass National Park,-42.9363,171.7251,Mouse abundance vs bird abundance (breeding success) over time across 2 sites,1990-1991,Hawdon Valley,18.5,,,,,76,capture rate per hundred trap nights,,7,,,,Breeding pairs beginning season,Abundance,Negative,,?,,,Table 3,Sample size is unclear,Correlation
209465053,22705397,study_31,Mohoua ochrocephala,Yellowhead,Near Threatened,N/A,Rattus rattus,"O'Donnell, C.F. and Phillipson, S.M., 1996. Predicting the incidence of mohua predation from the seedfall, mouse, and predator fluctuations in beech forests. New Zealand Journal of Zoology, 23(3), pp.287-293.",N/A,Temporal,,Mus musculus,,Arthur's Pass National Park,-42.9363,171.7251,Mouse abundance vs bird abundance (breeding success) over time across 2 sites,1991-1992,Hawdon Valley,0,,,,,76,capture rate per hundred trap nights,,0,,,,Breeding pairs beginning season,Abundance,Negative,,?,,,Table 3,Sample size is unclear,Correlation
209465053,22705397,study_31,Mohoua ochrocephala,Yellowhead,Near Threatened,N/A,Rattus rattus,"O'Donnell, C.F. and Phillipson, S.M., 1996. Predicting the incidence of mohua predation from the seedfall, mouse, and predator fluctuations in beech forests. New Zealand Journal of Zoology, 23(3), pp.287-293.",N/A,Temporal,,Mus musculus,,Arthur's Pass National Park,-42.9363,171.7251,Mouse abundance vs bird abundance (breeding success) over time across 2 sites,1992-1993,Hawdon Valley,0,,,,,76,capture rate per hundred trap nights,,1,,,,Breeding pairs beginning season,Abundance,Negative,,?,,,Table 3,Sample size is unclear,Correlation
209465053,22705397,study_31,Mohoua ochrocephala,Yellowhead,Near Threatened,N/A,Rattus rattus,"O'Donnell, C.F. and Phillipson, S.M., 1996. Predicting the incidence of mohua predation from the seedfall, mouse, and predator fluctuations in beech forests. New Zealand Journal of Zoology, 23(3), pp.287-293.",N/A,Temporal,,Mus musculus,,Arthur's Pass National Park,-42.9363,171.7251,Mouse abundance vs bird abundance (breeding success) over time across 2 sites,1993-1994,Hawdon Valley,0,,,,,76,capture rate per hundred trap nights,,1,,,,Breeding pairs beginning season,Abundance,Negative,,?,,,Table 3,Sample size is unclear,Correlation
209465053,22705397,study_32,Mohoua ochrocephala,Yellowhead,Near Threatened,N/A,Rattus rattus,"O'Donnell, C.F. and Phillipson, S.M., 1996. Predicting the incidence of mohua predation from the seedfall, mouse, and predator fluctuations in beech forests. New Zealand Journal of Zoology, 23(3), pp.287-293.",N/A,Temporal,,Mus musculus,,Arthur's Pass National Park,-42.9363,171.7251,Mouse abundance vs bird abundance (breeding success) over time across 2 sites,1990-1991,Eglinton Valley,21.9,,,,,56,capture rate per hundred trap nights,,3,,,,Breeding pairs end season,Abundance,Negative,,?,,,Table 2,Sample size is unclear,Correlation
209465053,22705397,study_32,Mohoua ochrocephala,Yellowhead,Near Threatened,N/A,Rattus rattus,"O'Donnell, C.F. and Phillipson, S.M., 1996. Predicting the incidence of mohua predation from the seedfall, mouse, and predator fluctuations in beech forests. New Zealand Journal of Zoology, 23(3), pp.287-293.",N/A,Temporal,,Mus musculus,,Arthur's Pass National Park,-42.9363,171.7251,Mouse abundance vs bird abundance (breeding success) over time across 2 sites,1991-1992,Eglinton Valley,0.7,,,,,56,capture rate per hundred trap nights,,3,,,,Breeding pairs end season,Abundance,Negative,,?,,,Table 2,Sample size is unclear,Correlation
209465053,22705397,study_32,Mohoua ochrocephala,Yellowhead,Near Threatened,N/A,Rattus rattus,"O'Donnell, C.F. and Phillipson, S.M., 1996. Predicting the incidence of mohua predation from the seedfall, mouse, and predator fluctuations in beech forests. New Zealand Journal of Zoology, 23(3), pp.287-293.",N/A,Temporal,,Mus musculus,,Arthur's Pass National Park,-42.9363,171.7251,Mouse abundance vs bird abundance (breeding success) over time across 2 sites,1992-1993,Eglinton Valley,0,,,,,56,capture rate per hundred trap nights,,7,,,,Breeding pairs end season,Abundance,Negative,,?,,,Table 2,Sample size is unclear,Correlation
209465053,22705397,study_32,Mohoua ochrocephala,Yellowhead,Near Threatened,N/A,Rattus rattus,"O'Donnell, C.F. and Phillipson, S.M., 1996. Predicting the incidence of mohua predation from the seedfall, mouse, and predator fluctuations in beech forests. New Zealand Journal of Zoology, 23(3), pp.287-293.",N/A,Temporal,,Mus musculus,,Arthur's Pass National Park,-42.9363,171.7251,Mouse abundance vs bird abundance (breeding success) over time across 2 sites,1993-1994,Eglinton Valley,0,,,,,56,capture rate per hundred trap nights,,8,,,,Breeding pairs end season,Abundance,Negative,,?,,,Table 2,Sample size is unclear,Correlation
209465053,22705397,study_32,Mohoua ochrocephala,Yellowhead,Near Threatened,N/A,Rattus rattus,"O'Donnell, C.F. and Phillipson, S.M., 1996. Predicting the incidence of mohua predation from the seedfall, mouse, and predator fluctuations in beech forests. New Zealand Journal of Zoology, 23(3), pp.287-293.",N/A,Temporal,,Mus musculus,,Arthur's Pass National Park,-42.9363,171.7251,Mouse abundance vs bird abundance (breeding success) over time across 2 sites,1989-1990,Hawdon Valley,0,,,,,76,capture rate per hundred trap nights,,7,,,,Breeding pairs end season,Abundance,Negative,,?,,,Table 3,Sample size is unclear,Correlation
209465053,22705397,study_32,Mohoua ochrocephala,Yellowhead,Near Threatened,N/A,Rattus rattus,"O'Donnell, C.F. and Phillipson, S.M., 1996. Predicting the incidence of mohua predation from the seedfall, mouse, and predator fluctuations in beech forests. New Zealand Journal of Zoology, 23(3), pp.287-293.",N/A,Temporal,,Mus musculus,,Arthur's Pass National Park,-42.9363,171.7251,Mouse abundance vs bird abundance (breeding success) over time across 2 sites,1990-1991,Hawdon Valley,18.5,,,,,76,capture rate per hundred trap nights,,0,,,,Breeding pairs end season,Abundance,Negative,,?,,,Table 3,Sample size is unclear,Correlation
209465053,22705397,study_32,Mohoua ochrocephala,Yellowhead,Near Threatened,N/A,Rattus rattus,"O'Donnell, C.F. and Phillipson, S.M., 1996. Predicting the incidence of mohua predation from the seedfall, mouse, and predator fluctuations in beech forests. New Zealand Journal of Zoology, 23(3), pp.287-293.",N/A,Temporal,,Mus musculus,,Arthur's Pass National Park,-42.9363,171.7251,Mouse abundance vs bird abundance (breeding success) over time across 2 sites,1991-1992,Hawdon Valley,0,,,,,76,capture rate per hundred trap nights,,1,,,,Breeding pairs end season,Abundance,Negative,,?,,,Table 3,Sample size is unclear,Correlation
209465053,22705397,study_32,Mohoua ochrocephala,Yellowhead,Near Threatened,N/A,Rattus rattus,"O'Donnell, C.F. and Phillipson, S.M., 1996. Predicting the incidence of mohua predation from the seedfall, mouse, and predator fluctuations in beech forests. New Zealand Journal of Zoology, 23(3), pp.287-293.",N/A,Temporal,,Mus musculus,,Arthur's Pass National Park,-42.9363,171.7251,Mouse abundance vs bird abundance (breeding success) over time across 2 sites,1992-1993,Hawdon Valley,0,,,,,76,capture rate per hundred trap nights,,1,,,,Breeding pairs end season,Abundance,Negative,,?,,,Table 3,Sample size is unclear,Correlation
209465053,22705397,study_32,Mohoua ochrocephala,Yellowhead,Near Threatened,N/A,Rattus rattus,"O'Donnell, C.F. and Phillipson, S.M., 1996. Predicting the incidence of mohua predation from the seedfall, mouse, and predator fluctuations in beech forests. New Zealand Journal of Zoology, 23(3), pp.287-293.",N/A,Temporal,,Mus musculus,,Arthur's Pass National Park,-42.9363,171.7251,Mouse abundance vs bird abundance (breeding success) over time across 2 sites,1993-1994,Hawdon Valley,0,,,,,76,capture rate per hundred trap nights,,1,,,,Breeding pairs end season,Abundance,Negative,,?,,,Table 3,Sample size is unclear,Correlation
209465053,22705397,study_33,Mohoua ochrocephala,Yellowhead,Near Threatened,N/A,Rattus rattus,"O'Donnell, C.F. and Hoare, J.M., 2012. Quantifying the benefits of long-term integrated pest control for forest bird populations in a New Zealand temperate rainforest. New Zealand Journal of Ecology, pp.131-140.",N/A,Temporal,,Rattus rattus,,Landsborough Valley,-43.9711,169.4678,Rat abundance vs bird abundance over time,2002,,2.417,,,,,,Annual trap catches,,0.538,,,,Annual mean counts of birds per five-minute count,Abundance,Negative,,,,,"Figure 3,4",,Correlation
209465053,22705397,study_33,Mohoua ochrocephala,Yellowhead,Near Threatened,N/A,Rattus rattus,"O'Donnell, C.F. and Hoare, J.M., 2012. Quantifying the benefits of long-term integrated pest control for forest bird populations in a New Zealand temperate rainforest. New Zealand Journal of Ecology, pp.131-140.",N/A,Temporal,,Rattus rattus,,Landsborough Valley,-43.9711,169.4678,Rat abundance vs bird abundance over time,2003,,1.908,,,,,,Annual trap catches,,0.714,,,,Annual mean counts of birds per five-minute count,Abundance,Negative,,,,,"Figure 3,4",,Correlation
209465053,22705397,study_33,Mohoua ochrocephala,Yellowhead,Near Threatened,N/A,Rattus rattus,"O'Donnell, C.F. and Hoare, J.M., 2012. Quantifying the benefits of long-term integrated pest control for forest bird populations in a New Zealand temperate rainforest. New Zealand Journal of Ecology, pp.131-140.",N/A,Temporal,,Rattus rattus,,Landsborough Valley,-43.9711,169.4678,Rat abundance vs bird abundance over time,2004,,1.399,,,,,,Annual trap catches,,0.829,,,,Annual mean counts of birds per five-minute count,Abundance,Negative,,,,,"Figure 3,4",,Correlation
209465053,22705397,study_33,Mohoua ochrocephala,Yellowhead,Near Threatened,N/A,Rattus rattus,"O'Donnell, C.F. and Hoare, J.M., 2012. Quantifying the benefits of long-term integrated pest control for forest bird populations in a New Zealand temperate rainforest. New Zealand Journal of Ecology, pp.131-140.",N/A,Temporal,,Rattus rattus,,Landsborough Valley,-43.9711,169.4678,Rat abundance vs bird abundance over time,2005,,2.417,,,,,,Annual trap catches,,0.944,,,,Annual mean counts of birds per five-minute count,Abundance,Negative,,,,,"Figure 3,4",,Correlation
209465053,22705397,study_33,Mohoua ochrocephala,Yellowhead,Near Threatened,N/A,Rattus rattus,"O'Donnell, C.F. and Hoare, J.M., 2012. Quantifying the benefits of long-term integrated pest control for forest bird populations in a New Zealand temperate rainforest. New Zealand Journal of Ecology, pp.131-140.",N/A,Temporal,,Rattus rattus,,Landsborough Valley,-43.9711,169.4678,Rat abundance vs bird abundance over time,2006,,15.135,,,,,,Annual trap catches,,1.389,,,,Annual mean counts of birds per five-minute count,Abundance,Negative,,,,,"Figure 3,4",,Correlation
209465053,22705397,study_33,Mohoua ochrocephala,Yellowhead,Near Threatened,N/A,Rattus rattus,"O'Donnell, C.F. and Hoare, J.M., 2012. Quantifying the benefits of long-term integrated pest control for forest bird populations in a New Zealand temperate rainforest. New Zealand Journal of Ecology, pp.131-140.",N/A,Temporal,,Rattus rattus,,Landsborough Valley,-43.9711,169.4678,Rat abundance vs bird abundance over time,2007,,17.679,,,,,,Annual trap catches,,1.001,,,,Annual mean counts of birds per five-minute count,Abundance,Negative,,,,,"Figure 3,4",,Correlation
209465053,22705397,study_33,Mohoua ochrocephala,Yellowhead,Near Threatened,N/A,Rattus rattus,"O'Donnell, C.F. and Hoare, J.M., 2012. Quantifying the benefits of long-term integrated pest control for forest bird populations in a New Zealand temperate rainforest. New Zealand Journal of Ecology, pp.131-140.",N/A,Temporal,,Rattus rattus,,Landsborough Valley,-43.9711,169.4678,Rat abundance vs bird abundance over time,2008,,106.2,,,,,,Annual trap catches,,1.188,,,,Annual mean counts of birds per five-minute count,Abundance,Negative,,,,,"Figure 3,4",,Correlation
209465053,22705397,study_33,Mohoua ochrocephala,Yellowhead,Near Threatened,N/A,Rattus rattus,"O'Donnell, C.F. and Hoare, J.M., 2012. Quantifying the benefits of long-term integrated pest control for forest bird populations in a New Zealand temperate rainforest. New Zealand Journal of Ecology, pp.131-140.",N/A,Temporal,,Rattus rattus,,Landsborough Valley,-43.9711,169.4678,Rat abundance vs bird abundance over time,2009,,41.081,,,,,,Annual trap catches,,1.13,,,,Annual mean counts of birds per five-minute count,Abundance,Negative,,,,,"Figure 3,4",,Correlation
209465053,22705397,study_34,Mohoua ochrocephala,Yellowhead,Near Threatened,N/A,Rattus rattus,"Dilks, P., Willans, M., Pryde, M. and Fraser, I., 2003. Large scale stoat control to protect mohua (Mohoua ochrocephala) and kaka (Nestor meridionalis) in the Eglinton Valley, Fiordland, New Zealand. New Zealand Journal of Ecology, pp.1-9.",N/A,Temporal,,Rattus rattus,,Fiordland,-45.4085,167.3591,Rat abundance vs bird abundance over time,1997-1998,,7.83325,,,,,,Number of rats caught in traps,Averaged monthly data,13.836,,,,Number of pair territories,Abundance,Negative,,,,,"Figure 2,4",Figure 3 isn't sufficiently clear for data extraction,Correlation
209465053,22705397,study_34,Mohoua ochrocephala,Yellowhead,Near Threatened,N/A,Rattus rattus,"Dilks, P., Willans, M., Pryde, M. and Fraser, I., 2003. Large scale stoat control to protect mohua (Mohoua ochrocephala) and kaka (Nestor meridionalis) in the Eglinton Valley, Fiordland, New Zealand. New Zealand Journal of Ecology, pp.1-9.",N/A,Temporal,,Rattus rattus,,Fiordland,-45.4085,167.3591,Rat abundance vs bird abundance over time,1998-1999,,24.2224166666667,,,,,,Number of rats caught in traps,Averaged monthly data,10.799,,,,Number of pair territories,Abundance,Negative,,,,,"Figure 2,4",Figure 3 isn't sufficiently clear for data extraction,Correlation
209465053,22705397,study_34,Mohoua ochrocephala,Yellowhead,Near Threatened,N/A,Rattus rattus,"Dilks, P., Willans, M., Pryde, M. and Fraser, I., 2003. Large scale stoat control to protect mohua (Mohoua ochrocephala) and kaka (Nestor meridionalis) in the Eglinton Valley, Fiordland, New Zealand. New Zealand Journal of Ecology, pp.1-9.",N/A,Temporal,,Rattus rattus,,Fiordland,-45.4085,167.3591,Rat abundance vs bird abundance over time,1999-2000,,80,,,,,,Number of rats caught in traps,Averaged monthly data,16.096,,,,Number of pair territories,Abundance,Negative,,,,,"Figure 2,4",Figure 3 isn't sufficiently clear for data extraction,Correlation
209465053,22705397,study_34,Mohoua ochrocephala,Yellowhead,Near Threatened,N/A,Rattus rattus,"Dilks, P., Willans, M., Pryde, M. and Fraser, I., 2003. Large scale stoat control to protect mohua (Mohoua ochrocephala) and kaka (Nestor meridionalis) in the Eglinton Valley, Fiordland, New Zealand. New Zealand Journal of Ecology, pp.1-9.",N/A,Temporal,,Rattus rattus,,Fiordland,-45.4085,167.3591,Rat abundance vs bird abundance over time,2000-2001,,112.9334,,,,,,Number of rats caught in traps,Averaged monthly data,2.58,,,,Number of pair territories,Abundance,Negative,,,,,"Figure 2,4",Figure 3 isn't sufficiently clear for data extraction,Correlation
209465053,22705397,study_35,Mohoua ochrocephala,Yellowhead,Near Threatened,N/A,Rattus rattus,"Dilks, P., Willans, M., Pryde, M. and Fraser, I., 2003. Large scale stoat control to protect mohua (Mohoua ochrocephala) and kaka (Nestor meridionalis) in the Eglinton Valley, Fiordland, New Zealand. New Zealand Journal of Ecology, pp.1-9.",N/A,Temporal,,Rattus rattus,,Fiordland,-45.4085,167.3591,Rat abundance vs bird abundance over time,1997-1998,,7.83325,,,,,,Number of rats caught in traps,Averaged monthly data,14.269,,,,Number of pair+male only territories,Abundance,Negative,,,,,"Figure 2,4",Figure 3 isn't sufficiently clear for data extraction,Correlation
209465053,22705397,study_35,Mohoua ochrocephala,Yellowhead,Near Threatened,N/A,Rattus rattus,"Dilks, P., Willans, M., Pryde, M. and Fraser, I., 2003. Large scale stoat control to protect mohua (Mohoua ochrocephala) and kaka (Nestor meridionalis) in the Eglinton Valley, Fiordland, New Zealand. New Zealand Journal of Ecology, pp.1-9.",N/A,Temporal,,Rattus rattus,,Fiordland,-45.4085,167.3591,Rat abundance vs bird abundance over time,1998-1999,,24.2224166666667,,,,,,Number of rats caught in traps,Averaged monthly data,12.443,,,,Number of pair+male only territories,Abundance,Negative,,,,,"Figure 2,4",Figure 3 isn't sufficiently clear for data extraction,Correlation
209465053,22705397,study_35,Mohoua ochrocephala,Yellowhead,Near Threatened,N/A,Rattus rattus,"Dilks, P., Willans, M., Pryde, M. and Fraser, I., 2003. Large scale stoat control to protect mohua (Mohoua ochrocephala) and kaka (Nestor meridionalis) in the Eglinton Valley, Fiordland, New Zealand. New Zealand Journal of Ecology, pp.1-9.",N/A,Temporal,,Rattus rattus,,Fiordland,-45.4085,167.3591,Rat abundance vs bird abundance over time,1999-2000,,80,,,,,,Number of rats caught in traps,Averaged monthly data,16.096,,,,Number of pair+male only territories,Abundance,Negative,,,,,"Figure 2,4",Figure 3 isn't sufficiently clear for data extraction,Correlation
209465053,22705397,study_35,Mohoua ochrocephala,Yellowhead,Near Threatened,N/A,Rattus rattus,"Dilks, P., Willans, M., Pryde, M. and Fraser, I., 2003. Large scale stoat control to protect mohua (Mohoua ochrocephala) and kaka (Nestor meridionalis) in the Eglinton Valley, Fiordland, New Zealand. New Zealand Journal of Ecology, pp.1-9.",N/A,Temporal,,Rattus rattus,,Fiordland,-45.4085,167.3591,Rat abundance vs bird abundance over time,2000-2001,,112.9334,,,,,,Number of rats caught in traps,Averaged monthly data,6.416,,,,Number of pair+male only territories,Abundance,Negative,,,,,"Figure 2,4",Figure 3 isn't sufficiently clear for data extraction,Correlation
213764778,22685175,study_36,Cyanoramphus auriceps,Yellow-fronted Parakeet,Near Threatened,N/A,Rattus,"O'Donnell, C.F. and Hoare, J.M., 2012. Quantifying the benefits of long-term integrated pest control for forest bird populations in a New Zealand temperate rainforest. New Zealand Journal of Ecology, pp.131-140.",N/A,Temporal,,Rattus rattus,,Landsborough Valley,-43.9711,169.4678,Rat abundance vs bird abundance over time,2002,,2.417,,,,,,Annual trap catches,,0.065,,,,Annual mean counts of birds per five-minute count,Abundance,Negative,,,,,"Figure 3,4",,Correlation
213764778,22685175,study_36,Cyanoramphus auriceps,Yellow-fronted Parakeet,Near Threatened,N/A,Rattus,"O'Donnell, C.F. and Hoare, J.M., 2012. Quantifying the benefits of long-term integrated pest control for forest bird populations in a New Zealand temperate rainforest. New Zealand Journal of Ecology, pp.131-140.",N/A,Temporal,,Rattus rattus,,Landsborough Valley,-43.9711,169.4678,Rat abundance vs bird abundance over time,2003,,1.908,,,,,,Annual trap catches,,0.097,,,,Annual mean counts of birds per five-minute count,Abundance,Negative,,,,,"Figure 3,4",,Correlation
213764778,22685175,study_36,Cyanoramphus auriceps,Yellow-fronted Parakeet,Near Threatened,N/A,Rattus,"O'Donnell, C.F. and Hoare, J.M., 2012. Quantifying the benefits of long-term integrated pest control for forest bird populations in a New Zealand temperate rainforest. New Zealand Journal of Ecology, pp.131-140.",N/A,Temporal,,Rattus rattus,,Landsborough Valley,-43.9711,169.4678,Rat abundance vs bird abundance over time,2004,,1.399,,,,,,Annual trap catches,,0.097,,,,Annual mean counts of birds per five-minute count,Abundance,Negative,,,,,"Figure 3,4",,Correlation
213764778,22685175,study_36,Cyanoramphus auriceps,Yellow-fronted Parakeet,Near Threatened,N/A,Rattus,"O'Donnell, C.F. and Hoare, J.M., 2012. Quantifying the benefits of long-term integrated pest control for forest bird populations in a New Zealand temperate rainforest. New Zealand Journal of Ecology, pp.131-140.",N/A,Temporal,,Rattus rattus,,Landsborough Valley,-43.9711,169.4678,Rat abundance vs bird abundance over time,2005,,2.417,,,,,,Annual trap catches,,0.154,,,,Annual mean counts of birds per five-minute count,Abundance,Negative,,,,,"Figure 3,4",,Correlation
213764778,22685175,study_36,Cyanoramphus auriceps,Yellow-fronted Parakeet,Near Threatened,N/A,Rattus,"O'Donnell, C.F. and Hoare, J.M., 2012. Quantifying the benefits of long-term integrated pest control for forest bird populations in a New Zealand temperate rainforest. New Zealand Journal of Ecology, pp.131-140.",N/A,Temporal,,Rattus rattus,,Landsborough Valley,-43.9711,169.4678,Rat abundance vs bird abundance over time,2006,,15.135,,,,,,Annual trap catches,,1.102,,,,Annual mean counts of birds per five-minute count,Abundance,Negative,,,,,"Figure 3,4",,Correlation
213764778,22685175,study_36,Cyanoramphus auriceps,Yellow-fronted Parakeet,Near Threatened,N/A,Rattus,"O'Donnell, C.F. and Hoare, J.M., 2012. Quantifying the benefits of long-term integrated pest control for forest bird populations in a New Zealand temperate rainforest. New Zealand Journal of Ecology, pp.131-140.",N/A,Temporal,,Rattus rattus,,Landsborough Valley,-43.9711,169.4678,Rat abundance vs bird abundance over time,2007,,17.679,,,,,,Annual trap catches,,0.14,,,,Annual mean counts of birds per five-minute count,Abundance,Negative,,,,,"Figure 3,4",,Correlation
213764778,22685175,study_36,Cyanoramphus auriceps,Yellow-fronted Parakeet,Near Threatened,N/A,Rattus,"O'Donnell, C.F. and Hoare, J.M., 2012. Quantifying the benefits of long-term integrated pest control for forest bird populations in a New Zealand temperate rainforest. New Zealand Journal of Ecology, pp.131-140.",N/A,Temporal,,Rattus rattus,,Landsborough Valley,-43.9711,169.4678,Rat abundance vs bird abundance over time,2008,,106.2,,,,,,Annual trap catches,,0.14,,,,Annual mean counts of birds per five-minute count,Abundance,Negative,,,,,"Figure 3,4",,Correlation
213764778,22685175,study_36,Cyanoramphus auriceps,Yellow-fronted Parakeet,Near Threatened,N/A,Rattus,"O'Donnell, C.F. and Hoare, J.M., 2012. Quantifying the benefits of long-term integrated pest control for forest bird populations in a New Zealand temperate rainforest. New Zealand Journal of Ecology, pp.131-140.",N/A,Temporal,,Rattus rattus,,Landsborough Valley,-43.9711,169.4678,Rat abundance vs bird abundance over time,2009,,41.081,,,,,,Annual trap catches,,0.226,,,,Annual mean counts of birds per five-minute count,Abundance,Negative,,,,,"Figure 3,4",,Correlation
216251541,22678620,study_37,Megapodius laperouse,Micronesian Scrubfowl,Near Threatened,N/A,"Rattus, Rattus rattus","Radley, P.M., Davis, R.A. and Doherty, T.S., 2021. Impacts of invasive rats and tourism on a threatened island bird: the Palau Micronesian Scrubfowl. Bird Conservation International, 31(2), pp.206-218.",N/A,Spatial,,"Rattus rattus, Rattus norvegicus, Rattus exulans",1,Palau,7.515,134.5825,,,Babelmokang ,1,0.00041 ,SE,,0.7616 ,1.0000 ,Occupancy estimate,,2.5,,,,Birds per station (BPS),Abundance,Negative,,,,,"Table 1,3",,Correlation
216251541,22678620,study_37,Megapodius laperouse,Micronesian Scrubfowl,Near Threatened,N/A,"Rattus, Rattus rattus","Radley, P.M., Davis, R.A. and Doherty, T.S., 2021. Impacts of invasive rats and tourism on a threatened island bird: the Palau Micronesian Scrubfowl. Bird Conservation International, 31(2), pp.206-218.",N/A,Spatial,,"Rattus rattus, Rattus norvegicus, Rattus exulans",1,Palau,7.515,134.5825,,,Ngchus ,0.93,0.09883 ,SE,,0.6548 ,1.0000 ,Occupancy estimate,,0.67,,,,Birds per station (BPS),Abundance,Negative,,,,,"Table 1,3",,Correlation
216251541,22678620,study_37,Megapodius laperouse,Micronesian Scrubfowl,Near Threatened,N/A,"Rattus, Rattus rattus","Radley, P.M., Davis, R.A. and Doherty, T.S., 2021. Impacts of invasive rats and tourism on a threatened island bird: the Palau Micronesian Scrubfowl. Bird Conservation International, 31(2), pp.206-218.",N/A,Spatial,,"Rattus rattus, Rattus norvegicus, Rattus exulans",1,Palau,7.515,134.5825,,,Ngeremdiu ,1,0.00003 ,SE,,0.7616 ,1.0000 ,Occupancy estimate,,0.17,,,,Birds per station (BPS),Abundance,Negative,,,,,"Table 1,3",,Correlation
216251541,22678620,study_37,Megapodius laperouse,Micronesian Scrubfowl,Near Threatened,N/A,"Rattus, Rattus rattus","Radley, P.M., Davis, R.A. and Doherty, T.S., 2021. Impacts of invasive rats and tourism on a threatened island bird: the Palau Micronesian Scrubfowl. Bird Conservation International, 31(2), pp.206-218.",N/A,Spatial,,"Rattus rattus, Rattus norvegicus, Rattus exulans",1,Palau,7.515,134.5825,,,Ulong ,1,0.00003 ,SE,,0.7616 ,1.0000 ,Occupancy estimate,,3.8,,,,Birds per station (BPS),Abundance,Negative,,,,,"Table 1,3",,Correlation
216251541,22678620,study_37,Megapodius laperouse,Micronesian Scrubfowl,Near Threatened,N/A,"Rattus, Rattus rattus","Radley, P.M., Davis, R.A. and Doherty, T.S., 2021. Impacts of invasive rats and tourism on a threatened island bird: the Palau Micronesian Scrubfowl. Bird Conservation International, 31(2), pp.206-218.",N/A,Spatial,,"Rattus rattus, Rattus norvegicus, Rattus exulans",1,Palau,7.515,134.5825,,,Ioulomokang ,1,0.00003 ,SE,,0.7616 ,1.0000 ,Occupancy estimate,,1,,,,Birds per station (BPS),Abundance,Negative,,,,,"Table 1,3",,Correlation
216251541,22678620,study_37,Megapodius laperouse,Micronesian Scrubfowl,Near Threatened,N/A,"Rattus, Rattus rattus","Radley, P.M., Davis, R.A. and Doherty, T.S., 2021. Impacts of invasive rats and tourism on a threatened island bird: the Palau Micronesian Scrubfowl. Bird Conservation International, 31(2), pp.206-218.",N/A,Spatial,,"Rattus rattus, Rattus norvegicus, Rattus exulans",1,Palau,7.515,134.5825,,,Bailechesengel ,0.52,0.16378 ,SE,,0.2424 ,0.7961 ,Occupancy estimate,,5,,,,Birds per station (BPS),Abundance,Negative,,,,,"Table 1,3",,Correlation
216251541,22678620,study_37,Megapodius laperouse,Micronesian Scrubfowl,Near Threatened,N/A,"Rattus, Rattus rattus","Radley, P.M., Davis, R.A. and Doherty, T.S., 2021. Impacts of invasive rats and tourism on a threatened island bird: the Palau Micronesian Scrubfowl. Bird Conservation International, 31(2), pp.206-218.",N/A,Spatial,,"Rattus rattus, Rattus norvegicus, Rattus exulans",1,Palau,7.515,134.5825,,,Cheleu ,0.72,0.15026 ,SE,,0.4278 ,0.9418 ,Occupancy estimate,,2.33,,,,Birds per station (BPS),Abundance,Negative,,,,,"Table 1,3",,Correlation
216251541,22678620,study_37,Megapodius laperouse,Micronesian Scrubfowl,Near Threatened,N/A,"Rattus, Rattus rattus","Radley, P.M., Davis, R.A. and Doherty, T.S., 2021. Impacts of invasive rats and tourism on a threatened island bird: the Palau Micronesian Scrubfowl. Bird Conservation International, 31(2), pp.206-218.",N/A,Spatial,,"Rattus rattus, Rattus norvegicus, Rattus exulans",1,Palau,7.515,134.5825,,,Dmasech ,0.72,0.15026 ,SE,,0.4278 ,0.9418 ,Occupancy estimate,,2.71,,,,Birds per station (BPS),Abundance,Negative,,,,,"Table 1,3",,Correlation
216251541,22678620,study_37,Megapodius laperouse,Micronesian Scrubfowl,Near Threatened,N/A,"Rattus, Rattus rattus","Radley, P.M., Davis, R.A. and Doherty, T.S., 2021. Impacts of invasive rats and tourism on a threatened island bird: the Palau Micronesian Scrubfowl. Bird Conservation International, 31(2), pp.206-218.",N/A,Spatial,,"Rattus rattus, Rattus norvegicus, Rattus exulans",1,Palau,7.515,134.5825,,,Lilblau ,0.62,0.16053 ,SE,,0.3299 ,0.8743 ,Occupancy estimate,,1.71,,,,Birds per station (BPS),Abundance,Negative,,,,,"Table 1,3",,Correlation
216251541,22678620,study_37,Megapodius laperouse,Micronesian Scrubfowl,Near Threatened,N/A,"Rattus, Rattus rattus","Radley, P.M., Davis, R.A. and Doherty, T.S., 2021. Impacts of invasive rats and tourism on a threatened island bird: the Palau Micronesian Scrubfowl. Bird Conservation International, 31(2), pp.206-218.",N/A,Spatial,,"Rattus rattus, Rattus norvegicus, Rattus exulans",1,Palau,7.515,134.5825,,,Ngeanges ,1,0.00002 ,SE,,0.7616 ,1.0000 ,Occupancy estimate,,2.4,,,,Birds per station (BPS),Abundance,Negative,,,,,"Table 1,3",,Correlation
216251541,22678620,study_39,Megapodius laperouse,Micronesian Scrubfowl,Near Threatened,N/A,"Rattus, Rattus rattus","Radley, P.M., Davis, R.A. and Doherty, T.S., 2021. Impacts of invasive rats and tourism on a threatened island bird: the Palau Micronesian Scrubfowl. Bird Conservation International, 31(2), pp.206-218.",N/A,Spatial,,"Rattus rattus, Rattus norvegicus, Rattus exulans",1,Palau,7.515,134.5825,,,Babelmokang ,0.9167,0.0767 ,SD,,0.7616 ,1.0000 ,Posterior mean,,2.5,,,,Birds per station (BPS),Abundance,Negative,,,,,"Table 1,3",,Correlation
216251541,22678620,study_39,Megapodius laperouse,Micronesian Scrubfowl,Near Threatened,N/A,"Rattus, Rattus rattus","Radley, P.M., Davis, R.A. and Doherty, T.S., 2021. Impacts of invasive rats and tourism on a threatened island bird: the Palau Micronesian Scrubfowl. Bird Conservation International, 31(2), pp.206-218.",N/A,Spatial,,"Rattus rattus, Rattus norvegicus, Rattus exulans",1,Palau,7.515,134.5825,,,Ngchus ,0.8553,0.1038 ,SD,,0.6548 ,1.0000 ,Posterior mean,,0.67,,,,Birds per station (BPS),Abundance,Negative,,,,,"Table 1,3",,Correlation
216251541,22678620,study_39,Megapodius laperouse,Micronesian Scrubfowl,Near Threatened,N/A,"Rattus, Rattus rattus","Radley, P.M., Davis, R.A. and Doherty, T.S., 2021. Impacts of invasive rats and tourism on a threatened island bird: the Palau Micronesian Scrubfowl. Bird Conservation International, 31(2), pp.206-218.",N/A,Spatial,,"Rattus rattus, Rattus norvegicus, Rattus exulans",1,Palau,7.515,134.5825,,,Ngeremdiu ,0.9167,0.0767 ,SD,,0.7616 ,1.0000 ,Posterior mean,,0.17,,,,Birds per station (BPS),Abundance,Negative,,,,,"Table 1,3",,Correlation
216251541,22678620,study_39,Megapodius laperouse,Micronesian Scrubfowl,Near Threatened,N/A,"Rattus, Rattus rattus","Radley, P.M., Davis, R.A. and Doherty, T.S., 2021. Impacts of invasive rats and tourism on a threatened island bird: the Palau Micronesian Scrubfowl. Bird Conservation International, 31(2), pp.206-218.",N/A,Spatial,,"Rattus rattus, Rattus norvegicus, Rattus exulans",1,Palau,7.515,134.5825,,,Ulong ,0.9167,0.0767 ,SD,,0.7616 ,1.0000 ,Posterior mean,,3.8,,,,Birds per station (BPS),Abundance,Negative,,,,,"Table 1,3",,Correlation
216251541,22678620,study_39,Megapodius laperouse,Micronesian Scrubfowl,Near Threatened,N/A,"Rattus, Rattus rattus","Radley, P.M., Davis, R.A. and Doherty, T.S., 2021. Impacts of invasive rats and tourism on a threatened island bird: the Palau Micronesian Scrubfowl. Bird Conservation International, 31(2), pp.206-218.",N/A,Spatial,,"Rattus rattus, Rattus norvegicus, Rattus exulans",1,Palau,7.515,134.5825,,,Ioulomokang ,0.9167,0.0767 ,SD,,0.7616 ,1.0000 ,Posterior mean,,1,,,,Birds per station (BPS),Abundance,Negative,,,,,"Table 1,3",,Correlation
216251541,22678620,study_39,Megapodius laperouse,Micronesian Scrubfowl,Near Threatened,N/A,"Rattus, Rattus rattus","Radley, P.M., Davis, R.A. and Doherty, T.S., 2021. Impacts of invasive rats and tourism on a threatened island bird: the Palau Micronesian Scrubfowl. Bird Conservation International, 31(2), pp.206-218.",N/A,Spatial,,"Rattus rattus, Rattus norvegicus, Rattus exulans",1,Palau,7.515,134.5825,,,Bailechesengel ,0.5192,0.1442 ,SD,,0.2424 ,0.7961 ,Posterior mean,,5,,,,Birds per station (BPS),Abundance,Negative,,,,,"Table 1,3",,Correlation
216251541,22678620,study_39,Megapodius laperouse,Micronesian Scrubfowl,Near Threatened,N/A,"Rattus, Rattus rattus","Radley, P.M., Davis, R.A. and Doherty, T.S., 2021. Impacts of invasive rats and tourism on a threatened island bird: the Palau Micronesian Scrubfowl. Bird Conservation International, 31(2), pp.206-218.",N/A,Spatial,,"Rattus rattus, Rattus norvegicus, Rattus exulans",1,Palau,7.515,134.5825,,,Cheleu ,0.6921,0.1358 ,SD,,0.4278 ,0.9418 ,Posterior mean,,2.33,,,,Birds per station (BPS),Abundance,Negative,,,,,"Table 1,3",,Correlation
216251541,22678620,study_39,Megapodius laperouse,Micronesian Scrubfowl,Near Threatened,N/A,"Rattus, Rattus rattus","Radley, P.M., Davis, R.A. and Doherty, T.S., 2021. Impacts of invasive rats and tourism on a threatened island bird: the Palau Micronesian Scrubfowl. Bird Conservation International, 31(2), pp.206-218.",N/A,Spatial,,"Rattus rattus, Rattus norvegicus, Rattus exulans",1,Palau,7.515,134.5825,,,Dmasech ,0.6921,0.1358 ,SD,,0.4278 ,0.9418 ,Posterior mean,,2.71,,,,Birds per station (BPS),Abundance,Negative,,,,,"Table 1,3",,Correlation
216251541,22678620,study_39,Megapodius laperouse,Micronesian Scrubfowl,Near Threatened,N/A,"Rattus, Rattus rattus","Radley, P.M., Davis, R.A. and Doherty, T.S., 2021. Impacts of invasive rats and tourism on a threatened island bird: the Palau Micronesian Scrubfowl. Bird Conservation International, 31(2), pp.206-218.",N/A,Spatial,,"Rattus rattus, Rattus norvegicus, Rattus exulans",1,Palau,7.515,134.5825,,,Lilblau ,0.6058,0.1422 ,SD,,0.3299 ,0.8743 ,Posterior mean,,1.71,,,,Birds per station (BPS),Abundance,Negative,,,,,"Table 1,3",,Correlation
216251541,22678620,study_39,Megapodius laperouse,Micronesian Scrubfowl,Near Threatened,N/A,"Rattus, Rattus rattus","Radley, P.M., Davis, R.A. and Doherty, T.S., 2021. Impacts of invasive rats and tourism on a threatened island bird: the Palau Micronesian Scrubfowl. Bird Conservation International, 31(2), pp.206-218.",N/A,Spatial,,"Rattus rattus, Rattus norvegicus, Rattus exulans",1,Palau,7.515,134.5825,,,Ngeanges ,0.9167,0.0767 ,SD,,0.7616 ,1.0000 ,Posterior mean,,2.4,,,,Birds per station (BPS),Abundance,Negative,,,,,"Table 1,3",,Correlation
132619647,22698020,study_42,Pterodroma phaeopygia,Galapagos Petrel,Critically Endangered,N/A,"Rattus rattus, Rattus norvegicus","Cruz, J.B. and Cruz, F., 1987. Conservation of the dark-rumped petrel Pterodroma phaeopygia in the Galapagos Islands, Ecuador. Biological Conservation, 42(4), pp.303-311.","Cruz, J.B. and Cruz, F., 1996. Conservation of the dark-rumped petrel Pterodroma phaeopygia of the Galápagos Islands, 1982–1991. Bird Conservation International, 6(1), pp.23-32.",Temporal,,Rattus rattus,,Floreana Island,-1.3083,-90.4314,,1983,,3,,,,,288,Number of rats caught post control,Sample size is trap nights,0.46,,,104,% fledglings from eggs laid,Reproduction,Negative,Sample size is number of eggs laid,,,,"Table 1,2",Number of nests lost to predation excluded since predation by cats and rats were merged,Correlation
132619647,22698020,study_42,Pterodroma phaeopygia,Galapagos Petrel,Critically Endangered,N/A,"Rattus rattus, Rattus norvegicus","Cruz, J.B. and Cruz, F., 1987. Conservation of the dark-rumped petrel Pterodroma phaeopygia in the Galapagos Islands, Ecuador. Biological Conservation, 42(4), pp.303-311.","Cruz, J.B. and Cruz, F., 1996. Conservation of the dark-rumped petrel Pterodroma phaeopygia of the Galápagos Islands, 1982–1991. Bird Conservation International, 6(1), pp.23-32.",Temporal,,Rattus rattus,,Floreana Island,-1.3083,-90.4314,,1984,,1,,,,,268,Number of rats caught post control,Sample size is trap nights,0.72,,,100,% fledglings from eggs laid,Reproduction,Negative,Sample size is number of eggs laid,,,,"Table 1,2",Number of nests lost to predation excluded since predation by cats and rats were merged,Correlation
132619647,22698020,study_42,Pterodroma phaeopygia,Galapagos Petrel,Critically Endangered,N/A,"Rattus rattus, Rattus norvegicus","Cruz, J.B. and Cruz, F., 1987. Conservation of the dark-rumped petrel Pterodroma phaeopygia in the Galapagos Islands, Ecuador. Biological Conservation, 42(4), pp.303-311.","Cruz, J.B. and Cruz, F., 1996. Conservation of the dark-rumped petrel Pterodroma phaeopygia of the Galápagos Islands, 1982–1991. Bird Conservation International, 6(1), pp.23-32.",Temporal,,Rattus rattus,,Floreana Island,-1.3083,-90.4314,,1985,,1,,,,,298,Number of rats caught post control,Sample size is trap nights,0.23,,,100,% fledglings from eggs laid,Reproduction,Negative,Sample size is number of eggs laid,,,,"Table 1,2",Number of nests lost to predation excluded since predation by cats and rats were merged,Correlation
132619647,22698020,study_42,Pterodroma phaeopygia,Galapagos Petrel,Critically Endangered,N/A,"Rattus rattus, Rattus norvegicus","Cruz, J.B. and Cruz, F., 1987. Conservation of the dark-rumped petrel Pterodroma phaeopygia in the Galapagos Islands, Ecuador. Biological Conservation, 42(4), pp.303-311.","Cruz, J.B. and Cruz, F., 1996. Conservation of the dark-rumped petrel Pterodroma phaeopygia of the Galápagos Islands, 1982–1991. Bird Conservation International, 6(1), pp.23-32.",Temporal,,Rattus rattus,,Floreana Island,-1.3083,-90.4314,,1986,,4,,,,,277,Number of rats caught post control,Sample size is trap nights,0.7,,,100,% fledglings from eggs laid,Reproduction,Negative,Sample size is number of eggs laid,,,,"Table 1,2",Number of nests lost to predation excluded since predation by cats and rats were merged,Correlation
132619647,22698020,study_42,Pterodroma phaeopygia,Galapagos Petrel,Critically Endangered,N/A,"Rattus rattus, Rattus norvegicus","Cruz, J.B. and Cruz, F., 1987. Conservation of the dark-rumped petrel Pterodroma phaeopygia in the Galapagos Islands, Ecuador. Biological Conservation, 42(4), pp.303-311.","Cruz, J.B. and Cruz, F., 1996. Conservation of the dark-rumped petrel Pterodroma phaeopygia of the Galápagos Islands, 1982–1991. Bird Conservation International, 6(1), pp.23-32.",Temporal,,Rattus rattus,,Floreana Island,-1.3083,-90.4314,,1983,,16,,,,,271,Number of rats caught pre control,Sample size is trap nights,0.46,,,104,% fledglings from eggs laid,Reproduction,Negative,Sample size is number of eggs laid,,,,"Table 1,2",Number of nests lost to predation excluded since predation by cats and rats were merged,Correlation
132619647,22698020,study_42,Pterodroma phaeopygia,Galapagos Petrel,Critically Endangered,N/A,"Rattus rattus, Rattus norvegicus","Cruz, J.B. and Cruz, F., 1987. Conservation of the dark-rumped petrel Pterodroma phaeopygia in the Galapagos Islands, Ecuador. Biological Conservation, 42(4), pp.303-311.","Cruz, J.B. and Cruz, F., 1996. Conservation of the dark-rumped petrel Pterodroma phaeopygia of the Galápagos Islands, 1982–1991. Bird Conservation International, 6(1), pp.23-32.",Temporal,,Rattus rattus,,Floreana Island,-1.3083,-90.4314,,1984,,19,,,,,273,Number of rats caught pre control,Sample size is trap nights,0.72,,,100,% fledglings from eggs laid,Reproduction,Negative,Sample size is number of eggs laid,,,,"Table 1,2",Number of nests lost to predation excluded since predation by cats and rats were merged,Correlation
132619647,22698020,study_42,Pterodroma phaeopygia,Galapagos Petrel,Critically Endangered,N/A,"Rattus rattus, Rattus norvegicus","Cruz, J.B. and Cruz, F., 1987. Conservation of the dark-rumped petrel Pterodroma phaeopygia in the Galapagos Islands, Ecuador. Biological Conservation, 42(4), pp.303-311.","Cruz, J.B. and Cruz, F., 1996. Conservation of the dark-rumped petrel Pterodroma phaeopygia of the Galápagos Islands, 1982–1991. Bird Conservation International, 6(1), pp.23-32.",Temporal,,Rattus rattus,,Floreana Island,-1.3083,-90.4314,,1985,,4,,,,,290,Number of rats caught pre control,Sample size is trap nights,0.23,,,100,% fledglings from eggs laid,Reproduction,Negative,Sample size is number of eggs laid,,,,"Table 1,2",Number of nests lost to predation excluded since predation by cats and rats were merged,Correlation
132619647,22698020,study_42,Pterodroma phaeopygia,Galapagos Petrel,Critically Endangered,N/A,"Rattus rattus, Rattus norvegicus","Cruz, J.B. and Cruz, F., 1987. Conservation of the dark-rumped petrel Pterodroma phaeopygia in the Galapagos Islands, Ecuador. Biological Conservation, 42(4), pp.303-311.","Cruz, J.B. and Cruz, F., 1996. Conservation of the dark-rumped petrel Pterodroma phaeopygia of the Galápagos Islands, 1982–1991. Bird Conservation International, 6(1), pp.23-32.",Temporal,,Rattus rattus,,Floreana Island,-1.3083,-90.4314,,1986,,4,,,,,294,Number of rats caught pre control,Sample size is trap nights,0.7,,,100,% fledglings from eggs laid,Reproduction,Negative,Sample size is number of eggs laid,,,,"Table 1,2",Number of nests lost to predation excluded since predation by cats and rats were merged,Correlation
126893184,62290750,study_45,Charadrius obscurus,Southern Red-breasted Plover,Critically Endangered,N/A,Rattus,"Wills, D.E., 2003. Impact of management on the breeding success of the northern New Zealand Dotterel (Charadrius obscurus aquilonius) on Matakana Island, Bay of Plenty. Notornis, 50, pp.1-10.",N/A,Temporal,,Rattus norvegicus,,Matakana Island,-37.5832,176.0428,,1993,,0,,,,,,Capture rate,,18.2,,,,Incubation success,Reproduction,Negative,,,22,,"Table 2,4",Excluded Table 3 due to missing data,Correlation
126893184,62290750,study_45,Charadrius obscurus,Southern Red-breasted Plover,Critically Endangered,N/A,Rattus,"Wills, D.E., 2003. Impact of management on the breeding success of the northern New Zealand Dotterel (Charadrius obscurus aquilonius) on Matakana Island, Bay of Plenty. Notornis, 50, pp.1-10.",N/A,Temporal,,Rattus norvegicus,,Matakana Island,-37.5832,176.0428,,1994,,0.1,,,,,,Capture rate,,30.8,,,,Incubation success,Reproduction,Negative,,,26,,"Table 2,4",Excluded Table 3 due to missing data,Correlation
126893184,62290750,study_45,Charadrius obscurus,Southern Red-breasted Plover,Critically Endangered,N/A,Rattus,"Wills, D.E., 2003. Impact of management on the breeding success of the northern New Zealand Dotterel (Charadrius obscurus aquilonius) on Matakana Island, Bay of Plenty. Notornis, 50, pp.1-10.",N/A,Temporal,,Rattus norvegicus,,Matakana Island,-37.5832,176.0428,,1995,,2.2,,,,,,Capture rate,,28.1,,,,Incubation success,Reproduction,Negative,,,32,,"Table 2,4",Excluded Table 3 due to missing data,Correlation
126893184,62290750,study_45,Charadrius obscurus,Southern Red-breasted Plover,Critically Endangered,N/A,Rattus,"Wills, D.E., 2003. Impact of management on the breeding success of the northern New Zealand Dotterel (Charadrius obscurus aquilonius) on Matakana Island, Bay of Plenty. Notornis, 50, pp.1-10.",N/A,Temporal,,Rattus norvegicus,,Matakana Island,-37.5832,176.0428,,1996,,6.4,,,,,,Capture rate,,29.5,,,,Incubation success,Reproduction,Negative,,,44,,"Table 2,4",Excluded Table 3 due to missing data,Correlation
126893184,62290750,study_45,Charadrius obscurus,Southern Red-breasted Plover,Critically Endangered,N/A,Rattus,"Wills, D.E., 2003. Impact of management on the breeding success of the northern New Zealand Dotterel (Charadrius obscurus aquilonius) on Matakana Island, Bay of Plenty. Notornis, 50, pp.1-10.",N/A,Temporal,,Rattus norvegicus,,Matakana Island,-37.5832,176.0428,,1997,,2.4,,,,,,Capture rate,,26.1,,,,Incubation success,Reproduction,Negative,,,46,,"Table 2,4",Excluded Table 3 due to missing data,Correlation
126893184,62290750,study_45,Charadrius obscurus,Southern Red-breasted Plover,Critically Endangered,N/A,Rattus,"Wills, D.E., 2003. Impact of management on the breeding success of the northern New Zealand Dotterel (Charadrius obscurus aquilonius) on Matakana Island, Bay of Plenty. Notornis, 50, pp.1-10.",N/A,Temporal,,Rattus norvegicus,,Matakana Island,-37.5832,176.0428,,1998,,0.4,,,,,,Capture rate,,33.3,,,,Incubation success,Reproduction,Negative,,,42,,"Table 2,4",Excluded Table 3 due to missing data,Correlation
126893184,62290750,study_45,Charadrius obscurus,Southern Red-breasted Plover,Critically Endangered,N/A,Rattus,"Wills, D.E., 2003. Impact of management on the breeding success of the northern New Zealand Dotterel (Charadrius obscurus aquilonius) on Matakana Island, Bay of Plenty. Notornis, 50, pp.1-10.",N/A,Temporal,,Rattus norvegicus,,Matakana Island,-37.5832,176.0428,,1999,,0.1,,,,,,Capture rate,,68,,,,Incubation success,Reproduction,Negative,,,25,,"Table 2,4",Excluded Table 3 due to missing data,Correlation
126893184,62290750,study_45,Charadrius obscurus,Southern Red-breasted Plover,Critically Endangered,N/A,Rattus,"Wills, D.E., 2003. Impact of management on the breeding success of the northern New Zealand Dotterel (Charadrius obscurus aquilonius) on Matakana Island, Bay of Plenty. Notornis, 50, pp.1-10.",N/A,Temporal,,Rattus norvegicus,,Matakana Island,-37.5832,176.0428,,2000,,0.05,,,,,,Capture rate,"""<0.1""",51.3,,,,Incubation success,Reproduction,Negative,,,39,,"Table 2,4",Excluded Table 3 due to missing data,Correlation
126893184,62290750,study_46,Charadrius obscurus,Southern Red-breasted Plover,Critically Endangered,N/A,Rattus,"Wills, D.E., 2003. Impact of management on the breeding success of the northern New Zealand Dotterel (Charadrius obscurus aquilonius) on Matakana Island, Bay of Plenty. Notornis, 50, pp.1-10.",N/A,Temporal,,Rattus norvegicus,,Matakana Island,-37.5832,176.0428,,1993,,0,,,,,,Capture rate,,0.26,,,,Mean number of chicks fledged per breeding pair,Reproduction,Negative,,,22,,"Table 2,4",Excluded Table 3 due to missing data,Correlation
126893184,62290750,study_46,Charadrius obscurus,Southern Red-breasted Plover,Critically Endangered,N/A,Rattus,"Wills, D.E., 2003. Impact of management on the breeding success of the northern New Zealand Dotterel (Charadrius obscurus aquilonius) on Matakana Island, Bay of Plenty. Notornis, 50, pp.1-10.",N/A,Temporal,,Rattus norvegicus,,Matakana Island,-37.5832,176.0428,,1994,,0.1,,,,,,Capture rate,,0.3,,,,Mean number of chicks fledged per breeding pair,Reproduction,Negative,,,26,,"Table 2,4",Excluded Table 3 due to missing data,Correlation
126893184,62290750,study_46,Charadrius obscurus,Southern Red-breasted Plover,Critically Endangered,N/A,Rattus,"Wills, D.E., 2003. Impact of management on the breeding success of the northern New Zealand Dotterel (Charadrius obscurus aquilonius) on Matakana Island, Bay of Plenty. Notornis, 50, pp.1-10.",N/A,Temporal,,Rattus norvegicus,,Matakana Island,-37.5832,176.0428,,1995,,2.2,,,,,,Capture rate,,0.37,,,,Mean number of chicks fledged per breeding pair,Reproduction,Negative,,,32,,"Table 2,4",Excluded Table 3 due to missing data,Correlation
126893184,62290750,study_46,Charadrius obscurus,Southern Red-breasted Plover,Critically Endangered,N/A,Rattus,"Wills, D.E., 2003. Impact of management on the breeding success of the northern New Zealand Dotterel (Charadrius obscurus aquilonius) on Matakana Island, Bay of Plenty. Notornis, 50, pp.1-10.",N/A,Temporal,,Rattus norvegicus,,Matakana Island,-37.5832,176.0428,,1996,,6.4,,,,,,Capture rate,,0.74,,,,Mean number of chicks fledged per breeding pair,Reproduction,Negative,,,44,,"Table 2,4",Excluded Table 3 due to missing data,Correlation
126893184,62290750,study_46,Charadrius obscurus,Southern Red-breasted Plover,Critically Endangered,N/A,Rattus,"Wills, D.E., 2003. Impact of management on the breeding success of the northern New Zealand Dotterel (Charadrius obscurus aquilonius) on Matakana Island, Bay of Plenty. Notornis, 50, pp.1-10.",N/A,Temporal,,Rattus norvegicus,,Matakana Island,-37.5832,176.0428,,1997,,2.4,,,,,,Capture rate,,0.74,,,,Mean number of chicks fledged per breeding pair,Reproduction,Negative,,,46,,"Table 2,4",Excluded Table 3 due to missing data,Correlation
126893184,62290750,study_46,Charadrius obscurus,Southern Red-breasted Plover,Critically Endangered,N/A,Rattus,"Wills, D.E., 2003. Impact of management on the breeding success of the northern New Zealand Dotterel (Charadrius obscurus aquilonius) on Matakana Island, Bay of Plenty. Notornis, 50, pp.1-10.",N/A,Temporal,,Rattus norvegicus,,Matakana Island,-37.5832,176.0428,,1998,,0.4,,,,,,Capture rate,,1,,,,Mean number of chicks fledged per breeding pair,Reproduction,Negative,,,42,,"Table 2,4",Excluded Table 3 due to missing data,Correlation
126893184,62290750,study_46,Charadrius obscurus,Southern Red-breasted Plover,Critically Endangered,N/A,Rattus,"Wills, D.E., 2003. Impact of management on the breeding success of the northern New Zealand Dotterel (Charadrius obscurus aquilonius) on Matakana Island, Bay of Plenty. Notornis, 50, pp.1-10.",N/A,Temporal,,Rattus norvegicus,,Matakana Island,-37.5832,176.0428,,1999,,0.1,,,,,,Capture rate,,1.08,,,,Mean number of chicks fledged per breeding pair,Reproduction,Negative,,,25,,"Table 2,4",Excluded Table 3 due to missing data,Correlation
126893184,62290750,study_46,Charadrius obscurus,Southern Red-breasted Plover,Critically Endangered,N/A,Rattus,"Wills, D.E., 2003. Impact of management on the breeding success of the northern New Zealand Dotterel (Charadrius obscurus aquilonius) on Matakana Island, Bay of Plenty. Notornis, 50, pp.1-10.",N/A,Temporal,,Rattus norvegicus,,Matakana Island,-37.5832,176.0428,,2000,,0.05,,,,,,Capture rate,"""<0.1""",1.06,,,,Mean number of chicks fledged per breeding pair,Reproduction,Negative,,,39,,"Table 2,4",Excluded Table 3 due to missing data,Correlation
156237250,103730380,study_47,Callaeas cinereus,South Island Kokako,Critically Endangered,N/A,Rattus rattus,"Innes, J., Hay, R., Flux, I., Bradfield, P., Speed, H. and Jansen, P., 1999. Successful recovery of North Island kokako Callaeas cinerea wilsoni populations, by adaptive management. Biological conservation, 87(2), pp.201-214.",N/A,Spatiotemporal,,Rattus rattus,,"Mapara, Rotoehu and Kaharoa",-38.535,175.238,,Unknown,Unknown,0.02281,,,,,,Rat abundance,I added % to the number assuming it’s the same data as % tunnels with footprints,0.85714,,,,Percent pairs fledging young,Reproduction,Negative,,,,,Figure 5c,Maybe exclude: Figure 5c should be the same as Figure 3 vs Figure 5a but possibly data organised differently?,Correlation
156237250,103730380,study_47,Callaeas cinereus,South Island Kokako,Critically Endangered,N/A,Rattus rattus,"Innes, J., Hay, R., Flux, I., Bradfield, P., Speed, H. and Jansen, P., 1999. Successful recovery of North Island kokako Callaeas cinerea wilsoni populations, by adaptive management. Biological conservation, 87(2), pp.201-214.",N/A,Spatiotemporal,,Rattus rattus,,"Mapara, Rotoehu and Kaharoa",-38.535,175.238,,Unknown,Unknown,0.04518,,,,,,Rat abundance,I added % to the number assuming it’s the same data as % tunnels with footprints,0.76061,,,,Percent pairs fledging young,Reproduction,Negative,,,,,Figure 5c,Maybe exclude: Figure 5c should be the same as Figure 3 vs Figure 5a but possibly data organised differently?,Correlation
156237250,103730380,study_47,Callaeas cinereus,South Island Kokako,Critically Endangered,N/A,Rattus rattus,"Innes, J., Hay, R., Flux, I., Bradfield, P., Speed, H. and Jansen, P., 1999. Successful recovery of North Island kokako Callaeas cinerea wilsoni populations, by adaptive management. Biological conservation, 87(2), pp.201-214.",N/A,Spatiotemporal,,Rattus rattus,,"Mapara, Rotoehu and Kaharoa",-38.535,175.238,,Unknown,Unknown,0.02997,,,,,,Rat abundance,I added % to the number assuming it’s the same data as % tunnels with footprints,0.65295,,,,Percent pairs fledging young,Reproduction,Negative,,,,,Figure 5c,Maybe exclude: Figure 5c should be the same as Figure 3 vs Figure 5a but possibly data organised differently?,Correlation
156237250,103730380,study_47,Callaeas cinereus,South Island Kokako,Critically Endangered,N/A,Rattus rattus,"Innes, J., Hay, R., Flux, I., Bradfield, P., Speed, H. and Jansen, P., 1999. Successful recovery of North Island kokako Callaeas cinerea wilsoni populations, by adaptive management. Biological conservation, 87(2), pp.201-214.",N/A,Spatiotemporal,,Rattus rattus,,"Mapara, Rotoehu and Kaharoa",-38.535,175.238,,Unknown,Unknown,0.02529,,,,,,Rat abundance,I added % to the number assuming it’s the same data as % tunnels with footprints,0.62189,,,,Percent pairs fledging young,Reproduction,Negative,,,,,Figure 5c,Maybe exclude: Figure 5c should be the same as Figure 3 vs Figure 5a but possibly data organised differently?,Correlation
156237250,103730380,study_47,Callaeas cinereus,South Island Kokako,Critically Endangered,N/A,Rattus rattus,"Innes, J., Hay, R., Flux, I., Bradfield, P., Speed, H. and Jansen, P., 1999. Successful recovery of North Island kokako Callaeas cinerea wilsoni populations, by adaptive management. Biological conservation, 87(2), pp.201-214.",N/A,Spatiotemporal,,Rattus rattus,,"Mapara, Rotoehu and Kaharoa",-38.535,175.238,,Unknown,Unknown,0.04284,,,,,,Rat abundance,I added % to the number assuming it’s the same data as % tunnels with footprints,0.32169,,,,Percent pairs fledging young,Reproduction,Negative,,,,,Figure 5c,Maybe exclude: Figure 5c should be the same as Figure 3 vs Figure 5a but possibly data organised differently?,Correlation
156237250,103730380,study_47,Callaeas cinereus,South Island Kokako,Critically Endangered,N/A,Rattus rattus,"Innes, J., Hay, R., Flux, I., Bradfield, P., Speed, H. and Jansen, P., 1999. Successful recovery of North Island kokako Callaeas cinerea wilsoni populations, by adaptive management. Biological conservation, 87(2), pp.201-214.",N/A,Spatiotemporal,,Rattus rattus,,"Mapara, Rotoehu and Kaharoa",-38.535,175.238,,Unknown,Unknown,0.06155,,,,,,Rat abundance,I added % to the number assuming it’s the same data as % tunnels with footprints,0.33204,,,,Percent pairs fledging young,Reproduction,Negative,,,,,Figure 5c,Maybe exclude: Figure 5c should be the same as Figure 3 vs Figure 5a but possibly data organised differently?,Correlation
156237250,103730380,study_47,Callaeas cinereus,South Island Kokako,Critically Endangered,N/A,Rattus rattus,"Innes, J., Hay, R., Flux, I., Bradfield, P., Speed, H. and Jansen, P., 1999. Successful recovery of North Island kokako Callaeas cinerea wilsoni populations, by adaptive management. Biological conservation, 87(2), pp.201-214.",N/A,Spatiotemporal,,Rattus rattus,,"Mapara, Rotoehu and Kaharoa",-38.535,175.238,,Unknown,Unknown,0.05804,,,,,,Rat abundance,I added % to the number assuming it’s the same data as % tunnels with footprints,0.61154,,,,Percent pairs fledging young,Reproduction,Negative,,,,,Figure 5c,Maybe exclude: Figure 5c should be the same as Figure 3 vs Figure 5a but possibly data organised differently?,Correlation
156237250,103730380,study_47,Callaeas cinereus,South Island Kokako,Critically Endangered,N/A,Rattus rattus,"Innes, J., Hay, R., Flux, I., Bradfield, P., Speed, H. and Jansen, P., 1999. Successful recovery of North Island kokako Callaeas cinerea wilsoni populations, by adaptive management. Biological conservation, 87(2), pp.201-214.",N/A,Spatiotemporal,,Rattus rattus,,"Mapara, Rotoehu and Kaharoa",-38.535,175.238,,Unknown,Unknown,0.24518,,,,,,Rat abundance,I added % to the number assuming it’s the same data as % tunnels with footprints,0.27407,,,,Percent pairs fledging young,Reproduction,Negative,,,,,Figure 5c,Maybe exclude: Figure 5c should be the same as Figure 3 vs Figure 5a but possibly data organised differently?,Correlation
156237250,103730380,study_47,Callaeas cinereus,South Island Kokako,Critically Endangered,N/A,Rattus rattus,"Innes, J., Hay, R., Flux, I., Bradfield, P., Speed, H. and Jansen, P., 1999. Successful recovery of North Island kokako Callaeas cinerea wilsoni populations, by adaptive management. Biological conservation, 87(2), pp.201-214.",N/A,Spatiotemporal,,Rattus rattus,,"Mapara, Rotoehu and Kaharoa",-38.535,175.238,,Unknown,Unknown,0.24868,,,,,,Rat abundance,I added % to the number assuming it’s the same data as % tunnels with footprints,0.21403,,,,Percent pairs fledging young,Reproduction,Negative,,,,,Figure 5c,Maybe exclude: Figure 5c should be the same as Figure 3 vs Figure 5a but possibly data organised differently?,Correlation
156237250,103730380,study_47,Callaeas cinereus,South Island Kokako,Critically Endangered,N/A,Rattus rattus,"Innes, J., Hay, R., Flux, I., Bradfield, P., Speed, H. and Jansen, P., 1999. Successful recovery of North Island kokako Callaeas cinerea wilsoni populations, by adaptive management. Biological conservation, 87(2), pp.201-214.",N/A,Spatiotemporal,,Rattus rattus,,"Mapara, Rotoehu and Kaharoa",-38.535,175.238,,Unknown,Unknown,0.2826,,,,,,Rat abundance,I added % to the number assuming it’s the same data as % tunnels with footprints,0.17469,,,,Percent pairs fledging young,Reproduction,Negative,,,,,Figure 5c,Maybe exclude: Figure 5c should be the same as Figure 3 vs Figure 5a but possibly data organised differently?,Correlation
156237250,103730380,study_47,Callaeas cinereus,South Island Kokako,Critically Endangered,N/A,Rattus rattus,"Innes, J., Hay, R., Flux, I., Bradfield, P., Speed, H. and Jansen, P., 1999. Successful recovery of North Island kokako Callaeas cinerea wilsoni populations, by adaptive management. Biological conservation, 87(2), pp.201-214.",N/A,Spatiotemporal,,Rattus rattus,,"Mapara, Rotoehu and Kaharoa",-38.535,175.238,,Unknown,Unknown,0.46038,,,,,,Rat abundance,I added % to the number assuming it’s the same data as % tunnels with footprints,0.2927,,,,Percent pairs fledging young,Reproduction,Negative,,,,,Figure 5c,Maybe exclude: Figure 5c should be the same as Figure 3 vs Figure 5a but possibly data organised differently?,Correlation
156237250,103730380,study_47,Callaeas cinereus,South Island Kokako,Critically Endangered,N/A,Rattus rattus,"Innes, J., Hay, R., Flux, I., Bradfield, P., Speed, H. and Jansen, P., 1999. Successful recovery of North Island kokako Callaeas cinerea wilsoni populations, by adaptive management. Biological conservation, 87(2), pp.201-214.",N/A,Spatiotemporal,,Rattus rattus,,"Mapara, Rotoehu and Kaharoa",-38.535,175.238,,Unknown,Unknown,0.41711,,,,,,Rat abundance,I added % to the number assuming it’s the same data as % tunnels with footprints,0.10637,,,,Percent pairs fledging young,Reproduction,Negative,,,,,Figure 5c,Maybe exclude: Figure 5c should be the same as Figure 3 vs Figure 5a but possibly data organised differently?,Correlation
156237250,103730380,study_47,Callaeas cinereus,South Island Kokako,Critically Endangered,N/A,Rattus rattus,"Innes, J., Hay, R., Flux, I., Bradfield, P., Speed, H. and Jansen, P., 1999. Successful recovery of North Island kokako Callaeas cinerea wilsoni populations, by adaptive management. Biological conservation, 87(2), pp.201-214.",N/A,Spatiotemporal,,Rattus rattus,,"Mapara, Rotoehu and Kaharoa",-38.535,175.238,,Unknown,Unknown,0.62646,,,,,,Rat abundance,I added % to the number assuming it’s the same data as % tunnels with footprints,0.02562,,,,Percent pairs fledging young,Reproduction,Negative,,,,,Figure 5c,Maybe exclude: Figure 5c should be the same as Figure 3 vs Figure 5a but possibly data organised differently?,Correlation
156237250,103730380,study_47,Callaeas cinereus,South Island Kokako,Critically Endangered,N/A,Rattus rattus,"Innes, J., Hay, R., Flux, I., Bradfield, P., Speed, H. and Jansen, P., 1999. Successful recovery of North Island kokako Callaeas cinerea wilsoni populations, by adaptive management. Biological conservation, 87(2), pp.201-214.",N/A,Spatiotemporal,,Rattus rattus,,"Mapara, Rotoehu and Kaharoa",-38.535,175.238,,Unknown,Unknown,0.63465,,,,,,Rat abundance,I added % to the number assuming it’s the same data as % tunnels with footprints,0.1457,,,,Percent pairs fledging young,Reproduction,Negative,,,,,Figure 5c,Maybe exclude: Figure 5c should be the same as Figure 3 vs Figure 5a but possibly data organised differently?,Correlation
156237250,103730380,study_47,Callaeas cinereus,South Island Kokako,Critically Endangered,N/A,Rattus rattus,"Innes, J., Hay, R., Flux, I., Bradfield, P., Speed, H. and Jansen, P., 1999. Successful recovery of North Island kokako Callaeas cinerea wilsoni populations, by adaptive management. Biological conservation, 87(2), pp.201-214.",N/A,Spatiotemporal,,Rattus rattus,,"Mapara, Rotoehu and Kaharoa",-38.535,175.238,,Unknown,Unknown,0.67909,,,,,,Rat abundance,I added % to the number assuming it’s the same data as % tunnels with footprints,0.2927,,,,Percent pairs fledging young,Reproduction,Negative,,,,,Figure 5c,Maybe exclude: Figure 5c should be the same as Figure 3 vs Figure 5a but possibly data organised differently?,Correlation
156237250,103730380,study_47,Callaeas cinereus,South Island Kokako,Critically Endangered,N/A,Rattus rattus,"Innes, J., Hay, R., Flux, I., Bradfield, P., Speed, H. and Jansen, P., 1999. Successful recovery of North Island kokako Callaeas cinerea wilsoni populations, by adaptive management. Biological conservation, 87(2), pp.201-214.",N/A,Spatiotemporal,,Rattus rattus,,"Mapara, Rotoehu and Kaharoa",-38.535,175.238,,Unknown,Unknown,0.71301,,,,,,Rat abundance,I added % to the number assuming it’s the same data as % tunnels with footprints,0.02562,,,,Percent pairs fledging young,Reproduction,Negative,,,,,Figure 5c,Maybe exclude: Figure 5c should be the same as Figure 3 vs Figure 5a but possibly data organised differently?,Correlation
156237250,103730380,study_47,Callaeas cinereus,South Island Kokako,Critically Endangered,N/A,Rattus rattus,"Innes, J., Hay, R., Flux, I., Bradfield, P., Speed, H. and Jansen, P., 1999. Successful recovery of North Island kokako Callaeas cinerea wilsoni populations, by adaptive management. Biological conservation, 87(2), pp.201-214.",N/A,Spatiotemporal,,Rattus rattus,,"Mapara, Rotoehu and Kaharoa",-38.535,175.238,,1989-1990,Mapara,0.22789,,,,,,% tunnels with rat footprints,I took the average 4-6 samples per year (middle year to middle following year),0,,,,Percent pairs fledging young,Reproduction,Negative,,,,,"Figure 3, 5A",Figure 5c should be the same as Figure 3 vs Figure 5a but possibly data organised differently?,Correlation
156237250,103730380,study_47,Callaeas cinereus,South Island Kokako,Critically Endangered,N/A,Rattus rattus,"Innes, J., Hay, R., Flux, I., Bradfield, P., Speed, H. and Jansen, P., 1999. Successful recovery of North Island kokako Callaeas cinerea wilsoni populations, by adaptive management. Biological conservation, 87(2), pp.201-214.",N/A,Spatiotemporal,,Rattus rattus,,"Mapara, Rotoehu and Kaharoa",-38.535,175.238,,1990-1991,Mapara,0.1963275,,,,,,% tunnels with rat footprints,I took the average 4-6 samples per year (middle year to middle following year),0.30224,,,,Percent pairs fledging young,Reproduction,Negative,,,,,"Figure 3, 5A",Figure 5c should be the same as Figure 3 vs Figure 5a but possibly data organised differently?,Correlation
156237250,103730380,study_47,Callaeas cinereus,South Island Kokako,Critically Endangered,N/A,Rattus rattus,"Innes, J., Hay, R., Flux, I., Bradfield, P., Speed, H. and Jansen, P., 1999. Successful recovery of North Island kokako Callaeas cinerea wilsoni populations, by adaptive management. Biological conservation, 87(2), pp.201-214.",N/A,Spatiotemporal,,Rattus rattus,,"Mapara, Rotoehu and Kaharoa",-38.535,175.238,,1991-1992,Mapara,0.42567,,,,,,% tunnels with rat footprints,I took the average 4-6 samples per year (middle year to middle following year),0.18429,,,,Percent pairs fledging young,Reproduction,Negative,,,,,"Figure 3, 5A",Figure 5c should be the same as Figure 3 vs Figure 5a but possibly data organised differently?,Correlation
156237250,103730380,study_47,Callaeas cinereus,South Island Kokako,Critically Endangered,N/A,Rattus rattus,"Innes, J., Hay, R., Flux, I., Bradfield, P., Speed, H. and Jansen, P., 1999. Successful recovery of North Island kokako Callaeas cinerea wilsoni populations, by adaptive management. Biological conservation, 87(2), pp.201-214.",N/A,Spatiotemporal,,Rattus rattus,,"Mapara, Rotoehu and Kaharoa",-38.535,175.238,,1992-1993,Mapara,0.5142925,,,,,,% tunnels with rat footprints,I took the average 4-6 samples per year (middle year to middle following year),0.46635,,,,Percent pairs fledging young,Reproduction,Negative,,,,,"Figure 3, 5A",Figure 5c should be the same as Figure 3 vs Figure 5a but possibly data organised differently?,Correlation
156237250,103730380,study_47,Callaeas cinereus,South Island Kokako,Critically Endangered,N/A,Rattus rattus,"Innes, J., Hay, R., Flux, I., Bradfield, P., Speed, H. and Jansen, P., 1999. Successful recovery of North Island kokako Callaeas cinerea wilsoni populations, by adaptive management. Biological conservation, 87(2), pp.201-214.",N/A,Spatiotemporal,,Rattus rattus,,"Mapara, Rotoehu and Kaharoa",-38.535,175.238,,1993-1994,Mapara,0.3090325,,,,,,% tunnels with rat footprints,I took the average 4-6 samples per year (middle year to middle following year),0.26378,,,,Percent pairs fledging young,Reproduction,Negative,,,,,"Figure 3, 5A",Figure 5c should be the same as Figure 3 vs Figure 5a but possibly data organised differently?,Correlation
156237250,103730380,study_47,Callaeas cinereus,South Island Kokako,Critically Endangered,N/A,Rattus rattus,"Innes, J., Hay, R., Flux, I., Bradfield, P., Speed, H. and Jansen, P., 1999. Successful recovery of North Island kokako Callaeas cinerea wilsoni populations, by adaptive management. Biological conservation, 87(2), pp.201-214.",N/A,Spatiotemporal,,Rattus rattus,,"Mapara, Rotoehu and Kaharoa",-38.535,175.238,,1994-1995,Mapara,0.0944825,,,,,,% tunnels with rat footprints,I took the average 4-6 samples per year (middle year to middle following year),0.74583,,,,Percent pairs fledging young,Reproduction,Negative,,,,,"Figure 3, 5A",Figure 5c should be the same as Figure 3 vs Figure 5a but possibly data organised differently?,Correlation
156237250,103730380,study_47,Callaeas cinereus,South Island Kokako,Critically Endangered,N/A,Rattus rattus,"Innes, J., Hay, R., Flux, I., Bradfield, P., Speed, H. and Jansen, P., 1999. Successful recovery of North Island kokako Callaeas cinerea wilsoni populations, by adaptive management. Biological conservation, 87(2), pp.201-214.",N/A,Spatiotemporal,,Rattus rattus,,"Mapara, Rotoehu and Kaharoa",-38.535,175.238,,1995-1996,Mapara,0.2810175,,,,,,% tunnels with rat footprints,I took the average 4-6 samples per year (middle year to middle following year),0.24071,,,,Percent pairs fledging young,Reproduction,Negative,,,,,"Figure 3, 5A",Figure 5c should be the same as Figure 3 vs Figure 5a but possibly data organised differently?,Correlation
156237250,103730380,study_47,Callaeas cinereus,South Island Kokako,Critically Endangered,N/A,Rattus rattus,"Innes, J., Hay, R., Flux, I., Bradfield, P., Speed, H. and Jansen, P., 1999. Successful recovery of North Island kokako Callaeas cinerea wilsoni populations, by adaptive management. Biological conservation, 87(2), pp.201-214.",N/A,Spatiotemporal,,Rattus rattus,,"Mapara, Rotoehu and Kaharoa",-38.535,175.238,,1996-1997,Mapara,0.1321475,,,,,,% tunnels with rat footprints,I took the average 4-6 samples per year (middle year to middle following year),0.63558,,,,Percent pairs fledging young,Reproduction,Negative,,,,,"Figure 3, 5A",Figure 5c should be the same as Figure 3 vs Figure 5a but possibly data organised differently?,Correlation
156237250,103730380,study_47,Callaeas cinereus,South Island Kokako,Critically Endangered,N/A,Rattus rattus,"Innes, J., Hay, R., Flux, I., Bradfield, P., Speed, H. and Jansen, P., 1999. Successful recovery of North Island kokako Callaeas cinerea wilsoni populations, by adaptive management. Biological conservation, 87(2), pp.201-214.",N/A,Spatiotemporal,,Rattus rattus,,"Mapara, Rotoehu and Kaharoa",-38.535,175.238,,1990-1991,Rotoehu,0.12095,,,,,,% tunnels with rat footprints,I took the average 4-6 samples per year (middle year to middle following year),0.29199,,,,Percent pairs fledging young,Reproduction,Negative,,,,,"Figure 3, 5A",Figure 5c should be the same as Figure 3 vs Figure 5a but possibly data organised differently?,Correlation
156237250,103730380,study_47,Callaeas cinereus,South Island Kokako,Critically Endangered,N/A,Rattus rattus,"Innes, J., Hay, R., Flux, I., Bradfield, P., Speed, H. and Jansen, P., 1999. Successful recovery of North Island kokako Callaeas cinerea wilsoni populations, by adaptive management. Biological conservation, 87(2), pp.201-214.",N/A,Spatiotemporal,,Rattus rattus,,"Mapara, Rotoehu and Kaharoa",-38.535,175.238,,1991-1992,Rotoehu,0.437535,,,,,,% tunnels with rat footprints,I took the average 4-6 samples per year (middle year to middle following year),0.29968,,,,Percent pairs fledging young,Reproduction,Negative,,,,,"Figure 3, 5A",Figure 5c should be the same as Figure 3 vs Figure 5a but possibly data organised differently?,Correlation
156237250,103730380,study_47,Callaeas cinereus,South Island Kokako,Critically Endangered,N/A,Rattus rattus,"Innes, J., Hay, R., Flux, I., Bradfield, P., Speed, H. and Jansen, P., 1999. Successful recovery of North Island kokako Callaeas cinerea wilsoni populations, by adaptive management. Biological conservation, 87(2), pp.201-214.",N/A,Spatiotemporal,,Rattus rattus,,"Mapara, Rotoehu and Kaharoa",-38.535,175.238,,1992-1993,Rotoehu,0.354172,,,,,,% tunnels with rat footprints,I took the average 4-6 samples per year (middle year to middle following year),0.84583,,,,Percent pairs fledging young,Reproduction,Negative,,,,,"Figure 3, 5A",Figure 5c should be the same as Figure 3 vs Figure 5a but possibly data organised differently?,Correlation
156237250,103730380,study_47,Callaeas cinereus,South Island Kokako,Critically Endangered,N/A,Rattus rattus,"Innes, J., Hay, R., Flux, I., Bradfield, P., Speed, H. and Jansen, P., 1999. Successful recovery of North Island kokako Callaeas cinerea wilsoni populations, by adaptive management. Biological conservation, 87(2), pp.201-214.",N/A,Spatiotemporal,,Rattus rattus,,"Mapara, Rotoehu and Kaharoa",-38.535,175.238,,1993-1994,Rotoehu,0.271343333333333,,,,,,% tunnels with rat footprints,I took the average 4-6 samples per year (middle year to middle following year),0.26378,,,,Percent pairs fledging young,Reproduction,Negative,,,,,"Figure 3, 5A",Figure 5c should be the same as Figure 3 vs Figure 5a but possibly data organised differently?,Correlation
156237250,103730380,study_47,Callaeas cinereus,South Island Kokako,Critically Endangered,N/A,Rattus rattus,"Innes, J., Hay, R., Flux, I., Bradfield, P., Speed, H. and Jansen, P., 1999. Successful recovery of North Island kokako Callaeas cinerea wilsoni populations, by adaptive management. Biological conservation, 87(2), pp.201-214.",N/A,Spatiotemporal,,Rattus rattus,,"Mapara, Rotoehu and Kaharoa",-38.535,175.238,,1994-1995,Rotoehu,0.174545,,,,,,% tunnels with rat footprints,I took the average 4-6 samples per year (middle year to middle following year),0.11506,,,,Percent pairs fledging young,Reproduction,Negative,,,,,"Figure 3, 5A",Figure 5c should be the same as Figure 3 vs Figure 5a but possibly data organised differently?,Correlation
156237250,103730380,study_47,Callaeas cinereus,South Island Kokako,Critically Endangered,N/A,Rattus rattus,"Innes, J., Hay, R., Flux, I., Bradfield, P., Speed, H. and Jansen, P., 1999. Successful recovery of North Island kokako Callaeas cinerea wilsoni populations, by adaptive management. Biological conservation, 87(2), pp.201-214.",N/A,Spatiotemporal,,Rattus rattus,,"Mapara, Rotoehu and Kaharoa",-38.535,175.238,,1995-1996,Rotoehu,0.141908,,,,,,% tunnels with rat footprints,I took the average 4-6 samples per year (middle year to middle following year),0,,,,Percent pairs fledging young,Reproduction,Negative,,,,,"Figure 3, 5A",Figure 5c should be the same as Figure 3 vs Figure 5a but possibly data organised differently?,Correlation
156237250,103730380,study_47,Callaeas cinereus,South Island Kokako,Critically Endangered,N/A,Rattus rattus,"Innes, J., Hay, R., Flux, I., Bradfield, P., Speed, H. and Jansen, P., 1999. Successful recovery of North Island kokako Callaeas cinerea wilsoni populations, by adaptive management. Biological conservation, 87(2), pp.201-214.",N/A,Spatiotemporal,,Rattus rattus,,"Mapara, Rotoehu and Kaharoa",-38.535,175.238,,1996-1997,Rotoehu,0.079728,,,,,,% tunnels with rat footprints,I took the average 4-6 samples per year (middle year to middle following year),0,,,,Percent pairs fledging young,Reproduction,Negative,,,,,"Figure 3, 5A",Figure 5c should be the same as Figure 3 vs Figure 5a but possibly data organised differently?,Correlation
156237250,103730380,study_47,Callaeas cinereus,South Island Kokako,Critically Endangered,N/A,Rattus rattus,"Innes, J., Hay, R., Flux, I., Bradfield, P., Speed, H. and Jansen, P., 1999. Successful recovery of North Island kokako Callaeas cinerea wilsoni populations, by adaptive management. Biological conservation, 87(2), pp.201-214.",N/A,Spatiotemporal,,Rattus rattus,,"Mapara, Rotoehu and Kaharoa",-38.535,175.238,,1990-1991,Kaharoa,0.364322857142857,,,,,,% tunnels with rat footprints,I took the average 4-6 samples per year (middle year to middle following year),0.16891,,,,Percent pairs fledging young,Reproduction,Negative,,,,,"Figure 3, 5A",Figure 5c should be the same as Figure 3 vs Figure 5a but possibly data organised differently?,Correlation
156237250,103730380,study_47,Callaeas cinereus,South Island Kokako,Critically Endangered,N/A,Rattus rattus,"Innes, J., Hay, R., Flux, I., Bradfield, P., Speed, H. and Jansen, P., 1999. Successful recovery of North Island kokako Callaeas cinerea wilsoni populations, by adaptive management. Biological conservation, 87(2), pp.201-214.",N/A,Spatiotemporal,,Rattus rattus,,"Mapara, Rotoehu and Kaharoa",-38.535,175.238,,1991-1992,Kaharoa,0.388618571428571,,,,,,% tunnels with rat footprints,I took the average 4-6 samples per year (middle year to middle following year),0.07404,,,,Percent pairs fledging young,Reproduction,Negative,,,,,"Figure 3, 5A",Figure 5c should be the same as Figure 3 vs Figure 5a but possibly data organised differently?,Correlation
156237250,103730380,study_47,Callaeas cinereus,South Island Kokako,Critically Endangered,N/A,Rattus rattus,"Innes, J., Hay, R., Flux, I., Bradfield, P., Speed, H. and Jansen, P., 1999. Successful recovery of North Island kokako Callaeas cinerea wilsoni populations, by adaptive management. Biological conservation, 87(2), pp.201-214.",N/A,Spatiotemporal,,Rattus rattus,,"Mapara, Rotoehu and Kaharoa",-38.535,175.238,,1992-1993,Kaharoa,0.296895,,,,,,% tunnels with rat footprints,I took the average 4-6 samples per year (middle year to middle following year),0.26635,,,,Percent pairs fledging young,Reproduction,Negative,,,,,"Figure 3, 5A",Figure 5c should be the same as Figure 3 vs Figure 5a but possibly data organised differently?,Correlation
156237250,103730380,study_47,Callaeas cinereus,South Island Kokako,Critically Endangered,N/A,Rattus rattus,"Innes, J., Hay, R., Flux, I., Bradfield, P., Speed, H. and Jansen, P., 1999. Successful recovery of North Island kokako Callaeas cinerea wilsoni populations, by adaptive management. Biological conservation, 87(2), pp.201-214.",N/A,Spatiotemporal,,Rattus rattus,,"Mapara, Rotoehu and Kaharoa",-38.535,175.238,,1993-1994,Kaharoa,0.64329,,,,,,% tunnels with rat footprints,I took the average 4-6 samples per year (middle year to middle following year),0.14583,,,,Percent pairs fledging young,Reproduction,Negative,,,,,"Figure 3, 5A",Figure 5c should be the same as Figure 3 vs Figure 5a but possibly data organised differently?,Correlation
156237250,103730380,study_47,Callaeas cinereus,South Island Kokako,Critically Endangered,N/A,Rattus rattus,"Innes, J., Hay, R., Flux, I., Bradfield, P., Speed, H. and Jansen, P., 1999. Successful recovery of North Island kokako Callaeas cinerea wilsoni populations, by adaptive management. Biological conservation, 87(2), pp.201-214.",N/A,Spatiotemporal,,Rattus rattus,,"Mapara, Rotoehu and Kaharoa",-38.535,175.238,,1994-1995,Kaharoa,0.626065,,,,,,% tunnels with rat footprints,I took the average 4-6 samples per year (middle year to middle following year),0.39968,,,,Percent pairs fledging young,Reproduction,Negative,,,,,"Figure 3, 5A",Figure 5c should be the same as Figure 3 vs Figure 5a but possibly data organised differently?,Correlation
156237250,103730380,study_47,Callaeas cinereus,South Island Kokako,Critically Endangered,N/A,Rattus rattus,"Innes, J., Hay, R., Flux, I., Bradfield, P., Speed, H. and Jansen, P., 1999. Successful recovery of North Island kokako Callaeas cinerea wilsoni populations, by adaptive management. Biological conservation, 87(2), pp.201-214.",N/A,Spatiotemporal,,Rattus rattus,,"Mapara, Rotoehu and Kaharoa",-38.535,175.238,,1995-1996,Kaharoa,0.690914,,,,,,% tunnels with rat footprints,I took the average 4-6 samples per year (middle year to middle following year),0.65096,,,,Percent pairs fledging young,Reproduction,Negative,,,,,"Figure 3, 5A",Figure 5c should be the same as Figure 3 vs Figure 5a but possibly data organised differently?,Correlation
156237250,103730380,study_47,Callaeas cinereus,South Island Kokako,Critically Endangered,N/A,Rattus rattus,"Innes, J., Hay, R., Flux, I., Bradfield, P., Speed, H. and Jansen, P., 1999. Successful recovery of North Island kokako Callaeas cinerea wilsoni populations, by adaptive management. Biological conservation, 87(2), pp.201-214.",N/A,Spatiotemporal,,Rattus rattus,,"Mapara, Rotoehu and Kaharoa",-38.535,175.238,,1996-1997,Kaharoa,0.69273,,,,,,% tunnels with rat footprints,I took the average 4-6 samples per year (middle year to middle following year),0.58942,,,,Percent pairs fledging young,Reproduction,Negative,,,,,"Figure 3, 5A",Figure 5c should be the same as Figure 3 vs Figure 5a but possibly data organised differently?,Correlation
156237250,103730380,study_48,Callaeas cinereus,South Island Kokako,Critically Endangered,N/A,Rattus rattus,"Innes, J., Hay, R., Flux, I., Bradfield, P., Speed, H. and Jansen, P., 1999. Successful recovery of North Island kokako Callaeas cinerea wilsoni populations, by adaptive management. Biological conservation, 87(2), pp.201-214.",N/A,Spatiotemporal,,Rattus rattus,,"Mapara, Rotoehu and Kaharoa",-38.535,175.238,,,,0.0064,,,,,,% tunnels with rat footprints 1st Nov,,0.49857,,,,Percent pairs fledging young 1st Nov,Reproduction,Negative,,,,,Figure 7A,"Maybe exclude: ""ship rat abundance indices at 1 November each year at Mapara and Rotoehu. Data from blocks and years in which pest control was undertaken at nests were excluded."" but X axis says ""Oct-Feb"" + the data is a component of dataset used in previous analysis",Correlation
156237250,103730380,study_48,Callaeas cinereus,South Island Kokako,Critically Endangered,N/A,Rattus rattus,"Innes, J., Hay, R., Flux, I., Bradfield, P., Speed, H. and Jansen, P., 1999. Successful recovery of North Island kokako Callaeas cinerea wilsoni populations, by adaptive management. Biological conservation, 87(2), pp.201-214.",N/A,Spatiotemporal,,Rattus rattus,,"Mapara, Rotoehu and Kaharoa",-38.535,175.238,,,,0.01163,,,,,,% tunnels with rat footprints 1st Nov,,0.56976,,,,Percent pairs fledging young 1st Nov,Reproduction,Negative,,,,,Figure 7A,"Maybe exclude: ""ship rat abundance indices at 1 November each year at Mapara and Rotoehu. Data from blocks and years in which pest control was undertaken at nests were excluded."" but X axis says ""Oct-Feb"" + the data is a component of dataset used in previous analysis",Correlation
156237250,103730380,study_48,Callaeas cinereus,South Island Kokako,Critically Endangered,N/A,Rattus rattus,"Innes, J., Hay, R., Flux, I., Bradfield, P., Speed, H. and Jansen, P., 1999. Successful recovery of North Island kokako Callaeas cinerea wilsoni populations, by adaptive management. Biological conservation, 87(2), pp.201-214.",N/A,Spatiotemporal,,Rattus rattus,,"Mapara, Rotoehu and Kaharoa",-38.535,175.238,,,,0.027,,,,,,% tunnels with rat footprints 1st Nov,,0.75071,,,,Percent pairs fledging young 1st Nov,Reproduction,Negative,,,,,Figure 7A,"Maybe exclude: ""ship rat abundance indices at 1 November each year at Mapara and Rotoehu. Data from blocks and years in which pest control was undertaken at nests were excluded."" but X axis says ""Oct-Feb"" + the data is a component of dataset used in previous analysis",Correlation
156237250,103730380,study_48,Callaeas cinereus,South Island Kokako,Critically Endangered,N/A,Rattus rattus,"Innes, J., Hay, R., Flux, I., Bradfield, P., Speed, H. and Jansen, P., 1999. Successful recovery of North Island kokako Callaeas cinerea wilsoni populations, by adaptive management. Biological conservation, 87(2), pp.201-214.",N/A,Spatiotemporal,,Rattus rattus,,"Mapara, Rotoehu and Kaharoa",-38.535,175.238,,,,0.0398,,,,,,% tunnels with rat footprints 1st Nov,,0.56024,,,,Percent pairs fledging young 1st Nov,Reproduction,Negative,,,,,Figure 7A,"Maybe exclude: ""ship rat abundance indices at 1 November each year at Mapara and Rotoehu. Data from blocks and years in which pest control was undertaken at nests were excluded."" but X axis says ""Oct-Feb"" + the data is a component of dataset used in previous analysis",Correlation
156237250,103730380,study_48,Callaeas cinereus,South Island Kokako,Critically Endangered,N/A,Rattus rattus,"Innes, J., Hay, R., Flux, I., Bradfield, P., Speed, H. and Jansen, P., 1999. Successful recovery of North Island kokako Callaeas cinerea wilsoni populations, by adaptive management. Biological conservation, 87(2), pp.201-214.",N/A,Spatiotemporal,,Rattus rattus,,"Mapara, Rotoehu and Kaharoa",-38.535,175.238,,,,0.23186,,,,,,% tunnels with rat footprints 1st Nov,,0.35833,,,,Percent pairs fledging young 1st Nov,Reproduction,Negative,,,,,Figure 7A,"Maybe exclude: ""ship rat abundance indices at 1 November each year at Mapara and Rotoehu. Data from blocks and years in which pest control was undertaken at nests were excluded."" but X axis says ""Oct-Feb"" + the data is a component of dataset used in previous analysis",Correlation
156237250,103730380,study_48,Callaeas cinereus,South Island Kokako,Critically Endangered,N/A,Rattus rattus,"Innes, J., Hay, R., Flux, I., Bradfield, P., Speed, H. and Jansen, P., 1999. Successful recovery of North Island kokako Callaeas cinerea wilsoni populations, by adaptive management. Biological conservation, 87(2), pp.201-214.",N/A,Spatiotemporal,,Rattus rattus,,"Mapara, Rotoehu and Kaharoa",-38.535,175.238,,,,0.23528,,,,,,% tunnels with rat footprints 1st Nov,,0.24786,,,,Percent pairs fledging young 1st Nov,Reproduction,Negative,,,,,Figure 7A,"Maybe exclude: ""ship rat abundance indices at 1 November each year at Mapara and Rotoehu. Data from blocks and years in which pest control was undertaken at nests were excluded."" but X axis says ""Oct-Feb"" + the data is a component of dataset used in previous analysis",Correlation
156237250,103730380,study_48,Callaeas cinereus,South Island Kokako,Critically Endangered,N/A,Rattus rattus,"Innes, J., Hay, R., Flux, I., Bradfield, P., Speed, H. and Jansen, P., 1999. Successful recovery of North Island kokako Callaeas cinerea wilsoni populations, by adaptive management. Biological conservation, 87(2), pp.201-214.",N/A,Spatiotemporal,,Rattus rattus,,"Mapara, Rotoehu and Kaharoa",-38.535,175.238,,,,0.26942,,,,,,% tunnels with rat footprints 1st Nov,,0.11833,,,,Percent pairs fledging young 1st Nov,Reproduction,Negative,,,,,Figure 7A,"Maybe exclude: ""ship rat abundance indices at 1 November each year at Mapara and Rotoehu. Data from blocks and years in which pest control was undertaken at nests were excluded."" but X axis says ""Oct-Feb"" + the data is a component of dataset used in previous analysis",Correlation
156237250,103730380,study_48,Callaeas cinereus,South Island Kokako,Critically Endangered,N/A,Rattus rattus,"Innes, J., Hay, R., Flux, I., Bradfield, P., Speed, H. and Jansen, P., 1999. Successful recovery of North Island kokako Callaeas cinerea wilsoni populations, by adaptive management. Biological conservation, 87(2), pp.201-214.",N/A,Spatiotemporal,,Rattus rattus,,"Mapara, Rotoehu and Kaharoa",-38.535,175.238,,,,0.40941,,,,,,% tunnels with rat footprints 1st Nov,,0.11833,,,,Percent pairs fledging young 1st Nov,Reproduction,Negative,,,,,Figure 7A,"Maybe exclude: ""ship rat abundance indices at 1 November each year at Mapara and Rotoehu. Data from blocks and years in which pest control was undertaken at nests were excluded."" but X axis says ""Oct-Feb"" + the data is a component of dataset used in previous analysis",Correlation
156237250,103730380,study_48,Callaeas cinereus,South Island Kokako,Critically Endangered,N/A,Rattus rattus,"Innes, J., Hay, R., Flux, I., Bradfield, P., Speed, H. and Jansen, P., 1999. Successful recovery of North Island kokako Callaeas cinerea wilsoni populations, by adaptive management. Biological conservation, 87(2), pp.201-214.",N/A,Spatiotemporal,,Rattus rattus,,"Mapara, Rotoehu and Kaharoa",-38.535,175.238,,,,0.45294,,,,,,% tunnels with rat footprints 1st Nov,,0.16786,,,,Percent pairs fledging young 1st Nov,Reproduction,Negative,,,,,Figure 7A,"Maybe exclude: ""ship rat abundance indices at 1 November each year at Mapara and Rotoehu. Data from blocks and years in which pest control was undertaken at nests were excluded."" but X axis says ""Oct-Feb"" + the data is a component of dataset used in previous analysis",Correlation
156237250,103730380,study_49,Callaeas cinereus,South Island Kokako,Critically Endangered,N/A,Rattus rattus,"Innes, J., Hay, R., Flux, I., Bradfield, P., Speed, H. and Jansen, P., 1999. Successful recovery of North Island kokako Callaeas cinerea wilsoni populations, by adaptive management. Biological conservation, 87(2), pp.201-214.",N/A,Spatiotemporal,,Rattus rattus,,"Mapara, Rotoehu and Kaharoa",-38.535,175.238,,1990-1991,Mapara,0.1963275,,,,,,% tunnels with rat footprints,I took the average 4-6 samples per year (middle year to middle following year),50.921,,,,Number of territorial pairs,Abundance,Negative,,,,,"Figure 3, 9",,Correlation
156237250,103730380,study_49,Callaeas cinereus,South Island Kokako,Critically Endangered,N/A,Rattus rattus,"Innes, J., Hay, R., Flux, I., Bradfield, P., Speed, H. and Jansen, P., 1999. Successful recovery of North Island kokako Callaeas cinerea wilsoni populations, by adaptive management. Biological conservation, 87(2), pp.201-214.",N/A,Spatiotemporal,,Rattus rattus,,"Mapara, Rotoehu and Kaharoa",-38.535,175.238,,1991-1992,Mapara,0.42567,,,,,,% tunnels with rat footprints,I took the average 4-6 samples per year (middle year to middle following year),49.046,,,,Number of territorial pairs,Abundance,Negative,,,,,"Figure 3, 9",,Correlation
156237250,103730380,study_49,Callaeas cinereus,South Island Kokako,Critically Endangered,N/A,Rattus rattus,"Innes, J., Hay, R., Flux, I., Bradfield, P., Speed, H. and Jansen, P., 1999. Successful recovery of North Island kokako Callaeas cinerea wilsoni populations, by adaptive management. Biological conservation, 87(2), pp.201-214.",N/A,Spatiotemporal,,Rattus rattus,,"Mapara, Rotoehu and Kaharoa",-38.535,175.238,,1992-1993,Mapara,0.5142925,,,,,,% tunnels with rat footprints,I took the average 4-6 samples per year (middle year to middle following year),49.243,,,,Number of territorial pairs,Abundance,Negative,,,,,"Figure 3, 9",,Correlation
156237250,103730380,study_49,Callaeas cinereus,South Island Kokako,Critically Endangered,N/A,Rattus rattus,"Innes, J., Hay, R., Flux, I., Bradfield, P., Speed, H. and Jansen, P., 1999. Successful recovery of North Island kokako Callaeas cinerea wilsoni populations, by adaptive management. Biological conservation, 87(2), pp.201-214.",N/A,Spatiotemporal,,Rattus rattus,,"Mapara, Rotoehu and Kaharoa",-38.535,175.238,,1993-1994,Mapara,0.3090325,,,,,,% tunnels with rat footprints,I took the average 4-6 samples per year (middle year to middle following year),53.191,,,,Number of territorial pairs,Abundance,Negative,,,,,"Figure 3, 9",,Correlation
156237250,103730380,study_49,Callaeas cinereus,South Island Kokako,Critically Endangered,N/A,Rattus rattus,"Innes, J., Hay, R., Flux, I., Bradfield, P., Speed, H. and Jansen, P., 1999. Successful recovery of North Island kokako Callaeas cinerea wilsoni populations, by adaptive management. Biological conservation, 87(2), pp.201-214.",N/A,Spatiotemporal,,Rattus rattus,,"Mapara, Rotoehu and Kaharoa",-38.535,175.238,,1994-1995,Mapara,0.0944825,,,,,,% tunnels with rat footprints,I took the average 4-6 samples per year (middle year to middle following year),62.072,,,,Number of territorial pairs,Abundance,Negative,,,,,"Figure 3, 9",,Correlation
156237250,103730380,study_49,Callaeas cinereus,South Island Kokako,Critically Endangered,N/A,Rattus rattus,"Innes, J., Hay, R., Flux, I., Bradfield, P., Speed, H. and Jansen, P., 1999. Successful recovery of North Island kokako Callaeas cinerea wilsoni populations, by adaptive management. Biological conservation, 87(2), pp.201-214.",N/A,Spatiotemporal,,Rattus rattus,,"Mapara, Rotoehu and Kaharoa",-38.535,175.238,,1995-1996,Mapara,0.2810175,,,,,,% tunnels with rat footprints,I took the average 4-6 samples per year (middle year to middle following year),67.204,,,,Number of territorial pairs,Abundance,Negative,,,,,"Figure 3, 9",,Correlation
156237250,103730380,study_49,Callaeas cinereus,South Island Kokako,Critically Endangered,N/A,Rattus rattus,"Innes, J., Hay, R., Flux, I., Bradfield, P., Speed, H. and Jansen, P., 1999. Successful recovery of North Island kokako Callaeas cinerea wilsoni populations, by adaptive management. Biological conservation, 87(2), pp.201-214.",N/A,Spatiotemporal,,Rattus rattus,,"Mapara, Rotoehu and Kaharoa",-38.535,175.238,,1996-1997,Mapara,0.1321475,,,,,,% tunnels with rat footprints,I took the average 4-6 samples per year (middle year to middle following year),83.98,,,,Number of territorial pairs,Abundance,Negative,,,,,"Figure 3, 9",,Correlation
156237250,103730380,study_49,Callaeas cinereus,South Island Kokako,Critically Endangered,N/A,Rattus rattus,"Innes, J., Hay, R., Flux, I., Bradfield, P., Speed, H. and Jansen, P., 1999. Successful recovery of North Island kokako Callaeas cinerea wilsoni populations, by adaptive management. Biological conservation, 87(2), pp.201-214.",N/A,Spatiotemporal,,Rattus rattus,,"Mapara, Rotoehu and Kaharoa",-38.535,175.238,,1990-1991,Rotoehu,0.12095,,,,,,% tunnels with rat footprints,I took the average 4-6 samples per year (middle year to middle following year),22.007,,,,Number of territorial pairs,Abundance,Negative,,,,,"Figure 3, 9",,Correlation
156237250,103730380,study_49,Callaeas cinereus,South Island Kokako,Critically Endangered,N/A,Rattus rattus,"Innes, J., Hay, R., Flux, I., Bradfield, P., Speed, H. and Jansen, P., 1999. Successful recovery of North Island kokako Callaeas cinerea wilsoni populations, by adaptive management. Biological conservation, 87(2), pp.201-214.",N/A,Spatiotemporal,,Rattus rattus,,"Mapara, Rotoehu and Kaharoa",-38.535,175.238,,1991-1992,Rotoehu,0.437535,,,,,,% tunnels with rat footprints,I took the average 4-6 samples per year (middle year to middle following year),25.164,,,,Number of territorial pairs,Abundance,Negative,,,,,"Figure 3, 9",,Correlation
156237250,103730380,study_49,Callaeas cinereus,South Island Kokako,Critically Endangered,N/A,Rattus rattus,"Innes, J., Hay, R., Flux, I., Bradfield, P., Speed, H. and Jansen, P., 1999. Successful recovery of North Island kokako Callaeas cinerea wilsoni populations, by adaptive management. Biological conservation, 87(2), pp.201-214.",N/A,Spatiotemporal,,Rattus rattus,,"Mapara, Rotoehu and Kaharoa",-38.535,175.238,,1992-1993,Rotoehu,0.354172,,,,,,% tunnels with rat footprints,I took the average 4-6 samples per year (middle year to middle following year),27.73,,,,Number of territorial pairs,Abundance,Negative,,,,,"Figure 3, 9",,Correlation
156237250,103730380,study_49,Callaeas cinereus,South Island Kokako,Critically Endangered,N/A,Rattus rattus,"Innes, J., Hay, R., Flux, I., Bradfield, P., Speed, H. and Jansen, P., 1999. Successful recovery of North Island kokako Callaeas cinerea wilsoni populations, by adaptive management. Biological conservation, 87(2), pp.201-214.",N/A,Spatiotemporal,,Rattus rattus,,"Mapara, Rotoehu and Kaharoa",-38.535,175.238,,1993-1994,Rotoehu,0.271343333333333,,,,,,% tunnels with rat footprints,I took the average 4-6 samples per year (middle year to middle following year),36.02,,,,Number of territorial pairs,Abundance,Negative,,,,,"Figure 3, 9",,Correlation
156237250,103730380,study_49,Callaeas cinereus,South Island Kokako,Critically Endangered,N/A,Rattus rattus,"Innes, J., Hay, R., Flux, I., Bradfield, P., Speed, H. and Jansen, P., 1999. Successful recovery of North Island kokako Callaeas cinerea wilsoni populations, by adaptive management. Biological conservation, 87(2), pp.201-214.",N/A,Spatiotemporal,,Rattus rattus,,"Mapara, Rotoehu and Kaharoa",-38.535,175.238,,1994-1995,Rotoehu,0.174545,,,,,,% tunnels with rat footprints,I took the average 4-6 samples per year (middle year to middle following year),28.914,,,,Number of territorial pairs,Abundance,Negative,,,,,"Figure 3, 9",,Correlation
156237250,103730380,study_49,Callaeas cinereus,South Island Kokako,Critically Endangered,N/A,Rattus rattus,"Innes, J., Hay, R., Flux, I., Bradfield, P., Speed, H. and Jansen, P., 1999. Successful recovery of North Island kokako Callaeas cinerea wilsoni populations, by adaptive management. Biological conservation, 87(2), pp.201-214.",N/A,Spatiotemporal,,Rattus rattus,,"Mapara, Rotoehu and Kaharoa",-38.535,175.238,,1995-1996,Rotoehu,0.141908,,,,,,% tunnels with rat footprints,I took the average 4-6 samples per year (middle year to middle following year),33.059,,,,Number of territorial pairs,Abundance,Negative,,,,,"Figure 3, 9",,Correlation
156237250,103730380,study_49,Callaeas cinereus,South Island Kokako,Critically Endangered,N/A,Rattus rattus,"Innes, J., Hay, R., Flux, I., Bradfield, P., Speed, H. and Jansen, P., 1999. Successful recovery of North Island kokako Callaeas cinerea wilsoni populations, by adaptive management. Biological conservation, 87(2), pp.201-214.",N/A,Spatiotemporal,,Rattus rattus,,"Mapara, Rotoehu and Kaharoa",-38.535,175.238,,1996-1997,Rotoehu,0.079728,,,,,,% tunnels with rat footprints,I took the average 4-6 samples per year (middle year to middle following year),29.704,,,,Number of territorial pairs,Abundance,Negative,,,,,"Figure 3, 9",,Correlation
156237250,103730380,study_49,Callaeas cinereus,South Island Kokako,Critically Endangered,N/A,Rattus rattus,"Innes, J., Hay, R., Flux, I., Bradfield, P., Speed, H. and Jansen, P., 1999. Successful recovery of North Island kokako Callaeas cinerea wilsoni populations, by adaptive management. Biological conservation, 87(2), pp.201-214.",N/A,Spatiotemporal,,Rattus rattus,,"Mapara, Rotoehu and Kaharoa",-38.535,175.238,,1990-1991,Kaharoa,0.364322857142857,,,,,,% tunnels with rat footprints,I took the average 4-6 samples per year (middle year to middle following year),17.862,,,,Number of territorial pairs,Abundance,Negative,,,,,"Figure 3, 9",,Correlation
156237250,103730380,study_49,Callaeas cinereus,South Island Kokako,Critically Endangered,N/A,Rattus rattus,"Innes, J., Hay, R., Flux, I., Bradfield, P., Speed, H. and Jansen, P., 1999. Successful recovery of North Island kokako Callaeas cinerea wilsoni populations, by adaptive management. Biological conservation, 87(2), pp.201-214.",N/A,Spatiotemporal,,Rattus rattus,,"Mapara, Rotoehu and Kaharoa",-38.535,175.238,,1991-1992,Kaharoa,0.388618571428571,,,,,,% tunnels with rat footprints,I took the average 4-6 samples per year (middle year to middle following year),15.888,,,,Number of territorial pairs,Abundance,Negative,,,,,"Figure 3, 9",,Correlation
156237250,103730380,study_49,Callaeas cinereus,South Island Kokako,Critically Endangered,N/A,Rattus rattus,"Innes, J., Hay, R., Flux, I., Bradfield, P., Speed, H. and Jansen, P., 1999. Successful recovery of North Island kokako Callaeas cinerea wilsoni populations, by adaptive management. Biological conservation, 87(2), pp.201-214.",N/A,Spatiotemporal,,Rattus rattus,,"Mapara, Rotoehu and Kaharoa",-38.535,175.238,,1992-1993,Kaharoa,0.296895,,,,,,% tunnels with rat footprints,I took the average 4-6 samples per year (middle year to middle following year),15.888,,,,Number of territorial pairs,Abundance,Negative,,,,,"Figure 3, 9",,Correlation
156237250,103730380,study_49,Callaeas cinereus,South Island Kokako,Critically Endangered,N/A,Rattus rattus,"Innes, J., Hay, R., Flux, I., Bradfield, P., Speed, H. and Jansen, P., 1999. Successful recovery of North Island kokako Callaeas cinerea wilsoni populations, by adaptive management. Biological conservation, 87(2), pp.201-214.",N/A,Spatiotemporal,,Rattus rattus,,"Mapara, Rotoehu and Kaharoa",-38.535,175.238,,1993-1994,Kaharoa,0.64329,,,,,,% tunnels with rat footprints,I took the average 4-6 samples per year (middle year to middle following year),19.046,,,,Number of territorial pairs,Abundance,Negative,,,,,"Figure 3, 9",,Correlation
156237250,103730380,study_49,Callaeas cinereus,South Island Kokako,Critically Endangered,N/A,Rattus rattus,"Innes, J., Hay, R., Flux, I., Bradfield, P., Speed, H. and Jansen, P., 1999. Successful recovery of North Island kokako Callaeas cinerea wilsoni populations, by adaptive management. Biological conservation, 87(2), pp.201-214.",N/A,Spatiotemporal,,Rattus rattus,,"Mapara, Rotoehu and Kaharoa",-38.535,175.238,,1994-1995,Kaharoa,0.626065,,,,,,% tunnels with rat footprints,I took the average 4-6 samples per year (middle year to middle following year),19.836,,,,Number of territorial pairs,Abundance,Negative,,,,,"Figure 3, 9",,Correlation
156237250,103730380,study_49,Callaeas cinereus,South Island Kokako,Critically Endangered,N/A,Rattus rattus,"Innes, J., Hay, R., Flux, I., Bradfield, P., Speed, H. and Jansen, P., 1999. Successful recovery of North Island kokako Callaeas cinerea wilsoni populations, by adaptive management. Biological conservation, 87(2), pp.201-214.",N/A,Spatiotemporal,,Rattus rattus,,"Mapara, Rotoehu and Kaharoa",-38.535,175.238,,1995-1996,Kaharoa,0.690914,,,,,,% tunnels with rat footprints,I took the average 4-6 samples per year (middle year to middle following year),18.849,,,,Number of territorial pairs,Abundance,Negative,,,,,"Figure 3, 9",,Correlation
156237250,103730380,study_49,Callaeas cinereus,South Island Kokako,Critically Endangered,N/A,Rattus rattus,"Innes, J., Hay, R., Flux, I., Bradfield, P., Speed, H. and Jansen, P., 1999. Successful recovery of North Island kokako Callaeas cinerea wilsoni populations, by adaptive management. Biological conservation, 87(2), pp.201-214.",N/A,Spatiotemporal,,Rattus rattus,,"Mapara, Rotoehu and Kaharoa",-38.535,175.238,,1996-1997,Kaharoa,0.69273,,,,,,% tunnels with rat footprints,I took the average 4-6 samples per year (middle year to middle following year),20.033,,,,Number of territorial pairs,Abundance,Negative,,,,,"Figure 3, 9",,Correlation
132622973,22698062,study_50,Pterodroma madeira,Zino's Petrel,Endangered,N/A,Rattus rattus,"Zino, F., Oliveira, P., King, S., Buckle, A., Biscoito, M., Neves, H.C. and Vasconcelos, A., 2001. Conservation of Zino's petrel Pterodroma madeira in the archipelago of Madeira. Oryx, 35(2), pp.128-136.",N/A,Temporal,,Rattus rattus,,Madeira,32.7607,-16.9595,,1989,,1704.382,,,,,,Rodenticide uptake,,0.25,,,,Productivity (chicks fledged per pair),Reproduction,Negative,,,,,"Figure 1, Table 1",,Correlation
132622973,22698062,study_50,Pterodroma madeira,Zino's Petrel,Endangered,N/A,Rattus rattus,"Zino, F., Oliveira, P., King, S., Buckle, A., Biscoito, M., Neves, H.C. and Vasconcelos, A., 2001. Conservation of Zino's petrel Pterodroma madeira in the archipelago of Madeira. Oryx, 35(2), pp.128-136.",N/A,Temporal,,Rattus rattus,,Madeira,32.7607,-16.9595,,1990,,830.677,,,,,,Rodenticide uptake,,0.8,,,,Productivity (chicks fledged per pair),Reproduction,Negative,,,,,"Figure 1, Table 1",,Correlation
132622973,22698062,study_50,Pterodroma madeira,Zino's Petrel,Endangered,N/A,Rattus rattus,"Zino, F., Oliveira, P., King, S., Buckle, A., Biscoito, M., Neves, H.C. and Vasconcelos, A., 2001. Conservation of Zino's petrel Pterodroma madeira in the archipelago of Madeira. Oryx, 35(2), pp.128-136.",N/A,Temporal,,Rattus rattus,,Madeira,32.7607,-16.9595,,1991,,601.195,,,,,,Rodenticide uptake,,0.57,,,,Productivity (chicks fledged per pair),Reproduction,Negative,,,,,"Figure 1, Table 1",,Correlation
132622973,22698062,study_50,Pterodroma madeira,Zino's Petrel,Endangered,N/A,Rattus rattus,"Zino, F., Oliveira, P., King, S., Buckle, A., Biscoito, M., Neves, H.C. and Vasconcelos, A., 2001. Conservation of Zino's petrel Pterodroma madeira in the archipelago of Madeira. Oryx, 35(2), pp.128-136.",N/A,Temporal,,Rattus rattus,,Madeira,32.7607,-16.9595,,1992,,309.562,,,,,,Rodenticide uptake,,0.33,,,,Productivity (chicks fledged per pair),Reproduction,Negative,,,,,"Figure 1, Table 1",,Correlation
132622973,22698062,study_50,Pterodroma madeira,Zino's Petrel,Endangered,N/A,Rattus rattus,"Zino, F., Oliveira, P., King, S., Buckle, A., Biscoito, M., Neves, H.C. and Vasconcelos, A., 2001. Conservation of Zino's petrel Pterodroma madeira in the archipelago of Madeira. Oryx, 35(2), pp.128-136.",N/A,Temporal,,Rattus rattus,,Madeira,32.7607,-16.9595,,1993,,328.685,,,,,,Rodenticide uptake,,0.67,,,,Productivity (chicks fledged per pair),Reproduction,Negative,,,,,"Figure 1, Table 1",,Correlation
132622973,22698062,study_50,Pterodroma madeira,Zino's Petrel,Endangered,N/A,Rattus rattus,"Zino, F., Oliveira, P., King, S., Buckle, A., Biscoito, M., Neves, H.C. and Vasconcelos, A., 2001. Conservation of Zino's petrel Pterodroma madeira in the archipelago of Madeira. Oryx, 35(2), pp.128-136.",N/A,Temporal,,Rattus rattus,,Madeira,32.7607,-16.9595,,1994,,233.068,,,,,,Rodenticide uptake,,0.56,,,,Productivity (chicks fledged per pair),Reproduction,Negative,,,,,"Figure 1, Table 1",,Correlation
132622973,22698062,study_50,Pterodroma madeira,Zino's Petrel,Endangered,N/A,Rattus rattus,"Zino, F., Oliveira, P., King, S., Buckle, A., Biscoito, M., Neves, H.C. and Vasconcelos, A., 2001. Conservation of Zino's petrel Pterodroma madeira in the archipelago of Madeira. Oryx, 35(2), pp.128-136.",N/A,Temporal,,Rattus rattus,,Madeira,32.7607,-16.9595,,1995,,113.546,,,,,,Rodenticide uptake,,0.5,,,,Productivity (chicks fledged per pair),Reproduction,Negative,,,,,"Figure 1, Table 1",,Correlation
132622973,22698062,study_50,Pterodroma madeira,Zino's Petrel,Endangered,N/A,Rattus rattus,"Zino, F., Oliveira, P., King, S., Buckle, A., Biscoito, M., Neves, H.C. and Vasconcelos, A., 2001. Conservation of Zino's petrel Pterodroma madeira in the archipelago of Madeira. Oryx, 35(2), pp.128-136.",N/A,Temporal,,Rattus rattus,,Madeira,32.7607,-16.9595,,1996,,247.41,,,,,,Rodenticide uptake,,0.43,,,,Productivity (chicks fledged per pair),Reproduction,Negative,,,,,"Figure 1, Table 1",,Correlation
132622973,22698062,study_50,Pterodroma madeira,Zino's Petrel,Endangered,N/A,Rattus rattus,"Zino, F., Oliveira, P., King, S., Buckle, A., Biscoito, M., Neves, H.C. and Vasconcelos, A., 2001. Conservation of Zino's petrel Pterodroma madeira in the archipelago of Madeira. Oryx, 35(2), pp.128-136.",N/A,Temporal,,Rattus rattus,,Madeira,32.7607,-16.9595,,1997,,472.112,,,,,,Rodenticide uptake,,0.31,,,,Productivity (chicks fledged per pair),Reproduction,Negative,,,,,"Figure 1, Table 1",,Correlation
209465053,22705397,study_54,Mohoua ochrocephala,Yellowhead,Near Threatened,N/A,Rattus rattus,"Tilson, J. (2024) Breeding success and survival of mohua at Makarora during the 2023 rat plague, and implications for future management. Southern Lakes Sanctuary","Whitmore, N. (2021) An analysis of Makarora Mohua encounter rate 2011 -2020. Unpublished report for Central Otago Lakes Branch of Forest & Bird.; Whitmore, N. (2023a) An analysis of Mohua encounter rates at five South Island sites. Report for Department of Conservation.; Whitmore, N. (2023b) An analysis of Mohua encounter rates at Makarora 2011 – 2022. Southern Lakes Sanctuary unpublished report.",Temporal,,Rattus rattus,,Makarora,-44.2319,169.2313,Bird and rat abundance correlation,2011,,0.18725,,,,,,Tracking index,,2.6,,,,Encounter rate,Abundance,Negative,,,,,"Fig 4, Table 3",,Correlation
209465053,22705397,study_54,Mohoua ochrocephala,Yellowhead,Near Threatened,N/A,Rattus rattus,"Tilson, J. (2024) Breeding success and survival of mohua at Makarora during the 2023 rat plague, and implications for future management. Southern Lakes Sanctuary","Whitmore, N. (2021) An analysis of Makarora Mohua encounter rate 2011 -2020. Unpublished report for Central Otago Lakes Branch of Forest & Bird.; Whitmore, N. (2023a) An analysis of Mohua encounter rates at five South Island sites. Report for Department of Conservation.; Whitmore, N. (2023b) An analysis of Mohua encounter rates at Makarora 2011 – 2022. Southern Lakes Sanctuary unpublished report.",Temporal,,Rattus rattus,,Makarora,-44.2319,169.2313,Bird and rat abundance correlation,2012,,0.12325,,,,,,Tracking index,,0.8,,,,Encounter rate,Abundance,Negative,,,,,"Fig 4, Table 3",,Correlation
209465053,22705397,study_54,Mohoua ochrocephala,Yellowhead,Near Threatened,N/A,Rattus rattus,"Tilson, J. (2024) Breeding success and survival of mohua at Makarora during the 2023 rat plague, and implications for future management. Southern Lakes Sanctuary","Whitmore, N. (2021) An analysis of Makarora Mohua encounter rate 2011 -2020. Unpublished report for Central Otago Lakes Branch of Forest & Bird.; Whitmore, N. (2023a) An analysis of Mohua encounter rates at five South Island sites. Report for Department of Conservation.; Whitmore, N. (2023b) An analysis of Mohua encounter rates at Makarora 2011 – 2022. Southern Lakes Sanctuary unpublished report.",Temporal,,Rattus rattus,,Makarora,-44.2319,169.2313,Bird and rat abundance correlation,2013,,0,,,,,,Tracking index,,1.6,,,,Encounter rate,Abundance,Negative,,,,,"Fig 4, Table 3",,Correlation
209465053,22705397,study_54,Mohoua ochrocephala,Yellowhead,Near Threatened,N/A,Rattus rattus,"Tilson, J. (2024) Breeding success and survival of mohua at Makarora during the 2023 rat plague, and implications for future management. Southern Lakes Sanctuary","Whitmore, N. (2021) An analysis of Makarora Mohua encounter rate 2011 -2020. Unpublished report for Central Otago Lakes Branch of Forest & Bird.; Whitmore, N. (2023a) An analysis of Mohua encounter rates at five South Island sites. Report for Department of Conservation.; Whitmore, N. (2023b) An analysis of Mohua encounter rates at Makarora 2011 – 2022. Southern Lakes Sanctuary unpublished report.",Temporal,,Rattus rattus,,Makarora,-44.2319,169.2313,Bird and rat abundance correlation,2014,,0,,,,,,Tracking index,,1.3,,,,Encounter rate,Abundance,Negative,,,,,"Fig 4, Table 3",,Correlation
209465053,22705397,study_54,Mohoua ochrocephala,Yellowhead,Near Threatened,N/A,Rattus rattus,"Tilson, J. (2024) Breeding success and survival of mohua at Makarora during the 2023 rat plague, and implications for future management. Southern Lakes Sanctuary","Whitmore, N. (2021) An analysis of Makarora Mohua encounter rate 2011 -2020. Unpublished report for Central Otago Lakes Branch of Forest & Bird.; Whitmore, N. (2023a) An analysis of Mohua encounter rates at five South Island sites. Report for Department of Conservation.; Whitmore, N. (2023b) An analysis of Mohua encounter rates at Makarora 2011 – 2022. Southern Lakes Sanctuary unpublished report.",Temporal,,Rattus rattus,,Makarora,-44.2319,169.2313,Bird and rat abundance correlation,2015,,0.0115,,,,,,Tracking index,,1.6,,,,Encounter rate,Abundance,Negative,,,,,"Fig 4, Table 3",,Correlation
209465053,22705397,study_54,Mohoua ochrocephala,Yellowhead,Near Threatened,N/A,Rattus rattus,"Tilson, J. (2024) Breeding success and survival of mohua at Makarora during the 2023 rat plague, and implications for future management. Southern Lakes Sanctuary","Whitmore, N. (2021) An analysis of Makarora Mohua encounter rate 2011 -2020. Unpublished report for Central Otago Lakes Branch of Forest & Bird.; Whitmore, N. (2023a) An analysis of Mohua encounter rates at five South Island sites. Report for Department of Conservation.; Whitmore, N. (2023b) An analysis of Mohua encounter rates at Makarora 2011 – 2022. Southern Lakes Sanctuary unpublished report.",Temporal,,Rattus rattus,,Makarora,-44.2319,169.2313,Bird and rat abundance correlation,2016,,0.005,,,,,,Tracking index,,2.1,,,,Encounter rate,Abundance,Negative,,,,,"Fig 4, Table 3",,Correlation
209465053,22705397,study_54,Mohoua ochrocephala,Yellowhead,Near Threatened,N/A,Rattus rattus,"Tilson, J. (2024) Breeding success and survival of mohua at Makarora during the 2023 rat plague, and implications for future management. Southern Lakes Sanctuary","Whitmore, N. (2021) An analysis of Makarora Mohua encounter rate 2011 -2020. Unpublished report for Central Otago Lakes Branch of Forest & Bird.; Whitmore, N. (2023a) An analysis of Mohua encounter rates at five South Island sites. Report for Department of Conservation.; Whitmore, N. (2023b) An analysis of Mohua encounter rates at Makarora 2011 – 2022. Southern Lakes Sanctuary unpublished report.",Temporal,,Rattus rattus,,Makarora,-44.2319,169.2313,Bird and rat abundance correlation,2017,,0,,,,,,Tracking index,,2.3,,,,Encounter rate,Abundance,Negative,,,,,"Fig 4, Table 3",,Correlation
209465053,22705397,study_54,Mohoua ochrocephala,Yellowhead,Near Threatened,N/A,Rattus rattus,"Tilson, J. (2024) Breeding success and survival of mohua at Makarora during the 2023 rat plague, and implications for future management. Southern Lakes Sanctuary","Whitmore, N. (2021) An analysis of Makarora Mohua encounter rate 2011 -2020. Unpublished report for Central Otago Lakes Branch of Forest & Bird.; Whitmore, N. (2023a) An analysis of Mohua encounter rates at five South Island sites. Report for Department of Conservation.; Whitmore, N. (2023b) An analysis of Mohua encounter rates at Makarora 2011 – 2022. Southern Lakes Sanctuary unpublished report.",Temporal,,Rattus rattus,,Makarora,-44.2319,169.2313,Bird and rat abundance correlation,2018,,0.0446666666666667,,,,,,Tracking index,,3.6,,,,Encounter rate,Abundance,Negative,,,,,"Fig 4, Table 3",,Correlation
209465053,22705397,study_54,Mohoua ochrocephala,Yellowhead,Near Threatened,N/A,Rattus rattus,"Tilson, J. (2024) Breeding success and survival of mohua at Makarora during the 2023 rat plague, and implications for future management. Southern Lakes Sanctuary","Whitmore, N. (2021) An analysis of Makarora Mohua encounter rate 2011 -2020. Unpublished report for Central Otago Lakes Branch of Forest & Bird.; Whitmore, N. (2023a) An analysis of Mohua encounter rates at five South Island sites. Report for Department of Conservation.; Whitmore, N. (2023b) An analysis of Mohua encounter rates at Makarora 2011 – 2022. Southern Lakes Sanctuary unpublished report.",Temporal,,Rattus rattus,,Makarora,-44.2319,169.2313,Bird and rat abundance correlation,2019,,0.22,,,,,,Tracking index,,2.7,,,,Encounter rate,Abundance,Negative,,,,,"Fig 4, Table 3",,Correlation
209465053,22705397,study_54,Mohoua ochrocephala,Yellowhead,Near Threatened,N/A,Rattus rattus,"Tilson, J. (2024) Breeding success and survival of mohua at Makarora during the 2023 rat plague, and implications for future management. Southern Lakes Sanctuary","Whitmore, N. (2021) An analysis of Makarora Mohua encounter rate 2011 -2020. Unpublished report for Central Otago Lakes Branch of Forest & Bird.; Whitmore, N. (2023a) An analysis of Mohua encounter rates at five South Island sites. Report for Department of Conservation.; Whitmore, N. (2023b) An analysis of Mohua encounter rates at Makarora 2011 – 2022. Southern Lakes Sanctuary unpublished report.",Temporal,,Rattus rattus,,Makarora,-44.2319,169.2313,Bird and rat abundance correlation,2020,,0.18175,,,,,,Tracking index,,2.8,,,,Encounter rate,Abundance,Negative,,,,,"Fig 4, Table 3",,Correlation
209465053,22705397,study_54,Mohoua ochrocephala,Yellowhead,Near Threatened,N/A,Rattus rattus,"Tilson, J. (2024) Breeding success and survival of mohua at Makarora during the 2023 rat plague, and implications for future management. Southern Lakes Sanctuary","Whitmore, N. (2021) An analysis of Makarora Mohua encounter rate 2011 -2020. Unpublished report for Central Otago Lakes Branch of Forest & Bird.; Whitmore, N. (2023a) An analysis of Mohua encounter rates at five South Island sites. Report for Department of Conservation.; Whitmore, N. (2023b) An analysis of Mohua encounter rates at Makarora 2011 – 2022. Southern Lakes Sanctuary unpublished report.",Temporal,,Rattus rattus,,Makarora,-44.2319,169.2313,Bird and rat abundance correlation,2021,,0.05,,,,,,Tracking index,,2.5,,,,Encounter rate,Abundance,Negative,,,,,"Fig 4, Table 3",,Correlation
209465053,22705397,study_54,Mohoua ochrocephala,Yellowhead,Near Threatened,N/A,Rattus rattus,"Tilson, J. (2024) Breeding success and survival of mohua at Makarora during the 2023 rat plague, and implications for future management. Southern Lakes Sanctuary","Whitmore, N. (2021) An analysis of Makarora Mohua encounter rate 2011 -2020. Unpublished report for Central Otago Lakes Branch of Forest & Bird.; Whitmore, N. (2023a) An analysis of Mohua encounter rates at five South Island sites. Report for Department of Conservation.; Whitmore, N. (2023b) An analysis of Mohua encounter rates at Makarora 2011 – 2022. Southern Lakes Sanctuary unpublished report.",Temporal,,Rattus rattus,,Makarora,-44.2319,169.2313,Bird and rat abundance correlation,2022,,0.1345,,,,,,Tracking index,,2.16,,,,Encounter rate,Abundance,Negative,,,,,"Fig 4, Table 3",,Correlation
209465053,22705397,study_54,Mohoua ochrocephala,Yellowhead,Near Threatened,N/A,Rattus rattus,"Tilson, J. (2024) Breeding success and survival of mohua at Makarora during the 2023 rat plague, and implications for future management. Southern Lakes Sanctuary","Whitmore, N. (2021) An analysis of Makarora Mohua encounter rate 2011 -2020. Unpublished report for Central Otago Lakes Branch of Forest & Bird.; Whitmore, N. (2023a) An analysis of Mohua encounter rates at five South Island sites. Report for Department of Conservation.; Whitmore, N. (2023b) An analysis of Mohua encounter rates at Makarora 2011 – 2022. Southern Lakes Sanctuary unpublished report.",Temporal,,Rattus rattus,,Makarora,-44.2319,169.2313,Bird and rat abundance correlation,2023,,0.346,,,,,,Tracking index,,1.1,,,,Encounter rate,Abundance,Negative,,,,,"Fig 4, Table 3",,Correlation
