assessmentId,internalTaxonId,scientificName,Common_name,Synonyms_or_previous_lump,Original_rodents_attributed_IUCN,redlistCategory,redlistCriteria,Primary_causes,Rodent_primary,Rodent_only_primary,has_study,orig_attrib_ID,Rodent_attributed,Location_species_comment,Location_species_reference
149571193,22714802,Acrocephalus aequinoctialis,Kiritimati Reed-warbler,,"Rattus, Rattus rattus",Endangered,"B2ab(ii,iii,v)",0,0,0,No,212,Rattus,,
149571193,22714802,Acrocephalus aequinoctialis,Kiritimati Reed-warbler,,"Rattus, Rattus rattus",Endangered,"B2ab(ii,iii,v)",0,0,0,No,212,Rattus rattus,,
118484641,22714852,Acrocephalus brevipennis,Cape Verde Swamp-warbler,,"Rattus rattus, Rattus norvegicus",Vulnerable,"B1ab(ii,iii)+2ab(ii,iii)",Habitat loss,0,0,No,90,Rattus rattus,,"Hazevoet, C.J. and Masseti, M., 2011. On the history of the green monkey Chlorocebus sabaeus (L., 1766) in the Cape Verde Islands, with notes on other introduced mammals. Zoologia Caboverdiana, 2(1), pp.12-24."
118484641,22714852,Acrocephalus brevipennis,Cape Verde Swamp-warbler,,"Rattus rattus, Rattus norvegicus",Vulnerable,"B1ab(ii,iii)+2ab(ii,iii)",Habitat loss,0,0,No,90,Rattus norvegicus,,"Hazevoet, C.J. and Masseti, M., 2011. On the history of the green monkey Chlorocebus sabaeus (L., 1766) in the Cape Verde Islands, with notes on other introduced mammals. Zoologia Caboverdiana, 2(1), pp.12-24."
171743603,104003523,Acrocephalus caffer,Tahiti Reed-warbler,,"Rattus rattus, Rattus norvegicus, Rattus exulans",Vulnerable,D1,Unknown,0,0,Yes,236,Rattus rattus,,"Meyer, J.Y. and Butaud, J.F., 2009. The impacts of rats on the endangered native flora of French Polynesia (Pacific Islands): drivers of plant extinction or coup de grâce species?. Biological Invasions, 11, pp.1569-1585. Atkinson, 1985. The spread of commensal species of Rattus to the oceanic islands and their effects on the islands avifauna"
171743603,104003523,Acrocephalus caffer,Tahiti Reed-warbler,,"Rattus rattus, Rattus norvegicus, Rattus exulans",Vulnerable,D1,Unknown,0,0,Yes,236,Rattus norvegicus,,"Meyer, J.Y. and Butaud, J.F., 2009. The impacts of rats on the endangered native flora of French Polynesia (Pacific Islands): drivers of plant extinction or coup de grâce species?. Biological Invasions, 11, pp.1569-1585. Atkinson, 1985. The spread of commensal species of Rattus to the oceanic islands and their effects on the islands avifauna"
171743603,104003523,Acrocephalus caffer,Tahiti Reed-warbler,,"Rattus rattus, Rattus norvegicus, Rattus exulans",Vulnerable,D1,Unknown,0,0,Yes,236,Rattus exulans,,"Meyer, J.Y. and Butaud, J.F., 2009. The impacts of rats on the endangered native flora of French Polynesia (Pacific Islands): drivers of plant extinction or coup de grâce species?. Biological Invasions, 11, pp.1569-1585. Atkinson, 1985. The spread of commensal species of Rattus to the oceanic islands and their effects on the islands avifauna"
125502795,103780118,Acrocephalus hiwae,Saipan Reed-warbler,,Rattus norvegicus,Critically Endangered,A3bce+4bce,Habitat loss,0,0,No,117,Rattus norvegicus,Information used for Saipan,"Barbehenn, K. R. ""Recent invasions of Micronesia by small mammals."" Micronesica 10, no. 1 (1974): 41-50."
94428846,22714821,Acrocephalus kerearako,Cook Islands Reed-warbler,,"Rattus exulans, Rattus rattus",Near Threatened,B1b(v); D2,"Rats, cats, myna",1,0,No,51,Rattus exulans,,
94428846,22714821,Acrocephalus kerearako,Cook Islands Reed-warbler,,"Rattus exulans, Rattus rattus",Near Threatened,B1b(v); D2,"Rats, cats, myna",1,0,No,51,Rattus rattus,,
154471605,22735588,Acrocephalus longirostris,Moorea Reed-warbler,,"Rattus rattus, Rattus norvegicus, Rattus exulans",Critically Endangered,D,Unknown,0,0,No,222,Rattus rattus,,"Palmas, P., Meyer, J.Y., Chailler, E., De Méringo, H., Vidal, E., Gaertner, J.C., Bambridge, R., Mooroa, T., Hurahutia, I., Teatiu, G. and Teatiu, S., 2023. Introduced rat assemblage affects feral cat threat to biodiversity in French Polynesian islands. Wildlife Research, 51, WR22052"
154471605,22735588,Acrocephalus longirostris,Moorea Reed-warbler,,"Rattus rattus, Rattus norvegicus, Rattus exulans",Critically Endangered,D,Unknown,0,0,No,222,Rattus norvegicus,,"Palmas, P., Meyer, J.Y., Chailler, E., De Méringo, H., Vidal, E., Gaertner, J.C., Bambridge, R., Mooroa, T., Hurahutia, I., Teatiu, G. and Teatiu, S., 2023. Introduced rat assemblage affects feral cat threat to biodiversity in French Polynesian islands. Wildlife Research, 51, WR22052"
154471605,22735588,Acrocephalus longirostris,Moorea Reed-warbler,,"Rattus rattus, Rattus norvegicus, Rattus exulans",Critically Endangered,D,Unknown,0,0,No,222,Rattus exulans,,"Palmas, P., Meyer, J.Y., Chailler, E., De Méringo, H., Vidal, E., Gaertner, J.C., Bambridge, R., Mooroa, T., Hurahutia, I., Teatiu, G. and Teatiu, S., 2023. Introduced rat assemblage affects feral cat threat to biodiversity in French Polynesian islands. Wildlife Research, 51, WR22052"
117345149,22735592,Acrocephalus musae,Forster's Reed-warbler,,"Rattus rattus, Rattus norvegicus, Rattus exulans",Extinct,,"Rats, cats, myna",1,0,No,87,Rattus rattus,,"Robins, J., Hingston, M., Matisoo-Smith, E. and Ross, H., 2007. Identifying Rattus species using mitochondrial DNA. Molecular Ecology Notes, 7(5), pp.717-729."
117345149,22735592,Acrocephalus musae,Forster's Reed-warbler,,"Rattus rattus, Rattus norvegicus, Rattus exulans",Extinct,,"Rats, cats, myna",1,0,No,87,Rattus norvegicus,,"Robins, J., Hingston, M., Matisoo-Smith, E. and Ross, H., 2007. Identifying Rattus species using mitochondrial DNA. Molecular Ecology Notes, 7(5), pp.717-729."
117345149,22735592,Acrocephalus musae,Forster's Reed-warbler,,"Rattus rattus, Rattus norvegicus, Rattus exulans",Extinct,,"Rats, cats, myna",1,0,No,87,Rattus exulans,,"Robins, J., Hingston, M., Matisoo-Smith, E. and Ross, H., 2007. Identifying Rattus species using mitochondrial DNA. Molecular Ecology Notes, 7(5), pp.717-729."
119548740,103780109,Acrocephalus nijoi,Aguijan Reed-warbler,,Rattus exulans,Extinct,,"Rats, cats",1,0,No,113,Rattus exulans,Aguiguan = Aguijan,"Adams, A.A.Y., Stanford, J.W., Wiewel, A.S. and Rodda, G.H., 2011. Modelling detectability of kiore (Rattus exulans) on Aguiguan, Mariana Islands, to inform possible eradication and monitoring efforts. New Zealand Journal of Ecology, pp.145-152."
94427198,22714791,Acrocephalus rehsei,Nauru Reed-warbler,,"Rattus rattus, Rattus exulans",Vulnerable,D2,Habitat loss,0,0,No,50,Rattus rattus,,"Atkinson IAE. 1985. The spread of commensal species of Rattus to oceanic islands and their effects on island avifaunas. Pages 35-81 in Moors PJ, editor. Conservation of Island Birds. Case Studies for the Management of Threatened Island Species. Symposium proceedings. ICBP Technical Publication No. 3, XVIII ICBP World Conference, Cambridhe, England."
94427198,22714791,Acrocephalus rehsei,Nauru Reed-warbler,,"Rattus rattus, Rattus exulans",Vulnerable,D2,Habitat loss,0,0,No,50,Rattus exulans,,"Atkinson IAE. 1985. The spread of commensal species of Rattus to oceanic islands and their effects on island avifaunas. Pages 35-81 in Moors PJ, editor. Conservation of Island Birds. Case Studies for the Management of Threatened Island Species. Symposium proceedings. ICBP Technical Publication No. 3, XVIII ICBP World Conference, Cambridhe, England."
171783171,22714826,Acrocephalus rimitarae,Rimatara Reed-warbler,Acrocephalus rimatarae,"Rattus exulans, Rattus norvegicus",Critically Endangered,B1ab(v),Unknown,0,0,No,237,Rattus exulans,,
171783171,22714826,Acrocephalus rimitarae,Rimatara Reed-warbler,Acrocephalus rimatarae,"Rattus exulans, Rattus norvegicus",Critically Endangered,B1ab(v),Unknown,0,0,No,237,Rattus norvegicus,,
94431545,22714874,Acrocephalus rodericanus,Rodrigues Warbler,Bebrornis rodericanus rodericanus,"Rattus rattus, Rattus norvegicus",Near Threatened,D2,"Rats, habitat loss, cats",1,0,No,52,Rattus rattus,Information used for Mauritius,"Atkinson IAE. 1985. The spread of commensal species of Rattus to oceanic islands and their effects on island avifaunas. Pages 35-81 in Moors PJ, editor. Conservation of Island Birds. Case Studies for the Management of Threatened Island Species. Symposium proceedings. ICBP Technical Publication No. 3, XVIII ICBP World Conference, Cambridhe, England."
94431545,22714874,Acrocephalus rodericanus,Rodrigues Warbler,Bebrornis rodericanus rodericanus,"Rattus rattus, Rattus norvegicus",Near Threatened,D2,"Rats, habitat loss, cats",1,0,No,52,Rattus norvegicus,Information used for Mauritius,"Atkinson IAE. 1985. The spread of commensal species of Rattus to oceanic islands and their effects on island avifaunas. Pages 35-81 in Moors PJ, editor. Conservation of Island Birds. Case Studies for the Management of Threatened Island Species. Symposium proceedings. ICBP Technical Publication No. 3, XVIII ICBP World Conference, Cambridhe, England."
180626682,22714832,Acrocephalus vaughani,Pitcairn Reed-warbler,,Rattus norvegicus,Endangered,B1ab(iii)+2ab(iii),Unknown,0,0,No,277,Rattus norvegicus,,
129328996,22689559,Aegotheles savesi,New Caledonian Owlet-nightjar,,"Rattus rattus, Rattus norvegicus, Rattus exulans",Critically Endangered,C2a(i); D,Unknown,0,0,No,125,Rattus rattus,,"Atkinson IAE. 1985. The spread of commensal species of Rattus to oceanic islands and their effects on island avifaunas. Pages 35-81 in Moors PJ, editor. Conservation of Island Birds. Case Studies for the Management of Threatened Island Species. Symposium proceedings. ICBP Technical Publication No. 3, XVIII ICBP World Conference, Cambridhe, England."
129328996,22689559,Aegotheles savesi,New Caledonian Owlet-nightjar,,"Rattus rattus, Rattus norvegicus, Rattus exulans",Critically Endangered,C2a(i); D,Unknown,0,0,No,125,Rattus norvegicus,,"Atkinson IAE. 1985. The spread of commensal species of Rattus to oceanic islands and their effects on island avifaunas. Pages 35-81 in Moors PJ, editor. Conservation of Island Birds. Case Studies for the Management of Threatened Island Species. Symposium proceedings. ICBP Technical Publication No. 3, XVIII ICBP World Conference, Cambridhe, England."
129328996,22689559,Aegotheles savesi,New Caledonian Owlet-nightjar,,"Rattus rattus, Rattus norvegicus, Rattus exulans",Critically Endangered,C2a(i); D,Unknown,0,0,No,125,Rattus exulans,,"Atkinson IAE. 1985. The spread of commensal species of Rattus to oceanic islands and their effects on island avifaunas. Pages 35-81 in Moors PJ, editor. Conservation of Island Birds. Case Studies for the Management of Threatened Island Species. Symposium proceedings. ICBP Technical Publication No. 3, XVIII ICBP World Conference, Cambridhe, England."
94990600,22728583,Aerodramus bartschi,Mariana Swiftlet,"Aerodramus bartschi ssp. Bartschi, Collocalia bartschi",Rattus rattus,Endangered,A2e+3e+4e,"Pesticides, brown tree snake",0,0,Yes,66,Rattus rattus,,
180529449,22724209,Agelaius xanthomus,Yellow-shouldered Blackbird,,Rattus rattus,Endangered,"B2ab(iii,v)",Unknown,0,0,No,276,Rattus rattus,,
119206636,62759683,Alectroenas payandeei,Rodrigues Blue-pigeon,,Rattus rattus,Extinct,,Rats,1,1,Yes,104,Rattus rattus,,
154065622,22685448,Alexandrinus eques,Echo Parakeet,"Psittacula echo, Psittacula eques",Rattus rattus,Vulnerable,D1,Habitat loss,0,0,No,220,Rattus rattus,,
131461308,22715170,Amaurocichla bocagii,Sao Tome Short-tail,,Rattus rattus,Vulnerable,D1,Unknown,0,0,No,145,Rattus rattus,,
95043197,22732147,Amaurornis magnirostris,Talaud Bush-hen,,Rattus argentiventer (native),Vulnerable,C2a(ii),Habitat loss,0,0,Yes,74,Rattus argentiventer (native),,
180748265,22686231,Amazona agilis,Black-billed Amazon,,"Rattus rattus, Rattus norvegicus",Endangered,A3cde+4acde,Unknown,0,0,No,278,Rattus rattus,,"Waugh, C.A., Lindo, J.F., Foronda, P., Angeles-Santana, M., Lorenzo-Morales, J. and Robinson, R.D., 2006. Population distribution and zoonotic potential of gastrointestinal helminths of wild rats Rattus rattus and R. norvegicus from Jamaica. The Journal of Parasitology, 92(5), pp.1014-1018."
180748265,22686231,Amazona agilis,Black-billed Amazon,,"Rattus rattus, Rattus norvegicus",Endangered,A3cde+4acde,Unknown,0,0,No,278,Rattus norvegicus,,"Waugh, C.A., Lindo, J.F., Foronda, P., Angeles-Santana, M., Lorenzo-Morales, J. and Robinson, R.D., 2006. Population distribution and zoonotic potential of gastrointestinal helminths of wild rats Rattus rattus and R. norvegicus from Jamaica. The Journal of Parasitology, 92(5), pp.1014-1018."
179193185,22686209,Amazona collaria,Yellow-billed Amazon,,"Rattus rattus, Rattus norvegicus",Vulnerable,"B1ab(i,ii,iii,iv,v)","Rats, mongoose, habitat loss, human hunting",1,0,No,263,Rattus rattus,,"Waugh, C.A., Lindo, J.F., Foronda, P., Angeles-Santana, M., Lorenzo-Morales, J. and Robinson, R.D., 2006. Population distribution and zoonotic potential of gastrointestinal helminths of wild rats Rattus rattus and R. norvegicus from Jamaica. The Journal of Parasitology, 92(5), pp.1014-1018."
179193185,22686209,Amazona collaria,Yellow-billed Amazon,,"Rattus rattus, Rattus norvegicus",Vulnerable,"B1ab(i,ii,iii,iv,v)","Rats, mongoose, habitat loss, human hunting",1,0,No,263,Rattus norvegicus,,"Waugh, C.A., Lindo, J.F., Foronda, P., Angeles-Santana, M., Lorenzo-Morales, J. and Robinson, R.D., 2006. Population distribution and zoonotic potential of gastrointestinal helminths of wild rats Rattus rattus and R. norvegicus from Jamaica. The Journal of Parasitology, 92(5), pp.1014-1018."
179276011,22686239,Amazona vittata,Puerto Rican Amazon,,Rattus rattus,Critically Endangered,D,"Habitat loss, weather extreme",0,0,Yes,265,Rattus rattus,,
211092297,22703783,Amytornis woodwardi,White-throated Grasswren,,Rattus rattus,Endangered,C2a(i),Fire,0,0,No,322,Rattus rattus,,
92854679,22680306,Anas eatoni,Southern Pintail,,Rattus norvegicus,Vulnerable,A3e,"Rats, cats",1,0,No,2,Rattus norvegicus,,
130697270,22680203,Anas laysanensis,Laysan Duck,,"Rattus rattus, Rattus norvegicus, Rattus exulans",Critically Endangered,B1ac(iv),"Rabbits, disease, weather extreme",0,0,Yes,134,Rattus rattus,,"Atkinson IAE. 1985. The spread of commensal species of Rattus to oceanic islands and their effects on island avifaunas. Pages 35-81 in Moors PJ, editor. Conservation of Island Birds. Case Studies for the Management of Threatened Island Species. Symposium proceedings. ICBP Technical Publication No. 3, XVIII ICBP World Conference, Cambridhe, England."
130697270,22680203,Anas laysanensis,Laysan Duck,,"Rattus rattus, Rattus norvegicus, Rattus exulans",Critically Endangered,B1ac(iv),"Rabbits, disease, weather extreme",0,0,Yes,134,Rattus norvegicus,,"Atkinson IAE. 1985. The spread of commensal species of Rattus to oceanic islands and their effects on island avifaunas. Pages 35-81 in Moors PJ, editor. Conservation of Island Birds. Case Studies for the Management of Threatened Island Species. Symposium proceedings. ICBP Technical Publication No. 3, XVIII ICBP World Conference, Cambridhe, England."
130697270,22680203,Anas laysanensis,Laysan Duck,,"Rattus rattus, Rattus norvegicus, Rattus exulans",Critically Endangered,B1ac(iv),"Rabbits, disease, weather extreme",0,0,Yes,134,Rattus exulans,,"Atkinson IAE. 1985. The spread of commensal species of Rattus to oceanic islands and their effects on island avifaunas. Pages 35-81 in Moors PJ, editor. Conservation of Island Birds. Case Studies for the Management of Threatened Island Species. Symposium proceedings. ICBP Technical Publication No. 3, XVIII ICBP World Conference, Cambridhe, England."
196314602,22680225,Anas melleri,Meller's Duck,,"Rattus rattus, Rattus norvegicus",Endangered,C2a(ii),Human hunting,0,0,No,308,Rattus rattus,,"Goodman, S.M., 1995. Rattus on Madagascar and the dilemma of protecting the endemic rodent fauna. Conservation biology, 9(2), pp.450-453; Dammhahn, M., Randriamoria, T.M. and Goodman, S.M., 2017. Broad and flexible stable isotope niches in invasive non-native Rattus spp. in anthropogenic and natural habitats of central eastern Madagascar. BMC ecology, 17, pp.1-13."
196314602,22680225,Anas melleri,Meller's Duck,,"Rattus rattus, Rattus norvegicus",Endangered,C2a(ii),Human hunting,0,0,No,308,Rattus norvegicus,,"Goodman, S.M., 1995. Rattus on Madagascar and the dilemma of protecting the endemic rodent fauna. Conservation biology, 9(2), pp.450-453; Dammhahn, M., Randriamoria, T.M. and Goodman, S.M., 2017. Broad and flexible stable isotope niches in invasive non-native Rattus spp. in anthropogenic and natural habitats of central eastern Madagascar. BMC ecology, 17, pp.1-13."
171601774,22724580,Anas nesiotis,Campbell Teal,,Rattus norvegicus,Vulnerable,D2,Rats,1,1,Yes,235,Rattus norvegicus,,
112386802,22680199,Anas wyvilliana,Hawaiian Duck,,"Rattus rattus, Rattus norvegicus, Rattus exulans",Endangered,"B1ab(ii,iii,iv,v)","Habitat loss, hybridization",0,0,Yes,85,Rattus rattus,,"Atkinson IAE. 1985. The spread of commensal species of Rattus to oceanic islands and their effects on island avifaunas. Pages 35-81 in Moors PJ, editor. Conservation of Island Birds. Case Studies for the Management of Threatened Island Species. Symposium proceedings. ICBP Technical Publication No. 3, XVIII ICBP World Conference, Cambridhe, England."
112386802,22680199,Anas wyvilliana,Hawaiian Duck,,"Rattus rattus, Rattus norvegicus, Rattus exulans",Endangered,"B1ab(ii,iii,iv,v)","Habitat loss, hybridization",0,0,Yes,85,Rattus norvegicus,,"Atkinson IAE. 1985. The spread of commensal species of Rattus to oceanic islands and their effects on island avifaunas. Pages 35-81 in Moors PJ, editor. Conservation of Island Birds. Case Studies for the Management of Threatened Island Species. Symposium proceedings. ICBP Technical Publication No. 3, XVIII ICBP World Conference, Cambridhe, England."
112386802,22680199,Anas wyvilliana,Hawaiian Duck,,"Rattus rattus, Rattus norvegicus, Rattus exulans",Endangered,"B1ab(ii,iii,iv,v)","Habitat loss, hybridization",0,0,Yes,85,Rattus exulans,,"Atkinson IAE. 1985. The spread of commensal species of Rattus to oceanic islands and their effects on island avifaunas. Pages 35-81 in Moors PJ, editor. Conservation of Island Birds. Case Studies for the Management of Threatened Island Species. Symposium proceedings. ICBP Technical Publication No. 3, XVIII ICBP World Conference, Cambridhe, England."
94997726,22728814,Anthornis melanocephala,Chatham Islands Bellbird,,"Rattus rattus, Rattus norvegicus, Rattus exulans",Extinct,,Habitat loss,0,0,No,70,Rattus rattus,,"Atkinson IAE. 1985. The spread of commensal species of Rattus to oceanic islands and their effects on island avifaunas. Pages 35-81 in Moors PJ, editor. Conservation of Island Birds. Case Studies for the Management of Threatened Island Species. Symposium proceedings. ICBP Technical Publication No. 3, XVIII ICBP World Conference, Cambridhe, England."
94997726,22728814,Anthornis melanocephala,Chatham Islands Bellbird,,"Rattus rattus, Rattus norvegicus, Rattus exulans",Extinct,,Habitat loss,0,0,No,70,Rattus norvegicus,,"Atkinson IAE. 1985. The spread of commensal species of Rattus to oceanic islands and their effects on island avifaunas. Pages 35-81 in Moors PJ, editor. Conservation of Island Birds. Case Studies for the Management of Threatened Island Species. Symposium proceedings. ICBP Technical Publication No. 3, XVIII ICBP World Conference, Cambridhe, England."
94997726,22728814,Anthornis melanocephala,Chatham Islands Bellbird,,"Rattus rattus, Rattus norvegicus, Rattus exulans",Extinct,,Habitat loss,0,0,No,70,Rattus exulans,,"Atkinson IAE. 1985. The spread of commensal species of Rattus to oceanic islands and their effects on island avifaunas. Pages 35-81 in Moors PJ, editor. Conservation of Island Birds. Case Studies for the Management of Threatened Island Species. Symposium proceedings. ICBP Technical Publication No. 3, XVIII ICBP World Conference, Cambridhe, England."
93953867,22704125,Apalopteron familiare,Bonin White-eye,Apalopteron familiare,"Rattus rattus, Rattus norvegicus",Near Threatened,D2,Habitat loss,0,0,Yes,26,Rattus rattus,,
93953867,22704125,Apalopteron familiare,Bonin White-eye,Apalopteron familiare,"Rattus rattus, Rattus norvegicus",Near Threatened,D2,Habitat loss,0,0,Yes,26,Rattus norvegicus,,
125419923,22702156,Aphrastura masafuerae,Masafuera Rayadito,Aphrastura masafucrae,"Rattus, Mus musculus",Critically Endangered,B1ab(iii),Habitat loss,0,0,No,116,Rattus,,
125419923,22702156,Aphrastura masafuerae,Masafuera Rayadito,Aphrastura masafucrae,"Rattus, Mus musculus",Critically Endangered,B1ab(iii),Habitat loss,0,0,No,116,Mus musculus,,
94248565,22710502,Aplonis cinerascens,Rarotonga Starling,,Rattus rattus,Vulnerable,D1+2,Unknown,0,0,No,43,Rattus rattus,,
94248268,22710496,Aplonis corvina,Kosrae Starling,,"Rattus rattus, Rattus exulans",Extinct,,Rats,1,1,No,41,Rattus rattus,,"Hayes, F.E. and Engbring, J., 2020. Historic and recent status of the Kosrae flying fox (Pteropus ualanus)(Chiroptera: Pteropidae) on Kosrae, Micronesia. Journal of Asia-Pacific Biodiversity, 13(2), pp.141-150."
94248268,22710496,Aplonis corvina,Kosrae Starling,,"Rattus rattus, Rattus exulans",Extinct,,Rats,1,1,No,41,Rattus exulans,,"Hayes, F.E. and Engbring, J., 2020. Historic and recent status of the Kosrae flying fox (Pteropus ualanus)(Chiroptera: Pteropidae) on Kosrae, Micronesia. Journal of Asia-Pacific Biodiversity, 13(2), pp.141-150."
94249210,22710511,Aplonis fusca,Tasman Starling,Aplornis fusca ssp. Fusca,Rattus rattus,Extinct,,"Rats, habitat loss",1,0,Yes,44,Rattus rattus,,
94248417,22710499,Aplonis mavornata,Mysterious Starling,,Rattus norvegicus,Extinct,,Rats,1,1,No,42,Rattus norvegicus,,
94247819,22710490,Aplonis pelzelni,Pohnpei Starling,,"Rattus rattus, Rattus exulans",Critically Endangered,"B1ab(v);C2a(i,ii);D",Unknown,0,0,No,40,Rattus rattus,,"Wegmann, A., Marquez, R., Howald, G., Curl, J., Helm, J., Llewellyn, C. and Shed, P., 2007. Pohnpei rat eradication research and demonstration project. Island Conservation, Santa Cruz, CA."
94247819,22710490,Aplonis pelzelni,Pohnpei Starling,,"Rattus rattus, Rattus exulans",Critically Endangered,"B1ab(v);C2a(i,ii);D",Unknown,0,0,No,40,Rattus exulans,,"Wegmann, A., Marquez, R., Howald, G., Curl, J., Helm, J., Llewellyn, C. and Shed, P., 2007. Pohnpei rat eradication research and demonstration project. Island Conservation, Santa Cruz, CA."
119060447,22710485,Aplonis santovestris,Mountain Starling,,"Rattus rattus, Rattus norvegicus, Rattus exulans",Endangered,"B1ab(v)+2ab(v); C2a(i,ii)",Unknown,0,0,No,95,Rattus rattus,Information used for Vanuatu,"Brown, P.R., Aplin, K.P., Hinds, L.A., Jacob, J., Thomas, S.E. and Ritchie, B.J., 2018. Rodent management issues in South Pacific islands: a review with case studies from Papua New Guinea and Vanuatu. Wildlife Research, 44(8), pp.587-602."
119060447,22710485,Aplonis santovestris,Mountain Starling,,"Rattus rattus, Rattus norvegicus, Rattus exulans",Endangered,"B1ab(v)+2ab(v); C2a(i,ii)",Unknown,0,0,No,95,Rattus norvegicus,Information used for Vanuatu,"Brown, P.R., Aplin, K.P., Hinds, L.A., Jacob, J., Thomas, S.E. and Ritchie, B.J., 2018. Rodent management issues in South Pacific islands: a review with case studies from Papua New Guinea and Vanuatu. Wildlife Research, 44(8), pp.587-602."
119060447,22710485,Aplonis santovestris,Mountain Starling,,"Rattus rattus, Rattus norvegicus, Rattus exulans",Endangered,"B1ab(v)+2ab(v); C2a(i,ii)",Unknown,0,0,No,95,Rattus exulans,Information used for Vanuatu,"Brown, P.R., Aplin, K.P., Hinds, L.A., Jacob, J., Thomas, S.E. and Ritchie, B.J., 2018. Rodent management issues in South Pacific islands: a review with case studies from Papua New Guinea and Vanuatu. Wildlife Research, 44(8), pp.587-602."
119212332,22734867,Aplonis ulietensis,Raiatea Starling,Turdus ulietensis,Rattus norvegicus,Extinct,,Rats,1,1,Yes,110,Rattus norvegicus,,
95041689,22732059,Aptenorallus calayanensis,Calayan Rail,Gallirallus calayanensis,Rattus,Vulnerable,D2,Habitat loss,0,0,No,73,Rattus,,"Broad, G. and Oliveros, C., 2004. Biodiversity and conservation priority setting in the Babuyan Islands, Philippines. Sylvatrop, The Technical Journal of Philippine Ecosystems and Natural Resources, 15(1&2), pp.1-30."
119177586,45353580,Apteryx mantelli,North Island Brown Kiwi,Apteryx australis,"Rattus rattus, Rattus norvegicus, Rattus exulans",Vulnerable,A2bce,"Dog, ferret",0,0,Yes,99,Rattus rattus,,"Atkinson IAE. 1985. The spread of commensal species of Rattus to oceanic islands and their effects on island avifaunas. Pages 35-81 in Moors PJ, editor. Conservation of Island Birds. Case Studies for the Management of Threatened Island Species. Symposium proceedings. ICBP Technical Publication No. 3, XVIII ICBP World Conference, Cambridhe, England."
119177586,45353580,Apteryx mantelli,North Island Brown Kiwi,Apteryx australis,"Rattus rattus, Rattus norvegicus, Rattus exulans",Vulnerable,A2bce,"Dog, ferret",0,0,Yes,99,Rattus norvegicus,,"Atkinson IAE. 1985. The spread of commensal species of Rattus to oceanic islands and their effects on island avifaunas. Pages 35-81 in Moors PJ, editor. Conservation of Island Birds. Case Studies for the Management of Threatened Island Species. Symposium proceedings. ICBP Technical Publication No. 3, XVIII ICBP World Conference, Cambridhe, England."
119177586,45353580,Apteryx mantelli,North Island Brown Kiwi,Apteryx australis,"Rattus rattus, Rattus norvegicus, Rattus exulans",Vulnerable,A2bce,"Dog, ferret",0,0,Yes,99,Rattus exulans,,"Atkinson IAE. 1985. The spread of commensal species of Rattus to oceanic islands and their effects on island avifaunas. Pages 35-81 in Moors PJ, editor. Conservation of Island Birds. Case Studies for the Management of Threatened Island Species. Symposium proceedings. ICBP Technical Publication No. 3, XVIII ICBP World Conference, Cambridhe, England."
155469189,22698188,Ardenna carneipes,Flesh-footed Shearwater,Puffinus carneipes,"Rattus rattus, Rattus norvegicus",Near Threatened,A2bcde+3bcde+4bcde,Unknown,0,0,Yes,226,Rattus rattus,,
155469189,22698188,Ardenna carneipes,Flesh-footed Shearwater,Puffinus carneipes,"Rattus rattus, Rattus norvegicus",Near Threatened,A2bcde+3bcde+4bcde,Unknown,0,0,Yes,226,Rattus norvegicus,,
132633266,22698195,Ardenna creatopus,Pink-footed Shearwater,Puffinus creatopus,"Rattus rattus, Rattus norvegicus",Vulnerable,D2,Fishing-bycatch,0,0,Yes,189,Rattus rattus,,
132633266,22698195,Ardenna creatopus,Pink-footed Shearwater,Puffinus creatopus,"Rattus rattus, Rattus norvegicus",Vulnerable,D2,Fishing-bycatch,0,0,Yes,189,Rattus norvegicus,,
154440143,22698209,Ardenna grisea,Sooty Shearwater,Puffinus griseus,"Rattus rattus, Rattus norvegicus",Near Threatened,A2de+3de+4de,Fishing-bycatch,0,0,Yes,221,Rattus rattus,,
154440143,22698209,Ardenna grisea,Sooty Shearwater,Puffinus griseus,"Rattus rattus, Rattus norvegicus",Near Threatened,A2de+3de+4de,Fishing-bycatch,0,0,Yes,221,Rattus norvegicus,,
189949320,22697143,Ardeola idae,Madagascar Pond-heron,,"Rattus rattus, Rattus norvegicus",Endangered,C2a(ii),Habitat loss,0,0,Yes,299,Rattus rattus,,"Goodman, S.M., 1995. Rattus on Madagascar and the dilemma of protecting the endemic rodent fauna. Conservation biology, 9(2), pp.450-453; Dammhahn, M., Randriamoria, T.M. and Goodman, S.M., 2017. Broad and flexible stable isotope niches in invasive non-native Rattus spp. in anthropogenic and natural habitats of central eastern Madagascar. BMC ecology, 17, pp.1-13."
189949320,22697143,Ardeola idae,Madagascar Pond-heron,,"Rattus rattus, Rattus norvegicus",Endangered,C2a(ii),Habitat loss,0,0,Yes,299,Rattus norvegicus,,"Goodman, S.M., 1995. Rattus on Madagascar and the dilemma of protecting the endemic rodent fauna. Conservation biology, 9(2), pp.450-453; Dammhahn, M., Randriamoria, T.M. and Goodman, S.M., 2017. Broad and flexible stable isotope niches in invasive non-native Rattus spp. in anthropogenic and natural habitats of central eastern Madagascar. BMC ecology, 17, pp.1-13."
128903025,22680380,Aythya innotata,Madagascar Pochard,,"Rattus rattus, Rattus norvegicus",Critically Endangered,D,Unknown,0,0,No,123,Rattus rattus,,"Goodman, S.M., 1995. Rattus on Madagascar and the dilemma of protecting the endemic rodent fauna. Conservation biology, 9(2), pp.450-453; Dammhahn, M., Randriamoria, T.M. and Goodman, S.M., 2017. Broad and flexible stable isotope niches in invasive non-native Rattus spp. in anthropogenic and natural habitats of central eastern Madagascar. BMC ecology, 17, pp.1-13."
128903025,22680380,Aythya innotata,Madagascar Pochard,,"Rattus rattus, Rattus norvegicus",Critically Endangered,D,Unknown,0,0,No,123,Rattus norvegicus,,"Goodman, S.M., 1995. Rattus on Madagascar and the dilemma of protecting the endemic rodent fauna. Conservation biology, 9(2), pp.450-453; Dammhahn, M., Randriamoria, T.M. and Goodman, S.M., 2017. Broad and flexible stable isotope niches in invasive non-native Rattus spp. in anthropogenic and natural habitats of central eastern Madagascar. BMC ecology, 17, pp.1-13."
177028688,22697478,Bostrychia bocagei,Dwarf Ibis,,Rattus rattus,Critically Endangered,C2a(ii),Human hunting,0,0,No,246,Rattus rattus,,
194369606,22679929,Branta sandvicensis,Hawaiian Goose,Anser sandvicensis,"Rattus rattus, Rattus norvegicus, Rattus exulans",Near Threatened,"B2ab(ii,iii,iv,v); C2a(i)",Unknown,0,0,Yes,305,Rattus rattus,,
194369606,22679929,Branta sandvicensis,Hawaiian Goose,Anser sandvicensis,"Rattus rattus, Rattus norvegicus, Rattus exulans",Near Threatened,"B2ab(ii,iii,iv,v); C2a(i)",Unknown,0,0,Yes,305,Rattus norvegicus,,
194369606,22679929,Branta sandvicensis,Hawaiian Goose,Anser sandvicensis,"Rattus rattus, Rattus norvegicus, Rattus exulans",Near Threatened,"B2ab(ii,iii,iv,v); C2a(i)",Unknown,0,0,Yes,305,Rattus exulans,,
132628433,22698136,Bulweria fallax,Jouanin's Petrel,,"Rattus rattus, Rattus norvegicus",Near Threatened,D2,Unknown,0,0,Yes,184,Rattus rattus,,"Tollenaere, C., Brouat, C., Duplantier, J.M., Rahalison, L., Rahelinirina, S., Pascal, M., Moné, H., Mouahid, G., Leirs, H. and Cosson, J.F., 2010. Phylogeography of the introduced species Rattus rattus in the western Indian Ocean, with special emphasis on the colonization history of Madagascar. Journal of Biogeography, 37(3), pp.398-410; Mensoor, M., 2023. The mammals of Yemen (Chordata: Mammalia). DOI:10.20944/preprints202301.0181.v1"
132628433,22698136,Bulweria fallax,Jouanin's Petrel,,"Rattus rattus, Rattus norvegicus",Near Threatened,D2,Unknown,0,0,Yes,184,Rattus norvegicus,,"Tollenaere, C., Brouat, C., Duplantier, J.M., Rahalison, L., Rahelinirina, S., Pascal, M., Moné, H., Mouahid, G., Leirs, H. and Cosson, J.F., 2010. Phylogeography of the introduced species Rattus rattus in the western Indian Ocean, with special emphasis on the colonization history of Madagascar. Journal of Biogeography, 37(3), pp.398-410; Mensoor, M., 2023. The mammals of Yemen (Chordata: Mammalia). DOI:10.20944/preprints202301.0181.v1"
94999473,22728873,Cabalus modestus,Chatham Islands Rail,"Gallirallus modestus ssp. Modestus, Rallus modestus ssp. Modestus","Rattus rattus, Rattus norvegicus, Rattus exulans",Extinct,,"Rats, habitat loss, cats",1,0,No,72,Rattus rattus,,"Atkinson IAE. 1985. The spread of commensal species of Rattus to oceanic islands and their effects on island avifaunas. Pages 35-81 in Moors PJ, editor. Conservation of Island Birds. Case Studies for the Management of Threatened Island Species. Symposium proceedings. ICBP Technical Publication No. 3, XVIII ICBP World Conference, Cambridhe, England."
94999473,22728873,Cabalus modestus,Chatham Islands Rail,"Gallirallus modestus ssp. Modestus, Rallus modestus ssp. Modestus","Rattus rattus, Rattus norvegicus, Rattus exulans",Extinct,,"Rats, habitat loss, cats",1,0,No,72,Rattus norvegicus,,"Atkinson IAE. 1985. The spread of commensal species of Rattus to oceanic islands and their effects on island avifaunas. Pages 35-81 in Moors PJ, editor. Conservation of Island Birds. Case Studies for the Management of Threatened Island Species. Symposium proceedings. ICBP Technical Publication No. 3, XVIII ICBP World Conference, Cambridhe, England."
94999473,22728873,Cabalus modestus,Chatham Islands Rail,"Gallirallus modestus ssp. Modestus, Rallus modestus ssp. Modestus","Rattus rattus, Rattus norvegicus, Rattus exulans",Extinct,,"Rats, habitat loss, cats",1,0,No,72,Rattus exulans,,"Atkinson IAE. 1985. The spread of commensal species of Rattus to oceanic islands and their effects on island avifaunas. Pages 35-81 in Moors PJ, editor. Conservation of Island Birds. Case Studies for the Management of Threatened Island Species. Symposium proceedings. ICBP Technical Publication No. 3, XVIII ICBP World Conference, Cambridhe, England."
156237250,103730380,Callaeas cinereus,South Island Kokako,,Rattus rattus,Critically Endangered,D,"Rats, possums, stoats, habitat loss",1,0,Yes,228,Rattus rattus,,
132630766,22698172,Calonectris leucomelas,Streaked Shearwater,,"Rattus rattus, Rattus norvegicus",Near Threatened,A2abe+3be+4abe,"Rats, cats",1,0,Yes,188,Rattus rattus,,
132630766,22698172,Calonectris leucomelas,Streaked Shearwater,,"Rattus rattus, Rattus norvegicus",Near Threatened,A2abe+3be+4abe,"Rats, cats",1,0,Yes,188,Rattus norvegicus,,
190919306,22729082,Calyptophilus tertius,Western Chat-tanager,,"Rattus rattus, Rattus norvegicus",Vulnerable,"B1ab(ii,iii,v)","Rats, cats, habitat loss",1,0,No,300,Rattus rattus,,
190919306,22729082,Calyptophilus tertius,Western Chat-tanager,,"Rattus rattus, Rattus norvegicus",Vulnerable,"B1ab(ii,iii,v)","Rats, cats, habitat loss",1,0,No,300,Rattus norvegicus,,
111776645,22720622,Carpodacus ferreorostris,Bonin Grosbeak,Chaunoproctus ferreorostris,"Rattus rattus, Rattus norvegicus",Extinct,,"Rats, habitat loss, cats",1,0,No,84,Rattus rattus,,"Yabe, T., Hashimoto, T., Takiguchi, M., Aoki, M. and Kawakami, K., 2009. Seabirds in the stomach contents of black rats Rattus rattus on Higashijima, the Ogasawara (Bonin) Islands, Japan. Marine Ornithology, 37, pp.293-295."
111776645,22720622,Carpodacus ferreorostris,Bonin Grosbeak,Chaunoproctus ferreorostris,"Rattus rattus, Rattus norvegicus",Extinct,,"Rats, habitat loss, cats",1,0,No,84,Rattus norvegicus,,"Yabe, T., Hashimoto, T., Takiguchi, M., Aoki, M. and Kawakami, K., 2009. Seabirds in the stomach contents of black rats Rattus rattus on Higashijima, the Ogasawara (Bonin) Islands, Japan. Marine Ornithology, 37, pp.293-295."
180783383,22728467,Catharus bicknelli,Bicknell's Thrush,,Rattus rattus,Vulnerable,A2bc+3bc+4bc,Habitat loss,0,0,Yes,279,Rattus rattus,,
119095821,103814223,Certhidea olivacea,Green Warbler-finch,Certhidea fusca,"Rattus rattus, Rattus norvegicus",Vulnerable,"A2bce+3bce+4bce; B1ab(iii,v)","Habitat loss, introduced plants",0,0,No,97,Rattus rattus,"Information found for Floreana I.m San Cristobal I., Santa Cruz. I., Santiago I.","Atkinson IAE. 1985. The spread of commensal species of Rattus to oceanic islands and their effects on island avifaunas. Pages 35-81 in Moors PJ, editor. Conservation of Island Birds. Case Studies for the Management of Threatened Island Species. Symposium proceedings. ICBP Technical Publication No. 3, XVIII ICBP World Conference, Cambridhe, England."
119095821,103814223,Certhidea olivacea,Green Warbler-finch,Certhidea fusca,"Rattus rattus, Rattus norvegicus",Vulnerable,"A2bce+3bce+4bce; B1ab(iii,v)","Habitat loss, introduced plants",0,0,No,97,Rattus norvegicus,"Information found for Floreana I.m San Cristobal I., Santa Cruz. I., Santiago I.","Atkinson IAE. 1985. The spread of commensal species of Rattus to oceanic islands and their effects on island avifaunas. Pages 35-81 in Moors PJ, editor. Conservation of Island Birds. Case Studies for the Management of Threatened Island Species. Symposium proceedings. ICBP Technical Publication No. 3, XVIII ICBP World Conference, Cambridhe, England."
126893184,62290750,Charadrius obscurus,Southern Red-breasted Plover,,"Rattus rattus, Rattus norvegicus, Rattus exulans",Critically Endangered,A4a; C1+2a(ii),Stoats,0,0,Yes,121,Rattus rattus,,"Atkinson IAE. 1985. The spread of commensal species of Rattus to oceanic islands and their effects on island avifaunas. Pages 35-81 in Moors PJ, editor. Conservation of Island Birds. Case Studies for the Management of Threatened Island Species. Symposium proceedings. ICBP Technical Publication No. 3, XVIII ICBP World Conference, Cambridhe, England."
126893184,62290750,Charadrius obscurus,Southern Red-breasted Plover,,"Rattus rattus, Rattus norvegicus, Rattus exulans",Critically Endangered,A4a; C1+2a(ii),Stoats,0,0,Yes,121,Rattus norvegicus,,"Atkinson IAE. 1985. The spread of commensal species of Rattus to oceanic islands and their effects on island avifaunas. Pages 35-81 in Moors PJ, editor. Conservation of Island Birds. Case Studies for the Management of Threatened Island Species. Symposium proceedings. ICBP Technical Publication No. 3, XVIII ICBP World Conference, Cambridhe, England."
126893184,62290750,Charadrius obscurus,Southern Red-breasted Plover,,"Rattus rattus, Rattus norvegicus, Rattus exulans",Critically Endangered,A4a; C1+2a(ii),Stoats,0,0,Yes,121,Rattus exulans,,"Atkinson IAE. 1985. The spread of commensal species of Rattus to oceanic islands and their effects on island avifaunas. Pages 35-81 in Moors PJ, editor. Conservation of Island Birds. Case Studies for the Management of Threatened Island Species. Symposium proceedings. ICBP Technical Publication No. 3, XVIII ICBP World Conference, Cambridhe, England."
179182366,22693785,Charadrius sanctaehelenae,Saint Helena Plover,,"Rattus norvegicus, Rattus",Vulnerable,D1,Ending domestic grazing,0,0,Yes,262,Rattus norvegicus,,
179182366,22693785,Charadrius sanctaehelenae,Saint Helena Plover,,"Rattus norvegicus, Rattus",Vulnerable,D1,Ending domestic grazing,0,0,Yes,262,Rattus,,
129622366,22684693,Charmosyna amabilis,Red-throated Lorikeet,,Rattus rattus,Critically Endangered,"C2a(i,ii); D","Rats, habitat loss",1,0,No,128,Rattus rattus,,
156512185,22684689,Charmosyna diadema,New Caledonian Lorikeet,,"Rattus rattus, Rattus norvegicus, Rattus exulans",Critically Endangered,D,Unknown,0,0,No,229,Rattus rattus,,"Atkinson IAE. 1985. The spread of commensal species of Rattus to oceanic islands and their effects on island avifaunas. Pages 35-81 in Moors PJ, editor. Conservation of Island Birds. Case Studies for the Management of Threatened Island Species. Symposium proceedings. ICBP Technical Publication No. 3, XVIII ICBP World Conference, Cambridhe, England."
156512185,22684689,Charmosyna diadema,New Caledonian Lorikeet,,"Rattus rattus, Rattus norvegicus, Rattus exulans",Critically Endangered,D,Unknown,0,0,No,229,Rattus norvegicus,,"Atkinson IAE. 1985. The spread of commensal species of Rattus to oceanic islands and their effects on island avifaunas. Pages 35-81 in Moors PJ, editor. Conservation of Island Birds. Case Studies for the Management of Threatened Island Species. Symposium proceedings. ICBP Technical Publication No. 3, XVIII ICBP World Conference, Cambridhe, England."
156512185,22684689,Charmosyna diadema,New Caledonian Lorikeet,,"Rattus rattus, Rattus norvegicus, Rattus exulans",Critically Endangered,D,Unknown,0,0,No,229,Rattus exulans,,"Atkinson IAE. 1985. The spread of commensal species of Rattus to oceanic islands and their effects on island avifaunas. Pages 35-81 in Moors PJ, editor. Conservation of Island Birds. Case Studies for the Management of Threatened Island Species. Symposium proceedings. ICBP Technical Publication No. 3, XVIII ICBP World Conference, Cambridhe, England."
95133622,22736423,Chasiempis ibidis,Oahu Elepaio,Chasiempis sandwichensis,Rattus rattus,Endangered,"B1ab(i,ii,iii,iv,v)","Rats, habitat loss",1,0,Yes,77,Rattus rattus,,
122918684,22736432,Chasiempis sclateri,Kauai Elepaio,Chasiempis sandwichensis,"Rattus rattus, Rattus norvegicus, Rattus exulans",Vulnerable,D2,Weather extreme,0,0,Yes,115,Rattus rattus,,"Atkinson IAE. 1985. The spread of commensal species of Rattus to oceanic islands and their effects on island avifaunas. Pages 35-81 in Moors PJ, editor. Conservation of Island Birds. Case Studies for the Management of Threatened Island Species. Symposium proceedings. ICBP Technical Publication No. 3, XVIII ICBP World Conference, Cambridhe, England."
122918684,22736432,Chasiempis sclateri,Kauai Elepaio,Chasiempis sandwichensis,"Rattus rattus, Rattus norvegicus, Rattus exulans",Vulnerable,D2,Weather extreme,0,0,Yes,115,Rattus norvegicus,,"Atkinson IAE. 1985. The spread of commensal species of Rattus to oceanic islands and their effects on island avifaunas. Pages 35-81 in Moors PJ, editor. Conservation of Island Birds. Case Studies for the Management of Threatened Island Species. Symposium proceedings. ICBP Technical Publication No. 3, XVIII ICBP World Conference, Cambridhe, England."
122918684,22736432,Chasiempis sclateri,Kauai Elepaio,Chasiempis sandwichensis,"Rattus rattus, Rattus norvegicus, Rattus exulans",Vulnerable,D2,Weather extreme,0,0,Yes,115,Rattus exulans,,"Atkinson IAE. 1985. The spread of commensal species of Rattus to oceanic islands and their effects on island avifaunas. Pages 35-81 in Moors PJ, editor. Conservation of Island Birds. Case Studies for the Management of Threatened Island Species. Symposium proceedings. ICBP Technical Publication No. 3, XVIII ICBP World Conference, Cambridhe, England."
119205634,62239833,Chenonetta finschi,Finsch's Duck,,Rattus exulans,Extinct,,"Rats, human hunting",1,0,No,100,Rattus exulans,,
131931677,22694750,Chlidonias albostriatus,Black-fronted Tern,"Hydrochelidon albostriata, Sterna albostriata","Rattus rattus, Rattus norvegicus",Endangered,A2bce+3bce+4bce; C2a(ii),"Rats, mustela, cats, hedgehogs, possums, dogs, introduced birds, predation native birds",1,0,Yes,148,Rattus rattus,,
131931677,22694750,Chlidonias albostriatus,Black-fronted Tern,"Hydrochelidon albostriata, Sterna albostriata","Rattus rattus, Rattus norvegicus",Endangered,A2bce+3bce+4bce; C2a(ii),"Rats, mustela, cats, hedgehogs, possums, dogs, introduced birds, predation native birds",1,0,Yes,148,Rattus norvegicus,,
94682058,22720756,Chlorodrepanis stejnegeri,Kauai Amakihi,"Hemignathus kauaiensis, Viridonia stejnegeri ssp. Stejnegeri",Rodentia,Vulnerable,D2,Unknown,0,0,No,58,Rodentia,,
93860479,103670928,Cinclodes antarcticus,Blackish Cinclodes,,Rattus norvegicus,Near Threatened,A2e+3e+4e,"Rats, cats",1,0,Yes,25,Rattus norvegicus,,"Atkinson IAE. 1985. The spread of commensal species of Rattus to oceanic islands and their effects on island avifaunas. Pages 35-81 in Moors PJ, editor. Conservation of Island Birds. Case Studies for the Management of Threatened Island Species. Symposium proceedings. ICBP Technical Publication No. 3, XVIII ICBP World Conference, Cambridhe, England."
192074027,103670944,Cinclodes maculirostris,Black Cinclodes,,Rattus norvegicus,Near Threatened,A2ace+3ce+4ace,"Rats, cats",1,0,Yes,302,Rattus norvegicus,,"Ibarra, J.T., Fasola, L., Macdonald, D.W., Rozzi, R. and Bonacic, C., 2009. Invasive American mink Mustela vison in wetlands of the Cape Horn Biosphere Reserve, southern Chile: what are they eating?. Oryx, 43(1), pp.87-90;  Schüttler, E., Crego, R.D., Saavedra-Aracena, L., Silva-Rodríguez, E.A., Rozzi, R., Soto, N. and Jiménez, J.E., 2019. New records of invasive mammals from the sub-Antarctic Cape Horn Archipelago. Polar Biology, 42, pp.1093-1105."
152668395,22715529,Cincloramphus grosvenori,New Britain Thicketbird,Megalurulus grosvenori,Rattus rattus,Vulnerable,D1,Unknown,0,0,No,215,Rattus rattus,Also Rattus praetor,"Brown, P.R., Aplin, K.P., Hinds, L.A., Jacob, J., Thomas, S.E. and Ritchie, B.J., 2018. Rodent management issues in South Pacific islands: a review with case studies from Papua New Guinea and Vanuatu. Wildlife Research, 44(8), pp.587-602."
152667776,22715535,Cincloramphus llaneae,Bougainville Thicketbird,"Cichlornis llaneae, Megalurulus llaneae","Rattus rattus, Rattus exulans",Near Threatened,C2a(ii),Unknown,0,0,No,214,Rattus rattus,,"Rowe, F.P., 1967. Notes on Rats in the Solomon and Gilbert Islands. Journal of Mammalogy, 48(4), pp.649-650."
152667776,22715535,Cincloramphus llaneae,Bougainville Thicketbird,"Cichlornis llaneae, Megalurulus llaneae","Rattus rattus, Rattus exulans",Near Threatened,C2a(ii),Unknown,0,0,No,214,Rattus exulans,,"Rowe, F.P., 1967. Notes on Rats in the Solomon and Gilbert Islands. Journal of Mammalogy, 48(4), pp.649-650."
178598253,22715555,Cincloramphus rufus,Long-legged Thicketbird,"Megalurulus rufus, Trichocichla rufa",Rattus rattus,Endangered,D,Unknown,0,0,No,253,Rattus rattus,,
94686158,22720840,Ciridops anna,Ula-ai-hawane,,"Rattus rattus, Rattus norvegicus, Rattus exulans",Extinct,,Unknown,0,0,No,62,Rattus rattus,,"Atkinson IAE. 1985. The spread of commensal species of Rattus to oceanic islands and their effects on island avifaunas. Pages 35-81 in Moors PJ, editor. Conservation of Island Birds. Case Studies for the Management of Threatened Island Species. Symposium proceedings. ICBP Technical Publication No. 3, XVIII ICBP World Conference, Cambridhe, England."
94686158,22720840,Ciridops anna,Ula-ai-hawane,,"Rattus rattus, Rattus norvegicus, Rattus exulans",Extinct,,Unknown,0,0,No,62,Rattus norvegicus,,"Atkinson IAE. 1985. The spread of commensal species of Rattus to oceanic islands and their effects on island avifaunas. Pages 35-81 in Moors PJ, editor. Conservation of Island Birds. Case Studies for the Management of Threatened Island Species. Symposium proceedings. ICBP Technical Publication No. 3, XVIII ICBP World Conference, Cambridhe, England."
94686158,22720840,Ciridops anna,Ula-ai-hawane,,"Rattus rattus, Rattus norvegicus, Rattus exulans",Extinct,,Unknown,0,0,No,62,Rattus exulans,,"Atkinson IAE. 1985. The spread of commensal species of Rattus to oceanic islands and their effects on island avifaunas. Pages 35-81 in Moors PJ, editor. Conservation of Island Birds. Case Studies for the Management of Threatened Island Species. Symposium proceedings. ICBP Technical Publication No. 3, XVIII ICBP World Conference, Cambridhe, England."
216247839,22714282,Cleptornis marchei,Golden White-eye,,"Rattus norvegicus, Rattus exulans",Endangered,"B1ab(iii,v)+2ab(iii,v)",Habitat loss,0,0,Yes,334,Rattus norvegicus,,"Barbehenn, K. R. ""Recent invasions of Micronesia by small mammals."" Micronesica 10, no. 1 (1974): 41-50.; Adams, A.A.Y., Stanford, J.W., Wiewel, A.S. and Rodda, G.H., 2011. Modelling detectability of kiore (Rattus exulans) on Aguiguan, Mariana Islands, to inform possible eradication and monitoring efforts. New Zealand Journal of Ecology, pp.145-152."
216247839,22714282,Cleptornis marchei,Golden White-eye,,"Rattus norvegicus, Rattus exulans",Endangered,"B1ab(iii,v)+2ab(iii,v)",Habitat loss,0,0,Yes,334,Rattus exulans,,"Barbehenn, K. R. ""Recent invasions of Micronesia by small mammals."" Micronesica 10, no. 1 (1974): 41-50.; Adams, A.A.Y., Stanford, J.W., Wiewel, A.S. and Rodda, G.H., 2011. Modelling detectability of kiore (Rattus exulans) on Aguiguan, Mariana Islands, to inform possible eradication and monitoring efforts. New Zealand Journal of Ecology, pp.145-152."
209518471,22734762,Clytorhynchus sanctaecrucis,Nendo Shrikebill,,Rattus rattus,Endangered,C2a(ii),Habitat loss,0,0,No,320,Rattus rattus,,
178654750,22728160,Coccyzus bahamensis,Bahama Lizard-cuckoo,,"Rattus rattus, Rattus norvegicus",Near Threatened,C2a(i),Unknown,0,0,No,255,Rattus rattus,,"Atkinson IAE. 1985. The spread of commensal species of Rattus to oceanic islands and their effects on island avifaunas. Pages 35-81 in Moors PJ, editor. Conservation of Island Birds. Case Studies for the Management of Threatened Island Species. Symposium proceedings. ICBP Technical Publication No. 3, XVIII ICBP World Conference, Cambridhe, England."
178654750,22728160,Coccyzus bahamensis,Bahama Lizard-cuckoo,,"Rattus rattus, Rattus norvegicus",Near Threatened,C2a(i),Unknown,0,0,No,255,Rattus norvegicus,,"Atkinson IAE. 1985. The spread of commensal species of Rattus to oceanic islands and their effects on island avifaunas. Pages 35-81 in Moors PJ, editor. Conservation of Island Birds. Case Studies for the Management of Threatened Island Species. Symposium proceedings. ICBP Technical Publication No. 3, XVIII ICBP World Conference, Cambridhe, England."
178653886,22684340,Coccyzus ferrugineus,Cocos Cuckoo,,Rattus exulans,Vulnerable,D1+2,Unknown,0,0,No,254,Rattus exulans,,"Lujan, D.T., Vice, D.S., Guerrero, J.P. and Candaso, C.C., 2010. Rodent eradication on Cocos Island, Guam: integrating wildlife damage management, resort operations, and non-target concerns. In Proceedings of the Vertebrate Pest Conference (Vol. 24, No. 24)."
182916100,22727499,Coenocorypha aucklandica,Auckland Snipe,,Rattus exulans,Near Threatened,D2,"Rats, cats, pigs",1,0,No,294,Rattus exulans,,
95191768,62178398,Coenocorypha barrierensis,North Island Snipe,,Rattus exulans,Extinct,,"Rats, cats",1,0,No,78,Rattus exulans,,
94951415,22727515,Coenocorypha iredalei,South Island Snipe,Coenocorypha aucklandica,"Rattus rattus, Rattus exulans",Extinct,,Rats,1,1,Yes,64,Rattus rattus,,
94951415,22727515,Coenocorypha iredalei,South Island Snipe,Coenocorypha aucklandica,"Rattus rattus, Rattus exulans",Extinct,,Rats,1,1,Yes,64,Rattus exulans,,
182890601,22693137,Coenocorypha pusilla,Chatham Islands Snipe,,"Rattus rattus, Rattus norvegicus, Rattus exulans",Vulnerable,D2,"Rats, cats",1,0,No,293,Rattus rattus,,"Atkinson IAE. 1985. The spread of commensal species of Rattus to oceanic islands and their effects on island avifaunas. Pages 35-81 in Moors PJ, editor. Conservation of Island Birds. Case Studies for the Management of Threatened Island Species. Symposium proceedings. ICBP Technical Publication No. 3, XVIII ICBP World Conference, Cambridhe, England."
182890601,22693137,Coenocorypha pusilla,Chatham Islands Snipe,,"Rattus rattus, Rattus norvegicus, Rattus exulans",Vulnerable,D2,"Rats, cats",1,0,No,293,Rattus norvegicus,,"Atkinson IAE. 1985. The spread of commensal species of Rattus to oceanic islands and their effects on island avifaunas. Pages 35-81 in Moors PJ, editor. Conservation of Island Birds. Case Studies for the Management of Threatened Island Species. Symposium proceedings. ICBP Technical Publication No. 3, XVIII ICBP World Conference, Cambridhe, England."
182890601,22693137,Coenocorypha pusilla,Chatham Islands Snipe,,"Rattus rattus, Rattus norvegicus, Rattus exulans",Vulnerable,D2,"Rats, cats",1,0,No,293,Rattus exulans,,"Atkinson IAE. 1985. The spread of commensal species of Rattus to oceanic islands and their effects on island avifaunas. Pages 35-81 in Moors PJ, editor. Conservation of Island Birds. Case Studies for the Management of Threatened Island Species. Symposium proceedings. ICBP Technical Publication No. 3, XVIII ICBP World Conference, Cambridhe, England."
111025271,22690122,Columba junoniae,White-tailed Laurel-pigeon,,Rattus rattus,Near Threatened,B1b(iii)+2b(iii),"Rats, habitat loss",1,0,Yes,82,Rattus rattus,,
119206067,62254534,Columba thiriouxi,Mauritius Woodpigeon,,Rattus rattus,Extinct,,"Rats, human hunting, habitat loss",1,0,No,101,Rattus rattus,,
93265793,22690218,Columba versicolor,Bonin Woodpigeon,,"Rattus rattus, Rattus norvegicus",Extinct,,Habitat loss,0,0,No,7,Rattus rattus,,"Yabe, T., Hashimoto, T., Takiguchi, M., Aoki, M. and Kawakami, K., 2009. Seabirds in the stomach contents of black rats Rattus rattus on Higashijima, the Ogasawara (Bonin) Islands, Japan. Marine Ornithology, 37, pp.293-295."
93265793,22690218,Columba versicolor,Bonin Woodpigeon,,"Rattus rattus, Rattus norvegicus",Extinct,,Habitat loss,0,0,No,7,Rattus norvegicus,,"Yabe, T., Hashimoto, T., Takiguchi, M., Aoki, M. and Kawakami, K., 2009. Seabirds in the stomach contents of black rats Rattus rattus on Higashijima, the Ogasawara (Bonin) Islands, Japan. Marine Ornithology, 37, pp.293-295."
179276878,22709978,Copsychus sechellarum,Seychelles Magpie-robin,,"Rattus rattus, Rattus norvegicus",Endangered,D,"Rats, cats, habitat loss",1,0,Yes,266,Rattus rattus,,
179276878,22709978,Copsychus sechellarum,Seychelles Magpie-robin,,"Rattus rattus, Rattus norvegicus",Endangered,D,"Rats, cats, habitat loss",1,0,Yes,266,Rattus norvegicus,,
179281607,22727890,Coracopsis barklyi,Seychelles Parrot,,"Rattus rattus, Rattus norvegicus",Vulnerable,D1,"Rats, cats, human hunting, fire",1,0,No,267,Rattus rattus,,"Thorsen, M., Shorten, R., Lucking, R. and Lucking, V., 2000. Norway rats (Rattus norvegicus) on Fregate Island, Seychelles: the invasion; subsequent eradication attempts and implications for the island's fauna. Biological Conservation, 96(2), pp.133-138; Atkinson IAE. 1985. The spread of commensal species of Rattus to oceanic islands and their effects on island avifaunas. Pages 35-81 in Moors PJ, editor. Conservation of Island Birds. Case Studies for the Management of Threatened Island Species. Symposium proceedings. ICBP Technical Publication No. 3, XVIII ICBP World Conference, Cambridhe, England."
179281607,22727890,Coracopsis barklyi,Seychelles Parrot,,"Rattus rattus, Rattus norvegicus",Vulnerable,D1,"Rats, cats, human hunting, fire",1,0,No,267,Rattus norvegicus,,"Thorsen, M., Shorten, R., Lucking, R. and Lucking, V., 2000. Norway rats (Rattus norvegicus) on Fregate Island, Seychelles: the invasion; subsequent eradication attempts and implications for the island's fauna. Biological Conservation, 96(2), pp.133-138; Atkinson IAE. 1985. The spread of commensal species of Rattus to oceanic islands and their effects on island avifaunas. Pages 35-81 in Moors PJ, editor. Conservation of Island Birds. Case Studies for the Management of Threatened Island Species. Symposium proceedings. ICBP Technical Publication No. 3, XVIII ICBP World Conference, Cambridhe, England."
94048187,22706052,Corvus hawaiiensis,Hawaiian Crow,,"Rattus rattus, Rattus norvegicus, Rattus exulans",Extinct in the Wild,,Habitat loss,0,0,No,33,Rattus rattus,,"Atkinson IAE. 1985. The spread of commensal species of Rattus to oceanic islands and their effects on island avifaunas. Pages 35-81 in Moors PJ, editor. Conservation of Island Birds. Case Studies for the Management of Threatened Island Species. Symposium proceedings. ICBP Technical Publication No. 3, XVIII ICBP World Conference, Cambridhe, England."
94048187,22706052,Corvus hawaiiensis,Hawaiian Crow,,"Rattus rattus, Rattus norvegicus, Rattus exulans",Extinct in the Wild,,Habitat loss,0,0,No,33,Rattus norvegicus,,"Atkinson IAE. 1985. The spread of commensal species of Rattus to oceanic islands and their effects on island avifaunas. Pages 35-81 in Moors PJ, editor. Conservation of Island Birds. Case Studies for the Management of Threatened Island Species. Symposium proceedings. ICBP Technical Publication No. 3, XVIII ICBP World Conference, Cambridhe, England."
94048187,22706052,Corvus hawaiiensis,Hawaiian Crow,,"Rattus rattus, Rattus norvegicus, Rattus exulans",Extinct in the Wild,,Habitat loss,0,0,No,33,Rattus exulans,,"Atkinson IAE. 1985. The spread of commensal species of Rattus to oceanic islands and their effects on island avifaunas. Pages 35-81 in Moors PJ, editor. Conservation of Island Birds. Case Studies for the Management of Threatened Island Species. Symposium proceedings. ICBP Technical Publication No. 3, XVIII ICBP World Conference, Cambridhe, England."
92795779,22678955,Coturnix novaezelandiae,New Zealand Quail,,"Rattus rattus, Rattus norvegicus, Rattus exulans",Extinct,,Disease,0,0,Yes,1,Rattus rattus,,"Atkinson IAE. 1985. The spread of commensal species of Rattus to oceanic islands and their effects on island avifaunas. Pages 35-81 in Moors PJ, editor. Conservation of Island Birds. Case Studies for the Management of Threatened Island Species. Symposium proceedings. ICBP Technical Publication No. 3, XVIII ICBP World Conference, Cambridhe, England."
92795779,22678955,Coturnix novaezelandiae,New Zealand Quail,,"Rattus rattus, Rattus norvegicus, Rattus exulans",Extinct,,Disease,0,0,Yes,1,Rattus norvegicus,,"Atkinson IAE. 1985. The spread of commensal species of Rattus to oceanic islands and their effects on island avifaunas. Pages 35-81 in Moors PJ, editor. Conservation of Island Birds. Case Studies for the Management of Threatened Island Species. Symposium proceedings. ICBP Technical Publication No. 3, XVIII ICBP World Conference, Cambridhe, England."
92795779,22678955,Coturnix novaezelandiae,New Zealand Quail,,"Rattus rattus, Rattus norvegicus, Rattus exulans",Extinct,,Disease,0,0,Yes,1,Rattus exulans,,"Atkinson IAE. 1985. The spread of commensal species of Rattus to oceanic islands and their effects on island avifaunas. Pages 35-81 in Moors PJ, editor. Conservation of Island Birds. Case Studies for the Management of Threatened Island Species. Symposium proceedings. ICBP Technical Publication No. 3, XVIII ICBP World Conference, Cambridhe, England."
93016420,22684143,Coua delalandei,Snail-eating Coua,,"Rattus rattus, Rattus norvegicus",Extinct,,Habitat loss,0,0,No,4,Rattus rattus,,"Goodman, S.M., 1995. Rattus on Madagascar and the dilemma of protecting the endemic rodent fauna. Conservation biology, 9(2), pp.450-453; Dammhahn, M., Randriamoria, T.M. and Goodman, S.M., 2017. Broad and flexible stable isotope niches in invasive non-native Rattus spp. in anthropogenic and natural habitats of central eastern Madagascar. BMC ecology, 17, pp.1-13."
93016420,22684143,Coua delalandei,Snail-eating Coua,,"Rattus rattus, Rattus norvegicus",Extinct,,Habitat loss,0,0,No,4,Rattus norvegicus,,"Goodman, S.M., 1995. Rattus on Madagascar and the dilemma of protecting the endemic rodent fauna. Conservation biology, 9(2), pp.450-453; Dammhahn, M., Randriamoria, T.M. and Goodman, S.M., 2017. Broad and flexible stable isotope niches in invasive non-native Rattus spp. in anthropogenic and natural habitats of central eastern Madagascar. BMC ecology, 17, pp.1-13."
176571427,22720310,Crithagra concolor,Sao Tome Grosbeak,"Amblyospiza concolor, Neospiza concolor",Rattus rattus,Critically Endangered,C2a(ii),Habitat loss,0,0,No,244,Rattus rattus,,
178679046,22692737,Cyanolimnas cerverai,Zapata Rail,,"Rattus rattus, Rattus norvegicus",Critically Endangered,C2a(ii),Unknown,0,0,No,256,Rattus rattus,,"Borroto-Páez, R., 2009. Invasive mammals in Cuba: an overview. Biological Invasions, 11(10), pp.2279-2290."
178679046,22692737,Cyanolimnas cerverai,Zapata Rail,,"Rattus rattus, Rattus norvegicus",Critically Endangered,C2a(ii),Unknown,0,0,No,256,Rattus norvegicus,,"Borroto-Páez, R., 2009. Invasive mammals in Cuba: an overview. Biological Invasions, 11(10), pp.2279-2290."
213764778,22685175,Cyanoramphus auriceps,Yellow-fronted Parakeet,,"Rattus rattus, Rattus norvegicus, Rattus exulans",Near Threatened,A2ce,"Rats, cats, stoats, habitat loss",1,0,Yes,326,Rattus rattus,,"Atkinson IAE. 1985. The spread of commensal species of Rattus to oceanic islands and their effects on island avifaunas. Pages 35-81 in Moors PJ, editor. Conservation of Island Birds. Case Studies for the Management of Threatened Island Species. Symposium proceedings. ICBP Technical Publication No. 3, XVIII ICBP World Conference, Cambridhe, England."
213764778,22685175,Cyanoramphus auriceps,Yellow-fronted Parakeet,,"Rattus rattus, Rattus norvegicus, Rattus exulans",Near Threatened,A2ce,"Rats, cats, stoats, habitat loss",1,0,Yes,326,Rattus norvegicus,,"Atkinson IAE. 1985. The spread of commensal species of Rattus to oceanic islands and their effects on island avifaunas. Pages 35-81 in Moors PJ, editor. Conservation of Island Birds. Case Studies for the Management of Threatened Island Species. Symposium proceedings. ICBP Technical Publication No. 3, XVIII ICBP World Conference, Cambridhe, England."
213764778,22685175,Cyanoramphus auriceps,Yellow-fronted Parakeet,,"Rattus rattus, Rattus norvegicus, Rattus exulans",Near Threatened,A2ce,"Rats, cats, stoats, habitat loss",1,0,Yes,326,Rattus exulans,,"Atkinson IAE. 1985. The spread of commensal species of Rattus to oceanic islands and their effects on island avifaunas. Pages 35-81 in Moors PJ, editor. Conservation of Island Birds. Case Studies for the Management of Threatened Island Species. Symposium proceedings. ICBP Technical Publication No. 3, XVIII ICBP World Conference, Cambridhe, England."
130890144,22724562,Cyanoramphus malherbi,Malherbe's Parakeet,,"Rattus rattus, Rattus norvegicus, Rattus exulans",Critically Endangered,A2bce,"Rats, stoats",1,0,No,138,Rattus rattus,,"Atkinson IAE. 1985. The spread of commensal species of Rattus to oceanic islands and their effects on island avifaunas. Pages 35-81 in Moors PJ, editor. Conservation of Island Birds. Case Studies for the Management of Threatened Island Species. Symposium proceedings. ICBP Technical Publication No. 3, XVIII ICBP World Conference, Cambridhe, England."
130890144,22724562,Cyanoramphus malherbi,Malherbe's Parakeet,,"Rattus rattus, Rattus norvegicus, Rattus exulans",Critically Endangered,A2bce,"Rats, stoats",1,0,No,138,Rattus norvegicus,,"Atkinson IAE. 1985. The spread of commensal species of Rattus to oceanic islands and their effects on island avifaunas. Pages 35-81 in Moors PJ, editor. Conservation of Island Birds. Case Studies for the Management of Threatened Island Species. Symposium proceedings. ICBP Technical Publication No. 3, XVIII ICBP World Conference, Cambridhe, England."
130890144,22724562,Cyanoramphus malherbi,Malherbe's Parakeet,,"Rattus rattus, Rattus norvegicus, Rattus exulans",Critically Endangered,A2bce,"Rats, stoats",1,0,No,138,Rattus exulans,,"Atkinson IAE. 1985. The spread of commensal species of Rattus to oceanic islands and their effects on island avifaunas. Pages 35-81 in Moors PJ, editor. Conservation of Island Birds. Case Studies for the Management of Threatened Island Species. Symposium proceedings. ICBP Technical Publication No. 3, XVIII ICBP World Conference, Cambridhe, England."
213655486,22685162,Cyanoramphus unicolor,Antipodes Parakeet,,"Rattus, Mus musculus",Vulnerable,D2,"Rats, cats, mustelids",1,0,No,325,Rattus,,
213655486,22685162,Cyanoramphus unicolor,Antipodes Parakeet,,"Rattus, Mus musculus",Vulnerable,D2,"Rats, cats, mustelids",1,0,No,325,Mus musculus,,
154611660,22679770,Dendrocygna arborea,West Indian Whistling-duck,,"Rattus rattus, Rattus norvegicus",Near Threatened,A3c,"Rats, mongoose, raccoons, cats, dogs, habitat loss, human hunting",0,0,No,223,Rattus rattus,,"Cooper, R.G., 2008. A synopsis of rodent species in the Caribbean Islands, endemic and invasive. Living World, Journal of the Trinidad and Tobago Field Naturalists' Club."
154611660,22679770,Dendrocygna arborea,West Indian Whistling-duck,,"Rattus rattus, Rattus norvegicus",Near Threatened,A3c,"Rats, mongoose, raccoons, cats, dogs, habitat loss, human hunting",0,0,No,223,Rattus norvegicus,,"Cooper, R.G., 2008. A synopsis of rodent species in the Caribbean Islands, endemic and invasive. Living World, Journal of the Trinidad and Tobago Field Naturalists' Club."
94098323,22706943,Dicrurus aldabranus,Aldabra Drongo,,"Rattus rattus, Rattus norvegicus",Near Threatened,D1+2,"Rats, predation native birds",1,0,Yes,36,Rattus rattus,,"Thorsen, M., Shorten, R., Lucking, R. and Lucking, V., 2000. Norway rats (Rattus norvegicus) on Fregate Island, Seychelles: the invasion; subsequent eradication attempts and implications for the island's fauna. Biological Conservation, 96(2), pp.133-138; Atkinson IAE. 1985. The spread of commensal species of Rattus to oceanic islands and their effects on island avifaunas. Pages 35-81 in Moors PJ, editor. Conservation of Island Birds. Case Studies for the Management of Threatened Island Species. Symposium proceedings. ICBP Technical Publication No. 3, XVIII ICBP World Conference, Cambridhe, England."
94098323,22706943,Dicrurus aldabranus,Aldabra Drongo,,"Rattus rattus, Rattus norvegicus",Near Threatened,D1+2,"Rats, predation native birds",1,0,Yes,36,Rattus norvegicus,,"Thorsen, M., Shorten, R., Lucking, R. and Lucking, V., 2000. Norway rats (Rattus norvegicus) on Fregate Island, Seychelles: the invasion; subsequent eradication attempts and implications for the island's fauna. Biological Conservation, 96(2), pp.133-138; Atkinson IAE. 1985. The spread of commensal species of Rattus to oceanic islands and their effects on island avifaunas. Pages 35-81 in Moors PJ, editor. Conservation of Island Birds. Case Studies for the Management of Threatened Island Species. Symposium proceedings. ICBP Technical Publication No. 3, XVIII ICBP World Conference, Cambridhe, England."
94098582,22706947,Dicrurus fuscipennis,Comoro Drongo,,Rattus rattus,Endangered,B1ab(iii);D,Unknown,0,0,No,37,Rattus rattus,"Norway rats possibly present. Atkinson 1985 in Table 2 for black and Norway rats states ""Rats present, Benson 1960; species unknown""","Louette, M. and Stevens, J., 1992. Conserving the endemic birds on the Comoro Islands, I: general considerations on survival prospects. Bird Conservation International, 2(1), pp.61-80."
156841404,22691890,Didunculus strigirostris,Tooth-billed Pigeon,,"Rattus exulans, Rattus rattus",Critically Endangered,C2a(i),Human hunting,0,0,No,232,Rattus exulans,,
156841404,22691890,Didunculus strigirostris,Tooth-billed Pigeon,,"Rattus exulans, Rattus rattus",Critically Endangered,C2a(i),Human hunting,0,0,No,232,Rattus rattus,,
132657527,22728364,Diomedea dabbenena,Tristan Albatross,Diomedea chionoptera,"Rattus, Mus musculus",Critically Endangered,A4ade,Fishing-bycatch,0,0,Yes,204,Rattus,,
132657527,22728364,Diomedea dabbenena,Tristan Albatross,Diomedea chionoptera,"Rattus, Mus musculus",Critically Endangered,A4ade,Fishing-bycatch,0,0,Yes,204,Mus musculus,,
132640680,22698305,Diomedea exulans,Wandering Albatross,,Mus musculus,Vulnerable,A4bd,Fishing-bycatch,0,0,Yes,193,Mus musculus,,
179228794,22720844,Drepanis coccinea,Iiwi,Vestiaria coccinea,"Rattus rattus, Rattus norvegicus, Rattus exulans",Vulnerable,A3bce+4bce,Disease,0,0,Yes,264,Rattus rattus,,"Atkinson IAE. 1985. The spread of commensal species of Rattus to oceanic islands and their effects on island avifaunas. Pages 35-81 in Moors PJ, editor. Conservation of Island Birds. Case Studies for the Management of Threatened Island Species. Symposium proceedings. ICBP Technical Publication No. 3, XVIII ICBP World Conference, Cambridhe, England."
179228794,22720844,Drepanis coccinea,Iiwi,Vestiaria coccinea,"Rattus rattus, Rattus norvegicus, Rattus exulans",Vulnerable,A3bce+4bce,Disease,0,0,Yes,264,Rattus norvegicus,,"Atkinson IAE. 1985. The spread of commensal species of Rattus to oceanic islands and their effects on island avifaunas. Pages 35-81 in Moors PJ, editor. Conservation of Island Birds. Case Studies for the Management of Threatened Island Species. Symposium proceedings. ICBP Technical Publication No. 3, XVIII ICBP World Conference, Cambridhe, England."
179228794,22720844,Drepanis coccinea,Iiwi,Vestiaria coccinea,"Rattus rattus, Rattus norvegicus, Rattus exulans",Vulnerable,A3bce+4bce,Disease,0,0,Yes,264,Rattus exulans,,"Atkinson IAE. 1985. The spread of commensal species of Rattus to oceanic islands and their effects on island avifaunas. Pages 35-81 in Moors PJ, editor. Conservation of Island Birds. Case Studies for the Management of Threatened Island Species. Symposium proceedings. ICBP Technical Publication No. 3, XVIII ICBP World Conference, Cambridhe, England."
94686803,22720852,Drepanis funerea,Black Mamo,,"Rattus rattus, Rattus norvegicus, Rattus exulans",Extinct,,"Rats, mongoose, introduced herbivores",1,0,No,63,Rattus rattus,,"Atkinson IAE. 1985. The spread of commensal species of Rattus to oceanic islands and their effects on island avifaunas. Pages 35-81 in Moors PJ, editor. Conservation of Island Birds. Case Studies for the Management of Threatened Island Species. Symposium proceedings. ICBP Technical Publication No. 3, XVIII ICBP World Conference, Cambridhe, England."
94686803,22720852,Drepanis funerea,Black Mamo,,"Rattus rattus, Rattus norvegicus, Rattus exulans",Extinct,,"Rats, mongoose, introduced herbivores",1,0,No,63,Rattus norvegicus,,"Atkinson IAE. 1985. The spread of commensal species of Rattus to oceanic islands and their effects on island avifaunas. Pages 35-81 in Moors PJ, editor. Conservation of Island Birds. Case Studies for the Management of Threatened Island Species. Symposium proceedings. ICBP Technical Publication No. 3, XVIII ICBP World Conference, Cambridhe, England."
94686803,22720852,Drepanis funerea,Black Mamo,,"Rattus rattus, Rattus norvegicus, Rattus exulans",Extinct,,"Rats, mongoose, introduced herbivores",1,0,No,63,Rattus exulans,,"Atkinson IAE. 1985. The spread of commensal species of Rattus to oceanic islands and their effects on island avifaunas. Pages 35-81 in Moors PJ, editor. Conservation of Island Birds. Case Studies for the Management of Threatened Island Species. Symposium proceedings. ICBP Technical Publication No. 3, XVIII ICBP World Conference, Cambridhe, England."
119207514,62258591,Dryolimnas augusti,Reunion Rail,,Rattus rattus,Extinct,,"Rats, cats, human hunting",1,0,No,105,Rattus rattus,,
118663538,22691668,Ducula aurorae,Polynesian Imperial-pigeon,,Rattus rattus,Endangered,"B1ab(ii,iii,v)+2ab(ii,iii,v); C2a(ii)","Habitat loss, human hunting",0,0,Yes,93,Rattus rattus,,
93320826,22691674,Ducula galeata,Nukuhiva Imperial-pigeon,,"Rattus rattus, Rattus exulans",Endangered,D,Hunting,0,0,Yes,12,Rattus rattus,,"Ghestemme, T., Matohi, A., Blanvillain, C., Portier, E. and O’BRIEN, M.A.R.K., 2019. Catastrophic decline and subsequent conservation management of the Critically Endangered Fatu Hiva Monarch Pomarea whitneyi in the Marquesas Islands (French Polynesia). Bird Conservation International, 29(4), pp.598-615."
93320826,22691674,Ducula galeata,Nukuhiva Imperial-pigeon,,"Rattus rattus, Rattus exulans",Endangered,D,Hunting,0,0,Yes,12,Rattus exulans,,"Ghestemme, T., Matohi, A., Blanvillain, C., Portier, E. and O’BRIEN, M.A.R.K., 2019. Catastrophic decline and subsequent conservation management of the Critically Endangered Fatu Hiva Monarch Pomarea whitneyi in the Marquesas Islands (French Polynesia). Bird Conservation International, 29(4), pp.598-615."
93322157,22691710,Ducula pickeringii,Grey Imperial-pigeon,,Rattus rattus,Vulnerable,"B1ab(ii,iii,iv,v)",Habitat loss,0,0,No,13,Rattus rattus,,
111776369,22720738,Dysmorodrepanis munroi,Lanai Hookbill,,"Rattus rattus, Rattus norvegicus, Rattus exulans",Extinct,,"Rats, habitat loss, cats",1,0,No,83,Rattus rattus,,"Atkinson IAE. 1985. The spread of commensal species of Rattus to oceanic islands and their effects on island avifaunas. Pages 35-81 in Moors PJ, editor. Conservation of Island Birds. Case Studies for the Management of Threatened Island Species. Symposium proceedings. ICBP Technical Publication No. 3, XVIII ICBP World Conference, Cambridhe, England."
111776369,22720738,Dysmorodrepanis munroi,Lanai Hookbill,,"Rattus rattus, Rattus norvegicus, Rattus exulans",Extinct,,"Rats, habitat loss, cats",1,0,No,83,Rattus norvegicus,,"Atkinson IAE. 1985. The spread of commensal species of Rattus to oceanic islands and their effects on island avifaunas. Pages 35-81 in Moors PJ, editor. Conservation of Island Birds. Case Studies for the Management of Threatened Island Species. Symposium proceedings. ICBP Technical Publication No. 3, XVIII ICBP World Conference, Cambridhe, England."
111776369,22720738,Dysmorodrepanis munroi,Lanai Hookbill,,"Rattus rattus, Rattus norvegicus, Rattus exulans",Extinct,,"Rats, habitat loss, cats",1,0,No,83,Rattus exulans,,"Atkinson IAE. 1985. The spread of commensal species of Rattus to oceanic islands and their effects on island avifaunas. Pages 35-81 in Moors PJ, editor. Conservation of Island Birds. Case Studies for the Management of Threatened Island Species. Symposium proceedings. ICBP Technical Publication No. 3, XVIII ICBP World Conference, Cambridhe, England."
93722423,22699268,Elaenia ridleyana,Noronha Elaenia,,"Rattus rattus, Rattus norvegicus",Vulnerable,D1,Habitat loss,0,0,No,24,Rattus rattus,,"Russell, J.C., Abrahão, C.R., Silva, J.C. and Dias, R.A., 2018. Management of cats and rodents on inhabited islands: An overview and case study of Fernando de Noronha, Brazil. Perspectives in Ecology and Conservation, 16(4), pp.193-200."
93722423,22699268,Elaenia ridleyana,Noronha Elaenia,,"Rattus rattus, Rattus norvegicus",Vulnerable,D1,Habitat loss,0,0,No,24,Rattus norvegicus,,"Russell, J.C., Abrahão, C.R., Silva, J.C. and Dias, R.A., 2018. Management of cats and rodents on inhabited islands: An overview and case study of Fernando de Noronha, Brazil. Perspectives in Ecology and Conservation, 16(4), pp.193-200."
132004685,22720905,Emberiza jankowskii,Jankowski's Bunting,,"Rattus rattus, Rattus norvegicus",Endangered,A2bc+3bc+4bc,Habitat loss,0,0,Yes,149,Rattus rattus,IUCN for black rat. There are disagreements in the literature about the distribution of these two rats in this region,"Song, Y., Lan, Z. and Kohn, M.H., 2014. Mitochondrial DNA phylogeography of the Norway rat. PLoS One, 9(2), p.e88425.; Kryštufek, B., Palomo, L., Hutterer, R., Mitsainas, G. & Yigit, N. 2021. Rattus rattus (amended version of 2016 assessment). The IUCN Red List of Threatened Species 2021: e.T19360A192565917. https://dx.doi.org/10.2305/IUCN.UK.2021-1.RLTS.T19360A192565917.en. Accessed on 23 July 2024."
132004685,22720905,Emberiza jankowskii,Jankowski's Bunting,,"Rattus rattus, Rattus norvegicus",Endangered,A2bc+3bc+4bc,Habitat loss,0,0,Yes,149,Rattus norvegicus,IUCN for black rat. There are disagreements in the literature about the distribution of these two rats in this region,"Song, Y., Lan, Z. and Kohn, M.H., 2014. Mitochondrial DNA phylogeography of the Norway rat. PLoS One, 9(2), p.e88425.; Kryštufek, B., Palomo, L., Hutterer, R., Mitsainas, G. & Yigit, N. 2021. Rattus rattus (amended version of 2016 assessment). The IUCN Red List of Threatened Species 2021: e.T19360A192565917. https://dx.doi.org/10.2305/IUCN.UK.2021-1.RLTS.T19360A192565917.en. Accessed on 23 July 2024."
118847061,22720940,Emberiza socotrana,Socotra Bunting,,Rattus rattus,Near Threatened,"B1ab(ii,iii,v); C2a(ii)",Unknown,0,0,No,94,Rattus rattus,,
184720991,22697793,Eudyptes chrysolophus,Macaroni Penguin,,"Rattus, Mus musculus",Vulnerable,A2bce+3bce+4bce,Unknown,0,0,No,298,Rattus,,
184720991,22697793,Eudyptes chrysolophus,Macaroni Penguin,,"Rattus, Mus musculus",Vulnerable,A2bce+3bce+4bce,Unknown,0,0,No,298,Mus musculus,,
184698049,22734408,Eudyptes moseleyi,Northern Rockhopper Penguin,,"Rattus rattus, Rattus norvegicus, Mus musculus",Endangered,A2acde+3cde+4acde,Unknown,0,0,Yes,297,Rattus rattus,,
184698049,22734408,Eudyptes moseleyi,Northern Rockhopper Penguin,,"Rattus rattus, Rattus norvegicus, Mus musculus",Endangered,A2acde+3cde+4acde,Unknown,0,0,Yes,297,Rattus norvegicus,,
184698049,22734408,Eudyptes moseleyi,Northern Rockhopper Penguin,,"Rattus rattus, Rattus norvegicus, Mus musculus",Endangered,A2acde+3cde+4acde,Unknown,0,0,Yes,297,Mus musculus,,
182279725,22697776,Eudyptes pachyrhynchus,Fiordland Penguin,,"Rattus rattus, Rattus norvegicus, Rattus exulans",Near Threatened,A2bce+3bce+4bce; B2b(v),Unknown,0,0,No,284,Rattus rattus,,"Atkinson IAE. 1985. The spread of commensal species of Rattus to oceanic islands and their effects on island avifaunas. Pages 35-81 in Moors PJ, editor. Conservation of Island Birds. Case Studies for the Management of Threatened Island Species. Symposium proceedings. ICBP Technical Publication No. 3, XVIII ICBP World Conference, Cambridhe, England."
182279725,22697776,Eudyptes pachyrhynchus,Fiordland Penguin,,"Rattus rattus, Rattus norvegicus, Rattus exulans",Near Threatened,A2bce+3bce+4bce; B2b(v),Unknown,0,0,No,284,Rattus norvegicus,,"Atkinson IAE. 1985. The spread of commensal species of Rattus to oceanic islands and their effects on island avifaunas. Pages 35-81 in Moors PJ, editor. Conservation of Island Birds. Case Studies for the Management of Threatened Island Species. Symposium proceedings. ICBP Technical Publication No. 3, XVIII ICBP World Conference, Cambridhe, England."
182279725,22697776,Eudyptes pachyrhynchus,Fiordland Penguin,,"Rattus rattus, Rattus norvegicus, Rattus exulans",Near Threatened,A2bce+3bce+4bce; B2b(v),Unknown,0,0,No,284,Rattus exulans,,"Atkinson IAE. 1985. The spread of commensal species of Rattus to oceanic islands and their effects on island avifaunas. Pages 35-81 in Moors PJ, editor. Conservation of Island Birds. Case Studies for the Management of Threatened Island Species. Symposium proceedings. ICBP Technical Publication No. 3, XVIII ICBP World Conference, Cambridhe, England."
93062058,22685185,Eunymphicus cornutus,Horned Parakeet,,Rattus rattus,Vulnerable,C2a(ii),Habitat loss,0,0,Yes,6,Rattus rattus,,
130437059,22726340,Eurostopodus exul,New Caledonian Nightjar,,"Rattus rattus, Rattus norvegicus, Rattus exulans",Critically Endangered,D,Unknown,0,0,No,132,Rattus rattus,,"Atkinson IAE. 1985. The spread of commensal species of Rattus to oceanic islands and their effects on island avifaunas. Pages 35-81 in Moors PJ, editor. Conservation of Island Birds. Case Studies for the Management of Threatened Island Species. Symposium proceedings. ICBP Technical Publication No. 3, XVIII ICBP World Conference, Cambridhe, England."
130437059,22726340,Eurostopodus exul,New Caledonian Nightjar,,"Rattus rattus, Rattus norvegicus, Rattus exulans",Critically Endangered,D,Unknown,0,0,No,132,Rattus norvegicus,,"Atkinson IAE. 1985. The spread of commensal species of Rattus to oceanic islands and their effects on island avifaunas. Pages 35-81 in Moors PJ, editor. Conservation of Island Birds. Case Studies for the Management of Threatened Island Species. Symposium proceedings. ICBP Technical Publication No. 3, XVIII ICBP World Conference, Cambridhe, England."
130437059,22726340,Eurostopodus exul,New Caledonian Nightjar,,"Rattus rattus, Rattus norvegicus, Rattus exulans",Critically Endangered,D,Unknown,0,0,No,132,Rattus exulans,,"Atkinson IAE. 1985. The spread of commensal species of Rattus to oceanic islands and their effects on island avifaunas. Pages 35-81 in Moors PJ, editor. Conservation of Island Birds. Case Studies for the Management of Threatened Island Species. Symposium proceedings. ICBP Technical Publication No. 3, XVIII ICBP World Conference, Cambridhe, England."
93558237,22696380,Falco araeus,Seychelles Kestrel,Falco araea,"Rattus rattus, Rattus norvegicus",Vulnerable,"B1ab(iii,v);C2a(i);D1","Habitat loss, pesticides, human hunting",0,0,No,23,Rattus rattus,,"Thorsen, M., Shorten, R., Lucking, R. and Lucking, V., 2000. Norway rats (Rattus norvegicus) on Fregate Island, Seychelles: the invasion; subsequent eradication attempts and implications for the island's fauna. Biological Conservation, 96(2), pp.133-138; Atkinson IAE. 1985. The spread of commensal species of Rattus to oceanic islands and their effects on island avifaunas. Pages 35-81 in Moors PJ, editor. Conservation of Island Birds. Case Studies for the Management of Threatened Island Species. Symposium proceedings. ICBP Technical Publication No. 3, XVIII ICBP World Conference, Cambridhe, England."
93558237,22696380,Falco araeus,Seychelles Kestrel,Falco araea,"Rattus rattus, Rattus norvegicus",Vulnerable,"B1ab(iii,v);C2a(i);D1","Habitat loss, pesticides, human hunting",0,0,No,23,Rattus norvegicus,,"Thorsen, M., Shorten, R., Lucking, R. and Lucking, V., 2000. Norway rats (Rattus norvegicus) on Fregate Island, Seychelles: the invasion; subsequent eradication attempts and implications for the island's fauna. Biological Conservation, 96(2), pp.133-138; Atkinson IAE. 1985. The spread of commensal species of Rattus to oceanic islands and their effects on island avifaunas. Pages 35-81 in Moors PJ, editor. Conservation of Island Birds. Case Studies for the Management of Threatened Island Species. Symposium proceedings. ICBP Technical Publication No. 3, XVIII ICBP World Conference, Cambridhe, England."
93557909,22696373,Falco punctatus,Mauritius Kestrel,,Rattus rattus,Endangered,"B1ab(iii,v); C2a(i); D","Habitat loss, introduced plants, pesticides",0,0,Yes,22,Rattus rattus,,
179717451,22711392,Ferminia cerverai,Zapata Wren,,"Rattus rattus, Rattus norvegicus",Endangered,"B1ab(i,ii,iii)",Habitat loss,0,0,No,271,Rattus rattus,Information used for Cuba,"Borroto-Páez, R., 2009. Invasive mammals in Cuba: an overview. Biological Invasions, 11(10), pp.2279-2290."
179717451,22711392,Ferminia cerverai,Zapata Wren,,"Rattus rattus, Rattus norvegicus",Endangered,"B1ab(i,ii,iii)",Habitat loss,0,0,No,271,Rattus norvegicus,Information used for Cuba,"Borroto-Páez, R., 2009. Invasive mammals in Cuba: an overview. Biological Invasions, 11(10), pp.2279-2290."
180471815,103811282,Foudia aldabrana,Aldabra Fody,,Rattus rattus,Endangered,B1ab(iii),Unknown,0,0,Yes,275,Rattus rattus,,
118635121,103811335,Foudia consobrina,Grand Comoro Fody,,Rattus rattus,Near Threatened,B1ab(v)+2ab(v); C2a(ii),Rats,1,1,No,91,Rattus rattus,,
119552278,103811601,Foudia delloni,Reunion Fody,,Rattus norvegicus,Extinct,,Rats,1,1,No,114,Rattus norvegicus,,
94614670,22719159,Foudia flavicans,Rodrigues Fody,,Rattus rattus,Near Threatened,D2,Habitat loss,0,0,Yes,55,Rattus rattus,,
94614044,22719149,Foudia rubra,Mauritius Fody,,Rattus rattus,Endangered,D,"Rats, habitat loss, macaques",1,0,Yes,54,Rattus rattus,,
132581443,22694927,Fratercula arctica,Atlantic Puffin,,"Rattus rattus, Rattus norvegicus",Vulnerable,A4abcde,"Prey, global warming",0,0,Yes,163,Rattus rattus,,"Yu, H., Jamieson, A., Hulme-Beaman, A., Conroy, C.J., Knight, B., Speller, C., Al-Jarah, H., Eager, H., Trinks, A., Adikari, G. and Baron, H., 2022. Palaeogenomic analysis of black rat (Rattus rattus) reveals multiple European introductions associated with human economic history. Nature Communications, 13(1), p.2399."
132581443,22694927,Fratercula arctica,Atlantic Puffin,,"Rattus rattus, Rattus norvegicus",Vulnerable,A4abcde,"Prey, global warming",0,0,Yes,163,Rattus norvegicus,,"Yu, H., Jamieson, A., Hulme-Beaman, A., Conroy, C.J., Knight, B., Speller, C., Al-Jarah, H., Eager, H., Trinks, A., Adikari, G. and Baron, H., 2022. Palaeogenomic analysis of black rat (Rattus rattus) reveals multiple European introductions associated with human economic history. Nature Communications, 13(1), p.2399."
132597828,22697728,Fregata aquila,Ascension Frigatebird,,Rattus rattus,Vulnerable,D2,"Rats, cats, human hunting",1,0,No,165,Rattus rattus,,
132659638,22728808,Fregetta maoriana,New Zealand Storm-petrel,"Oceanites maorianus, Pealeornis maoriana",Rattus exulans,Critically Endangered,D,Rats,1,1,No,207,Rattus exulans,,
205711288,103822640,Fringilla polatzeki,Gran Canaria Blue Chaffinch,,"Rattus rattus, Rattus norvegicus",Endangered,D,"Habitat loss, human hunting",0,0,Yes,313,Rattus rattus,,"Traveset, A., Nogales, M., Alcover, J.A., Delgado, J.D., López-Darias, M., Godoy, D., Igual, J.M. and Bover, P., 2009. A review on the effects of alien rodents in the Balearic (Western Mediterranean Sea) and Canary Islands (Eastern Atlantic Ocean). Biological Invasions, 11, pp.1653-1670."
205711288,103822640,Fringilla polatzeki,Gran Canaria Blue Chaffinch,,"Rattus rattus, Rattus norvegicus",Endangered,D,"Habitat loss, human hunting",0,0,Yes,313,Rattus norvegicus,,"Traveset, A., Nogales, M., Alcover, J.A., Delgado, J.D., López-Darias, M., Godoy, D., Igual, J.M. and Bover, P., 2009. A review on the effects of alien rodents in the Balearic (Western Mediterranean Sea) and Canary Islands (Eastern Atlantic Ocean). Biological Invasions, 11, pp.1653-1670."
93374177,22692920,Fulica alai,Hawaiian Coot,,"Rattus rattus, Rattus norvegicus",Vulnerable,D2,Habitat loss,0,0,No,20,Rattus rattus,,
93374177,22692920,Fulica alai,Hawaiian Coot,,"Rattus rattus, Rattus norvegicus",Vulnerable,D2,Habitat loss,0,0,No,20,Rattus norvegicus,,
195129158,22692866,Gallinula comeri,Gough Island Moorhen,Gallinula nesiotis,Rattus rattus,Vulnerable,D2,Rats,0,0,Yes,307,Rattus rattus,,
94995836,22728763,Gallinula nesiotis,Tristan Moorhen,Gallinula comeri,Rattus rattus,Extinct,,Rats,1,1,Yes,68,Rattus rattus,,"Atkinson IAE. 1985. The spread of commensal species of Rattus to oceanic islands and their effects on island avifaunas. Pages 35-81 in Moors PJ, editor. Conservation of Island Birds. Case Studies for the Management of Threatened Island Species. Symposium proceedings. ICBP Technical Publication No. 3, XVIII ICBP World Conference, Cambridhe, England."
93351848,22692388,Gallirallus lafresnayanus,New Caledonian Rail,Tricholimnas lafresnayanus ssp. Lafresnayanus,"Rattus rattus, Rattus norvegicus, Rattus exulans",Critically Endangered,D,"Cats, pigs, rats",1,0,No,14,Rattus rattus,,"Atkinson IAE. 1985. The spread of commensal species of Rattus to oceanic islands and their effects on island avifaunas. Pages 35-81 in Moors PJ, editor. Conservation of Island Birds. Case Studies for the Management of Threatened Island Species. Symposium proceedings. ICBP Technical Publication No. 3, XVIII ICBP World Conference, Cambridhe, England."
93351848,22692388,Gallirallus lafresnayanus,New Caledonian Rail,Tricholimnas lafresnayanus ssp. Lafresnayanus,"Rattus rattus, Rattus norvegicus, Rattus exulans",Critically Endangered,D,"Cats, pigs, rats",1,0,No,14,Rattus norvegicus,,"Atkinson IAE. 1985. The spread of commensal species of Rattus to oceanic islands and their effects on island avifaunas. Pages 35-81 in Moors PJ, editor. Conservation of Island Birds. Case Studies for the Management of Threatened Island Species. Symposium proceedings. ICBP Technical Publication No. 3, XVIII ICBP World Conference, Cambridhe, England."
93351848,22692388,Gallirallus lafresnayanus,New Caledonian Rail,Tricholimnas lafresnayanus ssp. Lafresnayanus,"Rattus rattus, Rattus norvegicus, Rattus exulans",Critically Endangered,D,"Cats, pigs, rats",1,0,No,14,Rattus exulans,,"Atkinson IAE. 1985. The spread of commensal species of Rattus to oceanic islands and their effects on island avifaunas. Pages 35-81 in Moors PJ, editor. Conservation of Island Birds. Case Studies for the Management of Threatened Island Species. Symposium proceedings. ICBP Technical Publication No. 3, XVIII ICBP World Conference, Cambridhe, England."
182523098,22723786,Geospiza heliobates,Mangrove Finch,Camarhynchus heliobates,Rattus rattus,Critically Endangered,"B1ab(ii,iii,v); C2a(i,ii); D","Rats, ectoparasite",1,0,Yes,287,Rattus rattus,,
130488958,22723773,Geospiza pauper,Medium Tree-finch,Camarhynchus pauper,Rattus rattus,Critically Endangered,B1ab(v),Ectoparasites,0,0,No,133,Rattus rattus,,"Atkinson IAE. 1985. The spread of commensal species of Rattus to oceanic islands and their effects on island avifaunas. Pages 35-81 in Moors PJ, editor. Conservation of Island Birds. Case Studies for the Management of Threatened Island Species. Symposium proceedings. ICBP Technical Publication No. 3, XVIII ICBP World Conference, Cambridhe, England."
182382400,22723768,Geospiza psittacula,Large Tree-finch,Camarhynchus psittacula,"Rattus rattus, Rattus norvegicus",Vulnerable,A2bce+3bce+4bce,Unknown,0,0,No,285,Rattus rattus,,"Atkinson IAE. 1985. The spread of commensal species of Rattus to oceanic islands and their effects on island avifaunas. Pages 35-81 in Moors PJ, editor. Conservation of Island Birds. Case Studies for the Management of Threatened Island Species. Symposium proceedings. ICBP Technical Publication No. 3, XVIII ICBP World Conference, Cambridhe, England."
182382400,22723768,Geospiza psittacula,Large Tree-finch,Camarhynchus psittacula,"Rattus rattus, Rattus norvegicus",Vulnerable,A2bce+3bce+4bce,Unknown,0,0,No,285,Rattus norvegicus,,"Atkinson IAE. 1985. The spread of commensal species of Rattus to oceanic islands and their effects on island avifaunas. Pages 35-81 in Moors PJ, editor. Conservation of Island Birds. Case Studies for the Management of Threatened Island Species. Symposium proceedings. ICBP Technical Publication No. 3, XVIII ICBP World Conference, Cambridhe, England."
93982219,22704724,Gerygone insularis,Lord Howe Gerygone,,Rattus rattus,Extinct,,Rats,1,1,Yes,30,Rattus rattus,,"Atkinson IAE. 1985. The spread of commensal species of Rattus to oceanic islands and their effects on island avifaunas. Pages 35-81 in Moors PJ, editor. Conservation of Island Birds. Case Studies for the Management of Threatened Island Species. Symposium proceedings. ICBP Technical Publication No. 3, XVIII ICBP World Conference, Cambridhe, England."
110159856,22728616,Gymnocrex talaudensis,Talaud Rail,,Rattus,Endangered,"B1ab(ii,iii,iv,v);C2a(ii)",Unknown,0,0,No,81,Rattus,Rattus argentiventer,"Riley, J., 2003. Population sizes and the conservation status of endemic and restricted-range bird species on Karakelang, Talaud Islands, Indonesia. Bird Conservation International, 13(1), pp.59-74."
130989260,22704320,Gymnomyza aubryana,Crow Honeyeater,,"Rattus rattus, Rattus norvegicus, Rattus exulans",Critically Endangered,C2a(ii),"Rats, habitat loss",1,0,No,140,Rattus rattus,,"Atkinson IAE. 1985. The spread of commensal species of Rattus to oceanic islands and their effects on island avifaunas. Pages 35-81 in Moors PJ, editor. Conservation of Island Birds. Case Studies for the Management of Threatened Island Species. Symposium proceedings. ICBP Technical Publication No. 3, XVIII ICBP World Conference, Cambridhe, England."
130989260,22704320,Gymnomyza aubryana,Crow Honeyeater,,"Rattus rattus, Rattus norvegicus, Rattus exulans",Critically Endangered,C2a(ii),"Rats, habitat loss",1,0,No,140,Rattus norvegicus,,"Atkinson IAE. 1985. The spread of commensal species of Rattus to oceanic islands and their effects on island avifaunas. Pages 35-81 in Moors PJ, editor. Conservation of Island Birds. Case Studies for the Management of Threatened Island Species. Symposium proceedings. ICBP Technical Publication No. 3, XVIII ICBP World Conference, Cambridhe, England."
130989260,22704320,Gymnomyza aubryana,Crow Honeyeater,,"Rattus rattus, Rattus norvegicus, Rattus exulans",Critically Endangered,C2a(ii),"Rats, habitat loss",1,0,No,140,Rattus exulans,,"Atkinson IAE. 1985. The spread of commensal species of Rattus to oceanic islands and their effects on island avifaunas. Pages 35-81 in Moors PJ, editor. Conservation of Island Birds. Case Studies for the Management of Threatened Island Species. Symposium proceedings. ICBP Technical Publication No. 3, XVIII ICBP World Conference, Cambridhe, England."
93962858,22704317,Gymnomyza samoensis,Mao,,Rattus exulans,Endangered,C2a(i),Habitat loss,0,0,No,27,Rattus exulans,"There are Norway rats on American Samoa according to Adler, G.H., Lalogafu’afu’a, A.V.E.L.E., Seamon, J.O., West, J.R., West, R., Fa’aumu, S. and Atkinson, C.T., 2010. Persistence of the spotless crake (Porzana tabuensis) on Ta’u, American Samoa. Notornis, 57(4), pp.216-217.","Atkinson IAE. 1985. The spread of commensal species of Rattus to oceanic islands and their effects on island avifaunas. Pages 35-81 in Moors PJ, editor. Conservation of Island Birds. Case Studies for the Management of Threatened Island Species. Symposium proceedings. ICBP Technical Publication No. 3, XVIII ICBP World Conference, Cambridhe, England."
205917399,22693621,Haematopus meadewaldoi,Canarian Oystercatcher,,"Rattus rattus, Rattus norvegicus",Extinct,,"Prey loss, human presence",0,0,No,314,Rattus rattus,,"Traveset, A., Nogales, M., Alcover, J.A., Delgado, J.D., López-Darias, M., Godoy, D., Igual, J.M. and Bover, P., 2009. A review on the effects of alien rodents in the Balearic (Western Mediterranean Sea) and Canary Islands (Eastern Atlantic Ocean). Biological Invasions, 11, pp.1653-1670."
205917399,22693621,Haematopus meadewaldoi,Canarian Oystercatcher,,"Rattus rattus, Rattus norvegicus",Extinct,,"Prey loss, human presence",0,0,No,314,Rattus norvegicus,,"Traveset, A., Nogales, M., Alcover, J.A., Delgado, J.D., López-Darias, M., Godoy, D., Igual, J.M. and Bover, P., 2009. A review on the effects of alien rodents in the Balearic (Western Mediterranean Sea) and Canary Islands (Eastern Atlantic Ocean). Biological Invasions, 11, pp.1653-1670."
181392751,103823595,Hemignathus lucidus,Oahu Nukupuu,,Rattus rattus,Extinct,,"Rats, mongoose",1,0,Yes,282,Rattus rattus,,
94683442,22720799,Hemignathus wilsoni,Akiapolaau,"Hemignathus munroi, Hemignathus wilsoni ssp. Wilsoni","Rattus rattus, Rattus norvegicus, Rattus exulans",Endangered,"B1ab(i,ii,iii,iv,v); C2a(ii)","Rats, habitat loss, cats",1,0,No,60,Rattus rattus,,"Atkinson IAE. 1985. The spread of commensal species of Rattus to oceanic islands and their effects on island avifaunas. Pages 35-81 in Moors PJ, editor. Conservation of Island Birds. Case Studies for the Management of Threatened Island Species. Symposium proceedings. ICBP Technical Publication No. 3, XVIII ICBP World Conference, Cambridhe, England."
94683442,22720799,Hemignathus wilsoni,Akiapolaau,"Hemignathus munroi, Hemignathus wilsoni ssp. Wilsoni","Rattus rattus, Rattus norvegicus, Rattus exulans",Endangered,"B1ab(i,ii,iii,iv,v); C2a(ii)","Rats, habitat loss, cats",1,0,No,60,Rattus norvegicus,,"Atkinson IAE. 1985. The spread of commensal species of Rattus to oceanic islands and their effects on island avifaunas. Pages 35-81 in Moors PJ, editor. Conservation of Island Birds. Case Studies for the Management of Threatened Island Species. Symposium proceedings. ICBP Technical Publication No. 3, XVIII ICBP World Conference, Cambridhe, England."
94683442,22720799,Hemignathus wilsoni,Akiapolaau,"Hemignathus munroi, Hemignathus wilsoni ssp. Wilsoni","Rattus rattus, Rattus norvegicus, Rattus exulans",Endangered,"B1ab(i,ii,iii,iv,v); C2a(ii)","Rats, habitat loss, cats",1,0,No,60,Rattus exulans,,"Atkinson IAE. 1985. The spread of commensal species of Rattus to oceanic islands and their effects on island avifaunas. Pages 35-81 in Moors PJ, editor. Conservation of Island Birds. Case Studies for the Management of Threatened Island Species. Symposium proceedings. ICBP Technical Publication No. 3, XVIII ICBP World Conference, Cambridhe, England."
214005740,22732918,Hemiphaga chathamensis,Chatham Islands Pigeon,,"Rattus rattus, Rattus norvegicus, Rattus exulans",Vulnerable,D1,Habitat loss,0,0,No,327,Rattus rattus,,"Atkinson IAE. 1985. The spread of commensal species of Rattus to oceanic islands and their effects on island avifaunas. Pages 35-81 in Moors PJ, editor. Conservation of Island Birds. Case Studies for the Management of Threatened Island Species. Symposium proceedings. ICBP Technical Publication No. 3, XVIII ICBP World Conference, Cambridhe, England."
214005740,22732918,Hemiphaga chathamensis,Chatham Islands Pigeon,,"Rattus rattus, Rattus norvegicus, Rattus exulans",Vulnerable,D1,Habitat loss,0,0,No,327,Rattus norvegicus,,"Atkinson IAE. 1985. The spread of commensal species of Rattus to oceanic islands and their effects on island avifaunas. Pages 35-81 in Moors PJ, editor. Conservation of Island Birds. Case Studies for the Management of Threatened Island Species. Symposium proceedings. ICBP Technical Publication No. 3, XVIII ICBP World Conference, Cambridhe, England."
214005740,22732918,Hemiphaga chathamensis,Chatham Islands Pigeon,,"Rattus rattus, Rattus norvegicus, Rattus exulans",Vulnerable,D1,Habitat loss,0,0,No,327,Rattus exulans,,"Atkinson IAE. 1985. The spread of commensal species of Rattus to oceanic islands and their effects on island avifaunas. Pages 35-81 in Moors PJ, editor. Conservation of Island Birds. Case Studies for the Management of Threatened Island Species. Symposium proceedings. ICBP Technical Publication No. 3, XVIII ICBP World Conference, Cambridhe, England."
129560535,22693690,Himantopus novaezelandiae,Black Stilt,,Rattus norvegicus,Critically Endangered,D,"Rats, cats, ferrets, stoats, hedgehogs, native birds, habitat loss",1,0,Yes,127,Rattus norvegicus,,
131113724,22734397,Horornis haddeni,Bougainville Bush-warbler,Cettia haddeni,Rattus rattus,Near Threatened,"B1ab(iii,v)+2ab(iii,v); C2a(i)",Unknown,0,0,No,141,Rattus rattus,,
211817146,22709303,Humblotia flavirostris,Humblot's Flycatcher,,Rattus rattus,Vulnerable,D2,Habitat loss,0,0,No,324,Rattus rattus,,
132441789,132441735,Hydrobates cheimomnestes,Ainley's Storm-petrel,Hydrobates leucorhous,Mus musculus,Vulnerable,D2,Unknown,0,0,No,157,Mus musculus,,
132653646,22698562,Hydrobates homochroa,Ashy Storm-petrel,Oceanodroma homochroa,"Rattus rattus, Mus musculus",Endangered,A2ce+3ce,Predation native bird,0,0,Yes,202,Rattus rattus,,
132653646,22698562,Hydrobates homochroa,Ashy Storm-petrel,Oceanodroma homochroa,"Rattus rattus, Mus musculus",Endangered,A2ce+3ce,Predation native bird,0,0,Yes,202,Mus musculus,,
132438484,132438298,Hydrobates leucorhous,Leach's Storm-petrel,"Oceanodroma leucorhoa, Hydrobates socorroensis, Hydrobates cheimomnestes","Rattus rattus, Rattus norvegicus, Mus musculus",Vulnerable,A2bce+3bce+4bce,Rats,1,1,No,156,Rattus rattus,,
132438484,132438298,Hydrobates leucorhous,Leach's Storm-petrel,"Oceanodroma leucorhoa, Hydrobates socorroensis, Hydrobates cheimomnestes","Rattus rattus, Rattus norvegicus, Mus musculus",Vulnerable,A2bce+3bce+4bce,Rats,1,1,No,156,Rattus norvegicus,,
132438484,132438298,Hydrobates leucorhous,Leach's Storm-petrel,"Oceanodroma leucorhoa, Hydrobates socorroensis, Hydrobates cheimomnestes","Rattus rattus, Rattus norvegicus, Mus musculus",Vulnerable,A2bce+3bce+4bce,Rats,1,1,No,156,Mus musculus,,
132652969,22698548,Hydrobates matsudairae,Matsudaira's Storm-petrel,Oceanodroma matsudairae,Rattus rattus,Vulnerable,D2,Rats,1,1,No,201,Rattus rattus,,
132651372,22698520,Hydrobates monorhis,Swinhoe’s Storm-petrel,Oceanodroma monorhis,Rattus norvegicus,Near Threatened,A3ce,Rats,1,1,No,200,Rattus norvegicus,,
132452334,132450926,Hydrobates socorroensis,Townsend's Storm-petrel,Hydrobates leucorhous,Mus musculus,Endangered,B2ab(v),"Cats, goats",0,0,No,158,Mus musculus,,
214275489,22680121,Hymenolaimus malacorhynchos,Blue Duck,Hymenolaimus malacorhynchus,"Rattus rattus, Rattus norvegicus, Rattus exulans",Endangered,C2a(i),Stoats,0,0,Yes,330,Rattus rattus,,"Atkinson IAE. 1985. The spread of commensal species of Rattus to oceanic islands and their effects on island avifaunas. Pages 35-81 in Moors PJ, editor. Conservation of Island Birds. Case Studies for the Management of Threatened Island Species. Symposium proceedings. ICBP Technical Publication No. 3, XVIII ICBP World Conference, Cambridhe, England."
214275489,22680121,Hymenolaimus malacorhynchos,Blue Duck,Hymenolaimus malacorhynchus,"Rattus rattus, Rattus norvegicus, Rattus exulans",Endangered,C2a(i),Stoats,0,0,Yes,330,Rattus norvegicus,,"Atkinson IAE. 1985. The spread of commensal species of Rattus to oceanic islands and their effects on island avifaunas. Pages 35-81 in Moors PJ, editor. Conservation of Island Birds. Case Studies for the Management of Threatened Island Species. Symposium proceedings. ICBP Technical Publication No. 3, XVIII ICBP World Conference, Cambridhe, England."
214275489,22680121,Hymenolaimus malacorhynchos,Blue Duck,Hymenolaimus malacorhynchus,"Rattus rattus, Rattus norvegicus, Rattus exulans",Endangered,C2a(i),Stoats,0,0,Yes,330,Rattus exulans,,"Atkinson IAE. 1985. The spread of commensal species of Rattus to oceanic islands and their effects on island avifaunas. Pages 35-81 in Moors PJ, editor. Conservation of Island Birds. Case Studies for the Management of Threatened Island Species. Symposium proceedings. ICBP Technical Publication No. 3, XVIII ICBP World Conference, Cambridhe, England."
93354540,22692455,Hypotaenidia dieffenbachii,Dieffenbach's Rail,Gallirallus dieffenbachii,"Rattus rattus, Rattus norvegicus, Rattus exulans",Extinct,,"Cats, rats, dogs",1,0,No,16,Rattus rattus,,"Atkinson IAE. 1985. The spread of commensal species of Rattus to oceanic islands and their effects on island avifaunas. Pages 35-81 in Moors PJ, editor. Conservation of Island Birds. Case Studies for the Management of Threatened Island Species. Symposium proceedings. ICBP Technical Publication No. 3, XVIII ICBP World Conference, Cambridhe, England."
93354540,22692455,Hypotaenidia dieffenbachii,Dieffenbach's Rail,Gallirallus dieffenbachii,"Rattus rattus, Rattus norvegicus, Rattus exulans",Extinct,,"Cats, rats, dogs",1,0,No,16,Rattus norvegicus,,"Atkinson IAE. 1985. The spread of commensal species of Rattus to oceanic islands and their effects on island avifaunas. Pages 35-81 in Moors PJ, editor. Conservation of Island Birds. Case Studies for the Management of Threatened Island Species. Symposium proceedings. ICBP Technical Publication No. 3, XVIII ICBP World Conference, Cambridhe, England."
93354540,22692455,Hypotaenidia dieffenbachii,Dieffenbach's Rail,Gallirallus dieffenbachii,"Rattus rattus, Rattus norvegicus, Rattus exulans",Extinct,,"Cats, rats, dogs",1,0,No,16,Rattus exulans,,"Atkinson IAE. 1985. The spread of commensal species of Rattus to oceanic islands and their effects on island avifaunas. Pages 35-81 in Moors PJ, editor. Conservation of Island Birds. Case Studies for the Management of Threatened Island Species. Symposium proceedings. ICBP Technical Publication No. 3, XVIII ICBP World Conference, Cambridhe, England."
93354380,22692450,Hypotaenidia pacifica,Tahiti Rail,Gallirallus pacificus,"Rattus rattus, Rattus norvegicus, Rattus exulans",Extinct,,"Cats, rats",1,0,No,15,Rattus rattus,,"Meyer, J.Y. and Butaud, J.F., 2009. The impacts of rats on the endangered native flora of French Polynesia (Pacific Islands): drivers of plant extinction or coup de grâce species?. Biological Invasions, 11, pp.1569-1585. Atkinson, 1985. The spread of commensal species of Rattus to the oceanic islands and their effects on the islands avifauna"
93354380,22692450,Hypotaenidia pacifica,Tahiti Rail,Gallirallus pacificus,"Rattus rattus, Rattus norvegicus, Rattus exulans",Extinct,,"Cats, rats",1,0,No,15,Rattus norvegicus,,"Meyer, J.Y. and Butaud, J.F., 2009. The impacts of rats on the endangered native flora of French Polynesia (Pacific Islands): drivers of plant extinction or coup de grâce species?. Biological Invasions, 11, pp.1569-1585. Atkinson, 1985. The spread of commensal species of Rattus to the oceanic islands and their effects on the islands avifauna"
93354380,22692450,Hypotaenidia pacifica,Tahiti Rail,Gallirallus pacificus,"Rattus rattus, Rattus norvegicus, Rattus exulans",Extinct,,"Cats, rats",1,0,No,15,Rattus exulans,,"Meyer, J.Y. and Butaud, J.F., 2009. The impacts of rats on the endangered native flora of French Polynesia (Pacific Islands): drivers of plant extinction or coup de grâce species?. Biological Invasions, 11, pp.1569-1585. Atkinson, 1985. The spread of commensal species of Rattus to the oceanic islands and their effects on the islands avifauna"
118659547,22713231,Hypsipetes borbonicus,Reunion Bulbul,,Rattus rattus,Near Threatened,"B1ab(iii,v)+2b(iii,v)","Habitat loss, human hunting",0,0,No,92,Rattus rattus,,
94366667,22713239,Hypsipetes olivaceus,Mauritius Bulbul,,"Rattus rattus, Rattus norvegicus",Vulnerable,D1,Unknown,0,0,No,45,Rattus rattus,,"Atkinson IAE. 1985. The spread of commensal species of Rattus to oceanic islands and their effects on island avifaunas. Pages 35-81 in Moors PJ, editor. Conservation of Island Birds. Case Studies for the Management of Threatened Island Species. Symposium proceedings. ICBP Technical Publication No. 3, XVIII ICBP World Conference, Cambridhe, England."
94366667,22713239,Hypsipetes olivaceus,Mauritius Bulbul,,"Rattus rattus, Rattus norvegicus",Vulnerable,D1,Unknown,0,0,No,45,Rattus norvegicus,,"Atkinson IAE. 1985. The spread of commensal species of Rattus to oceanic islands and their effects on island avifaunas. Pages 35-81 in Moors PJ, editor. Conservation of Island Birds. Case Studies for the Management of Threatened Island Species. Symposium proceedings. ICBP Technical Publication No. 3, XVIII ICBP World Conference, Cambridhe, England."
197193663,22736369,Icterus northropi,Bahama Oriole,Icterus dominicensis,Rattus rattus,Endangered,C2a(ii),Unknown,0,0,No,309,Rattus rattus,,
119465859,22724147,Icterus oberi,Montserrat Oriole,,"Rattus rattus, Rattus norvegicus",Vulnerable,D1+2,Volcano,0,0,Yes,112,Rattus rattus,,"Young, R. P. (ed.) (2008). A biodiversity assessment of the Centre Hills, Montserrat. Durrell Conservation Monograph No. 1. Durrell Wildlife Conservation Trust, Jersey, Channel Islands."
119465859,22724147,Icterus oberi,Montserrat Oriole,,"Rattus rattus, Rattus norvegicus",Vulnerable,D1+2,Volcano,0,0,Yes,112,Rattus norvegicus,,"Young, R. P. (ed.) (2008). A biodiversity assessment of the Centre Hills, Montserrat. Durrell Conservation Monograph No. 1. Durrell Wildlife Conservation Trust, Jersey, Channel Islands."
94077305,22706569,Lalage newtoni,Reunion Cuckooshrike,Coracina newtoni,"Rattus rattus, Rattus norvegicus",Critically Endangered,"B1ab(i,ii,iii,v); C2a(i)",Rats,1,1,Yes,34,Rattus rattus,,
94077305,22706569,Lalage newtoni,Reunion Cuckooshrike,Coracina newtoni,"Rattus rattus, Rattus norvegicus",Critically Endangered,"B1ab(i,ii,iii,v); C2a(i)",Rats,1,1,Yes,34,Rattus norvegicus,,
176427891,22705080,Lanius newtoni,Newton's Fiscal,,Rattus rattus,Critically Endangered,C2a(ii),Habitat loss,0,0,No,243,Rattus rattus,,
132576903,22694834,Larosterna inca,Inca Tern,,"Rattus rattus, Rattus norvegicus",Near Threatened,A2cde+3cde+4cde,"Rats, weather extreme",1,0,Yes,161,Rattus rattus,,"Grandón-Ojeda, A., Moreno, L., Garcés-Tapia, C., Figueroa-Sandoval, F., Beltrán-Venegas, J., Serrano-Reyes, J., Bustamante-Garrido, B., Lobos-Chávez, F., Espinoza-Rojas, H., Silva-De la Fuente, M.C. and Henríquez, A., 2022. Patterns of Gastrointestinal Helminth Infections in Rattus rattus, Rattus norvegicus, and Mus musculus in Chile. Frontiers in Veterinary Science, 9, p.929208."
132576903,22694834,Larosterna inca,Inca Tern,,"Rattus rattus, Rattus norvegicus",Near Threatened,A2cde+3cde+4cde,"Rats, weather extreme",1,0,Yes,161,Rattus norvegicus,,"Grandón-Ojeda, A., Moreno, L., Garcés-Tapia, C., Figueroa-Sandoval, F., Beltrán-Venegas, J., Serrano-Reyes, J., Bustamante-Garrido, B., Lobos-Chávez, F., Espinoza-Rojas, H., Silva-De la Fuente, M.C. and Henríquez, A., 2022. Patterns of Gastrointestinal Helminth Infections in Rattus rattus, Rattus norvegicus, and Mus musculus in Chile. Frontiers in Veterinary Science, 9, p.929208."
183584708,22694313,Larus audouinii,Audouin's Gull,,Rattus rattus,Vulnerable,A4b,Unknown,0,0,Yes,296,Rattus rattus,,
176994991,22694413,Larus bulleri,Black-billed Gull,,Rattus norvegicus,Near Threatened,A2b+4b,"Rats, cats, ferrets, stoats",1,0,Yes,245,Rattus norvegicus,,
132552501,22694452,Larus fuliginosus,Lava Gull,,Rattus rattus,Vulnerable,D1,Fishing-bycatch,0,0,Yes,160,Rattus rattus,,
178958787,22694296,Larus heermanni,Heermann's Gull,,"Rattus rattus, Mus musculus",Near Threatened,D2,Unknown,0,0,Yes,257,Rattus rattus,,
178958787,22694296,Larus heermanni,Heermann's Gull,,"Rattus rattus, Mus musculus",Near Threatened,D2,Unknown,0,0,Yes,257,Mus musculus,,
181476400,22692366,Laterallus spilonota,Galapagos Rail,Laterallus spilonotus,"Rattus rattus, Rattus norvegicus",Vulnerable,C1+2a(i),Unknown,0,0,Yes,283,Rattus rattus,,"Atkinson IAE. 1985. The spread of commensal species of Rattus to oceanic islands and their effects on island avifaunas. Pages 35-81 in Moors PJ, editor. Conservation of Island Birds. Case Studies for the Management of Threatened Island Species. Symposium proceedings. ICBP Technical Publication No. 3, XVIII ICBP World Conference, Cambridhe, England."
181476400,22692366,Laterallus spilonota,Galapagos Rail,Laterallus spilonotus,"Rattus rattus, Rattus norvegicus",Vulnerable,C1+2a(i),Unknown,0,0,Yes,283,Rattus norvegicus,,"Atkinson IAE. 1985. The spread of commensal species of Rattus to oceanic islands and their effects on island avifaunas. Pages 35-81 in Moors PJ, editor. Conservation of Island Birds. Case Studies for the Management of Threatened Island Species. Symposium proceedings. ICBP Technical Publication No. 3, XVIII ICBP World Conference, Cambridhe, England."
178391475,22690874,Leptotila wellsi,Grenada Dove,,Rattus norvegicus,Critically Endangered,C2a(ii),Unknown,0,0,No,250,Rattus norvegicus,,"Thille, K.N., Rametta, N.F., Fitzpatrick, D.M., Springer, C.C., Tiwari, K., Pinckney, R.D. and Sharma, R.N., 2019. Ectoparasites of brown rats (Rattus norvegicus) in Grenada, West Indies. Veterinary World, 12(9), p.1390."
133556928,22696840,Leucocarbo campbelli,Campbell Island Shag,Phalacrocorax campbelli,Rattus norvegicus,Vulnerable,D2,Unknown,0,0,No,210,Rattus norvegicus,,"Atkinson IAE. 1985. The spread of commensal species of Rattus to oceanic islands and their effects on island avifaunas. Pages 35-81 in Moors PJ, editor. Conservation of Island Birds. Case Studies for the Management of Threatened Island Species. Symposium proceedings. ICBP Technical Publication No. 3, XVIII ICBP World Conference, Cambridhe, England."
209458380,22692529,Lewinia muelleri,Auckland Island Rail,,Mus musculus,Vulnerable,D2,"Mice, cats, pigs",1,0,No,318,Mus musculus,,
94680871,22720742,Loxioides bailleui,Palila,,Rattus rattus,Critically Endangered,A4bce,Habitat loss,0,0,Yes,56,Rattus rattus,,
130851810,22720832,Loxops caeruleirostris,Akekee,,"Rattus rattus, Rattus norvegicus, Rattus exulans",Critically Endangered,A3ce+4ace,Habitat loss,0,0,Yes,136,Rattus rattus,,"Atkinson IAE. 1985. The spread of commensal species of Rattus to oceanic islands and their effects on island avifaunas. Pages 35-81 in Moors PJ, editor. Conservation of Island Birds. Case Studies for the Management of Threatened Island Species. Symposium proceedings. ICBP Technical Publication No. 3, XVIII ICBP World Conference, Cambridhe, England."
130851810,22720832,Loxops caeruleirostris,Akekee,,"Rattus rattus, Rattus norvegicus, Rattus exulans",Critically Endangered,A3ce+4ace,Habitat loss,0,0,Yes,136,Rattus norvegicus,,"Atkinson IAE. 1985. The spread of commensal species of Rattus to oceanic islands and their effects on island avifaunas. Pages 35-81 in Moors PJ, editor. Conservation of Island Birds. Case Studies for the Management of Threatened Island Species. Symposium proceedings. ICBP Technical Publication No. 3, XVIII ICBP World Conference, Cambridhe, England."
130851810,22720832,Loxops caeruleirostris,Akekee,,"Rattus rattus, Rattus norvegicus, Rattus exulans",Critically Endangered,A3ce+4ace,Habitat loss,0,0,Yes,136,Rattus exulans,,"Atkinson IAE. 1985. The spread of commensal species of Rattus to oceanic islands and their effects on island avifaunas. Pages 35-81 in Moors PJ, editor. Conservation of Island Birds. Case Studies for the Management of Threatened Island Species. Symposium proceedings. ICBP Technical Publication No. 3, XVIII ICBP World Conference, Cambridhe, England."
94685811,103823991,Loxops coccineus,Hawaii Akepa,,"Rattus rattus, Rattus norvegicus, Rattus exulans",Endangered,"B1ab(i,ii,iii,v)",Habitat loss,0,0,No,61,Rattus rattus,,"Atkinson IAE. 1985. The spread of commensal species of Rattus to oceanic islands and their effects on island avifaunas. Pages 35-81 in Moors PJ, editor. Conservation of Island Birds. Case Studies for the Management of Threatened Island Species. Symposium proceedings. ICBP Technical Publication No. 3, XVIII ICBP World Conference, Cambridhe, England."
94685811,103823991,Loxops coccineus,Hawaii Akepa,,"Rattus rattus, Rattus norvegicus, Rattus exulans",Endangered,"B1ab(i,ii,iii,v)",Habitat loss,0,0,No,61,Rattus norvegicus,,"Atkinson IAE. 1985. The spread of commensal species of Rattus to oceanic islands and their effects on island avifaunas. Pages 35-81 in Moors PJ, editor. Conservation of Island Birds. Case Studies for the Management of Threatened Island Species. Symposium proceedings. ICBP Technical Publication No. 3, XVIII ICBP World Conference, Cambridhe, England."
94685811,103823991,Loxops coccineus,Hawaii Akepa,,"Rattus rattus, Rattus norvegicus, Rattus exulans",Endangered,"B1ab(i,ii,iii,v)",Habitat loss,0,0,No,61,Rattus exulans,,"Atkinson IAE. 1985. The spread of commensal species of Rattus to oceanic islands and their effects on island avifaunas. Pages 35-81 in Moors PJ, editor. Conservation of Island Birds. Case Studies for the Management of Threatened Island Species. Symposium proceedings. ICBP Technical Publication No. 3, XVIII ICBP World Conference, Cambridhe, England."
194673255,22678576,Macrocephalon maleo,Maleo,,"Rattus rattus, Rattus exulans",Critically Endangered,A2cd+4cd,"Habitat loss, human hunting",0,0,No,306,Rattus rattus,Information used for Sulawesi,"Maryanto, I.B.N.U., Nuramaliati, S. and Yani, M.O.H.A.M.A.D., 2009. Distribution of rats at Lore Lindu National Park, Central Sulawesi, Indonesia. Journal of Tropical Biology & Conservation (JTBC), 5."
194673255,22678576,Macrocephalon maleo,Maleo,,"Rattus rattus, Rattus exulans",Critically Endangered,A2cd+4cd,"Habitat loss, human hunting",0,0,No,306,Rattus exulans,Information used for Sulawesi,"Maryanto, I.B.N.U., Nuramaliati, S. and Yani, M.O.H.A.M.A.D., 2009. Distribution of rats at Lore Lindu National Park, Central Sulawesi, Indonesia. Journal of Tropical Biology & Conservation (JTBC), 5."
94682556,22720774,Magumma parva,Anianiau,"Hemignathus parvus, Viridonia parva parva","Rattus rattus, Rattus norvegicus, Rattus exulans",Vulnerable,D2,Unknown,0,0,No,59,Rattus rattus,,"Atkinson IAE. 1985. The spread of commensal species of Rattus to oceanic islands and their effects on island avifaunas. Pages 35-81 in Moors PJ, editor. Conservation of Island Birds. Case Studies for the Management of Threatened Island Species. Symposium proceedings. ICBP Technical Publication No. 3, XVIII ICBP World Conference, Cambridhe, England."
94682556,22720774,Magumma parva,Anianiau,"Hemignathus parvus, Viridonia parva parva","Rattus rattus, Rattus norvegicus, Rattus exulans",Vulnerable,D2,Unknown,0,0,No,59,Rattus norvegicus,,"Atkinson IAE. 1985. The spread of commensal species of Rattus to oceanic islands and their effects on island avifaunas. Pages 35-81 in Moors PJ, editor. Conservation of Island Birds. Case Studies for the Management of Threatened Island Species. Symposium proceedings. ICBP Technical Publication No. 3, XVIII ICBP World Conference, Cambridhe, England."
94682556,22720774,Magumma parva,Anianiau,"Hemignathus parvus, Viridonia parva parva","Rattus rattus, Rattus norvegicus, Rattus exulans",Vulnerable,D2,Unknown,0,0,No,59,Rattus exulans,,"Atkinson IAE. 1985. The spread of commensal species of Rattus to oceanic islands and their effects on island avifaunas. Pages 35-81 in Moors PJ, editor. Conservation of Island Birds. Case Studies for the Management of Threatened Island Species. Symposium proceedings. ICBP Technical Publication No. 3, XVIII ICBP World Conference, Cambridhe, England."
218616385,22707200,Mayrornis versicolor,Ogea Monarch,,"Rattus rattus, Rattus norvegicus, Rattus exulans",Near Threatened,D1,Unknown,0,0,No,339,Rattus rattus,Information used for Fiji,"Atkinson IAE. 1985. The spread of commensal species of Rattus to oceanic islands and their effects on island avifaunas. Pages 35-81 in Moors PJ, editor. Conservation of Island Birds. Case Studies for the Management of Threatened Island Species. Symposium proceedings. ICBP Technical Publication No. 3, XVIII ICBP World Conference, Cambridhe, England."
218616385,22707200,Mayrornis versicolor,Ogea Monarch,,"Rattus rattus, Rattus norvegicus, Rattus exulans",Near Threatened,D1,Unknown,0,0,No,339,Rattus norvegicus,Information used for Fiji,"Atkinson IAE. 1985. The spread of commensal species of Rattus to oceanic islands and their effects on island avifaunas. Pages 35-81 in Moors PJ, editor. Conservation of Island Birds. Case Studies for the Management of Threatened Island Species. Symposium proceedings. ICBP Technical Publication No. 3, XVIII ICBP World Conference, Cambridhe, England."
218616385,22707200,Mayrornis versicolor,Ogea Monarch,,"Rattus rattus, Rattus norvegicus, Rattus exulans",Near Threatened,D1,Unknown,0,0,No,339,Rattus exulans,Information used for Fiji,"Atkinson IAE. 1985. The spread of commensal species of Rattus to oceanic islands and their effects on island avifaunas. Pages 35-81 in Moors PJ, editor. Conservation of Island Birds. Case Studies for the Management of Threatened Island Species. Symposium proceedings. ICBP Technical Publication No. 3, XVIII ICBP World Conference, Cambridhe, England."
216251541,22678620,Megapodius laperouse,Micronesian Scrubfowl,,"Rattus, Rattus rattus",Near Threatened,B2ab(iii),"Habitat loss, ungulates, human presence",0,0,Yes,335,Rattus,,
216251541,22678620,Megapodius laperouse,Micronesian Scrubfowl,,"Rattus, Rattus rattus",Near Threatened,B2ab(iii),"Habitat loss, ungulates, human presence",0,0,Yes,335,Rattus rattus,,
153774712,22720863,Melamprosops phaeosoma,Poo-uli,,"Rattus rattus, Rattus norvegicus, Rattus exulans",Extinct,,Unknown,0,0,No,219,Rattus rattus,,"Atkinson IAE. 1985. The spread of commensal species of Rattus to oceanic islands and their effects on island avifaunas. Pages 35-81 in Moors PJ, editor. Conservation of Island Birds. Case Studies for the Management of Threatened Island Species. Symposium proceedings. ICBP Technical Publication No. 3, XVIII ICBP World Conference, Cambridhe, England."
153774712,22720863,Melamprosops phaeosoma,Poo-uli,,"Rattus rattus, Rattus norvegicus, Rattus exulans",Extinct,,Unknown,0,0,No,219,Rattus norvegicus,,"Atkinson IAE. 1985. The spread of commensal species of Rattus to oceanic islands and their effects on island avifaunas. Pages 35-81 in Moors PJ, editor. Conservation of Island Birds. Case Studies for the Management of Threatened Island Species. Symposium proceedings. ICBP Technical Publication No. 3, XVIII ICBP World Conference, Cambridhe, England."
153774712,22720863,Melamprosops phaeosoma,Poo-uli,,"Rattus rattus, Rattus norvegicus, Rattus exulans",Extinct,,Unknown,0,0,No,219,Rattus exulans,,"Atkinson IAE. 1985. The spread of commensal species of Rattus to oceanic islands and their effects on island avifaunas. Pages 35-81 in Moors PJ, editor. Conservation of Island Birds. Case Studies for the Management of Threatened Island Species. Symposium proceedings. ICBP Technical Publication No. 3, XVIII ICBP World Conference, Cambridhe, England."
180219096,22723725,Melanospiza richardsoni,Saint Lucia Black Finch,,"Rattus rattus, Rattus norvegicus",Endangered,C2a(ii),Unknown,0,0,No,274,Rattus rattus,,"Krauss, U., 2010. Invasive alien species management in St. Lucia and Caribbean partner countries. In Actes du Colloque Biodiversité insulaire: la flore, la faune et l’homme dans les Petites Antilles, Martinique (pp. 196-206)."
180219096,22723725,Melanospiza richardsoni,Saint Lucia Black Finch,,"Rattus rattus, Rattus norvegicus",Endangered,C2a(ii),Unknown,0,0,No,274,Rattus norvegicus,,"Krauss, U., 2010. Invasive alien species management in St. Lucia and Caribbean partner countries. In Actes du Colloque Biodiversité insulaire: la flore, la faune et l’homme dans les Petites Antilles, Martinique (pp. 196-206)."
217577217,216918514,Melopyrrha grandis,Saint Kitts Bullfinch,"Loxigilla portoricensis, Pyrrhulagra portoricensis",Rattus rattus,Critically Endangered,D,Unknown,0,0,No,338,Rattus rattus,,
92864737,22680496,Mergus australis,New Zealand Merganser,,"Rattus rattus, Rattus norvegicus, Rattus exulans",Extinct,,Hunting,0,0,No,3,Rattus rattus,,"Atkinson IAE. 1985. The spread of commensal species of Rattus to oceanic islands and their effects on island avifaunas. Pages 35-81 in Moors PJ, editor. Conservation of Island Birds. Case Studies for the Management of Threatened Island Species. Symposium proceedings. ICBP Technical Publication No. 3, XVIII ICBP World Conference, Cambridhe, England."
92864737,22680496,Mergus australis,New Zealand Merganser,,"Rattus rattus, Rattus norvegicus, Rattus exulans",Extinct,,Hunting,0,0,No,3,Rattus norvegicus,,"Atkinson IAE. 1985. The spread of commensal species of Rattus to oceanic islands and their effects on island avifaunas. Pages 35-81 in Moors PJ, editor. Conservation of Island Birds. Case Studies for the Management of Threatened Island Species. Symposium proceedings. ICBP Technical Publication No. 3, XVIII ICBP World Conference, Cambridhe, England."
92864737,22680496,Mergus australis,New Zealand Merganser,,"Rattus rattus, Rattus norvegicus, Rattus exulans",Extinct,,Hunting,0,0,No,3,Rattus exulans,,"Atkinson IAE. 1985. The spread of commensal species of Rattus to oceanic islands and their effects on island avifaunas. Pages 35-81 in Moors PJ, editor. Conservation of Island Birds. Case Studies for the Management of Threatened Island Species. Symposium proceedings. ICBP Technical Publication No. 3, XVIII ICBP World Conference, Cambridhe, England."
129881558,22692966,Mesitornis unicolor,Brown Mesite,,"Rattus rattus, Rattus norvegicus",Vulnerable,A2cde+3cde+4cde; C1+2a(i),Habitat loss,0,0,No,131,Rattus rattus,,"Goodman, S.M., 1995. Rattus on Madagascar and the dilemma of protecting the endemic rodent fauna. Conservation biology, 9(2), pp.450-453; Dammhahn, M., Randriamoria, T.M. and Goodman, S.M., 2017. Broad and flexible stable isotope niches in invasive non-native Rattus spp. in anthropogenic and natural habitats of central eastern Madagascar. BMC ecology, 17, pp.1-13."
129881558,22692966,Mesitornis unicolor,Brown Mesite,,"Rattus rattus, Rattus norvegicus",Vulnerable,A2cde+3cde+4cde; C1+2a(i),Habitat loss,0,0,No,131,Rattus norvegicus,,"Goodman, S.M., 1995. Rattus on Madagascar and the dilemma of protecting the endemic rodent fauna. Conservation biology, 9(2), pp.450-453; Dammhahn, M., Randriamoria, T.M. and Goodman, S.M., 2017. Broad and flexible stable isotope niches in invasive non-native Rattus spp. in anthropogenic and natural habitats of central eastern Madagascar. BMC ecology, 17, pp.1-13."
180990415,22711078,Mimus melanotis,San Cristobal Mockingbird,,Rattus rattus,Near Threatened,B1b(iii)+2b(iii),Unknown,0,0,No,281,Rattus rattus,,
132093428,22711063,Mimus trifasciatus,Floreana Mockingbird,"Nesomimus trifasciatus, Orpheus trifasciatus",Rattus rattus,Endangered,B1ac(iv)+2ac(iv),"Rats, cats, dogs, goats",1,0,Yes,152,Rattus rattus,,
93963979,22704335,Moho bishopi,Bishop's Oo,,Rattus rattus,Extinct,,"Habitat loss, introduced herbivores",0,0,No,29,Rattus rattus,,
93963628,22704323,Moho braccatus,Kauai Oo,,Rattus rattus,Extinct,,"Rats, Habitat loss, pigs, disease",0,0,No,28,Rattus rattus,,
209465053,22705397,Mohoua ochrocephala,Yellowhead,,Rattus rattus,Near Threatened,A3be+4be; C1,"Rats, mice, stoats",1,0,Yes,319,Rattus rattus,,
193815333,22692971,Monias benschi,Subdesert Mesite,,"Rattus rattus, Rattus norvegicus",Vulnerable,"A2cd+3cd+4cd; B1ab(i,ii,iii,v)",Habitat loss,0,0,No,304,Rattus rattus,,"Goodman, S.M., 1995. Rattus on Madagascar and the dilemma of protecting the endemic rodent fauna. Conservation biology, 9(2), pp.450-453; Dammhahn, M., Randriamoria, T.M. and Goodman, S.M., 2017. Broad and flexible stable isotope niches in invasive non-native Rattus spp. in anthropogenic and natural habitats of central eastern Madagascar. BMC ecology, 17, pp.1-13."
193815333,22692971,Monias benschi,Subdesert Mesite,,"Rattus rattus, Rattus norvegicus",Vulnerable,"A2cd+3cd+4cd; B1ab(i,ii,iii,v)",Habitat loss,0,0,No,304,Rattus norvegicus,,"Goodman, S.M., 1995. Rattus on Madagascar and the dilemma of protecting the endemic rodent fauna. Conservation biology, 9(2), pp.450-453; Dammhahn, M., Randriamoria, T.M. and Goodman, S.M., 2017. Broad and flexible stable isotope niches in invasive non-native Rattus spp. in anthropogenic and natural habitats of central eastern Madagascar. BMC ecology, 17, pp.1-13."
94995240,22728746,Mundia elpenor,Ascension Crake,Atlantisia elpenor,Rattus rattus,Extinct,,"Rats, cats",1,0,Yes,67,Rattus rattus,,"Atkinson IAE. 1985. The spread of commensal species of Rattus to oceanic islands and their effects on island avifaunas. Pages 35-81 in Moors PJ, editor. Conservation of Island Birds. Case Studies for the Management of Threatened Island Species. Symposium proceedings. ICBP Technical Publication No. 3, XVIII ICBP World Conference, Cambridhe, England."
94165878,22708579,Myadestes obscurus,Omao,,"Rattus rattus, Rattus norvegicus, Rattus exulans",Vulnerable,D2,Habitat loss,0,0,No,39,Rattus rattus,,"Atkinson IAE. 1985. The spread of commensal species of Rattus to oceanic islands and their effects on island avifaunas. Pages 35-81 in Moors PJ, editor. Conservation of Island Birds. Case Studies for the Management of Threatened Island Species. Symposium proceedings. ICBP Technical Publication No. 3, XVIII ICBP World Conference, Cambridhe, England."
94165878,22708579,Myadestes obscurus,Omao,,"Rattus rattus, Rattus norvegicus, Rattus exulans",Vulnerable,D2,Habitat loss,0,0,No,39,Rattus norvegicus,,"Atkinson IAE. 1985. The spread of commensal species of Rattus to oceanic islands and their effects on island avifaunas. Pages 35-81 in Moors PJ, editor. Conservation of Island Birds. Case Studies for the Management of Threatened Island Species. Symposium proceedings. ICBP Technical Publication No. 3, XVIII ICBP World Conference, Cambridhe, England."
94165878,22708579,Myadestes obscurus,Omao,,"Rattus rattus, Rattus norvegicus, Rattus exulans",Vulnerable,D2,Habitat loss,0,0,No,39,Rattus exulans,,"Atkinson IAE. 1985. The spread of commensal species of Rattus to oceanic islands and their effects on island avifaunas. Pages 35-81 in Moors PJ, editor. Conservation of Island Birds. Case Studies for the Management of Threatened Island Species. Symposium proceedings. ICBP Technical Publication No. 3, XVIII ICBP World Conference, Cambridhe, England."
128101101,22708583,Myadestes palmeri,Puaiohi,,"Rattus rattus, Rattus norvegicus, Rattus exulans",Critically Endangered,B1ab(iii),Introduced plants,0,0,Yes,122,Rattus rattus,,"Atkinson IAE. 1985. The spread of commensal species of Rattus to oceanic islands and their effects on island avifaunas. Pages 35-81 in Moors PJ, editor. Conservation of Island Birds. Case Studies for the Management of Threatened Island Species. Symposium proceedings. ICBP Technical Publication No. 3, XVIII ICBP World Conference, Cambridhe, England."
128101101,22708583,Myadestes palmeri,Puaiohi,,"Rattus rattus, Rattus norvegicus, Rattus exulans",Critically Endangered,B1ab(iii),Introduced plants,0,0,Yes,122,Rattus norvegicus,,"Atkinson IAE. 1985. The spread of commensal species of Rattus to oceanic islands and their effects on island avifaunas. Pages 35-81 in Moors PJ, editor. Conservation of Island Birds. Case Studies for the Management of Threatened Island Species. Symposium proceedings. ICBP Technical Publication No. 3, XVIII ICBP World Conference, Cambridhe, England."
128101101,22708583,Myadestes palmeri,Puaiohi,,"Rattus rattus, Rattus norvegicus, Rattus exulans",Critically Endangered,B1ab(iii),Introduced plants,0,0,Yes,122,Rattus exulans,,"Atkinson IAE. 1985. The spread of commensal species of Rattus to oceanic islands and their effects on island avifaunas. Pages 35-81 in Moors PJ, editor. Conservation of Island Birds. Case Studies for the Management of Threatened Island Species. Symposium proceedings. ICBP Technical Publication No. 3, XVIII ICBP World Conference, Cambridhe, England."
182414813,22703871,Myzomela chermesina,Rotuma Myzomela,,Rattus exulans,Vulnerable,D2,Unknown,0,0,No,286,Rattus exulans,,
133546087,22696756,Nannopterum harrisi,Flightless Cormorant,Phalacrocorax harrisi,"Rattus rattus, Rattus norvegicus",Vulnerable,D2,Unknown,0,0,No,209,Rattus rattus,"Information found for Floreana I.m San Cristobal I., Santa Cruz. I., Santiago I.","Atkinson IAE. 1985. The spread of commensal species of Rattus to oceanic islands and their effects on island avifaunas. Pages 35-81 in Moors PJ, editor. Conservation of Island Birds. Case Studies for the Management of Threatened Island Species. Symposium proceedings. ICBP Technical Publication No. 3, XVIII ICBP World Conference, Cambridhe, England."
133546087,22696756,Nannopterum harrisi,Flightless Cormorant,Phalacrocorax harrisi,"Rattus rattus, Rattus norvegicus",Vulnerable,D2,Unknown,0,0,No,209,Rattus norvegicus,"Information found for Floreana I.m San Cristobal I., Santa Cruz. I., Santiago I.","Atkinson IAE. 1985. The spread of commensal species of Rattus to oceanic islands and their effects on island avifaunas. Pages 35-81 in Moors PJ, editor. Conservation of Island Birds. Case Studies for the Management of Threatened Island Species. Symposium proceedings. ICBP Technical Publication No. 3, XVIII ICBP World Conference, Cambridhe, England."
94421643,22714587,Nesillas aldabrana,Aldabra Brush-warbler,,"Rattus rattus, Rattus norvegicus",Extinct,,"Rats, cats, goats, tortoises",1,0,No,49,Rattus rattus,,"Thorsen, M., Shorten, R., Lucking, R. and Lucking, V., 2000. Norway rats (Rattus norvegicus) on Fregate Island, Seychelles: the invasion; subsequent eradication attempts and implications for the island's fauna. Biological Conservation, 96(2), pp.133-138; Atkinson IAE. 1985. The spread of commensal species of Rattus to oceanic islands and their effects on island avifaunas. Pages 35-81 in Moors PJ, editor. Conservation of Island Birds. Case Studies for the Management of Threatened Island Species. Symposium proceedings. ICBP Technical Publication No. 3, XVIII ICBP World Conference, Cambridhe, England."
94421643,22714587,Nesillas aldabrana,Aldabra Brush-warbler,,"Rattus rattus, Rattus norvegicus",Extinct,,"Rats, cats, goats, tortoises",1,0,No,49,Rattus norvegicus,,"Thorsen, M., Shorten, R., Lucking, R. and Lucking, V., 2000. Norway rats (Rattus norvegicus) on Fregate Island, Seychelles: the invasion; subsequent eradication attempts and implications for the island's fauna. Biological Conservation, 96(2), pp.133-138; Atkinson IAE. 1985. The spread of commensal species of Rattus to oceanic islands and their effects on island avifaunas. Pages 35-81 in Moors PJ, editor. Conservation of Island Birds. Case Studies for the Management of Threatened Island Species. Symposium proceedings. ICBP Technical Publication No. 3, XVIII ICBP World Conference, Cambridhe, England."
119206244,62257034,Nesoenas cicur,Mauritius Turtle-dove,,Rattus rattus,Extinct,,"Rats, human hunting, habitat loss",1,0,No,102,Rattus rattus,,
119260576,22728712,Nesoenas duboisi,Reunion Pigeon,Columba duboisi,"Rattus rattus, Rattus norvegicus",Extinct,,"Rats, cats, human hunting",1,0,No,111,Rattus rattus,,"Atkinson IAE. 1985. The spread of commensal species of Rattus to oceanic islands and their effects on island avifaunas. Pages 35-81 in Moors PJ, editor. Conservation of Island Birds. Case Studies for the Management of Threatened Island Species. Symposium proceedings. ICBP Technical Publication No. 3, XVIII ICBP World Conference, Cambridhe, England."
119260576,22728712,Nesoenas duboisi,Reunion Pigeon,Columba duboisi,"Rattus rattus, Rattus norvegicus",Extinct,,"Rats, cats, human hunting",1,0,No,111,Rattus norvegicus,,"Atkinson IAE. 1985. The spread of commensal species of Rattus to oceanic islands and their effects on island avifaunas. Pages 35-81 in Moors PJ, editor. Conservation of Island Birds. Case Studies for the Management of Threatened Island Species. Symposium proceedings. ICBP Technical Publication No. 3, XVIII ICBP World Conference, Cambridhe, England."
179390191,22690392,Nesoenas mayeri,Pink Pigeon,"Columba mayeri, Streptopelia mayeri","Rattus rattus, Rattus norvegicus",Vulnerable,D1,Habitat loss,0,0,No,268,Rattus rattus,,"Atkinson IAE. 1985. The spread of commensal species of Rattus to oceanic islands and their effects on island avifaunas. Pages 35-81 in Moors PJ, editor. Conservation of Island Birds. Case Studies for the Management of Threatened Island Species. Symposium proceedings. ICBP Technical Publication No. 3, XVIII ICBP World Conference, Cambridhe, England."
179390191,22690392,Nesoenas mayeri,Pink Pigeon,"Columba mayeri, Streptopelia mayeri","Rattus rattus, Rattus norvegicus",Vulnerable,D1,Habitat loss,0,0,No,268,Rattus norvegicus,,"Atkinson IAE. 1985. The spread of commensal species of Rattus to oceanic islands and their effects on island avifaunas. Pages 35-81 in Moors PJ, editor. Conservation of Island Birds. Case Studies for the Management of Threatened Island Species. Symposium proceedings. ICBP Technical Publication No. 3, XVIII ICBP World Conference, Cambridhe, England."
119206485,22728722,Nesoenas rodericanus,Rodrigues Turtle-dove,Alectroenas rodericana,Rattus rattus,Extinct,,Rats,1,1,No,103,Rattus rattus,,
132649758,22698471,Nesofregetta fuliginosa,Polynesian Storm-petrel,,"Rattus exulans, Rattus rattus",Endangered,C2a(i),"Rats, cats",1,0,No,199,Rattus exulans,,
132649758,22698471,Nesofregetta fuliginosa,Polynesian Storm-petrel,,"Rattus exulans, Rattus rattus",Endangered,C2a(i),"Rats, cats",1,0,No,199,Rattus rattus,,
95121524,22735943,Nesospiza acunhae,Inaccessible Island Finch,,"Rattus, Mus musculus",Vulnerable,D2,"Rats, mice",1,1,Yes,340,Rattus,,
95121524,22735943,Nesospiza acunhae,Inaccessible Island Finch,,"Rattus, Mus musculus",Vulnerable,D2,"Rats, mice",1,1,Yes,340,Mus musculus,,
216083435,22684840,Nestor meridionalis,New Zealand Kaka,,Rattus norvegicus,Vulnerable,A2ce,"Habitat loss, human hunting",0,0,No,332,Rattus norvegicus,,
214276713,22704154,Notiomystis cincta,Stitchbird,,Rattus rattus,Vulnerable,D2,"Rats, disease",1,0,No,331,Rattus rattus,,
178964431,22694716,Onychoprion aleuticus,Aleutian Tern,Sterna aleutica,Rattus norvegicus,Vulnerable,A2bcde+3bcde+4cde,Unknown,0,0,No,258,Rattus norvegicus,,
130843089,22720809,Oreomystis bairdi,Akikiki,,"Rattus rattus, Rattus norvegicus, Rattus exulans",Critically Endangered,C2a(ii),Unknown,0,0,Yes,135,Rattus rattus,,"Atkinson IAE. 1985. The spread of commensal species of Rattus to oceanic islands and their effects on island avifaunas. Pages 35-81 in Moors PJ, editor. Conservation of Island Birds. Case Studies for the Management of Threatened Island Species. Symposium proceedings. ICBP Technical Publication No. 3, XVIII ICBP World Conference, Cambridhe, England."
130843089,22720809,Oreomystis bairdi,Akikiki,,"Rattus rattus, Rattus norvegicus, Rattus exulans",Critically Endangered,C2a(ii),Unknown,0,0,Yes,135,Rattus norvegicus,,"Atkinson IAE. 1985. The spread of commensal species of Rattus to oceanic islands and their effects on island avifaunas. Pages 35-81 in Moors PJ, editor. Conservation of Island Birds. Case Studies for the Management of Threatened Island Species. Symposium proceedings. ICBP Technical Publication No. 3, XVIII ICBP World Conference, Cambridhe, England."
130843089,22720809,Oreomystis bairdi,Akikiki,,"Rattus rattus, Rattus norvegicus, Rattus exulans",Critically Endangered,C2a(ii),Unknown,0,0,Yes,135,Rattus exulans,,"Atkinson IAE. 1985. The spread of commensal species of Rattus to oceanic islands and their effects on island avifaunas. Pages 35-81 in Moors PJ, editor. Conservation of Island Birds. Case Studies for the Management of Threatened Island Species. Symposium proceedings. ICBP Technical Publication No. 3, XVIII ICBP World Conference, Cambridhe, England."
216252040,22726273,Otidiphaps insularis,Black-naped Pheasant-pigeon,Otidiphaps nobilis,Rattus exulans,Critically Endangered,C2a(ii),Unknown,0,0,No,336,Rattus exulans,,
119090936,22688686,Otus capnodes,Anjouan Scops-owl,,Rattus rattus,Endangered,"B1ab(i,ii,iii,v)+2ab(i,ii,iii,v); C2a(ii)",Habitat loss,0,0,Yes,96,Rattus rattus,,
177971497,22688667,Otus insularis,Seychelles Scops-owl,,Rattus rattus,Critically Endangered,"B1ab(ii,iii,v); C2a(ii)",Unknown,0,0,Yes,248,Rattus rattus,,
118472254,22724585,Otus moheliensis,Moheli Scops-owl,,Rattus rattus,Endangered,"B1ab(i,ii,iii,v)+2ab(i,ii,iii,v); C2a(ii)",Habitat loss,0,0,No,89,Rattus rattus,"Norway rats possibly present. Atkinson 1985 in Table 2 for black and Norway rats states ""Rats present, Benson 1960; species unknown""","Louette, M. and Stevens, J., 1992. Conserving the endemic birds on the Comoro Islands, I: general considerations on survival prospects. Bird Conservation International, 2(1), pp.61-80."
179586821,22688694,Otus pauliani,Grand Comoro Scops-owl,,Rattus rattus,Endangered,"B1ab(i,ii,iii,v)+2ab(i,ii,iii,v); C2a(ii)",Habitat loss,0,0,No,270,Rattus rattus,"Norway rats possibly present. Atkinson 1985 in Table 2 for black and Norway rats states ""Rats present, Benson 1960; species unknown""","Louette, M. and Stevens, J., 1992. Conserving the endemic birds on the Comoro Islands, I: general considerations on survival prospects. Bird Conservation International, 2(1), pp.61-80."
94021921,22705510,Pachycephala jacquinoti,Tongan Whistler,,"Rattus exulans, Rattus rattus",Near Threatened,B1ab(iii);C2a(i);D2,Habitat loss,0,0,No,31,Rattus exulans,,
94021921,22705510,Pachycephala jacquinoti,Tongan Whistler,,"Rattus exulans, Rattus rattus",Near Threatened,B1ab(iii);C2a(i);D2,Habitat loss,0,0,No,31,Rattus rattus,,
198532259,104062579,Pachyptila macgillivrayi,MacGillivray's Prion,,"Rattus, Mus musculus",Critically Endangered,A3be+4be,"Rats, mice",1,1,Yes,310,Rattus,,
198532259,104062579,Pachyptila macgillivrayi,MacGillivray's Prion,,"Rattus, Mus musculus",Critically Endangered,A3be+4be,"Rats, mice",1,1,Yes,310,Mus musculus,,
182550979,22720855,Palmeria dolei,Akohekohe,,"Rattus rattus, Rattus norvegicus, Rattus exulans",Critically Endangered,"B1ab(i,ii,iii,v)","Habitat loss, disease",0,0,Yes,288,Rattus rattus,,"Atkinson IAE. 1985. The spread of commensal species of Rattus to oceanic islands and their effects on island avifaunas. Pages 35-81 in Moors PJ, editor. Conservation of Island Birds. Case Studies for the Management of Threatened Island Species. Symposium proceedings. ICBP Technical Publication No. 3, XVIII ICBP World Conference, Cambridhe, England."
182550979,22720855,Palmeria dolei,Akohekohe,,"Rattus rattus, Rattus norvegicus, Rattus exulans",Critically Endangered,"B1ab(i,ii,iii,v)","Habitat loss, disease",0,0,Yes,288,Rattus norvegicus,,"Atkinson IAE. 1985. The spread of commensal species of Rattus to oceanic islands and their effects on island avifaunas. Pages 35-81 in Moors PJ, editor. Conservation of Island Birds. Case Studies for the Management of Threatened Island Species. Symposium proceedings. ICBP Technical Publication No. 3, XVIII ICBP World Conference, Cambridhe, England."
182550979,22720855,Palmeria dolei,Akohekohe,,"Rattus rattus, Rattus norvegicus, Rattus exulans",Critically Endangered,"B1ab(i,ii,iii,v)","Habitat loss, disease",0,0,Yes,288,Rattus exulans,,"Atkinson IAE. 1985. The spread of commensal species of Rattus to oceanic islands and their effects on island avifaunas. Pages 35-81 in Moors PJ, editor. Conservation of Island Birds. Case Studies for the Management of Threatened Island Species. Symposium proceedings. ICBP Technical Publication No. 3, XVIII ICBP World Conference, Cambridhe, England."
216247017,22691071,Pampusana canifrons,Palau Ground-dove,"Alopecoenas canifrons, Gallicolumba canifrons","Rattus norvegicus, Rattus exulans",Endangered,C2a(i),"Rats, brown tree snake",1,0,Yes,333,Rattus norvegicus,,"Atkinson IAE. 1985. The spread of commensal species of Rattus to oceanic islands and their effects on island avifaunas. Pages 35-81 in Moors PJ, editor. Conservation of Island Birds. Case Studies for the Management of Threatened Island Species. Symposium proceedings. ICBP Technical Publication No. 3, XVIII ICBP World Conference, Cambridhe, England."
216247017,22691071,Pampusana canifrons,Palau Ground-dove,"Alopecoenas canifrons, Gallicolumba canifrons","Rattus norvegicus, Rattus exulans",Endangered,C2a(i),"Rats, brown tree snake",1,0,Yes,333,Rattus exulans,,"Atkinson IAE. 1985. The spread of commensal species of Rattus to oceanic islands and their effects on island avifaunas. Pages 35-81 in Moors PJ, editor. Conservation of Island Birds. Case Studies for the Management of Threatened Island Species. Symposium proceedings. ICBP Technical Publication No. 3, XVIII ICBP World Conference, Cambridhe, England."
129084352,22691030,Pampusana erythroptera,Polynesian Ground-dove,"Alopecoenas erythropterus, Gallicolumba erythroptera","Rattus rattus, Rattus exulans",Critically Endangered,C2a(ii),"Rats, cats, habitat loss, weather extreme",1,0,No,124,Rattus rattus,,
129084352,22691030,Pampusana erythroptera,Polynesian Ground-dove,"Alopecoenas erythropterus, Gallicolumba erythroptera","Rattus rattus, Rattus exulans",Critically Endangered,C2a(ii),"Rats, cats, habitat loss, weather extreme",1,0,No,124,Rattus exulans,,
172138008,22691024,Pampusana kubaryi,Caroline Ground-dove,"Alopecoenas kubaryi, Gallicolumba kubaryi","Rattus rattus, Rattus norvegicus, Rattus exulans",Endangered,C2a(i); D,"Rats, cats, human hunting",1,0,No,238,Rattus rattus,,"Atkinson IAE. 1985. The spread of commensal species of Rattus to oceanic islands and their effects on island avifaunas. Pages 35-81 in Moors PJ, editor. Conservation of Island Birds. Case Studies for the Management of Threatened Island Species. Symposium proceedings. ICBP Technical Publication No. 3, XVIII ICBP World Conference, Cambridhe, England."
172138008,22691024,Pampusana kubaryi,Caroline Ground-dove,"Alopecoenas kubaryi, Gallicolumba kubaryi","Rattus rattus, Rattus norvegicus, Rattus exulans",Endangered,C2a(i); D,"Rats, cats, human hunting",1,0,No,238,Rattus norvegicus,,"Atkinson IAE. 1985. The spread of commensal species of Rattus to oceanic islands and their effects on island avifaunas. Pages 35-81 in Moors PJ, editor. Conservation of Island Birds. Case Studies for the Management of Threatened Island Species. Symposium proceedings. ICBP Technical Publication No. 3, XVIII ICBP World Conference, Cambridhe, England."
172138008,22691024,Pampusana kubaryi,Caroline Ground-dove,"Alopecoenas kubaryi, Gallicolumba kubaryi","Rattus rattus, Rattus norvegicus, Rattus exulans",Endangered,C2a(i); D,"Rats, cats, human hunting",1,0,No,238,Rattus exulans,,"Atkinson IAE. 1985. The spread of commensal species of Rattus to oceanic islands and their effects on island avifaunas. Pages 35-81 in Moors PJ, editor. Conservation of Island Birds. Case Studies for the Management of Threatened Island Species. Symposium proceedings. ICBP Technical Publication No. 3, XVIII ICBP World Conference, Cambridhe, England."
93301654,22691056,Pampusana salamonis,Thick-billed Ground-dove,"Alopecoenas salamonis, Gallicolumba salamonis","Rattus rattus, Rattus exulans",Extinct,,"Rats, cats, dogs, pigs",1,0,No,9,Rattus rattus,,"Atkinson IAE. 1985. The spread of commensal species of Rattus to oceanic islands and their effects on island avifaunas. Pages 35-81 in Moors PJ, editor. Conservation of Island Birds. Case Studies for the Management of Threatened Island Species. Symposium proceedings. ICBP Technical Publication No. 3, XVIII ICBP World Conference, Cambridhe, England."
93301654,22691056,Pampusana salamonis,Thick-billed Ground-dove,"Alopecoenas salamonis, Gallicolumba salamonis","Rattus rattus, Rattus exulans",Extinct,,"Rats, cats, dogs, pigs",1,0,No,9,Rattus exulans,,"Atkinson IAE. 1985. The spread of commensal species of Rattus to oceanic islands and their effects on island avifaunas. Pages 35-81 in Moors PJ, editor. Conservation of Island Birds. Case Studies for the Management of Threatened Island Species. Symposium proceedings. ICBP Technical Publication No. 3, XVIII ICBP World Conference, Cambridhe, England."
131854908,22691047,Pampusana sanctaecrucis,Santa Cruz Ground-dove,"Alopecoenas sanctaecrucis, Gallicolumba sanctaecrucis",Rattus rattus,Endangered,D,Unknown,0,0,No,146,Rattus rattus,,
93300863,22691042,Pampusana stairi,Shy Ground-dove,,Rattus exulans,Vulnerable,C2a(i),Habitat loss,0,0,No,8,Rattus exulans,,
129449004,22692854,Pareudiastes pacificus,Samoan Moorhen,Gallinula pacifica,Rattus exulans,Critically Endangered,D,"Rats, cats",1,0,No,126,Rattus exulans,,"Atkinson IAE. 1985. The spread of commensal species of Rattus to oceanic islands and their effects on island avifaunas. Pages 35-81 in Moors PJ, editor. Conservation of Island Birds. Case Studies for the Management of Threatened Island Species. Symposium proceedings. ICBP Technical Publication No. 3, XVIII ICBP World Conference, Cambridhe, England."
179971538,22698280,Pelecanoides garnotii,Peruvian Diving-petrel,,"Rattus, Mus musculus",Near Threatened,B2b(iii),Unknown,0,0,No,273,Rattus,,
179971538,22698280,Pelecanoides garnotii,Peruvian Diving-petrel,,"Rattus, Mus musculus",Near Threatened,B2b(iii),Unknown,0,0,No,273,Mus musculus,,
155188651,155187257,Pelecanoides whenuahouensis,Whenua Hou Diving-petrel,Pelecanoides georgicus,"Rattus exulans, Rattus norvegicus",Critically Endangered,B2ab(iii),Unknown,0,0,Yes,224,Rattus exulans,,
155188651,155187257,Pelecanoides whenuahouensis,Whenua Hou Diving-petrel,Pelecanoides georgicus,"Rattus exulans, Rattus norvegicus",Critically Endangered,B2ab(iii),Unknown,0,0,Yes,224,Rattus norvegicus,,
157471309,103734824,Petroica multicolor,Norfolk Island Robin,,Rattus rattus,Endangered,C2a(ii),"Rats, habitat loss",1,0,Yes,233,Rattus rattus,,
209015125,22704831,Petroica traversi,Black Robin,,"Rattus rattus, Rattus norvegicus, Rattus exulans",Vulnerable,D1+2,"Rats, cats",1,0,No,317,Rattus rattus,,"Atkinson IAE. 1985. The spread of commensal species of Rattus to oceanic islands and their effects on island avifaunas. Pages 35-81 in Moors PJ, editor. Conservation of Island Birds. Case Studies for the Management of Threatened Island Species. Symposium proceedings. ICBP Technical Publication No. 3, XVIII ICBP World Conference, Cambridhe, England."
209015125,22704831,Petroica traversi,Black Robin,,"Rattus rattus, Rattus norvegicus, Rattus exulans",Vulnerable,D1+2,"Rats, cats",1,0,No,317,Rattus norvegicus,,"Atkinson IAE. 1985. The spread of commensal species of Rattus to oceanic islands and their effects on island avifaunas. Pages 35-81 in Moors PJ, editor. Conservation of Island Birds. Case Studies for the Management of Threatened Island Species. Symposium proceedings. ICBP Technical Publication No. 3, XVIII ICBP World Conference, Cambridhe, England."
209015125,22704831,Petroica traversi,Black Robin,,"Rattus rattus, Rattus norvegicus, Rattus exulans",Vulnerable,D1+2,"Rats, cats",1,0,No,317,Rattus exulans,,"Atkinson IAE. 1985. The spread of commensal species of Rattus to oceanic islands and their effects on island avifaunas. Pages 35-81 in Moors PJ, editor. Conservation of Island Birds. Case Studies for the Management of Threatened Island Species. Symposium proceedings. ICBP Technical Publication No. 3, XVIII ICBP World Conference, Cambridhe, England."
132595530,22696907,Phalacrocorax featherstoni,Pitt Island Shag,Stictocarbo featherstoni,"Rattus rattus, Rattus norvegicus",Endangered,A2bde+3bde+4bde; C1+2a(ii),Unknown,0,0,No,164,Rattus rattus,,
132595530,22696907,Phalacrocorax featherstoni,Pitt Island Shag,Stictocarbo featherstoni,"Rattus rattus, Rattus norvegicus",Endangered,A2bde+3bde+4bde; C1+2a(ii),Unknown,0,0,No,164,Rattus norvegicus,,
132191453,103730503,Philesturnus rufusater,North Island Saddleback,,Rattus norvegicus,Near Threatened,D2,Rats,0,0,No,153,Rattus norvegicus,,
132643073,22698365,Phoebastria immutabilis,Laysan Albatross,Diomedea immutabilis,Mus musculus,Near Threatened,A4bd,"Human hunting, fishing-bycatch",0,0,Yes,194,Mus musculus,,
132645596,22698431,Phoebetria fusca,Sooty Albatross,,"Rattus, Mus musculus",Endangered,A4bd,Fishing-bycatch,0,0,Yes,197,Rattus,,
132645596,22698431,Phoebetria fusca,Sooty Albatross,,"Rattus, Mus musculus",Endangered,A4bd,Fishing-bycatch,0,0,Yes,197,Mus musculus,,
132647449,22698448,Phoebetria palpebrata,Light-mantled Albatross,,"Rattus, Mus musculus",Near Threatened,A4bd,Fishing-bycatch,0,0,Yes,198,Rattus,,
132647449,22698448,Phoebetria palpebrata,Light-mantled Albatross,,"Rattus, Mus musculus",Near Threatened,A4bd,Fishing-bycatch,0,0,Yes,198,Mus musculus,,
94451811,22715412,Phylloscopus amoenus,Kolombangara Leaf-warbler,,"Rattus rattus, Rattus exulans",Vulnerable,D1+2,Natural disasters,0,0,No,53,Rattus rattus,Information used for Solomon Islands,"Atkinson IAE. 1985. The spread of commensal species of Rattus to oceanic islands and their effects on island avifaunas. Pages 35-81 in Moors PJ, editor. Conservation of Island Birds. Case Studies for the Management of Threatened Island Species. Symposium proceedings. ICBP Technical Publication No. 3, XVIII ICBP World Conference, Cambridhe, England."
94451811,22715412,Phylloscopus amoenus,Kolombangara Leaf-warbler,,"Rattus rattus, Rattus exulans",Vulnerable,D1+2,Natural disasters,0,0,No,53,Rattus exulans,Information used for Solomon Islands,"Atkinson IAE. 1985. The spread of commensal species of Rattus to oceanic islands and their effects on island avifaunas. Pages 35-81 in Moors PJ, editor. Conservation of Island Birds. Case Studies for the Management of Threatened Island Species. Symposium proceedings. ICBP Technical Publication No. 3, XVIII ICBP World Conference, Cambridhe, England."
176388594,22718925,Ploceus grandis,Giant Weaver,,Rattus rattus,Near Threatened,C2a(ii),Unknown,0,0,No,242,Rattus rattus,,
132072143,22707172,Pomarea dimidiata,Rarotonga Monarch,,Rattus rattus,Vulnerable,D1+2,Rats,1,1,Yes,151,Rattus rattus,,
95051671,22732926,Pomarea fluxa,Eiao Monarch,,"Rattus exulans, Rattus rattus",Extinct,,Rats,1,1,Yes,75,Rattus exulans,,
95051671,22732926,Pomarea fluxa,Eiao Monarch,,"Rattus exulans, Rattus rattus",Extinct,,Rats,1,1,Yes,75,Rattus rattus,,
210741049,22734320,Pomarea mendozae,Marquesas Monarch,,Rattus exulans,Endangered,D,Unknown,0,0,No,321,Rattus exulans,,
157473406,22732931,Pomarea mira,Ua Pou Monarch,,Rattus rattus,Critically Endangered,D,Unknown,0,0,No,234,Rattus rattus,,
173465740,22707178,Pomarea nigra,Tahiti Monarch,,Rattus rattus,Critically Endangered,B1ab(iii); D,Rats,1,1,Yes,239,Rattus rattus,,
95052074,22732936,Pomarea nukuhivae,Nuku Hiva Monarch,,Rattus rattus,Extinct,,"Rats, habitat loss",1,0,No,76,Rattus rattus,,
155462058,22707192,Pomarea whitneyi,Fatu Hiva Monarch,,Rattus rattus,Critically Endangered,"A2be+4be; B1ab(ii,v); C2a(i,ii); D",Rats,1,1,Yes,225,Rattus rattus,,
119207668,62263064,Porphyrio paepae,Marquesan Swamphen,,"Rattus rattus, Rattus norvegicus, Rattus exulans",Extinct,,"Rats, cats, human hunting",1,0,No,106,Rattus rattus,,"Atkinson IAE. 1985. The spread of commensal species of Rattus to oceanic islands and their effects on island avifaunas. Pages 35-81 in Moors PJ, editor. Conservation of Island Birds. Case Studies for the Management of Threatened Island Species. Symposium proceedings. ICBP Technical Publication No. 3, XVIII ICBP World Conference, Cambridhe, England."
119207668,62263064,Porphyrio paepae,Marquesan Swamphen,,"Rattus rattus, Rattus norvegicus, Rattus exulans",Extinct,,"Rats, cats, human hunting",1,0,No,106,Rattus norvegicus,,"Atkinson IAE. 1985. The spread of commensal species of Rattus to oceanic islands and their effects on island avifaunas. Pages 35-81 in Moors PJ, editor. Conservation of Island Birds. Case Studies for the Management of Threatened Island Species. Symposium proceedings. ICBP Technical Publication No. 3, XVIII ICBP World Conference, Cambridhe, England."
119207668,62263064,Porphyrio paepae,Marquesan Swamphen,,"Rattus rattus, Rattus norvegicus, Rattus exulans",Extinct,,"Rats, cats, human hunting",1,0,No,106,Rattus exulans,,"Atkinson IAE. 1985. The spread of commensal species of Rattus to oceanic islands and their effects on island avifaunas. Pages 35-81 in Moors PJ, editor. Conservation of Island Birds. Case Studies for the Management of Threatened Island Species. Symposium proceedings. ICBP Technical Publication No. 3, XVIII ICBP World Conference, Cambridhe, England."
132628887,22698140,Procellaria aequinoctialis,White-chinned Petrel,,Rattus rattus,Vulnerable,A4bcde,Fishing-bycatch,0,0,Yes,185,Rattus rattus,,
175348962,22698159,Procellaria cinerea,Grey Petrel,,"Rattus rattus, Rattus norvegicus, Mus musculus",Near Threatened,A2de+3de+4de,Fishing-bycatch,0,0,Yes,240,Rattus rattus,,
175348962,22698159,Procellaria cinerea,Grey Petrel,,"Rattus rattus, Rattus norvegicus, Mus musculus",Near Threatened,A2de+3de+4de,Fishing-bycatch,0,0,Yes,240,Rattus norvegicus,,
175348962,22698159,Procellaria cinerea,Grey Petrel,,"Rattus rattus, Rattus norvegicus, Mus musculus",Near Threatened,A2de+3de+4de,Fishing-bycatch,0,0,Yes,240,Mus musculus,,
132629374,22698150,Procellaria parkinsoni,Black Petrel,,"Rattus exulans, Rattus rattus",Vulnerable,D2,Fishing-bycatch,0,0,No,186,Rattus exulans,,
132629374,22698150,Procellaria parkinsoni,Black Petrel,,"Rattus exulans, Rattus rattus",Vulnerable,D2,Fishing-bycatch,0,0,No,186,Rattus rattus,,
132629809,22698155,Procellaria westlandica,Westland Petrel,,"Rattus rattus, Rattus norvegicus, Rattus exulans",Endangered,B2ab(iii),Unknown,0,0,No,187,Rattus rattus,,"Atkinson IAE. 1985. The spread of commensal species of Rattus to oceanic islands and their effects on island avifaunas. Pages 35-81 in Moors PJ, editor. Conservation of Island Birds. Case Studies for the Management of Threatened Island Species. Symposium proceedings. ICBP Technical Publication No. 3, XVIII ICBP World Conference, Cambridhe, England."
132629809,22698155,Procellaria westlandica,Westland Petrel,,"Rattus rattus, Rattus norvegicus, Rattus exulans",Endangered,B2ab(iii),Unknown,0,0,No,187,Rattus norvegicus,,"Atkinson IAE. 1985. The spread of commensal species of Rattus to oceanic islands and their effects on island avifaunas. Pages 35-81 in Moors PJ, editor. Conservation of Island Birds. Case Studies for the Management of Threatened Island Species. Symposium proceedings. ICBP Technical Publication No. 3, XVIII ICBP World Conference, Cambridhe, England."
132629809,22698155,Procellaria westlandica,Westland Petrel,,"Rattus rattus, Rattus norvegicus, Rattus exulans",Endangered,B2ab(iii),Unknown,0,0,No,187,Rattus exulans,,"Atkinson IAE. 1985. The spread of commensal species of Rattus to oceanic islands and their effects on island avifaunas. Pages 35-81 in Moors PJ, editor. Conservation of Island Birds. Case Studies for the Management of Threatened Island Species. Symposium proceedings. ICBP Technical Publication No. 3, XVIII ICBP World Conference, Cambridhe, England."
182672786,22731986,Progne modesta,Galapagos Martin,,"Rattus rattus, Rattus norvegicus",Endangered,C2a(i),Unknown,0,0,No,290,Rattus rattus,,"Atkinson IAE. 1985. The spread of commensal species of Rattus to oceanic islands and their effects on island avifaunas. Pages 35-81 in Moors PJ, editor. Conservation of Island Birds. Case Studies for the Management of Threatened Island Species. Symposium proceedings. ICBP Technical Publication No. 3, XVIII ICBP World Conference, Cambridhe, England."
182672786,22731986,Progne modesta,Galapagos Martin,,"Rattus rattus, Rattus norvegicus",Endangered,C2a(i),Unknown,0,0,No,290,Rattus norvegicus,,"Atkinson IAE. 1985. The spread of commensal species of Rattus to oceanic islands and their effects on island avifaunas. Pages 35-81 in Moors PJ, editor. Conservation of Island Birds. Case Studies for the Management of Threatened Island Species. Symposium proceedings. ICBP Technical Publication No. 3, XVIII ICBP World Conference, Cambridhe, England."
119208101,62289108,Prosobonia cancellata,Christmas Sandpiper,Prosobonia parvirostris,"Rattus rattus, Rattus norvegicus",Extinct,,"Rats, cats",1,0,No,108,Rattus rattus,,"Atkinson IAE. 1985. The spread of commensal species of Rattus to oceanic islands and their effects on island avifaunas. Pages 35-81 in Moors PJ, editor. Conservation of Island Birds. Case Studies for the Management of Threatened Island Species. Symposium proceedings. ICBP Technical Publication No. 3, XVIII ICBP World Conference, Cambridhe, England."
119208101,62289108,Prosobonia cancellata,Christmas Sandpiper,Prosobonia parvirostris,"Rattus rattus, Rattus norvegicus",Extinct,,"Rats, cats",1,0,No,108,Rattus norvegicus,,"Atkinson IAE. 1985. The spread of commensal species of Rattus to oceanic islands and their effects on island avifaunas. Pages 35-81 in Moors PJ, editor. Conservation of Island Birds. Case Studies for the Management of Threatened Island Species. Symposium proceedings. ICBP Technical Publication No. 3, XVIII ICBP World Conference, Cambridhe, England."
94996223,22728772,Prosobonia ellisi,Moorea Sandpiper,,"Rattus rattus, Rattus norvegicus, Rattus exulans",Extinct,,Rats,1,1,No,69,Rattus rattus,,"Palmas, P., Meyer, J.Y., Chailler, E., De Méringo, H., Vidal, E., Gaertner, J.C., Bambridge, R., Mooroa, T., Hurahutia, I., Teatiu, G. and Teatiu, S., 2023. Introduced rat assemblage affects feral cat threat to biodiversity in French Polynesian islands. Wildlife Research, 51, WR22052"
94996223,22728772,Prosobonia ellisi,Moorea Sandpiper,,"Rattus rattus, Rattus norvegicus, Rattus exulans",Extinct,,Rats,1,1,No,69,Rattus norvegicus,,"Palmas, P., Meyer, J.Y., Chailler, E., De Méringo, H., Vidal, E., Gaertner, J.C., Bambridge, R., Mooroa, T., Hurahutia, I., Teatiu, G. and Teatiu, S., 2023. Introduced rat assemblage affects feral cat threat to biodiversity in French Polynesian islands. Wildlife Research, 51, WR22052"
94996223,22728772,Prosobonia ellisi,Moorea Sandpiper,,"Rattus rattus, Rattus norvegicus, Rattus exulans",Extinct,,Rats,1,1,No,69,Rattus exulans,,"Palmas, P., Meyer, J.Y., Chailler, E., De Méringo, H., Vidal, E., Gaertner, J.C., Bambridge, R., Mooroa, T., Hurahutia, I., Teatiu, G. and Teatiu, S., 2023. Introduced rat assemblage affects feral cat threat to biodiversity in French Polynesian islands. Wildlife Research, 51, WR22052"
93396439,22693330,Prosobonia leucoptera,Tahiti Sandpiper,,"Rattus rattus, Rattus norvegicus, Rattus exulans",Extinct,,Rats,0,0,No,21,Rattus rattus,,"Meyer, J.Y. and Butaud, J.F., 2009. The impacts of rats on the endangered native flora of French Polynesia (Pacific Islands): drivers of plant extinction or coup de grâce species?. Biological Invasions, 11, pp.1569-1585. Atkinson, 1985. The spread of commensal species of Rattus to the oceanic islands and their effects on the islands avifauna"
93396439,22693330,Prosobonia leucoptera,Tahiti Sandpiper,,"Rattus rattus, Rattus norvegicus, Rattus exulans",Extinct,,Rats,0,0,No,21,Rattus norvegicus,,"Meyer, J.Y. and Butaud, J.F., 2009. The impacts of rats on the endangered native flora of French Polynesia (Pacific Islands): drivers of plant extinction or coup de grâce species?. Biological Invasions, 11, pp.1569-1585. Atkinson, 1985. The spread of commensal species of Rattus to the oceanic islands and their effects on the islands avifauna"
93396439,22693330,Prosobonia leucoptera,Tahiti Sandpiper,,"Rattus rattus, Rattus norvegicus, Rattus exulans",Extinct,,Rats,0,0,No,21,Rattus exulans,,"Meyer, J.Y. and Butaud, J.F., 2009. The impacts of rats on the endangered native flora of French Polynesia (Pacific Islands): drivers of plant extinction or coup de grâce species?. Biological Invasions, 11, pp.1569-1585. Atkinson, 1985. The spread of commensal species of Rattus to the oceanic islands and their effects on the islands avifauna"
95194072,62289271,Prosobonia parvirostris,Tuamotu Sandpiper,Prosobonia cancellata,Rattus rattus,Endangered,"B1ab(iii,v); C2a(ii)","Rats, stochastic, cats",1,0,Yes,79,Rattus rattus,,
132611797,22697896,Pseudobulweria aterrima,Mascarene Petrel,"Procellaria aterrima, Pterodroma aterrima",Rattus rattus,Critically Endangered,C2a(ii),"Rats, cats, artificial light",1,0,No,166,Rattus rattus,,
132612218,22697913,Pseudobulweria becki,Beck's Petrel,"Procellaria becki, Pterodroma becki","Rattus rattus, Rattus exulans",Critically Endangered,"C2a(i,ii)",Unknown,0,0,No,167,Rattus rattus,,
132612218,22697913,Pseudobulweria becki,Beck's Petrel,"Procellaria becki, Pterodroma becki","Rattus rattus, Rattus exulans",Critically Endangered,"C2a(i,ii)",Unknown,0,0,No,167,Rattus exulans,,
132613365,22697935,Pseudobulweria macgillivrayi,Fiji Petrel,"Pterodroma macgillivrayi, Thalassidroma macgillivrayi","Rattus rattus, Rattus norvegicus, Rattus exulans",Critically Endangered,"C2a(i,ii);D",Rats,1,1,No,169,Rattus rattus,,
132613365,22697935,Pseudobulweria macgillivrayi,Fiji Petrel,"Pterodroma macgillivrayi, Thalassidroma macgillivrayi","Rattus rattus, Rattus norvegicus, Rattus exulans",Critically Endangered,"C2a(i,ii);D",Rats,1,1,No,169,Rattus norvegicus,,
132613365,22697935,Pseudobulweria macgillivrayi,Fiji Petrel,"Pterodroma macgillivrayi, Thalassidroma macgillivrayi","Rattus rattus, Rattus norvegicus, Rattus exulans",Critically Endangered,"C2a(i,ii);D",Rats,1,1,No,169,Rattus exulans,,
132612667,22697925,Pseudobulweria rostrata,Tahiti Petrel,Pterodroma rostrata,"Rattus rattus, Rattus norvegicus, Rattus exulans",Near Threatened,A2bde+3bde+4bde,Cats,0,0,No,168,Rattus rattus,,"Atkinson IAE. 1985. The spread of commensal species of Rattus to oceanic islands and their effects on island avifaunas. Pages 35-81 in Moors PJ, editor. Conservation of Island Birds. Case Studies for the Management of Threatened Island Species. Symposium proceedings. ICBP Technical Publication No. 3, XVIII ICBP World Conference, Cambridhe, England."
132612667,22697925,Pseudobulweria rostrata,Tahiti Petrel,Pterodroma rostrata,"Rattus rattus, Rattus norvegicus, Rattus exulans",Near Threatened,A2bde+3bde+4bde,Cats,0,0,No,168,Rattus norvegicus,,"Atkinson IAE. 1985. The spread of commensal species of Rattus to oceanic islands and their effects on island avifaunas. Pages 35-81 in Moors PJ, editor. Conservation of Island Birds. Case Studies for the Management of Threatened Island Species. Symposium proceedings. ICBP Technical Publication No. 3, XVIII ICBP World Conference, Cambridhe, England."
132612667,22697925,Pseudobulweria rostrata,Tahiti Petrel,Pterodroma rostrata,"Rattus rattus, Rattus norvegicus, Rattus exulans",Near Threatened,A2bde+3bde+4bde,Cats,0,0,No,168,Rattus exulans,,"Atkinson IAE. 1985. The spread of commensal species of Rattus to oceanic islands and their effects on island avifaunas. Pages 35-81 in Moors PJ, editor. Conservation of Island Birds. Case Studies for the Management of Threatened Island Species. Symposium proceedings. ICBP Technical Publication No. 3, XVIII ICBP World Conference, Cambridhe, England."
94681687,22720753,Pseudonestor xanthophrys,Maui Parrotbill,,"Rattus rattus, Rattus norvegicus, Rattus exulans",Critically Endangered,B1ab(iii),Pigs,0,0,Yes,57,Rattus rattus,,"Atkinson IAE. 1985. The spread of commensal species of Rattus to oceanic islands and their effects on island avifaunas. Pages 35-81 in Moors PJ, editor. Conservation of Island Birds. Case Studies for the Management of Threatened Island Species. Symposium proceedings. ICBP Technical Publication No. 3, XVIII ICBP World Conference, Cambridhe, England."
94681687,22720753,Pseudonestor xanthophrys,Maui Parrotbill,,"Rattus rattus, Rattus norvegicus, Rattus exulans",Critically Endangered,B1ab(iii),Pigs,0,0,Yes,57,Rattus norvegicus,,"Atkinson IAE. 1985. The spread of commensal species of Rattus to oceanic islands and their effects on island avifaunas. Pages 35-81 in Moors PJ, editor. Conservation of Island Birds. Case Studies for the Management of Threatened Island Species. Symposium proceedings. ICBP Technical Publication No. 3, XVIII ICBP World Conference, Cambridhe, England."
94681687,22720753,Pseudonestor xanthophrys,Maui Parrotbill,,"Rattus rattus, Rattus norvegicus, Rattus exulans",Critically Endangered,B1ab(iii),Pigs,0,0,Yes,57,Rattus exulans,,"Atkinson IAE. 1985. The spread of commensal species of Rattus to oceanic islands and their effects on island avifaunas. Pages 35-81 in Moors PJ, editor. Conservation of Island Birds. Case Studies for the Management of Threatened Island Species. Symposium proceedings. ICBP Technical Publication No. 3, XVIII ICBP World Conference, Cambridhe, England."
126791352,22720734,Psittirostra psittacea,Ou,,"Rattus rattus, Rattus norvegicus, Rattus exulans",Critically Endangered,D,"Rats, habitat loss, disease",1,0,No,120,Rattus rattus,,"Atkinson IAE. 1985. The spread of commensal species of Rattus to oceanic islands and their effects on island avifaunas. Pages 35-81 in Moors PJ, editor. Conservation of Island Birds. Case Studies for the Management of Threatened Island Species. Symposium proceedings. ICBP Technical Publication No. 3, XVIII ICBP World Conference, Cambridhe, England."
126791352,22720734,Psittirostra psittacea,Ou,,"Rattus rattus, Rattus norvegicus, Rattus exulans",Critically Endangered,D,"Rats, habitat loss, disease",1,0,No,120,Rattus norvegicus,,"Atkinson IAE. 1985. The spread of commensal species of Rattus to oceanic islands and their effects on island avifaunas. Pages 35-81 in Moors PJ, editor. Conservation of Island Birds. Case Studies for the Management of Threatened Island Species. Symposium proceedings. ICBP Technical Publication No. 3, XVIII ICBP World Conference, Cambridhe, England."
126791352,22720734,Psittirostra psittacea,Ou,,"Rattus rattus, Rattus norvegicus, Rattus exulans",Critically Endangered,D,"Rats, habitat loss, disease",1,0,No,120,Rattus exulans,,"Atkinson IAE. 1985. The spread of commensal species of Rattus to oceanic islands and their effects on island avifaunas. Pages 35-81 in Moors PJ, editor. Conservation of Island Birds. Case Studies for the Management of Threatened Island Species. Symposium proceedings. ICBP Technical Publication No. 3, XVIII ICBP World Conference, Cambridhe, England."
183088698,22698001,Pterodroma alba,Phoenix Petrel,,Rattus exulans,Vulnerable,"A2bce; B2ab(ii,iv,v)",Cats,0,0,Yes,295,Rattus exulans,,
132618884,22698005,Pterodroma arminjoniana,Trindade Petrel,,Mus musculus,Vulnerable,D2,Cats,0,0,No,176,Mus musculus,,
132659355,22728442,Pterodroma atrata,Henderson Petrel,,Rattus exulans,Endangered,B2ab(v),Rats,1,1,Yes,206,Rattus exulans,,
132621225,22698035,Pterodroma baraui,Barau's Petrel,,"Rattus rattus, Rattus norvegicus",Endangered,B2ab(v),Cats,0,0,No,179,Rattus rattus,,"Atkinson IAE. 1985. The spread of commensal species of Rattus to oceanic islands and their effects on island avifaunas. Pages 35-81 in Moors PJ, editor. Conservation of Island Birds. Case Studies for the Management of Threatened Island Species. Symposium proceedings. ICBP Technical Publication No. 3, XVIII ICBP World Conference, Cambridhe, England."
132621225,22698035,Pterodroma baraui,Barau's Petrel,,"Rattus rattus, Rattus norvegicus",Endangered,B2ab(v),Cats,0,0,No,179,Rattus norvegicus,,"Atkinson IAE. 1985. The spread of commensal species of Rattus to oceanic islands and their effects on island avifaunas. Pages 35-81 in Moors PJ, editor. Conservation of Island Birds. Case Studies for the Management of Threatened Island Species. Symposium proceedings. ICBP Technical Publication No. 3, XVIII ICBP World Conference, Cambridhe, England."
132617265,22697987,Pterodroma brevipes,Collared Petrel,,"Rattus rattus, Rattus norvegicus",Vulnerable,C2a(i);D1,"Rats, mongoose",0,0,Yes,174,Rattus rattus,Information used for the Caribbean,"Cooper, R.G., 2008. A synopsis of rodent species in the Caribbean Islands, endemic and invasive. Living World, Journal of the Trinidad and Tobago Field Naturalists' Club."
132617265,22697987,Pterodroma brevipes,Collared Petrel,,"Rattus rattus, Rattus norvegicus",Vulnerable,C2a(i);D1,"Rats, mongoose",0,0,Yes,174,Rattus norvegicus,Information used for the Caribbean,"Cooper, R.G., 2008. A synopsis of rodent species in the Caribbean Islands, endemic and invasive. Living World, Journal of the Trinidad and Tobago Field Naturalists' Club."
132624115,22698088,Pterodroma cahow,Bermuda Petrel,,"Rattus rattus, Rattus norvegicus",Endangered,D,"Rats, dogs, pigs, cats, human hunting",1,0,No,181,Rattus rattus,,"Atkinson IAE. 1985. The spread of commensal species of Rattus to oceanic islands and their effects on island avifaunas. Pages 35-81 in Moors PJ, editor. Conservation of Island Birds. Case Studies for the Management of Threatened Island Species. Symposium proceedings. ICBP Technical Publication No. 3, XVIII ICBP World Conference, Cambridhe, England."
132624115,22698088,Pterodroma cahow,Bermuda Petrel,,"Rattus rattus, Rattus norvegicus",Endangered,D,"Rats, dogs, pigs, cats, human hunting",1,0,No,181,Rattus norvegicus,,"Atkinson IAE. 1985. The spread of commensal species of Rattus to oceanic islands and their effects on island avifaunas. Pages 35-81 in Moors PJ, editor. Conservation of Island Birds. Case Studies for the Management of Threatened Island Species. Symposium proceedings. ICBP Technical Publication No. 3, XVIII ICBP World Conference, Cambridhe, England."
132625182,22698097,Pterodroma caribbaea,Jamaican Petrel,,"Rattus rattus, Rattus norvegicus",Critically Endangered,D,"Rats, mongoose",1,0,Yes,183,Rattus rattus,,"Waugh, C.A., Lindo, J.F., Foronda, P., Angeles-Santana, M., Lorenzo-Morales, J. and Robinson, R.D., 2006. Population distribution and zoonotic potential of gastrointestinal helminths of wild rats Rattus rattus and R. norvegicus from Jamaica. The Journal of Parasitology, 92(5), pp.1014-1018."
132625182,22698097,Pterodroma caribbaea,Jamaican Petrel,,"Rattus rattus, Rattus norvegicus",Critically Endangered,D,"Rats, mongoose",1,0,Yes,183,Rattus norvegicus,,"Waugh, C.A., Lindo, J.F., Foronda, P., Angeles-Santana, M., Lorenzo-Morales, J. and Robinson, R.D., 2006. Population distribution and zoonotic potential of gastrointestinal helminths of wild rats Rattus rattus and R. norvegicus from Jamaica. The Journal of Parasitology, 92(5), pp.1014-1018."
132616449,22697975,Pterodroma cookii,Cook's Petrel,Pterodroma cooki,"Rattus exulans, Rattus rattus",Vulnerable,A2e; D2,"Rats, cats, introduced bird",1,0,Yes,172,Rattus exulans,,
132616449,22697975,Pterodroma cookii,Cook's Petrel,Pterodroma cooki,"Rattus exulans, Rattus rattus",Vulnerable,A2e; D2,"Rats, cats, introduced bird",1,0,Yes,172,Rattus rattus,,
132617737,22697990,Pterodroma defilippiana,Masatierra Petrel,,"Rattus rattus, Rattus norvegicus",Vulnerable,D2,Unknown,0,0,No,175,Rattus rattus,,"Atkinson IAE. 1985. The spread of commensal species of Rattus to oceanic islands and their effects on island avifaunas. Pages 35-81 in Moors PJ, editor. Conservation of Island Birds. Case Studies for the Management of Threatened Island Species. Symposium proceedings. ICBP Technical Publication No. 3, XVIII ICBP World Conference, Cambridhe, England."
132617737,22697990,Pterodroma defilippiana,Masatierra Petrel,,"Rattus rattus, Rattus norvegicus",Vulnerable,D2,Unknown,0,0,No,175,Rattus norvegicus,,"Atkinson IAE. 1985. The spread of commensal species of Rattus to oceanic islands and their effects on island avifaunas. Pages 35-81 in Moors PJ, editor. Conservation of Island Birds. Case Studies for the Management of Threatened Island Species. Symposium proceedings. ICBP Technical Publication No. 3, XVIII ICBP World Conference, Cambridhe, England."
132620783,22698030,Pterodroma externa,Juan Fernandez Petrel,,"Rattus norvegicus, Rattus, Mus musculus",Vulnerable,D2,"Rats, cats, goats, dogs",1,0,Yes,178,Rattus norvegicus,,
132620783,22698030,Pterodroma externa,Juan Fernandez Petrel,,"Rattus norvegicus, Rattus, Mus musculus",Vulnerable,D2,"Rats, cats, goats, dogs",1,0,Yes,178,Rattus,,
132620783,22698030,Pterodroma externa,Juan Fernandez Petrel,,"Rattus norvegicus, Rattus, Mus musculus",Vulnerable,D2,"Rats, cats, goats, dogs",1,0,Yes,178,Mus musculus,,
132655668,22728011,Pterodroma feae,Cape Verde Petrel,,"Rattus rattus, Rattus norvegicus",Near Threatened,D2,Cats,0,0,No,203,Rattus rattus,,"Hazevoet, C.J. and Masseti, M., 2011. On the history of the green monkey Chlorocebus sabaeus (L., 1766) in the Cape Verde Islands, with notes on other introduced mammals. Zoologia Caboverdiana, 2(1), pp.12-24."
132655668,22728011,Pterodroma feae,Cape Verde Petrel,,"Rattus rattus, Rattus norvegicus",Near Threatened,D2,Cats,0,0,No,203,Rattus norvegicus,,"Hazevoet, C.J. and Masseti, M., 2011. On the history of the green monkey Chlorocebus sabaeus (L., 1766) in the Cape Verde Islands, with notes on other introduced mammals. Zoologia Caboverdiana, 2(1), pp.12-24."
132624510,22698092,Pterodroma hasitata,Black-capped Petrel,,"Rattus rattus, Rattus norvegicus",Endangered,"B2ab(ii,iii,v)",Unknown,0,0,No,182,Rattus rattus,Information used for the Caribbean. Failed to find specific information for Haiti/Dominican (Hispaniola),"Cooper, R.G., 2008. A synopsis of rodent species in the Caribbean Islands, endemic and invasive. Living World, Journal of the Trinidad and Tobago Field Naturalists' Club."
132624510,22698092,Pterodroma hasitata,Black-capped Petrel,,"Rattus rattus, Rattus norvegicus",Endangered,"B2ab(ii,iii,v)",Unknown,0,0,No,182,Rattus norvegicus,Information used for the Caribbean. Failed to find specific information for Haiti/Dominican (Hispaniola),"Cooper, R.G., 2008. A synopsis of rodent species in the Caribbean Islands, endemic and invasive. Living World, Journal of the Trinidad and Tobago Field Naturalists' Club."
152715347,22698084,Pterodroma incerta,Atlantic Petrel,Procellaria incerta,"Rattus, Mus musculus",Endangered,B2ab(v),Mice,1,1,Yes,217,Rattus,,
152715347,22698084,Pterodroma incerta,Atlantic Petrel,Procellaria incerta,"Rattus, Mus musculus",Endangered,B2ab(v),Mice,1,1,Yes,217,Mus musculus,,
132615071,22697963,Pterodroma inexpectata,Mottled Petrel,,Rattus rattus,Near Threatened,B2b(iv); D2,Weather extreme,0,0,No,170,Rattus rattus,,
132615952,22697970,Pterodroma leucoptera,White-winged Petrel,,Rattus rattus,Vulnerable,"B2ab(ii,v); D2",Unknown,0,0,Yes,171,Rattus rattus,,
152684668,22697997,Pterodroma longirostris,Stejneger's Petrel,,"Rattus norvegicus, Mus musculus",Vulnerable,D2,"Rats, cats",1,0,No,216,Rattus norvegicus,,
152684668,22697997,Pterodroma longirostris,Stejneger's Petrel,,"Rattus norvegicus, Mus musculus",Vulnerable,D2,"Rats, cats",1,0,No,216,Mus musculus,,
132622973,22698062,Pterodroma madeira,Zino's Petrel,,Rattus rattus,Endangered,D,Unknown,0,0,Yes,180,Rattus rattus,,
131879320,22698049,Pterodroma magentae,Magenta Petrel,,Rattus rattus,Critically Endangered,A2ce,"Rats, pigs, cats, dogs, hedgehogs, bird other introduced, possums",1,0,Yes,147,Rattus rattus,,
132619647,22698020,Pterodroma phaeopygia,Galapagos Petrel,,"Rattus rattus, Rattus norvegicus",Critically Endangered,A2bce,Rats,1,1,Yes,177,Rattus rattus,,
132619647,22698020,Pterodroma phaeopygia,Galapagos Petrel,,"Rattus rattus, Rattus norvegicus",Critically Endangered,A2bce,Rats,1,1,Yes,177,Rattus norvegicus,,
132616888,22697984,Pterodroma pycrofti,Pycroft's Petrel,,Rattus exulans,Vulnerable,D2,Rats,1,1,Yes,173,Rattus exulans,,
132378813,22698017,Pterodroma sandwichensis,Hawaiian Petrel,,"Rattus rattus, Rattus norvegicus, Rattus exulans",Endangered,A3bce+4bce,"Rats, human hunting, mongooses, cats, barn owls, dogs, pigs",1,0,Yes,155,Rattus rattus,,"Atkinson IAE. 1985. The spread of commensal species of Rattus to oceanic islands and their effects on island avifaunas. Pages 35-81 in Moors PJ, editor. Conservation of Island Birds. Case Studies for the Management of Threatened Island Species. Symposium proceedings. ICBP Technical Publication No. 3, XVIII ICBP World Conference, Cambridhe, England."
132378813,22698017,Pterodroma sandwichensis,Hawaiian Petrel,,"Rattus rattus, Rattus norvegicus, Rattus exulans",Endangered,A3bce+4bce,"Rats, human hunting, mongooses, cats, barn owls, dogs, pigs",1,0,Yes,155,Rattus norvegicus,,"Atkinson IAE. 1985. The spread of commensal species of Rattus to oceanic islands and their effects on island avifaunas. Pages 35-81 in Moors PJ, editor. Conservation of Island Birds. Case Studies for the Management of Threatened Island Species. Symposium proceedings. ICBP Technical Publication No. 3, XVIII ICBP World Conference, Cambridhe, England."
132378813,22698017,Pterodroma sandwichensis,Hawaiian Petrel,,"Rattus rattus, Rattus norvegicus, Rattus exulans",Endangered,A3bce+4bce,"Rats, human hunting, mongooses, cats, barn owls, dogs, pigs",1,0,Yes,155,Rattus exulans,,"Atkinson IAE. 1985. The spread of commensal species of Rattus to oceanic islands and their effects on island avifaunas. Pages 35-81 in Moors PJ, editor. Conservation of Island Birds. Case Studies for the Management of Threatened Island Species. Symposium proceedings. ICBP Technical Publication No. 3, XVIII ICBP World Conference, Cambridhe, England."
131388042,60760066,Ptilinopus chrysogaster,Raiatea Fruit-dove,,"Rattus exulans, Rattus rattus",Endangered,B1ab(iii),Bird other introduced,0,0,No,144,Rattus exulans,,
131388042,60760066,Ptilinopus chrysogaster,Raiatea Fruit-dove,,"Rattus exulans, Rattus rattus",Endangered,B1ab(iii),Bird other introduced,0,0,No,144,Rattus rattus,,
93313817,22691480,Ptilinopus coralensis,Atoll Fruit-dove,,Rattus rattus,Near Threatened,"B1ab(ii,iv,v)","Rats, hunting, habitat loss",1,0,No,10,Rattus rattus,,
131333951,22691470,Ptilinopus huttoni,Rapa Fruit-dove,,Rattus exulans,Critically Endangered,C2a(ii),"Goats, cattle, fire, deforestation",0,0,No,143,Rattus exulans,,
93314660,22691495,Ptilinopus mercierii,Red-moustached Fruit-dove,,"Rattus rattus, Rattus norvegicus, Rattus exulans",Extinct,,"Rats, cats, owls",1,0,No,11,Rattus rattus,,"Atkinson IAE. 1985. The spread of commensal species of Rattus to oceanic islands and their effects on island avifaunas. Pages 35-81 in Moors PJ, editor. Conservation of Island Birds. Case Studies for the Management of Threatened Island Species. Symposium proceedings. ICBP Technical Publication No. 3, XVIII ICBP World Conference, Cambridhe, England."
93314660,22691495,Ptilinopus mercierii,Red-moustached Fruit-dove,,"Rattus rattus, Rattus norvegicus, Rattus exulans",Extinct,,"Rats, cats, owls",1,0,No,11,Rattus norvegicus,,"Atkinson IAE. 1985. The spread of commensal species of Rattus to oceanic islands and their effects on island avifaunas. Pages 35-81 in Moors PJ, editor. Conservation of Island Birds. Case Studies for the Management of Threatened Island Species. Symposium proceedings. ICBP Technical Publication No. 3, XVIII ICBP World Conference, Cambridhe, England."
93314660,22691495,Ptilinopus mercierii,Red-moustached Fruit-dove,,"Rattus rattus, Rattus norvegicus, Rattus exulans",Extinct,,"Rats, cats, owls",1,0,No,11,Rattus exulans,,"Atkinson IAE. 1985. The spread of commensal species of Rattus to oceanic islands and their effects on island avifaunas. Pages 35-81 in Moors PJ, editor. Conservation of Island Birds. Case Studies for the Management of Threatened Island Species. Symposium proceedings. ICBP Technical Publication No. 3, XVIII ICBP World Conference, Cambridhe, England."
180893939,22694903,Ptychoramphus aleuticus,Cassin's Auklet,,"Rattus rattus, Rattus norvegicus",Near Threatened,A2abce+3bce+4abce,"Rats, cats, raccoons, mink, foxes",1,0,Yes,280,Rattus rattus,,
180893939,22694903,Ptychoramphus aleuticus,Cassin's Auklet,,"Rattus rattus, Rattus norvegicus",Near Threatened,A2abce+3bce+4abce,"Rats, cats, raccoons, mink, foxes",1,0,Yes,280,Rattus norvegicus,,
132638930,22698272,Puffinus bannermani,Bannerman's Shearwater,,Rattus rattus,Endangered,B2ab(v),Rats,1,1,No,191,Rattus rattus,,
132254426,45354718,Puffinus bryani,Bryan's Shearwater,,Rattus rattus,Critically Endangered,"C2a(i,ii)",Rats,1,1,Yes,154,Rattus rattus,,
132639135,22698277,Puffinus heinrothi,Heinroth's Shearwater,,"Rattus rattus, Rattus norvegicus, Rattus exulans",Vulnerable,D1+2,"Rats, cats, dogs",1,0,No,192,Rattus rattus,,"Brown, P.R., Aplin, K.P., Hinds, L.A., Jacob, J., Thomas, S.E. and Ritchie, B.J., 2018. Rodent management issues in South Pacific islands: a review with case studies from Papua New Guinea and Vanuatu. Wildlife Research, 44(8), pp.587-602."
132639135,22698277,Puffinus heinrothi,Heinroth's Shearwater,,"Rattus rattus, Rattus norvegicus, Rattus exulans",Vulnerable,D1+2,"Rats, cats, dogs",1,0,No,192,Rattus norvegicus,,"Brown, P.R., Aplin, K.P., Hinds, L.A., Jacob, J., Thomas, S.E. and Ritchie, B.J., 2018. Rodent management issues in South Pacific islands: a review with case studies from Papua New Guinea and Vanuatu. Wildlife Research, 44(8), pp.587-602."
132639135,22698277,Puffinus heinrothi,Heinroth's Shearwater,,"Rattus rattus, Rattus norvegicus, Rattus exulans",Vulnerable,D1+2,"Rats, cats, dogs",1,0,No,192,Rattus exulans,,"Brown, P.R., Aplin, K.P., Hinds, L.A., Jacob, J., Thomas, S.E. and Ritchie, B.J., 2018. Rodent management issues in South Pacific islands: a review with case studies from Papua New Guinea and Vanuatu. Wildlife Research, 44(8), pp.587-602."
132658315,22728432,Puffinus mauretanicus,Balearic Shearwater,,"Rattus rattus, Rattus norvegicus",Critically Endangered,A4bcde,Fishing-bycatch,0,0,No,205,Rattus rattus,,
132658315,22728432,Puffinus mauretanicus,Balearic Shearwater,,"Rattus rattus, Rattus norvegicus",Critically Endangered,A4bcde,Fishing-bycatch,0,0,No,205,Rattus norvegicus,,
132468877,132468585,Puffinus myrtae,Rapa Shearwater,"Puffinus assimilis, Puffinus newelli",Rattus exulans,Critically Endangered,C2a(ii),Unknown,0,0,Yes,159,Rattus exulans,,
152723568,132467692,Puffinus newelli,Newell's Shearwater,,"Rattus exulans, Rattus rattus, Rattus norvegicus, Mus musculus",Critically Endangered,A3bce+4bce,"Rats, mice, cats, owls",1,0,Yes,218,Rattus exulans,,
152723568,132467692,Puffinus newelli,Newell's Shearwater,,"Rattus exulans, Rattus rattus, Rattus norvegicus, Mus musculus",Critically Endangered,A3bce+4bce,"Rats, mice, cats, owls",1,0,Yes,218,Rattus rattus,,
152723568,132467692,Puffinus newelli,Newell's Shearwater,,"Rattus exulans, Rattus rattus, Rattus norvegicus, Mus musculus",Critically Endangered,A3bce+4bce,"Rats, mice, cats, owls",1,0,Yes,218,Rattus norvegicus,,
152723568,132467692,Puffinus newelli,Newell's Shearwater,,"Rattus exulans, Rattus rattus, Rattus norvegicus, Mus musculus",Critically Endangered,A3bce+4bce,"Rats, mice, cats, owls",1,0,Yes,218,Mus musculus,,
117364166,22698246,Puffinus opisthomelas,Black-vented Shearwater,,Rodentia,Near Threatened,"A2cde; B2b(ii,iii)",Cats,0,0,Yes,88,Rodentia,,
132637221,22698230,Puffinus yelkouan,Yelkouan Shearwater,,Rattus rattus,Vulnerable,A4bcde,"Rats, fishing-bycatch, cats",1,0,Yes,190,Rattus rattus,,
119211257,103682916,Pyrocephalus dubius,Least Vermilion Flycatcher,,Rattus rattus,Extinct,,"Rats, introduced insect, disease",1,0,No,109,Rattus rattus,,"Atkinson IAE. 1985. The spread of commensal species of Rattus to oceanic islands and their effects on island avifaunas. Pages 35-81 in Moors PJ, editor. Conservation of Island Birds. Case Studies for the Management of Threatened Island Species. Symposium proceedings. ICBP Technical Publication No. 3, XVIII ICBP World Conference, Cambridhe, England."
205920049,22720676,Pyrrhula murina,Azores Bullfinch,,"Rattus rattus, Rattus norvegicus",Vulnerable,D1+2,Habitat loss,0,0,No,315,Rattus rattus,,"Mathias, M.D.L., Ramalhinho, M.G., Santos-Reis, M., Petrucci-Fonseca, F., Libois, R., Fons, R., Ferraz De Carvalho, G., Oom, M.D.M. and Collares-Pereira, M., 1998. Mammals from the Azores islands (Portugal): an updated overview."
205920049,22720676,Pyrrhula murina,Azores Bullfinch,,"Rattus rattus, Rattus norvegicus",Vulnerable,D1+2,Habitat loss,0,0,No,315,Rattus norvegicus,,"Mathias, M.D.L., Ramalhinho, M.G., Santos-Reis, M., Petrucci-Fonseca, F., Libois, R., Fons, R., Ferraz De Carvalho, G., Oom, M.D.M. and Collares-Pereira, M., 1998. Mammals from the Azores islands (Portugal): an updated overview."
199129240,22692482,Rallus semiplumbeus,Bogota Rail,,"Rattus rattus, Rattus norvegicus",Vulnerable,"B1ab(ii,iii,iv,v)+2ab(ii,iii,iv,v); C2a(i)",Habitat loss,0,0,No,312,Rattus rattus,Information used for Colombia,"Valencia, D., Elias, D.J. and Ospina, J.A., 1994. Rodent pests in Colombian agriculture. In Proceedings of the Vertebrate Pest Conference (Vol. 16, No. 16)."
199129240,22692482,Rallus semiplumbeus,Bogota Rail,,"Rattus rattus, Rattus norvegicus",Vulnerable,"B1ab(ii,iii,iv,v)+2ab(ii,iii,iv,v); C2a(i)",Habitat loss,0,0,No,312,Rattus norvegicus,Information used for Colombia,"Valencia, D., Elias, D.J. and Ospina, J.A., 1994. Rodent pests in Colombian agriculture. In Proceedings of the Vertebrate Pest Conference (Vol. 16, No. 16)."
179788434,22711137,Ramphocinclus brachyurus,White-breasted Thrasher,,"Rattus rattus, Rattus norvegicus",Endangered,"A2c+3c+4c; B1ab(i,ii,iii,v)",Habitat loss,0,0,Yes,272,Rattus rattus,,"Krauss, U., 2010. Invasive alien species management in St. Lucia and Caribbean partner countries. In Actes du Colloque Biodiversité insulaire: la flore, la faune et l’homme dans les Petites Antilles, Martinique (pp. 196-206)."
179788434,22711137,Ramphocinclus brachyurus,White-breasted Thrasher,,"Rattus rattus, Rattus norvegicus",Endangered,"A2c+3c+4c; B1ab(i,ii,iii,v)",Habitat loss,0,0,Yes,272,Rattus norvegicus,,"Krauss, U., 2010. Invasive alien species management in St. Lucia and Caribbean partner countries. In Actes du Colloque Biodiversité insulaire: la flore, la faune et l’homme dans les Petites Antilles, Martinique (pp. 196-206)."
94097314,22706921,Rhipidura semirubra,Manus Fantail,,"Rattus rattus, Rattus exulans",Vulnerable,D2,Unknown,0,0,No,35,Rattus rattus,,"Pine, R.H., Mack, A.L. and Timm, R.M., 2017. Marsupials and rodents of the Admiralty Islands, Papua New Guinea. Museum of Texas Tech University Number 352"
94097314,22706921,Rhipidura semirubra,Manus Fantail,,"Rattus rattus, Rattus exulans",Vulnerable,D2,Unknown,0,0,No,35,Rattus exulans,,"Pine, R.H., Mack, A.L. and Timm, R.M., 2017. Marsupials and rodents of the Admiralty Islands, Papua New Guinea. Museum of Texas Tech University Number 352"
156666402,22692211,Rhynochetos jubatus,Kagu,,"Rattus rattus, Rattus norvegicus, Rattus exulans",Endangered,A3e+4ad; C2a(i),Dogs,0,0,Yes,231,Rattus rattus,,"Atkinson IAE. 1985. The spread of commensal species of Rattus to oceanic islands and their effects on island avifaunas. Pages 35-81 in Moors PJ, editor. Conservation of Island Birds. Case Studies for the Management of Threatened Island Species. Symposium proceedings. ICBP Technical Publication No. 3, XVIII ICBP World Conference, Cambridhe, England."
156666402,22692211,Rhynochetos jubatus,Kagu,,"Rattus rattus, Rattus norvegicus, Rattus exulans",Endangered,A3e+4ad; C2a(i),Dogs,0,0,Yes,231,Rattus norvegicus,,"Atkinson IAE. 1985. The spread of commensal species of Rattus to oceanic islands and their effects on island avifaunas. Pages 35-81 in Moors PJ, editor. Conservation of Island Birds. Case Studies for the Management of Threatened Island Species. Symposium proceedings. ICBP Technical Publication No. 3, XVIII ICBP World Conference, Cambridhe, England."
156666402,22692211,Rhynochetos jubatus,Kagu,,"Rattus rattus, Rattus norvegicus, Rattus exulans",Endangered,A3e+4ad; C2a(i),Dogs,0,0,Yes,231,Rattus exulans,,"Atkinson IAE. 1985. The spread of commensal species of Rattus to oceanic islands and their effects on island avifaunas. Pages 35-81 in Moors PJ, editor. Conservation of Island Birds. Case Studies for the Management of Threatened Island Species. Symposium proceedings. ICBP Technical Publication No. 3, XVIII ICBP World Conference, Cambridhe, England."
182554475,22682531,Rhyticeros narcondami,Narcondam Hornbill,Aceros narcondami,Rattus rattus,Vulnerable,D1+2,Unknown,0,0,No,289,Rattus rattus,"Rattus cf. tiomanicus is introduced, Rattus rattus is native","Raman, T.S., Mudappa, D., Khan, T., Mistry, U., Saxena, A., Varma, K., Ekka, N., Lenin, J. and Whitaker, R., 2013. An expedition to Narcondam: observations of marine and terrestrial fauna including the island-endemic hornbill. Current Science, pp.346-360; Naniwadekar, R., Taneja, Y., Page, N., Gopal, A. and Ghuman, S., 2024. Should the Narcondam Hornbill be introduced on other islands in the Andaman archipelago?. Global Ecology and Conservation, 51, p.e02928.; Five rats, Rattus r. andamanensis (Middle Andaman, South Andaman, Barren, Narcondam), R. Taltus flebilis (Henry-lawrence), R. r. atridorsum (Barren), R. stoicus (Henrylawrence) and R. taciturnus (South Andaman) are endemic species of Andamans."
119142383,22723149,Rowettia goughensis,Gough Island Finch,Nesospiza goughensis,Mus musculus,Critically Endangered,"B1ab(ii,iii,v)",Mice,1,1,Yes,98,Mus musculus,,
205920538,22710177,Saxicola dacotiae,Fuerteventura Stonechat,,"Rattus, Rattus rattus",Near Threatened,"B1b(ii,iii)+2b(ii,iii); C2a(ii)",Habitat loss,0,0,No,316,Rattus,,
205920538,22710177,Saxicola dacotiae,Fuerteventura Stonechat,,"Rattus, Rattus rattus",Near Threatened,"B1b(ii,iii)+2b(ii,iii); C2a(ii)",Habitat loss,0,0,No,316,Rattus rattus,,
179402328,22687863,Sephanoides fernandensis,Juan Fernandez Firecrown,,"Rattus rattus, Rattus norvegicus",Critically Endangered,"B1ab(ii,iii)","Habitat loss, rabbits",0,0,Yes,269,Rattus rattus,,"Atkinson IAE. 1985. The spread of commensal species of Rattus to oceanic islands and their effects on island avifaunas. Pages 35-81 in Moors PJ, editor. Conservation of Island Birds. Case Studies for the Management of Threatened Island Species. Symposium proceedings. ICBP Technical Publication No. 3, XVIII ICBP World Conference, Cambridhe, England."
179402328,22687863,Sephanoides fernandensis,Juan Fernandez Firecrown,,"Rattus rattus, Rattus norvegicus",Critically Endangered,"B1ab(ii,iii)","Habitat loss, rabbits",0,0,Yes,269,Rattus norvegicus,,"Atkinson IAE. 1985. The spread of commensal species of Rattus to oceanic islands and their effects on island avifaunas. Pages 35-81 in Moors PJ, editor. Conservation of Island Birds. Case Studies for the Management of Threatened Island Species. Symposium proceedings. ICBP Technical Publication No. 3, XVIII ICBP World Conference, Cambridhe, England."
178420953,22689738,Siphonorhis americana,Jamaican Poorwill,Siphonorhis americanus,"Rattus rattus, Rattus norvegicus",Critically Endangered,D,"Rats, mongoose",1,0,No,252,Rattus rattus,,
178420953,22689738,Siphonorhis americana,Jamaican Poorwill,Siphonorhis americanus,"Rattus rattus, Rattus norvegicus",Critically Endangered,D,"Rats, mongoose",1,0,No,252,Rattus norvegicus,,
178049869,22689751,Siphonorhis brewsteri,Least Poorwill,,"Rattus rattus, Rattus norvegicus",Near Threatened,C2a(i),Unknown,0,0,No,249,Rattus rattus,,
178049869,22689751,Siphonorhis brewsteri,Least Poorwill,,"Rattus rattus, Rattus norvegicus",Near Threatened,C2a(i),Unknown,0,0,No,249,Rattus norvegicus,,
182714418,22697817,Spheniscus humboldti,Humboldt Penguin,,"Rattus rattus, Rattus norvegicus",Vulnerable,A2bcde+3bcde+4bcde,Unknown,0,0,Yes,291,Rattus rattus,,
182714418,22697817,Spheniscus humboldti,Humboldt Penguin,,"Rattus rattus, Rattus norvegicus",Vulnerable,A2bcde+3bcde+4bcde,Unknown,0,0,Yes,291,Rattus norvegicus,,
182729677,22697825,Spheniscus mendiculus,Galapagos Penguin,,"Rattus rattus, Rattus norvegicus",Endangered,"A2abce; B2ab(iii,v); C2a(ii)",Unknown,0,0,No,292,Rattus rattus,,"Atkinson IAE. 1985. The spread of commensal species of Rattus to oceanic islands and their effects on island avifaunas. Pages 35-81 in Moors PJ, editor. Conservation of Island Birds. Case Studies for the Management of Threatened Island Species. Symposium proceedings. ICBP Technical Publication No. 3, XVIII ICBP World Conference, Cambridhe, England."
182729677,22697825,Spheniscus mendiculus,Galapagos Penguin,,"Rattus rattus, Rattus norvegicus",Endangered,"A2abce; B2ab(iii,v); C2a(ii)",Unknown,0,0,No,292,Rattus norvegicus,,"Atkinson IAE. 1985. The spread of commensal species of Rattus to oceanic islands and their effects on island avifaunas. Pages 35-81 in Moors PJ, editor. Conservation of Island Birds. Case Studies for the Management of Threatened Island Species. Symposium proceedings. ICBP Technical Publication No. 3, XVIII ICBP World Conference, Cambridhe, England."
155620380,22694607,Sterna striata,White-fronted Tern,,"Rattus rattus, Rattus norvegicus, Rattus exulans",Near Threatened,A2ce+3ce+4ce,"Rats, cats, hedgehogs, stoats",1,0,No,227,Rattus rattus,,"Atkinson IAE. 1985. The spread of commensal species of Rattus to oceanic islands and their effects on island avifaunas. Pages 35-81 in Moors PJ, editor. Conservation of Island Birds. Case Studies for the Management of Threatened Island Species. Symposium proceedings. ICBP Technical Publication No. 3, XVIII ICBP World Conference, Cambridhe, England."
155620380,22694607,Sterna striata,White-fronted Tern,,"Rattus rattus, Rattus norvegicus, Rattus exulans",Near Threatened,A2ce+3ce+4ce,"Rats, cats, hedgehogs, stoats",1,0,No,227,Rattus norvegicus,,"Atkinson IAE. 1985. The spread of commensal species of Rattus to oceanic islands and their effects on island avifaunas. Pages 35-81 in Moors PJ, editor. Conservation of Island Birds. Case Studies for the Management of Threatened Island Species. Symposium proceedings. ICBP Technical Publication No. 3, XVIII ICBP World Conference, Cambridhe, England."
155620380,22694607,Sterna striata,White-fronted Tern,,"Rattus rattus, Rattus norvegicus, Rattus exulans",Near Threatened,A2ce+3ce+4ce,"Rats, cats, hedgehogs, stoats",1,0,No,227,Rattus exulans,,"Atkinson IAE. 1985. The spread of commensal species of Rattus to oceanic islands and their effects on island avifaunas. Pages 35-81 in Moors PJ, editor. Conservation of Island Birds. Case Studies for the Management of Threatened Island Species. Symposium proceedings. ICBP Technical Publication No. 3, XVIII ICBP World Conference, Cambridhe, England."
129751169,22685245,Strigops habroptila,Kakapo,,"Rattus rattus, Rattus exulans",Critically Endangered,A2be,"Rats, cats, stoats",1,0,No,130,Rattus rattus,,
129751169,22685245,Strigops habroptila,Kakapo,,"Rattus rattus, Rattus exulans",Critically Endangered,A2be,"Rats, cats, stoats",1,0,No,130,Rattus exulans,,
179078444,22694887,Synthliboramphus craveri,Craveri's Murrelet,Brachyramphus craveri,"Rattus, Mus musculus",Vulnerable,C2a(ii),"Rats, mice, cats",1,0,No,261,Rattus,,
179078444,22694887,Synthliboramphus craveri,Craveri's Murrelet,Brachyramphus craveri,"Rattus, Mus musculus",Vulnerable,C2a(ii),"Rats, mice, cats",1,0,No,261,Mus musculus,,
132673655,62101215,Synthliboramphus hypoleucus,Guadalupe Murrelet,,Rattus rattus,Endangered,"B2ab(iv,v)","Rats, cats",1,0,Yes,208,Rattus rattus,,
178995789,62101249,Synthliboramphus scrippsi,Scripps’s murrelet,Synthliboramphus hypoleucus scrippsi,"Rattus rattus, Mus musculus, Peromyscus maniculatus",Vulnerable,"B2ab(iv,v)","Rats, mice, deer mice, cats, foxes, owl",1,0,Yes,260,Rattus rattus,,
178995789,62101249,Synthliboramphus scrippsi,Scripps’s murrelet,Synthliboramphus hypoleucus scrippsi,"Rattus rattus, Mus musculus, Peromyscus maniculatus",Vulnerable,"B2ab(iv,v)","Rats, mice, deer mice, cats, foxes, owl",1,0,Yes,260,Mus musculus,,
178995789,62101249,Synthliboramphus scrippsi,Scripps’s murrelet,Synthliboramphus hypoleucus scrippsi,"Rattus rattus, Mus musculus, Peromyscus maniculatus",Vulnerable,"B2ab(iv,v)","Rats, mice, deer mice, cats, foxes, owl",1,0,Yes,260,Peromyscus maniculatus,,
132580332,22694899,Synthliboramphus wumizusume,Japanese Murrelet,,"Rattus norvegicus, Rattus",Vulnerable,C2a(ii),"Human hunting, fishing-bycatch",0,0,Yes,162,Rattus norvegicus,,
132580332,22694899,Synthliboramphus wumizusume,Japanese Murrelet,,"Rattus norvegicus, Rattus",Vulnerable,C2a(ii),"Human hunting, fishing-bycatch",0,0,Yes,162,Rattus,,
152189168,22712086,Tachycineta euchrysea,Golden Swallow,Kalochelidon euchrysea,"Rattus rattus, Rattus norvegicus",Vulnerable,C2a(i),Habitat loss,0,0,No,213,Rattus rattus,,"Cooper, R.G., 2008. A synopsis of rodent species in the Caribbean Islands, endemic and invasive. Living World, Journal of the Trinidad and Tobago Field Naturalists' Club."
152189168,22712086,Tachycineta euchrysea,Golden Swallow,Kalochelidon euchrysea,"Rattus rattus, Rattus norvegicus",Vulnerable,C2a(i),Habitat loss,0,0,No,213,Rattus norvegicus,,"Cooper, R.G., 2008. A synopsis of rodent species in the Caribbean Islands, endemic and invasive. Living World, Journal of the Trinidad and Tobago Field Naturalists' Club."
130854185,22720722,Telespiza ultima,Nihoa Finch,,Rattus rattus,Critically Endangered,B1ac(iv),Introduced insect,0,0,No,137,Rattus rattus,,
132645225,22698425,Thalassarche chlororhynchos,Atlantic Yellow-nosed Albatross,,Mus musculus,Endangered,A4bd; B2ab(v),Fishing-bycatch,0,0,Yes,196,Mus musculus,,
132644834,22698398,Thalassarche chrysostoma,Grey-headed Albatross,Diomedea chrysostoma,Mus musculus,Endangered,A4bd,Fishing-bycatch,0,0,Yes,195,Mus musculus,,
131118818,22694585,Thalasseus bernsteini,Chinese Crested Tern,Sterna bernsteini,"Rattus rattus, Rattus norvegicus",Critically Endangered,"C2a(i,ii); D",Human hunting,0,0,No,142,Rattus rattus,Also Rattus losea,"Wong, M.H., Lin, C.C., Lien, J.C., Liu, T.Y., Chiu, K.Y. and Yao, C.W., 1999. Distribution of Rodent Population in the Nankan Area, Matsu Islands. Epidemiology Bulletin, 15(8), pp.137-144."
131118818,22694585,Thalasseus bernsteini,Chinese Crested Tern,Sterna bernsteini,"Rattus rattus, Rattus norvegicus",Critically Endangered,"C2a(i,ii); D",Human hunting,0,0,No,142,Rattus norvegicus,Also Rattus losea,"Wong, M.H., Lin, C.C., Lien, J.C., Liu, T.Y., Chiu, K.Y. and Yao, C.W., 1999. Distribution of Rodent Population in the Nankan Area, Matsu Islands. Epidemiology Bulletin, 15(8), pp.137-144."
178970750,22694552,Thalasseus elegans,Elegant Tern,Sterna elegans,"Rattus rattus, Rattus norvegicus",Near Threatened,D2,Fishing-prey loss,0,0,No,259,Rattus rattus,,"Lack, J.B., Hamilton, M.J., Braun, J.K., Mares, M.A. and Van Den Bussche, R.A., 2013. Comparative phylogeography of invasive Rattus rattus and Rattus norvegicus in the US reveals distinct colonization histories and dispersal. Biol Invasions, 15, pp.1067-1087."
178970750,22694552,Thalasseus elegans,Elegant Tern,Sterna elegans,"Rattus rattus, Rattus norvegicus",Near Threatened,D2,Fishing-prey loss,0,0,No,259,Rattus norvegicus,,"Lack, J.B., Hamilton, M.J., Braun, J.K., Mares, M.A. and Van Den Bussche, R.A., 2013. Comparative phylogeography of invasive Rattus rattus and Rattus norvegicus in the US reveals distinct colonization histories and dispersal. Biol Invasions, 15, pp.1067-1087."
214215381,22693899,Thinornis novaeseelandiae,Shore Plover,,Rattus norvegicus,Endangered,D,"Rats, cats",1,0,No,329,Rattus norvegicus,,
129640736,22683499,Todiramphus gambieri,Tuamotu Kingfisher,"Halcyon gambieri ssp. gambieri,","Rattus rattus, Rattus exulans",Critically Endangered,"B1ab(iii,v); C2a(ii)",Cats,0,0,No,129,Rattus rattus,,
129640736,22683499,Todiramphus gambieri,Tuamotu Kingfisher,"Halcyon gambieri ssp. gambieri,","Rattus rattus, Rattus exulans",Critically Endangered,"B1ab(iii,v); C2a(ii)",Cats,0,0,No,129,Rattus exulans,,
149519891,22683487,Todiramphus godeffroyi,Marquesas Kingfisher,"Halcyon godeffroyi, Todirhamphus godeffroyi","Rattus exulans, Rattus rattus",Critically Endangered,"B1ab(i,ii,iii,iv,v)",Introduced herbivores,0,0,No,211,Rattus exulans,,
149519891,22683487,Todiramphus godeffroyi,Marquesas Kingfisher,"Halcyon godeffroyi, Todirhamphus godeffroyi","Rattus exulans, Rattus rattus",Critically Endangered,"B1ab(i,ii,iii,iv,v)",Introduced herbivores,0,0,No,211,Rattus rattus,,
216509802,22725870,Todiramphus pelewensis,Palau Kingfisher,,"Rattus norvegicus, Rattus exulans",Near Threatened,B1ab(iii)+2ab(iii); D2,Unknown,0,0,No,337,Rattus norvegicus,,"Atkinson IAE. 1985. The spread of commensal species of Rattus to oceanic islands and their effects on island avifaunas. Pages 35-81 in Moors PJ, editor. Conservation of Island Birds. Case Studies for the Management of Threatened Island Species. Symposium proceedings. ICBP Technical Publication No. 3, XVIII ICBP World Conference, Cambridhe, England."
216509802,22725870,Todiramphus pelewensis,Palau Kingfisher,,"Rattus norvegicus, Rattus exulans",Near Threatened,B1ab(iii)+2ab(iii); D2,Unknown,0,0,No,337,Rattus exulans,,"Atkinson IAE. 1985. The spread of commensal species of Rattus to oceanic islands and their effects on island avifaunas. Pages 35-81 in Moors PJ, editor. Conservation of Island Birds. Case Studies for the Management of Threatened Island Species. Symposium proceedings. ICBP Technical Publication No. 3, XVIII ICBP World Conference, Cambridhe, England."
156621538,22683479,Todiramphus tutus,Chattering Kingfisher,Todirhamphus tuta tuta,"Rattus rattus, Rattus norvegicus, Rattus exulans",Near Threatened,"B2ab(ii,iii,v); C2a(i)",Habitat loss,0,0,No,230,Rattus rattus,,"Atkinson IAE. 1985. The spread of commensal species of Rattus to oceanic islands and their effects on island avifaunas. Pages 35-81 in Moors PJ, editor. Conservation of Island Birds. Case Studies for the Management of Threatened Island Species. Symposium proceedings. ICBP Technical Publication No. 3, XVIII ICBP World Conference, Cambridhe, England."
156621538,22683479,Todiramphus tutus,Chattering Kingfisher,Todirhamphus tuta tuta,"Rattus rattus, Rattus norvegicus, Rattus exulans",Near Threatened,"B2ab(ii,iii,v); C2a(i)",Habitat loss,0,0,No,230,Rattus norvegicus,,"Atkinson IAE. 1985. The spread of commensal species of Rattus to oceanic islands and their effects on island avifaunas. Pages 35-81 in Moors PJ, editor. Conservation of Island Birds. Case Studies for the Management of Threatened Island Species. Symposium proceedings. ICBP Technical Publication No. 3, XVIII ICBP World Conference, Cambridhe, England."
156621538,22683479,Todiramphus tutus,Chattering Kingfisher,Todirhamphus tuta tuta,"Rattus rattus, Rattus norvegicus, Rattus exulans",Near Threatened,"B2ab(ii,iii,v); C2a(i)",Habitat loss,0,0,No,230,Rattus exulans,,"Atkinson IAE. 1985. The spread of commensal species of Rattus to oceanic islands and their effects on island avifaunas. Pages 35-81 in Moors PJ, editor. Conservation of Island Birds. Case Studies for the Management of Threatened Island Species. Symposium proceedings. ICBP Technical Publication No. 3, XVIII ICBP World Conference, Cambridhe, England."
191512211,22728176,Treron griveaudi,Comoro Green-pigeon,,Rattus rattus,Endangered,"B1ab(iii,v)+2ab(iii,v)","Habitat loss, human hunting",0,0,No,301,Rattus rattus,,"Louette, M. and Stevens, J., 1992. Conserving the endemic birds on the Comoro Islands, I: general considerations on survival prospects. Bird Conservation International, 2(1), pp.61-80."
119207810,62274163,Tribonyx hodgenorum,Hodgen's Waterhen,,Rattus exulans,Extinct,,"Rats, human hunting",1,0,No,107,Rattus exulans,,
117286443,22708541,Turdus eremita,Tristan Thrush,Nesocichla eremita,Rattus rattus,Near Threatened,B1ab(v); C2a(i),Unknown,0,0,No,86,Rattus rattus,,
176239121,22736414,Turdus xanthorhynchus,Principe Thrush,,Rattus rattus,Critically Endangered,"B1ab(ii,iii,v); C2a(ii)",Habitat loss,0,0,No,241,Rattus rattus,,
94026176,22705595,Turnagra capensis,South Island Piopio,,"Rattus rattus, Rattus norvegicus, Rattus exulans",Extinct,,Rats,1,1,No,32,Rattus rattus,,"Russell, J.C., Robins, J.H. and Fewster, R.M., 2019. Phylogeography of invasive rats in New Zealand. Frontiers in Ecology and Evolution, 7, p.48."
94026176,22705595,Turnagra capensis,South Island Piopio,,"Rattus rattus, Rattus norvegicus, Rattus exulans",Extinct,,Rats,1,1,No,32,Rattus norvegicus,,"Russell, J.C., Robins, J.H. and Fewster, R.M., 2019. Phylogeography of invasive rats in New Zealand. Frontiers in Ecology and Evolution, 7, p.48."
94026176,22705595,Turnagra capensis,South Island Piopio,,"Rattus rattus, Rattus norvegicus, Rattus exulans",Extinct,,Rats,1,1,No,32,Rattus exulans,,"Russell, J.C., Robins, J.H. and Fewster, R.M., 2019. Phylogeography of invasive rats in New Zealand. Frontiers in Ecology and Evolution, 7, p.48."
94997902,22728820,Turnagra tanagra,North Island Piopio,,"Rattus rattus, Rattus norvegicus, Rattus exulans",Extinct,,"Rats, habitat loss, cats",1,0,No,71,Rattus rattus,,"Atkinson IAE. 1985. The spread of commensal species of Rattus to oceanic islands and their effects on island avifaunas. Pages 35-81 in Moors PJ, editor. Conservation of Island Birds. Case Studies for the Management of Threatened Island Species. Symposium proceedings. ICBP Technical Publication No. 3, XVIII ICBP World Conference, Cambridhe, England."
94997902,22728820,Turnagra tanagra,North Island Piopio,,"Rattus rattus, Rattus norvegicus, Rattus exulans",Extinct,,"Rats, habitat loss, cats",1,0,No,71,Rattus norvegicus,,"Atkinson IAE. 1985. The spread of commensal species of Rattus to oceanic islands and their effects on island avifaunas. Pages 35-81 in Moors PJ, editor. Conservation of Island Birds. Case Studies for the Management of Threatened Island Species. Symposium proceedings. ICBP Technical Publication No. 3, XVIII ICBP World Conference, Cambridhe, England."
94997902,22728820,Turnagra tanagra,North Island Piopio,,"Rattus rattus, Rattus norvegicus, Rattus exulans",Extinct,,"Rats, habitat loss, cats",1,0,No,71,Rattus exulans,,"Atkinson IAE. 1985. The spread of commensal species of Rattus to oceanic islands and their effects on island avifaunas. Pages 35-81 in Moors PJ, editor. Conservation of Island Birds. Case Studies for the Management of Threatened Island Species. Symposium proceedings. ICBP Technical Publication No. 3, XVIII ICBP World Conference, Cambridhe, England."
193044857,22682969,Uratelornis chimaera,Long-tailed Ground-roller,,"Rattus rattus, Rattus norvegicus",Vulnerable,A2cde+3cde+4cde,Habitat loss,0,0,No,303,Rattus rattus,,"Goodman, S.M., 1995. Rattus on Madagascar and the dilemma of protecting the endemic rodent fauna. Conservation biology, 9(2), pp.450-453; Dammhahn, M., Randriamoria, T.M. and Goodman, S.M., 2017. Broad and flexible stable isotope niches in invasive non-native Rattus spp. in anthropogenic and natural habitats of central eastern Madagascar. BMC ecology, 17, pp.1-13."
193044857,22682969,Uratelornis chimaera,Long-tailed Ground-roller,,"Rattus rattus, Rattus norvegicus",Vulnerable,A2cde+3cde+4cde,Habitat loss,0,0,No,303,Rattus norvegicus,,"Goodman, S.M., 1995. Rattus on Madagascar and the dilemma of protecting the endemic rodent fauna. Conservation biology, 9(2), pp.450-453; Dammhahn, M., Randriamoria, T.M. and Goodman, S.M., 2017. Broad and flexible stable isotope niches in invasive non-native Rattus spp. in anthropogenic and natural habitats of central eastern Madagascar. BMC ecology, 17, pp.1-13."
93038207,22684630,Vini kuhlii,Rimatara Lorikeet,,Rattus rattus,Endangered,"B1ab(iii,v)","Habitat loss, hunting",0,0,No,5,Rattus rattus,,
198765127,22684641,Vini peruviana,Blue Lorikeet,,Rattus rattus,Vulnerable,"B2ab(ii,iii,iv,v)",Rats,1,1,Yes,311,Rattus rattus,,
132055913,22684647,Vini ultramarina,Ultramarine Lorikeet,,Rattus rattus,Critically Endangered,B1ab(iii),Rats,1,1,Yes,150,Rattus rattus,,
214186575,22698585,Xenicus gilviventris,New Zealand Rockwren,,Mus musculus,Endangered,A2ce+3ce+4ce,Stoats,0,0,Yes,328,Mus musculus,,
93366211,22692708,Zapornia monasa,Kosrae Crake,Porzana monasa,"Rattus rattus, Rattus exulans",Extinct,,Rats,1,1,Yes,19,Rattus rattus,,"Hayes, F.E. and Engbring, J., 2020. Historic and recent status of the Kosrae flying fox (Pteropus ualanus)(Chiroptera: Pteropidae) on Kosrae, Micronesia. Journal of Asia-Pacific Biodiversity, 13(2), pp.141-150."
93366211,22692708,Zapornia monasa,Kosrae Crake,Porzana monasa,"Rattus rattus, Rattus exulans",Extinct,,Rats,1,1,Yes,19,Rattus exulans,,"Hayes, F.E. and Engbring, J., 2020. Historic and recent status of the Kosrae flying fox (Pteropus ualanus)(Chiroptera: Pteropidae) on Kosrae, Micronesia. Journal of Asia-Pacific Biodiversity, 13(2), pp.141-150."
93363618,22692672,Zapornia palmeri,Laysan Rail,Porzana palmeri,"Rattus rattus, Rattus norvegicus, Rattus exulans",Extinct,,"Rats, rabbits, guinea pigs, extreme weather",1,0,No,17,Rattus rattus,Attributed with unsuccessful introduction in Eastern and Sand Islands.,"Atkinson IAE. 1985. The spread of commensal species of Rattus to oceanic islands and their effects on island avifaunas. Pages 35-81 in Moors PJ, editor. Conservation of Island Birds. Case Studies for the Management of Threatened Island Species. Symposium proceedings. ICBP Technical Publication No. 3, XVIII ICBP World Conference, Cambridhe, England; Hess, S.C. and Jacobi, J.D., 2011. The history of mammal eradications in Hawai ‘i and the United States associated islands of the Central Pacific. Island Invasives: Eradication and Management. IUCN, Gland, Switzerland, pp.67-73."
93363618,22692672,Zapornia palmeri,Laysan Rail,Porzana palmeri,"Rattus rattus, Rattus norvegicus, Rattus exulans",Extinct,,"Rats, rabbits, guinea pigs, extreme weather",1,0,No,17,Rattus norvegicus,Attributed with unsuccessful introduction in Eastern and Sand Islands.,"Atkinson IAE. 1985. The spread of commensal species of Rattus to oceanic islands and their effects on island avifaunas. Pages 35-81 in Moors PJ, editor. Conservation of Island Birds. Case Studies for the Management of Threatened Island Species. Symposium proceedings. ICBP Technical Publication No. 3, XVIII ICBP World Conference, Cambridhe, England; Hess, S.C. and Jacobi, J.D., 2011. The history of mammal eradications in Hawai ‘i and the United States associated islands of the Central Pacific. Island Invasives: Eradication and Management. IUCN, Gland, Switzerland, pp.67-73."
93363618,22692672,Zapornia palmeri,Laysan Rail,Porzana palmeri,"Rattus rattus, Rattus norvegicus, Rattus exulans",Extinct,,"Rats, rabbits, guinea pigs, extreme weather",1,0,No,17,Rattus exulans,Attributed with unsuccessful introduction in Eastern and Sand Islands.,"Atkinson IAE. 1985. The spread of commensal species of Rattus to oceanic islands and their effects on island avifaunas. Pages 35-81 in Moors PJ, editor. Conservation of Island Birds. Case Studies for the Management of Threatened Island Species. Symposium proceedings. ICBP Technical Publication No. 3, XVIII ICBP World Conference, Cambridhe, England; Hess, S.C. and Jacobi, J.D., 2011. The history of mammal eradications in Hawai ‘i and the United States associated islands of the Central Pacific. Island Invasives: Eradication and Management. IUCN, Gland, Switzerland, pp.67-73."
93364994,22692693,Zapornia sandwichensis,Hawaiian Rail,Porzana sandwichensis,"Rattus rattus, Rattus norvegicus, Rattus exulans",Extinct,,Cats,0,0,No,18,Rattus rattus,,"Atkinson IAE. 1985. The spread of commensal species of Rattus to oceanic islands and their effects on island avifaunas. Pages 35-81 in Moors PJ, editor. Conservation of Island Birds. Case Studies for the Management of Threatened Island Species. Symposium proceedings. ICBP Technical Publication No. 3, XVIII ICBP World Conference, Cambridhe, England."
93364994,22692693,Zapornia sandwichensis,Hawaiian Rail,Porzana sandwichensis,"Rattus rattus, Rattus norvegicus, Rattus exulans",Extinct,,Cats,0,0,No,18,Rattus norvegicus,,"Atkinson IAE. 1985. The spread of commensal species of Rattus to oceanic islands and their effects on island avifaunas. Pages 35-81 in Moors PJ, editor. Conservation of Island Birds. Case Studies for the Management of Threatened Island Species. Symposium proceedings. ICBP Technical Publication No. 3, XVIII ICBP World Conference, Cambridhe, England."
93364994,22692693,Zapornia sandwichensis,Hawaiian Rail,Porzana sandwichensis,"Rattus rattus, Rattus norvegicus, Rattus exulans",Extinct,,Cats,0,0,No,18,Rattus exulans,,"Atkinson IAE. 1985. The spread of commensal species of Rattus to oceanic islands and their effects on island avifaunas. Pages 35-81 in Moors PJ, editor. Conservation of Island Birds. Case Studies for the Management of Threatened Island Species. Symposium proceedings. ICBP Technical Publication No. 3, XVIII ICBP World Conference, Cambridhe, England."
178409463,22690740,Zenaida graysoni,Socorro Dove,,Mus musculus,Extinct in the Wild,,Unknown,0,0,Yes,251,Mus musculus,,
104353713,103879831,Zoothera atrigena,Bougainville Thrush,,"Rattus rattus, Rattus exulans",Near Threatened,C1+2a(i),Unknown,0,0,No,80,Rattus rattus,,"Rowe, F.P., 1967. Notes on Rats in the Solomon and Gilbert Islands. Journal of Mammalogy, 48(4), pp.649-650."
104353713,103879831,Zoothera atrigena,Bougainville Thrush,,"Rattus rattus, Rattus exulans",Near Threatened,C1+2a(i),Unknown,0,0,No,80,Rattus exulans,,"Rowe, F.P., 1967. Notes on Rats in the Solomon and Gilbert Islands. Journal of Mammalogy, 48(4), pp.649-650."
219617597,22708523,Zoothera margaretae,Makira Thrush,,Rattus rattus,Near Threatened,B1b(iii),Habitat loss,0,0,No,341,Rattus rattus,,
94163698,22708535,Zoothera terrestris,Bonin Thrush,,"Rattus rattus, Rattus norvegicus",Extinct,,"Rats, cats",1,0,No,38,Rattus rattus,,"Yabe, T., Hashimoto, T., Takiguchi, M., Aoki, M. and Kawakami, K., 2009. Seabirds in the stomach contents of black rats Rattus rattus on Higashijima, the Ogasawara (Bonin) Islands, Japan. Marine Ornithology, 37, pp.293-295."
94163698,22708535,Zoothera terrestris,Bonin Thrush,,"Rattus rattus, Rattus norvegicus",Extinct,,"Rats, cats",1,0,No,38,Rattus norvegicus,,"Yabe, T., Hashimoto, T., Takiguchi, M., Aoki, M. and Kawakami, K., 2009. Seabirds in the stomach contents of black rats Rattus rattus on Higashijima, the Ogasawara (Bonin) Islands, Japan. Marine Ornithology, 37, pp.293-295."
94981736,22728359,Zoothera turipavae,Guadalcanal Thrush,,"Rattus rattus, Rattus exulans",Vulnerable,D1+2,"Rats, habitat loss, cats",1,0,No,65,Rattus rattus,,"Van Der Geer, A.A., 2018. Changing invaders: trends of gigantism in insular introduced rats. Environmental Conservation, 45(3), pp.203-211."
94981736,22728359,Zoothera turipavae,Guadalcanal Thrush,,"Rattus rattus, Rattus exulans",Vulnerable,D1+2,"Rats, habitat loss, cats",1,0,No,65,Rattus exulans,,"Van Der Geer, A.A., 2018. Changing invaders: trends of gigantism in insular introduced rats. Environmental Conservation, 45(3), pp.203-211."
130968395,22714229,Zosterops albogularis,White-chested White-eye,,Rattus rattus,Critically Endangered,"B1ab(v);C2a(i,ii);D",Rats,1,1,Yes,139,Rattus rattus,,
125581755,22714005,Zosterops chloronothos,Mauritius Olive White-eye,,"Rattus rattus, Rattus norvegicus",Critically Endangered,A3bce+4abce; C2a(ii),"Rats, introduced plant",1,0,Yes,118,Rattus rattus,,"Atkinson IAE. 1985. The spread of commensal species of Rattus to oceanic islands and their effects on island avifaunas. Pages 35-81 in Moors PJ, editor. Conservation of Island Birds. Case Studies for the Management of Threatened Island Species. Symposium proceedings. ICBP Technical Publication No. 3, XVIII ICBP World Conference, Cambridhe, England."
125581755,22714005,Zosterops chloronothos,Mauritius Olive White-eye,,"Rattus rattus, Rattus norvegicus",Critically Endangered,A3bce+4abce; C2a(ii),"Rats, introduced plant",1,0,Yes,118,Rattus norvegicus,,"Atkinson IAE. 1985. The spread of commensal species of Rattus to oceanic islands and their effects on island avifaunas. Pages 35-81 in Moors PJ, editor. Conservation of Island Birds. Case Studies for the Management of Threatened Island Species. Symposium proceedings. ICBP Technical Publication No. 3, XVIII ICBP World Conference, Cambridhe, England."
177958015,22714018,Zosterops modestus,Seychelles White-eye,,"Rattus rattus, Rattus norvegicus",Vulnerable,A2ace+4ace; D1+2,"Rats, myna, predation native bird",1,0,Yes,247,Rattus rattus,,
177958015,22714018,Zosterops modestus,Seychelles White-eye,,"Rattus rattus, Rattus norvegicus",Vulnerable,A2ace+4ace; D1+2,"Rats, myna, predation native bird",1,0,Yes,247,Rattus norvegicus,,
94395989,22713976,Zosterops mouroniensis,Mount Karthala White-eye,,Rattus rattus,Vulnerable,D2,Volcano,0,0,No,46,Rattus rattus,"Norway rats possibly present. Atkinson 1985 in Table 2 for black and Norway rats states ""Rats present, Benson 1960; species unknown""","Louette, M. and Stevens, J., 1992. Conserving the endemic birds on the Comoro Islands, I: general considerations on survival prospects. Bird Conservation International, 2(1), pp.61-80."
126656629,22714047,Zosterops rotensis,Rota White-eye,,"Rattus rattus, Rattus exulans",Critically Endangered,"B1ab(i,ii,iii)+2ab(i,ii,iii)",Habitat loss,0,0,Yes,119,Rattus rattus,Atkinson 1985 notes Pacific rats and Norway/brown rats but no black rats on Mariana Island. There are black and Norway rats on nearby Guam,"Page, D.A., 2020. The effects of feral cat removal on rat abundance in an insular, tropical ecosystem. MSc thesis. Humboldt State University"
126656629,22714047,Zosterops rotensis,Rota White-eye,,"Rattus rattus, Rattus exulans",Critically Endangered,"B1ab(i,ii,iii)+2ab(i,ii,iii)",Habitat loss,0,0,Yes,119,Rattus exulans,Atkinson 1985 notes Pacific rats and Norway/brown rats but no black rats on Mariana Island. There are black and Norway rats on nearby Guam,"Page, D.A., 2020. The effects of feral cat removal on rat abundance in an insular, tropical ecosystem. MSc thesis. Humboldt State University"
94408375,22714258,Zosterops samoensis,Samoan White-eye,,Rattus rattus,Vulnerable,D2,Habitat loss,0,0,No,48,Rattus rattus,,
94406811,22714223,Zosterops strenuus,Robust White-eye,,Rattus rattus,Extinct,,Rats,1,1,Yes,47,Rattus rattus,,
211535599,22714226,Zosterops tenuirostris,Slender-billed White-eye,,"Rattus exulans, Rattus rattus,Mus musculus",Vulnerable,C2a(ii),"Rats, habitat loss",1,0,Yes,323,Rattus exulans,,
211535599,22714226,Zosterops tenuirostris,Slender-billed White-eye,,"Rattus exulans, Rattus rattus,Mus musculus",Vulnerable,C2a(ii),"Rats, habitat loss",1,0,Yes,323,Rattus rattus,,
211535599,22714226,Zosterops tenuirostris,Slender-billed White-eye,,"Rattus exulans, Rattus rattus,Mus musculus",Vulnerable,C2a(ii),"Rats, habitat loss",1,0,Yes,323,Mus musculus,,