scientificName,assessmentId,internalTaxonId,Common_name,Synonyms_or_previous_lump,Original_rodent_attributed_IUCN,redlistCategory,redlistCriteria,Primary_causes,Rodent_primary,Rodent_only_primary,has_study,key,Rodent_attributed_final,Rodent_attribution_source
Acrocephalus aequinoctialis,149571193,22714802,Kiritimati Reed-warbler,"","Rattus, Rattus rattus",Endangered,"B2ab(ii,iii,v)",Unknown,0,0,No,Acrocephalus aequinoctialis_Rattus rattus,Rattus rattus,IUCN attribution was generic. Specific rodent was determined from literature review. See Table SX for references and notes.
Acrocephalus aequinoctialis,149571193,22714802,Kiritimati Reed-warbler,"","Rattus, Rattus rattus",Endangered,"B2ab(ii,iii,v)",Unknown,0,0,No,Acrocephalus aequinoctialis_Rattus norvegicus,Rattus norvegicus,IUCN attribution was generic. Specific rodent was determined from literature review. See Table SX for references and notes.
Acrocephalus brevipennis,118484641,22714852,Cape Verde Swamp-warbler,"",Rattus,Vulnerable,"B1ab(ii,iii)+2ab(ii,iii)",Habitat loss,0,0,No,Acrocephalus brevipennis_Rattus rattus,Rattus rattus,IUCN attribution was generic. Specific rodent was determined from literature review. See Table SX for references and notes.
Acrocephalus brevipennis,118484641,22714852,Cape Verde Swamp-warbler,"",Rattus,Vulnerable,"B1ab(ii,iii)+2ab(ii,iii)",Habitat loss,0,0,No,Acrocephalus brevipennis_Rattus norvegicus,Rattus norvegicus,IUCN attribution was generic. Specific rodent was determined from literature review. See Table SX for references and notes.
Acrocephalus caffer,171743603,104003523,Tahiti Reed-warbler,"",Rattus,Vulnerable,D1,Unknown,0,0,Yes,Acrocephalus caffer_Rattus rattus,Rattus rattus,IUCN attribution was generic. Specific rodent was determined from literature review. See Table SX for references and notes.
Acrocephalus caffer,171743603,104003523,Tahiti Reed-warbler,"",Rattus,Vulnerable,D1,Unknown,0,0,Yes,Acrocephalus caffer_Rattus norvegicus,Rattus norvegicus,IUCN attribution was generic. Specific rodent was determined from literature review. See Table SX for references and notes.
Acrocephalus caffer,171743603,104003523,Tahiti Reed-warbler,"",Rattus,Vulnerable,D1,Unknown,0,0,Yes,Acrocephalus caffer_Rattus exulans,Rattus exulans,IUCN attribution was generic. Specific rodent was determined from literature review. See Table SX for references and notes.
Acrocephalus hiwae,125502795,103780118,Saipan Reed-warbler,"",Rattus,Critically Endangered,A3bce+4bce,Habitat loss,0,0,No,Acrocephalus hiwae_Rattus norvegicus,Rattus norvegicus,IUCN attribution was generic. Specific rodent was determined from literature review. See Table SX for references and notes.
Acrocephalus kerearako,94428846,22714821,Cook Islands Reed-warbler,"","Rattus exulans, Rattus rattus",Near Threatened,B1b(v); D2,"Rats, cats, myna",1,0,No,Acrocephalus kerearako_Rattus exulans,Rattus exulans,Rodent attribution from IUCN.
Acrocephalus kerearako,94428846,22714821,Cook Islands Reed-warbler,"","Rattus exulans, Rattus rattus",Near Threatened,B1b(v); D2,"Rats, cats, myna",1,0,No,Acrocephalus kerearako_Rattus rattus,Rattus rattus,Rodent attribution from IUCN.
Acrocephalus longirostris,154471605,22735588,Moorea Reed-warbler,"",Rattus,Critically Endangered,D,Unknown,0,0,No,Acrocephalus longirostris_Rattus rattus,Rattus rattus,IUCN attribution was generic. Specific rodent was determined from literature review. See Table SX for references and notes.
Acrocephalus longirostris,154471605,22735588,Moorea Reed-warbler,"",Rattus,Critically Endangered,D,Unknown,0,0,No,Acrocephalus longirostris_Rattus norvegicus,Rattus norvegicus,IUCN attribution was generic. Specific rodent was determined from literature review. See Table SX for references and notes.
Acrocephalus longirostris,154471605,22735588,Moorea Reed-warbler,"",Rattus,Critically Endangered,D,Unknown,0,0,No,Acrocephalus longirostris_Rattus exulans,Rattus exulans,IUCN attribution was generic. Specific rodent was determined from literature review. See Table SX for references and notes.
Acrocephalus musae,117345149,22735592,Forster's Reed-warbler,"",Rattus,Extinct,"","Rats, cats, myna",1,0,No,Acrocephalus musae_Rattus rattus,Rattus rattus,IUCN attribution was generic. Specific rodent was determined from literature review. See Table SX for references and notes.
Acrocephalus musae,117345149,22735592,Forster's Reed-warbler,"",Rattus,Extinct,"","Rats, cats, myna",1,0,No,Acrocephalus musae_Rattus norvegicus,Rattus norvegicus,IUCN attribution was generic. Specific rodent was determined from literature review. See Table SX for references and notes.
Acrocephalus musae,117345149,22735592,Forster's Reed-warbler,"",Rattus,Extinct,"","Rats, cats, myna",1,0,No,Acrocephalus musae_Rattus exulans,Rattus exulans,IUCN attribution was generic. Specific rodent was determined from literature review. See Table SX for references and notes.
Acrocephalus nijoi,119548740,103780109,Aguijan Reed-warbler,"",Rattus,Extinct,"","Rats, cats",1,0,No,Acrocephalus nijoi_Rattus exulans,Rattus exulans,IUCN attribution was generic. Specific rodent was determined from literature review. See Table SX for references and notes.
Acrocephalus rehsei,94427198,22714791,Nauru Reed-warbler,"",Rattus,Vulnerable,D2,Habitat loss,0,0,No,Acrocephalus rehsei_Rattus rattus,Rattus rattus,IUCN attribution was generic. Specific rodent was determined from literature review. See Table SX for references and notes.
Acrocephalus rehsei,94427198,22714791,Nauru Reed-warbler,"",Rattus,Vulnerable,D2,Habitat loss,0,0,No,Acrocephalus rehsei_Rattus exulans,Rattus exulans,IUCN attribution was generic. Specific rodent was determined from literature review. See Table SX for references and notes.
Acrocephalus rimitarae,171783171,22714826,Rimatara Reed-warbler,Acrocephalus rimatarae,"Rattus exulans, Rattus norvegicus",Critically Endangered,B1ab(v),Unknown,0,0,No,Acrocephalus rimitarae_Rattus exulans,Rattus exulans,Rodent attribution from IUCN.
Acrocephalus rimitarae,171783171,22714826,Rimatara Reed-warbler,Acrocephalus rimatarae,"Rattus exulans, Rattus norvegicus",Critically Endangered,B1ab(v),Unknown,0,0,No,Acrocephalus rimitarae_Rattus norvegicus,Rattus norvegicus,Rodent attribution from IUCN.
Acrocephalus rodericanus,94431545,22714874,Rodrigues Warbler,Bebrornis rodericanus rodericanus,Rattus,Near Threatened,D2,"Rats, habitat loss, cats",1,0,No,Acrocephalus rodericanus_Rattus rattus,Rattus rattus,IUCN attribution was generic. Specific rodent was determined from literature review. See Table SX for references and notes.
Acrocephalus rodericanus,94431545,22714874,Rodrigues Warbler,Bebrornis rodericanus rodericanus,Rattus,Near Threatened,D2,"Rats, habitat loss, cats",1,0,No,Acrocephalus rodericanus_Rattus norvegicus,Rattus norvegicus,IUCN attribution was generic. Specific rodent was determined from literature review. See Table SX for references and notes.
Acrocephalus vaughani,180626682,22714832,Pitcairn Reed-warbler,"",Rattus norvegicus,Endangered,B1ab(iii)+2ab(iii),Unknown,0,0,No,Acrocephalus vaughani_Rattus norvegicus,Rattus norvegicus,Rodent attribution from IUCN.
Aegotheles savesi,129328996,22689559,New Caledonian Owlet-nightjar,"",Rattus,Critically Endangered,C2a(i); D,Unknown,0,0,No,Aegotheles savesi_Rattus rattus,Rattus rattus,IUCN attribution was generic. Specific rodent was determined from literature review. See Table SX for references and notes.
Aegotheles savesi,129328996,22689559,New Caledonian Owlet-nightjar,"",Rattus,Critically Endangered,C2a(i); D,Unknown,0,0,No,Aegotheles savesi_Rattus norvegicus,Rattus norvegicus,IUCN attribution was generic. Specific rodent was determined from literature review. See Table SX for references and notes.
Aegotheles savesi,129328996,22689559,New Caledonian Owlet-nightjar,"",Rattus,Critically Endangered,C2a(i); D,Unknown,0,0,No,Aegotheles savesi_Rattus exulans,Rattus exulans,IUCN attribution was generic. Specific rodent was determined from literature review. See Table SX for references and notes.
Aerodramus bartschi,94990600,22728583,Mariana Swiftlet,"Aerodramus bartschi ssp. Bartschi, Collocalia bartschi",Rattus rattus,Endangered,A2e+3e+4e,"Pesticides, brown tree snake",0,0,Yes,Aerodramus bartschi_Rattus rattus,Rattus rattus,Rodent attribution from IUCN.
Agelaius xanthomus,180529449,22724209,Yellow-shouldered Blackbird,"",Rattus rattus,Endangered,"B2ab(iii,v)",Unknown,0,0,No,Agelaius xanthomus_Rattus rattus,Rattus rattus,Rodent attribution from IUCN.
Alectroenas payandeei,119206636,62759683,Rodrigues Blue-pigeon,"",Rattus rattus,Extinct,"",Rats,1,1,Yes,Alectroenas payandeei_Rattus rattus,Rattus rattus,Rodent attribution from IUCN.
Alexandrinus eques,154065622,22685448,Echo Parakeet,"Psittacula echo, Psittacula eques",Rattus rattus,Vulnerable,D1,Habitat loss,0,0,No,Alexandrinus eques_Rattus rattus,Rattus rattus,Rodent attribution from IUCN.
Amaurocichla bocagii,131461308,22715170,Sao Tome Short-tail,"",Rattus rattus,Vulnerable,D1,Unknown,0,0,No,Amaurocichla bocagii_Rattus rattus,Rattus rattus,Rodent attribution from IUCN.
Amaurornis magnirostris,95043197,22732147,Talaud Bush-hen,"",Rattus argentiventer (native),Vulnerable,C2a(ii),Habitat loss,0,0,Yes,Amaurornis magnirostris_Rattus argentiventer,Rattus argentiventer,Rodent attribution from IUCN.
Amazona agilis,180748265,22686231,Black-billed Amazon,"",Rattus,Endangered,A3cde+4acde,Unknown,0,0,No,Amazona agilis_Rattus rattus,Rattus rattus,IUCN attribution was generic. Specific rodent was determined from literature review. See Table SX for references and notes.
Amazona agilis,180748265,22686231,Black-billed Amazon,"",Rattus,Endangered,A3cde+4acde,Unknown,0,0,No,Amazona agilis_Rattus norvegicus,Rattus norvegicus,IUCN attribution was generic. Specific rodent was determined from literature review. See Table SX for references and notes.
Amazona collaria,179193185,22686209,Yellow-billed Amazon,"",Rattus,Vulnerable,"B1ab(i,ii,iii,iv,v)","Rats, mongoose, habitat loss, human hunting",1,0,No,Amazona collaria_Rattus rattus,Rattus rattus,IUCN attribution was generic. Specific rodent was determined from literature review. See Table SX for references and notes.
Amazona collaria,179193185,22686209,Yellow-billed Amazon,"",Rattus,Vulnerable,"B1ab(i,ii,iii,iv,v)","Rats, mongoose, habitat loss, human hunting",1,0,No,Amazona collaria_Rattus norvegicus,Rattus norvegicus,IUCN attribution was generic. Specific rodent was determined from literature review. See Table SX for references and notes.
Amazona vittata,179276011,22686239,Puerto Rican Amazon,"",Rattus rattus,Critically Endangered,D,"Habitat loss, weather extreme",0,0,Yes,Amazona vittata_Rattus rattus,Rattus rattus,Rodent attribution from IUCN.
Amytornis woodwardi,211092297,22703783,White-throated Grasswren,"",Rattus rattus,Endangered,C2a(i),Fire,0,0,No,Amytornis woodwardi_Rattus rattus,Rattus rattus,Rodent attribution from IUCN.
Anas eatoni,92854679,22680306,Southern Pintail,"",Rattus norvegicus,Vulnerable,A3e,"Rats, cats",1,0,No,Anas eatoni_Rattus norvegicus,Rattus norvegicus,Rodent attribution from IUCN.
Anas laysanensis,130697270,22680203,Laysan Duck,"",Rattus,Critically Endangered,B1ac(iv),"Rabbits, disease, weather extreme",0,0,Yes,Anas laysanensis_Rattus rattus,Rattus rattus,IUCN attribution was generic. Specific rodent was determined from literature review. See Table SX for references and notes.
Anas laysanensis,130697270,22680203,Laysan Duck,"",Rattus,Critically Endangered,B1ac(iv),"Rabbits, disease, weather extreme",0,0,Yes,Anas laysanensis_Rattus norvegicus,Rattus norvegicus,IUCN attribution was generic. Specific rodent was determined from literature review. See Table SX for references and notes.
Anas laysanensis,130697270,22680203,Laysan Duck,"",Rattus,Critically Endangered,B1ac(iv),"Rabbits, disease, weather extreme",0,0,Yes,Anas laysanensis_Rattus exulans,Rattus exulans,IUCN attribution was generic. Specific rodent was determined from literature review. See Table SX for references and notes.
Anas melleri,196314602,22680225,Meller's Duck,"",Rattus,Endangered,C2a(ii),Human hunting,0,0,No,Anas melleri_Rattus rattus,Rattus rattus,IUCN attribution was generic. Specific rodent was determined from literature review. See Table SX for references and notes.
Anas melleri,196314602,22680225,Meller's Duck,"",Rattus,Endangered,C2a(ii),Human hunting,0,0,No,Anas melleri_Rattus norvegicus,Rattus norvegicus,IUCN attribution was generic. Specific rodent was determined from literature review. See Table SX for references and notes.
Anas nesiotis,171601774,22724580,Campbell Teal,"",Rattus norvegicus,Vulnerable,D2,Rats,1,1,Yes,Anas nesiotis_Rattus norvegicus,Rattus norvegicus,Rodent attribution from IUCN.
Anas wyvilliana,112386802,22680199,Hawaiian Duck,"",Rattus,Endangered,"B1ab(ii,iii,iv,v)","Habitat loss, hybridization",0,0,Yes,Anas wyvilliana_Rattus rattus,Rattus rattus,IUCN attribution was generic. Specific rodent was determined from literature review. See Table SX for references and notes.
Anas wyvilliana,112386802,22680199,Hawaiian Duck,"",Rattus,Endangered,"B1ab(ii,iii,iv,v)","Habitat loss, hybridization",0,0,Yes,Anas wyvilliana_Rattus norvegicus,Rattus norvegicus,IUCN attribution was generic. Specific rodent was determined from literature review. See Table SX for references and notes.
Anas wyvilliana,112386802,22680199,Hawaiian Duck,"",Rattus,Endangered,"B1ab(ii,iii,iv,v)","Habitat loss, hybridization",0,0,Yes,Anas wyvilliana_Rattus exulans,Rattus exulans,IUCN attribution was generic. Specific rodent was determined from literature review. See Table SX for references and notes.
Anthornis melanocephala,94997726,22728814,Chatham Islands Bellbird,"",Rattus,Extinct,"",Habitat loss,0,0,No,Anthornis melanocephala_Rattus rattus,Rattus rattus,IUCN attribution was generic. Specific rodent was determined from literature review. See Table SX for references and notes.
Anthornis melanocephala,94997726,22728814,Chatham Islands Bellbird,"",Rattus,Extinct,"",Habitat loss,0,0,No,Anthornis melanocephala_Rattus norvegicus,Rattus norvegicus,IUCN attribution was generic. Specific rodent was determined from literature review. See Table SX for references and notes.
Anthornis melanocephala,94997726,22728814,Chatham Islands Bellbird,"",Rattus,Extinct,"",Habitat loss,0,0,No,Anthornis melanocephala_Rattus exulans,Rattus exulans,IUCN attribution was generic. Specific rodent was determined from literature review. See Table SX for references and notes.
Apalopteron familiare,93953867,22704125,Bonin White-eye,Apalopteron familiare,"Rattus rattus, Rattus norvegicus",Near Threatened,D2,Habitat loss,0,0,Yes,Apalopteron familiare_Rattus rattus,Rattus rattus,Rodent attribution from IUCN.
Apalopteron familiare,93953867,22704125,Bonin White-eye,Apalopteron familiare,"Rattus rattus, Rattus norvegicus",Near Threatened,D2,Habitat loss,0,0,Yes,Apalopteron familiare_Rattus norvegicus,Rattus norvegicus,Rodent attribution from IUCN.
Aphrastura masafuerae,125419923,22702156,Masafuera Rayadito,Aphrastura masafucrae,"Rattus, Mus musculus",Critically Endangered,B1ab(iii),Habitat loss,0,0,No,Aphrastura masafuerae_Rattus rattus,Rattus rattus,IUCN attribution was generic. Specific rodent was determined from literature review. See Table SX for references and notes.
Aphrastura masafuerae,125419923,22702156,Masafuera Rayadito,Aphrastura masafucrae,"Rattus, Mus musculus",Critically Endangered,B1ab(iii),Habitat loss,0,0,No,Aphrastura masafuerae_Rattus norvegicus,Rattus norvegicus,IUCN attribution was generic. Specific rodent was determined from literature review. See Table SX for references and notes.
Aphrastura masafuerae,125419923,22702156,Masafuera Rayadito,Aphrastura masafucrae,"Rattus, Mus musculus",Critically Endangered,B1ab(iii),Habitat loss,0,0,No,Aphrastura masafuerae_Mus musculus,Mus musculus,IUCN attribution was generic. Specific rodent was determined from literature review. See Table SX for references and notes.
Aplonis cinerascens,94248565,22710502,Rarotonga Starling,"",Rattus rattus,Vulnerable,D1+2,Unknown,0,0,No,Aplonis cinerascens_Rattus rattus,Rattus rattus,Rodent attribution from IUCN.
Aplonis corvina,94248268,22710496,Kosrae Starling,"",Rattus,Extinct,"",Rats,1,1,No,Aplonis corvina_Rattus rattus,Rattus rattus,IUCN attribution was generic. Specific rodent was determined from literature review. See Table SX for references and notes.
Aplonis corvina,94248268,22710496,Kosrae Starling,"",Rattus,Extinct,"",Rats,1,1,No,Aplonis corvina_Rattus exulans,Rattus exulans,IUCN attribution was generic. Specific rodent was determined from literature review. See Table SX for references and notes.
Aplonis fusca,94249210,22710511,Tasman Starling,Aplornis fusca ssp. Fusca,Rattus rattus,Extinct,"","Rats, habitat loss",1,0,Yes,Aplonis fusca_Rattus rattus,Rattus rattus,Rodent attribution from IUCN.
Aplonis mavornata,94248417,22710499,Mysterious Starling,"",Rattus norvegicus,Extinct,"",Rats,1,1,No,Aplonis mavornata_Rattus norvegicus,Rattus norvegicus,Rodent attribution from IUCN.
Aplonis pelzelni,94247819,22710490,Pohnpei Starling,"",Rattus,Critically Endangered,"B1ab(v);C2a(i,ii);D",Unknown,0,0,No,Aplonis pelzelni_Rattus rattus,Rattus rattus,IUCN attribution was generic. Specific rodent was determined from literature review. See Table SX for references and notes.
Aplonis pelzelni,94247819,22710490,Pohnpei Starling,"",Rattus,Critically Endangered,"B1ab(v);C2a(i,ii);D",Unknown,0,0,No,Aplonis pelzelni_Rattus exulans,Rattus exulans,IUCN attribution was generic. Specific rodent was determined from literature review. See Table SX for references and notes.
Aplonis santovestris,119060447,22710485,Mountain Starling,"",Rattus,Endangered,"B1ab(v)+2ab(v); C2a(i,ii)",Unknown,0,0,No,Aplonis santovestris_Rattus rattus,Rattus rattus,IUCN attribution was generic. Specific rodent was determined from literature review. See Table SX for references and notes.
Aplonis santovestris,119060447,22710485,Mountain Starling,"",Rattus,Endangered,"B1ab(v)+2ab(v); C2a(i,ii)",Unknown,0,0,No,Aplonis santovestris_Rattus norvegicus,Rattus norvegicus,IUCN attribution was generic. Specific rodent was determined from literature review. See Table SX for references and notes.
Aplonis santovestris,119060447,22710485,Mountain Starling,"",Rattus,Endangered,"B1ab(v)+2ab(v); C2a(i,ii)",Unknown,0,0,No,Aplonis santovestris_Rattus exulans,Rattus exulans,IUCN attribution was generic. Specific rodent was determined from literature review. See Table SX for references and notes.
Aplonis ulietensis,119212332,22734867,Raiatea Starling,Turdus ulietensis,Rattus norvegicus,Extinct,"",Rats,1,1,Yes,Aplonis ulietensis_Rattus norvegicus,Rattus norvegicus,Rodent attribution from IUCN.
Apteryx mantelli,119177586,45353580,North Island Brown Kiwi,Apteryx australis,Rattus,Vulnerable,A2bce,"Dog, ferret",0,0,Yes,Apteryx mantelli_Rattus rattus,Rattus rattus,IUCN attribution was generic. Specific rodent was determined from literature review. See Table SX for references and notes.
Apteryx mantelli,119177586,45353580,North Island Brown Kiwi,Apteryx australis,Rattus,Vulnerable,A2bce,"Dog, ferret",0,0,Yes,Apteryx mantelli_Rattus norvegicus,Rattus norvegicus,IUCN attribution was generic. Specific rodent was determined from literature review. See Table SX for references and notes.
Apteryx mantelli,119177586,45353580,North Island Brown Kiwi,Apteryx australis,Rattus,Vulnerable,A2bce,"Dog, ferret",0,0,Yes,Apteryx mantelli_Rattus exulans,Rattus exulans,IUCN attribution was generic. Specific rodent was determined from literature review. See Table SX for references and notes.
Ardenna carneipes,155469189,22698188,Flesh-footed Shearwater,Puffinus carneipes,"Rattus rattus, Rattus norvegicus",Near Threatened,A2bcde+3bcde+4bcde,Unknown,0,0,Yes,Ardenna carneipes_Rattus rattus,Rattus rattus,Rodent attribution from IUCN.
Ardenna carneipes,155469189,22698188,Flesh-footed Shearwater,Puffinus carneipes,"Rattus rattus, Rattus norvegicus",Near Threatened,A2bcde+3bcde+4bcde,Unknown,0,0,Yes,Ardenna carneipes_Rattus norvegicus,Rattus norvegicus,Rodent attribution from IUCN.
Ardenna creatopus,132633266,22698195,Pink-footed Shearwater,Puffinus creatopus,"Rattus rattus, Rattus norvegicus",Vulnerable,D2,Fishing-bycatch,0,0,Yes,Ardenna creatopus_Rattus rattus,Rattus rattus,Rodent attribution from IUCN.
Ardenna creatopus,132633266,22698195,Pink-footed Shearwater,Puffinus creatopus,"Rattus rattus, Rattus norvegicus",Vulnerable,D2,Fishing-bycatch,0,0,Yes,Ardenna creatopus_Rattus norvegicus,Rattus norvegicus,Rodent attribution from IUCN.
Ardenna grisea,154440143,22698209,Sooty Shearwater,Puffinus griseus,"Rattus rattus, Rattus norvegicus",Near Threatened,A2de+3de+4de,Fishing-bycatch,0,0,Yes,Ardenna grisea_Rattus rattus,Rattus rattus,Rodent attribution from IUCN.
Ardenna grisea,154440143,22698209,Sooty Shearwater,Puffinus griseus,"Rattus rattus, Rattus norvegicus",Near Threatened,A2de+3de+4de,Fishing-bycatch,0,0,Yes,Ardenna grisea_Rattus norvegicus,Rattus norvegicus,Rodent attribution from IUCN.
Ardeola idae,189949320,22697143,Madagascar Pond-heron,"",Rattus,Endangered,C2a(ii),Habitat loss,0,0,Yes,Ardeola idae_Rattus rattus,Rattus rattus,IUCN attribution was generic. Specific rodent was determined from literature review. See Table SX for references and notes.
Ardeola idae,189949320,22697143,Madagascar Pond-heron,"",Rattus,Endangered,C2a(ii),Habitat loss,0,0,Yes,Ardeola idae_Rattus norvegicus,Rattus norvegicus,IUCN attribution was generic. Specific rodent was determined from literature review. See Table SX for references and notes.
Aythya innotata,128903025,22680380,Madagascar Pochard,"",Rattus,Critically Endangered,D,Unknown,0,0,No,Aythya innotata_Rattus rattus,Rattus rattus,IUCN attribution was generic. Specific rodent was determined from literature review. See Table SX for references and notes.
Aythya innotata,128903025,22680380,Madagascar Pochard,"",Rattus,Critically Endangered,D,Unknown,0,0,No,Aythya innotata_Rattus norvegicus,Rattus norvegicus,IUCN attribution was generic. Specific rodent was determined from literature review. See Table SX for references and notes.
Bostrychia bocagei,177028688,22697478,Dwarf Ibis,"",Rattus rattus,Critically Endangered,C2a(ii),Human hunting,0,0,No,Bostrychia bocagei_Rattus rattus,Rattus rattus,Rodent attribution from IUCN.
Branta sandvicensis,194369606,22679929,Hawaiian Goose,Anser sandvicensis,"Rattus rattus, Rattus norvegicus, Rattus exulans",Near Threatened,"B2ab(ii,iii,iv,v); C2a(i)",Unknown,0,0,Yes,Branta sandvicensis_Rattus rattus,Rattus rattus,Rodent attribution from IUCN.
Branta sandvicensis,194369606,22679929,Hawaiian Goose,Anser sandvicensis,"Rattus rattus, Rattus norvegicus, Rattus exulans",Near Threatened,"B2ab(ii,iii,iv,v); C2a(i)",Unknown,0,0,Yes,Branta sandvicensis_Rattus norvegicus,Rattus norvegicus,Rodent attribution from IUCN.
Branta sandvicensis,194369606,22679929,Hawaiian Goose,Anser sandvicensis,"Rattus rattus, Rattus norvegicus, Rattus exulans",Near Threatened,"B2ab(ii,iii,iv,v); C2a(i)",Unknown,0,0,Yes,Branta sandvicensis_Rattus exulans,Rattus exulans,Rodent attribution from IUCN.
Bulweria fallax,132628433,22698136,Jouanin's Petrel,"",Rattus,Near Threatened,D2,Unknown,0,0,Yes,Bulweria fallax_Rattus rattus,Rattus rattus,IUCN attribution was generic. Specific rodent was determined from literature review. See Table SX for references and notes.
Bulweria fallax,132628433,22698136,Jouanin's Petrel,"",Rattus,Near Threatened,D2,Unknown,0,0,Yes,Bulweria fallax_Rattus norvegicus,Rattus norvegicus,IUCN attribution was generic. Specific rodent was determined from literature review. See Table SX for references and notes.
Cabalus modestus,94999473,22728873,Chatham Islands Rail,"Gallirallus modestus ssp. Modestus, Rallus modestus ssp. Modestus",Rattus,Extinct,"","Rats, habitat loss, cats",1,0,No,Cabalus modestus_Rattus rattus,Rattus rattus,IUCN attribution was generic. Specific rodent was determined from literature review. See Table SX for references and notes.
Cabalus modestus,94999473,22728873,Chatham Islands Rail,"Gallirallus modestus ssp. Modestus, Rallus modestus ssp. Modestus",Rattus,Extinct,"","Rats, habitat loss, cats",1,0,No,Cabalus modestus_Rattus norvegicus,Rattus norvegicus,IUCN attribution was generic. Specific rodent was determined from literature review. See Table SX for references and notes.
Cabalus modestus,94999473,22728873,Chatham Islands Rail,"Gallirallus modestus ssp. Modestus, Rallus modestus ssp. Modestus",Rattus,Extinct,"","Rats, habitat loss, cats",1,0,No,Cabalus modestus_Rattus exulans,Rattus exulans,IUCN attribution was generic. Specific rodent was determined from literature review. See Table SX for references and notes.
Callaeas cinereus,156237250,103730380,South Island Kokako,Callaeas wilsoni,Rattus rattus,Critically Endangered,D,"Rats, possums, stoats, habitat loss",1,0,Yes,Callaeas cinereus_Rattus rattus,Rattus rattus,Rodent attribution from IUCN.
Calonectris leucomelas,132630766,22698172,Streaked Shearwater,"","Rattus rattus, Rattus norvegicus",Near Threatened,A2abe+3be+4abe,"Rats, cats",1,0,Yes,Calonectris leucomelas_Rattus rattus,Rattus rattus,Rodent attribution from IUCN.
Calonectris leucomelas,132630766,22698172,Streaked Shearwater,"","Rattus rattus, Rattus norvegicus",Near Threatened,A2abe+3be+4abe,"Rats, cats",1,0,Yes,Calonectris leucomelas_Rattus norvegicus,Rattus norvegicus,Rodent attribution from IUCN.
Calyptophilus tertius,190919306,22729082,Western Chat-tanager,"","Rattus rattus, Rattus norvegicus",Vulnerable,"B1ab(ii,iii,v)","Rats, cats, habitat loss",1,0,No,Calyptophilus tertius_Rattus rattus,Rattus rattus,Rodent attribution from IUCN.
Calyptophilus tertius,190919306,22729082,Western Chat-tanager,"","Rattus rattus, Rattus norvegicus",Vulnerable,"B1ab(ii,iii,v)","Rats, cats, habitat loss",1,0,No,Calyptophilus tertius_Rattus norvegicus,Rattus norvegicus,Rodent attribution from IUCN.
Carpodacus ferreorostris,111776645,22720622,Bonin Grosbeak,Chaunoproctus ferreorostris,Rattus,Extinct,"","Rats, habitat loss, cats",1,0,No,Carpodacus ferreorostris_Rattus rattus,Rattus rattus,IUCN attribution was generic. Specific rodent was determined from literature review. See Table SX for references and notes.
Carpodacus ferreorostris,111776645,22720622,Bonin Grosbeak,Chaunoproctus ferreorostris,Rattus,Extinct,"","Rats, habitat loss, cats",1,0,No,Carpodacus ferreorostris_Rattus norvegicus,Rattus norvegicus,IUCN attribution was generic. Specific rodent was determined from literature review. See Table SX for references and notes.
Catharus bicknelli,180783383,22728467,Bicknell's Thrush,"",Rattus rattus,Vulnerable,A2bc+3bc+4bc,Habitat loss,0,0,Yes,Catharus bicknelli_Rattus rattus,Rattus rattus,Rodent attribution from IUCN.
Certhidea olivacea,119095821,103814223,Green Warbler-finch,Certhidea fusca,Rattus,Vulnerable,"A2bce+3bce+4bce; B1ab(iii,v)","Habitat loss, introduced plants",0,0,No,Certhidea olivacea_Rattus rattus,Rattus rattus,IUCN attribution was generic. Specific rodent was determined from literature review. See Table SX for references and notes.
Certhidea olivacea,119095821,103814223,Green Warbler-finch,Certhidea fusca,Rattus,Vulnerable,"A2bce+3bce+4bce; B1ab(iii,v)","Habitat loss, introduced plants",0,0,No,Certhidea olivacea_Rattus norvegicus,Rattus norvegicus,IUCN attribution was generic. Specific rodent was determined from literature review. See Table SX for references and notes.
Charadrius obscurus,126893184,62290750,Southern Red-breasted Plover,"",Rattus,Critically Endangered,A4a; C1+2a(ii),Stoats,0,0,Yes,Charadrius obscurus_Rattus rattus,Rattus rattus,IUCN attribution was generic. Specific rodent was determined from literature review. See Table SX for references and notes.
Charadrius obscurus,126893184,62290750,Southern Red-breasted Plover,"",Rattus,Critically Endangered,A4a; C1+2a(ii),Stoats,0,0,Yes,Charadrius obscurus_Rattus norvegicus,Rattus norvegicus,IUCN attribution was generic. Specific rodent was determined from literature review. See Table SX for references and notes.
Charadrius obscurus,126893184,62290750,Southern Red-breasted Plover,"",Rattus,Critically Endangered,A4a; C1+2a(ii),Stoats,0,0,Yes,Charadrius obscurus_Rattus exulans,Rattus exulans,IUCN attribution was generic. Specific rodent was determined from literature review. See Table SX for references and notes.
Charadrius sanctaehelenae,179182366,22693785,Saint Helena Plover,"","Rattus norvegicus, Rattus",Vulnerable,D1,Ending domestic grazing,0,0,Yes,Charadrius sanctaehelenae_Rattus rattus,Rattus rattus,IUCN attribution was generic. Specific rodent was determined from literature review. See Table SX for references and notes.
Charadrius sanctaehelenae,179182366,22693785,Saint Helena Plover,"","Rattus norvegicus, Rattus",Vulnerable,D1,Ending domestic grazing,0,0,Yes,Charadrius sanctaehelenae_Rattus norvegicus,Rattus norvegicus,IUCN attribution was generic. Specific rodent was determined from literature review. See Table SX for references and notes.
Charmosyna amabilis,129622366,22684693,Red-throated Lorikeet,"",Rattus rattus,Critically Endangered,"C2a(i,ii); D","Rats, habitat loss",1,0,No,Charmosyna amabilis_Rattus rattus,Rattus rattus,Rodent attribution from IUCN.
Charmosyna diadema,156512185,22684689,New Caledonian Lorikeet,"",Rattus,Critically Endangered,D,Unknown,0,0,No,Charmosyna diadema_Rattus rattus,Rattus rattus,IUCN attribution was generic. Specific rodent was determined from literature review. See Table SX for references and notes.
Charmosyna diadema,156512185,22684689,New Caledonian Lorikeet,"",Rattus,Critically Endangered,D,Unknown,0,0,No,Charmosyna diadema_Rattus norvegicus,Rattus norvegicus,IUCN attribution was generic. Specific rodent was determined from literature review. See Table SX for references and notes.
Charmosyna diadema,156512185,22684689,New Caledonian Lorikeet,"",Rattus,Critically Endangered,D,Unknown,0,0,No,Charmosyna diadema_Rattus exulans,Rattus exulans,IUCN attribution was generic. Specific rodent was determined from literature review. See Table SX for references and notes.
Chasiempis ibidis,95133622,22736423,Oahu Elepaio,Chasiempis sandwichensis,Rattus rattus,Endangered,"B1ab(i,ii,iii,iv,v)","Rats, habitat loss",1,0,Yes,Chasiempis ibidis_Rattus rattus,Rattus rattus,Rodent attribution from IUCN.
Chasiempis sclateri,122918684,22736432,Kauai Elepaio,Chasiempis sandwichensis,Rattus,Vulnerable,D2,Weather extreme,0,0,Yes,Chasiempis sclateri_Rattus rattus,Rattus rattus,IUCN attribution was generic. Specific rodent was determined from literature review. See Table SX for references and notes.
Chasiempis sclateri,122918684,22736432,Kauai Elepaio,Chasiempis sandwichensis,Rattus,Vulnerable,D2,Weather extreme,0,0,Yes,Chasiempis sclateri_Rattus norvegicus,Rattus norvegicus,IUCN attribution was generic. Specific rodent was determined from literature review. See Table SX for references and notes.
Chasiempis sclateri,122918684,22736432,Kauai Elepaio,Chasiempis sandwichensis,Rattus,Vulnerable,D2,Weather extreme,0,0,Yes,Chasiempis sclateri_Rattus exulans,Rattus exulans,IUCN attribution was generic. Specific rodent was determined from literature review. See Table SX for references and notes.
Chenonetta finschi,119205634,62239833,Finsch's Duck,"",Rattus exulans,Extinct,"","Rats, human hunting",1,0,No,Chenonetta finschi_Rattus exulans,Rattus exulans,Rodent attribution from IUCN.
Chlidonias albostriatus,131931677,22694750,Black-fronted Tern,"Hydrochelidon albostriata, Sterna albostriata","Rattus rattus, Rattus norvegicus",Endangered,A2bce+3bce+4bce; C2a(ii),"Rats, mustela, cats, hedgehogs, possums, dogs, introduced birds, predation native birds",1,0,Yes,Chlidonias albostriatus_Rattus rattus,Rattus rattus,Rodent attribution from IUCN.
Chlidonias albostriatus,131931677,22694750,Black-fronted Tern,"Hydrochelidon albostriata, Sterna albostriata","Rattus rattus, Rattus norvegicus",Endangered,A2bce+3bce+4bce; C2a(ii),"Rats, mustela, cats, hedgehogs, possums, dogs, introduced birds, predation native birds",1,0,Yes,Chlidonias albostriatus_Rattus norvegicus,Rattus norvegicus,Rodent attribution from IUCN.
Chlorodrepanis stejnegeri,94682058,22720756,Kauai Amakihi,"Hemignathus kauaiensis, Viridonia stejnegeri ssp. Stejnegeri",Rodentia,Vulnerable,D2,Unknown,0,0,No,Chlorodrepanis stejnegeri_Rattus rattus,Rattus rattus,IUCN attribution was generic. Specific rodent was determined from literature review. See Table SX for references and notes.
Chlorodrepanis stejnegeri,94682058,22720756,Kauai Amakihi,"Hemignathus kauaiensis, Viridonia stejnegeri ssp. Stejnegeri",Rodentia,Vulnerable,D2,Unknown,0,0,No,Chlorodrepanis stejnegeri_Rattus norvegicus,Rattus norvegicus,IUCN attribution was generic. Specific rodent was determined from literature review. See Table SX for references and notes.
Chlorodrepanis stejnegeri,94682058,22720756,Kauai Amakihi,"Hemignathus kauaiensis, Viridonia stejnegeri ssp. Stejnegeri",Rodentia,Vulnerable,D2,Unknown,0,0,No,Chlorodrepanis stejnegeri_Rattus exulans,Rattus exulans,IUCN attribution was generic. Specific rodent was determined from literature review. See Table SX for references and notes.
Chlorodrepanis stejnegeri,94682058,22720756,Kauai Amakihi,"Hemignathus kauaiensis, Viridonia stejnegeri ssp. Stejnegeri",Rodentia,Vulnerable,D2,Unknown,0,0,No,Chlorodrepanis stejnegeri_Mus musculus,Mus musculus,IUCN attribution was generic. Specific rodent was determined from literature review. See Table SX for references and notes.
Cinclodes antarcticus,93860479,103670928,Blackish Cinclodes,"",Rattus,Near Threatened,A2e+3e+4e,"Rats, cats",1,0,Yes,Cinclodes antarcticus_Rattus norvegicus,Rattus norvegicus,IUCN attribution was generic. Specific rodent was determined from literature review. See Table SX for references and notes.
Cinclodes maculirostris,192074027,103670944,Black Cinclodes,"",Rattus,Near Threatened,A2ace+3ce+4ace,"Rats, cats",1,0,Yes,Cinclodes maculirostris_Rattus norvegicus,Rattus norvegicus,IUCN attribution was generic. Specific rodent was determined from literature review. See Table SX for references and notes.
Cincloramphus grosvenori,152668395,22715529,New Britain Thicketbird,Megalurulus grosvenori,Rattus,Vulnerable,D1,Unknown,0,0,No,Cincloramphus grosvenori_Rattus rattus,Rattus rattus,IUCN attribution was generic. Specific rodent was determined from literature review. See Table SX for references and notes.
Cincloramphus grosvenori,152668395,22715529,New Britain Thicketbird,Megalurulus grosvenori,Rattus,Vulnerable,D1,Unknown,0,0,No,Cincloramphus grosvenori_Rattus praetor,Rattus praetor,IUCN attribution was generic. Specific rodent was determined from literature review. See Table SX for references and notes.
Cincloramphus llaneae,152667776,22715535,Bougainville Thicketbird,"Cichlornis llaneae, Megalurulus llaneae",Rattus,Near Threatened,C2a(ii),Unknown,0,0,No,Cincloramphus llaneae_Rattus rattus,Rattus rattus,IUCN attribution was generic. Specific rodent was determined from literature review. See Table SX for references and notes.
Cincloramphus llaneae,152667776,22715535,Bougainville Thicketbird,"Cichlornis llaneae, Megalurulus llaneae",Rattus,Near Threatened,C2a(ii),Unknown,0,0,No,Cincloramphus llaneae_Rattus exulans,Rattus exulans,IUCN attribution was generic. Specific rodent was determined from literature review. See Table SX for references and notes.
Cincloramphus rufus,178598253,22715555,Long-legged Thicketbird,"Megalurulus rufus, Trichocichla rufa",Rattus rattus,Endangered,D,Unknown,0,0,No,Cincloramphus rufus_Rattus rattus,Rattus rattus,Rodent attribution from IUCN.
Ciridops anna,94686158,22720840,Ula-ai-hawane,"",Rattus,Extinct,"",Unknown,0,0,No,Ciridops anna_Rattus rattus,Rattus rattus,IUCN attribution was generic. Specific rodent was determined from literature review. See Table SX for references and notes.
Ciridops anna,94686158,22720840,Ula-ai-hawane,"",Rattus,Extinct,"",Unknown,0,0,No,Ciridops anna_Rattus norvegicus,Rattus norvegicus,IUCN attribution was generic. Specific rodent was determined from literature review. See Table SX for references and notes.
Ciridops anna,94686158,22720840,Ula-ai-hawane,"",Rattus,Extinct,"",Unknown,0,0,No,Ciridops anna_Rattus exulans,Rattus exulans,IUCN attribution was generic. Specific rodent was determined from literature review. See Table SX for references and notes.
Cleptornis marchei,216247839,22714282,Golden White-eye,"",Rattus,Endangered,"B1ab(iii,v)+2ab(iii,v)",Habitat loss,0,0,Yes,Cleptornis marchei_Rattus norvegicus,Rattus norvegicus,IUCN attribution was generic. Specific rodent was determined from literature review. See Table SX for references and notes.
Cleptornis marchei,216247839,22714282,Golden White-eye,"",Rattus,Endangered,"B1ab(iii,v)+2ab(iii,v)",Habitat loss,0,0,Yes,Cleptornis marchei_Rattus exulans,Rattus exulans,IUCN attribution was generic. Specific rodent was determined from literature review. See Table SX for references and notes.
Clytorhynchus sanctaecrucis,209518471,22734762,Nendo Shrikebill,"",Rattus rattus,Endangered,C2a(ii),Habitat loss,0,0,No,Clytorhynchus sanctaecrucis_Rattus rattus,Rattus rattus,Rodent attribution from IUCN.
Coccyzus bahamensis,178654750,22728160,Bahama Lizard-cuckoo,"",Rattus,Near Threatened,C2a(i),Unknown,0,0,No,Coccyzus bahamensis_Rattus rattus,Rattus rattus,IUCN attribution was generic. Specific rodent was determined from literature review. See Table SX for references and notes.
Coccyzus bahamensis,178654750,22728160,Bahama Lizard-cuckoo,"",Rattus,Near Threatened,C2a(i),Unknown,0,0,No,Coccyzus bahamensis_Rattus norvegicus,Rattus norvegicus,IUCN attribution was generic. Specific rodent was determined from literature review. See Table SX for references and notes.
Coccyzus ferrugineus,178653886,22684340,Cocos Cuckoo,"",Rattus,Vulnerable,D1+2,Unknown,0,0,No,Coccyzus ferrugineus_Rattus exulans,Rattus exulans,IUCN attribution was generic. Specific rodent was determined from literature review. See Table SX for references and notes.
Coenocorypha aucklandica,182916100,22727499,Auckland Snipe,"",Rattus exulans,Near Threatened,D2,"Rats, cats, pigs",1,0,No,Coenocorypha aucklandica_Rattus exulans,Rattus exulans,Rodent attribution from IUCN.
Coenocorypha barrierensis,95191768,62178398,North Island Snipe,"",Rattus exulans,Extinct,"","Rats, cats",1,0,No,Coenocorypha barrierensis_Rattus exulans,Rattus exulans,Rodent attribution from IUCN.
Coenocorypha iredalei,94951415,22727515,South Island Snipe,Coenocorypha aucklandica,"Rattus rattus, Rattus exulans",Extinct,"",Rats,1,1,Yes,Coenocorypha iredalei_Rattus rattus,Rattus rattus,Rodent attribution from IUCN.
Coenocorypha iredalei,94951415,22727515,South Island Snipe,Coenocorypha aucklandica,"Rattus rattus, Rattus exulans",Extinct,"",Rats,1,1,Yes,Coenocorypha iredalei_Rattus exulans,Rattus exulans,Rodent attribution from IUCN.
Coenocorypha pusilla,182890601,22693137,Chatham Islands Snipe,"",Rattus,Vulnerable,D2,"Rats, cats",1,0,No,Coenocorypha pusilla_Rattus rattus,Rattus rattus,IUCN attribution was generic. Specific rodent was determined from literature review. See Table SX for references and notes.
Coenocorypha pusilla,182890601,22693137,Chatham Islands Snipe,"",Rattus,Vulnerable,D2,"Rats, cats",1,0,No,Coenocorypha pusilla_Rattus norvegicus,Rattus norvegicus,IUCN attribution was generic. Specific rodent was determined from literature review. See Table SX for references and notes.
Coenocorypha pusilla,182890601,22693137,Chatham Islands Snipe,"",Rattus,Vulnerable,D2,"Rats, cats",1,0,No,Coenocorypha pusilla_Rattus exulans,Rattus exulans,IUCN attribution was generic. Specific rodent was determined from literature review. See Table SX for references and notes.
Columba junoniae,111025271,22690122,White-tailed Laurel-pigeon,"",Rattus rattus,Near Threatened,B1b(iii)+2b(iii),"Rats, habitat loss",1,0,Yes,Columba junoniae_Rattus rattus,Rattus rattus,Rodent attribution from IUCN.
Columba thiriouxi,119206067,62254534,Mauritius Woodpigeon,"",Rattus rattus,Extinct,"","Rats, human hunting, habitat loss",1,0,No,Columba thiriouxi_Rattus rattus,Rattus rattus,Rodent attribution from IUCN.
Columba versicolor,93265793,22690218,Bonin Woodpigeon,"",Rattus,Extinct,"",Habitat loss,0,0,No,Columba versicolor_Rattus rattus,Rattus rattus,IUCN attribution was generic. Specific rodent was determined from literature review. See Table SX for references and notes.
Columba versicolor,93265793,22690218,Bonin Woodpigeon,"",Rattus,Extinct,"",Habitat loss,0,0,No,Columba versicolor_Rattus norvegicus,Rattus norvegicus,IUCN attribution was generic. Specific rodent was determined from literature review. See Table SX for references and notes.
Copsychus sechellarum,179276878,22709978,Seychelles Magpie-robin,"","Rattus rattus, Rattus norvegicus",Endangered,D,"Rats, cats, habitat loss",1,0,Yes,Copsychus sechellarum_Rattus rattus,Rattus rattus,Rodent attribution from IUCN.
Copsychus sechellarum,179276878,22709978,Seychelles Magpie-robin,"","Rattus rattus, Rattus norvegicus",Endangered,D,"Rats, cats, habitat loss",1,0,Yes,Copsychus sechellarum_Rattus norvegicus,Rattus norvegicus,Rodent attribution from IUCN.
Coracopsis barklyi,179281607,22727890,Seychelles Parrot,"",Rattus,Vulnerable,D1,"Rats, cats, human hunting, fire",1,0,No,Coracopsis barklyi_Rattus rattus,Rattus rattus,IUCN attribution was generic. Specific rodent was determined from literature review. See Table SX for references and notes.
Coracopsis barklyi,179281607,22727890,Seychelles Parrot,"",Rattus,Vulnerable,D1,"Rats, cats, human hunting, fire",1,0,No,Coracopsis barklyi_Rattus norvegicus,Rattus norvegicus,IUCN attribution was generic. Specific rodent was determined from literature review. See Table SX for references and notes.
Corvus hawaiiensis,94048187,22706052,Hawaiian Crow,"",Rattus,Extinct in the Wild,"",Habitat loss,0,0,No,Corvus hawaiiensis_Rattus rattus,Rattus rattus,IUCN attribution was generic. Specific rodent was determined from literature review. See Table SX for references and notes.
Corvus hawaiiensis,94048187,22706052,Hawaiian Crow,"",Rattus,Extinct in the Wild,"",Habitat loss,0,0,No,Corvus hawaiiensis_Rattus norvegicus,Rattus norvegicus,IUCN attribution was generic. Specific rodent was determined from literature review. See Table SX for references and notes.
Corvus hawaiiensis,94048187,22706052,Hawaiian Crow,"",Rattus,Extinct in the Wild,"",Habitat loss,0,0,No,Corvus hawaiiensis_Rattus exulans,Rattus exulans,IUCN attribution was generic. Specific rodent was determined from literature review. See Table SX for references and notes.
Coturnix novaezelandiae,92795779,22678955,New Zealand Quail,"",Rattus,Extinct,"",Disease,0,0,Yes,Coturnix novaezelandiae_Rattus rattus,Rattus rattus,IUCN attribution was generic. Specific rodent was determined from literature review. See Table SX for references and notes.
Coturnix novaezelandiae,92795779,22678955,New Zealand Quail,"",Rattus,Extinct,"",Disease,0,0,Yes,Coturnix novaezelandiae_Rattus norvegicus,Rattus norvegicus,IUCN attribution was generic. Specific rodent was determined from literature review. See Table SX for references and notes.
Coturnix novaezelandiae,92795779,22678955,New Zealand Quail,"",Rattus,Extinct,"",Disease,0,0,Yes,Coturnix novaezelandiae_Rattus exulans,Rattus exulans,IUCN attribution was generic. Specific rodent was determined from literature review. See Table SX for references and notes.
Coua delalandei,93016420,22684143,Snail-eating Coua,"",Rattus,Extinct,"",Habitat loss,0,0,No,Coua delalandei_Rattus rattus,Rattus rattus,IUCN attribution was generic. Specific rodent was determined from literature review. See Table SX for references and notes.
Coua delalandei,93016420,22684143,Snail-eating Coua,"",Rattus,Extinct,"",Habitat loss,0,0,No,Coua delalandei_Rattus norvegicus,Rattus norvegicus,IUCN attribution was generic. Specific rodent was determined from literature review. See Table SX for references and notes.
Crithagra concolor,176571427,22720310,Sao Tome Grosbeak,"Amblyospiza concolor, Neospiza concolor",Rattus rattus,Critically Endangered,C2a(ii),Habitat loss,0,0,No,Crithagra concolor_Rattus rattus,Rattus rattus,Rodent attribution from IUCN.
Cyanolimnas cerverai,178679046,22692737,Zapata Rail,"",Rattus,Critically Endangered,C2a(ii),Unknown,0,0,No,Cyanolimnas cerverai_Rattus rattus,Rattus rattus,IUCN attribution was generic. Specific rodent was determined from literature review. See Table SX for references and notes.
Cyanolimnas cerverai,178679046,22692737,Zapata Rail,"",Rattus,Critically Endangered,C2a(ii),Unknown,0,0,No,Cyanolimnas cerverai_Rattus norvegicus,Rattus norvegicus,IUCN attribution was generic. Specific rodent was determined from literature review. See Table SX for references and notes.
Cyanoramphus auriceps,213764778,22685175,Yellow-fronted Parakeet,"",Rattus,Near Threatened,A2ce,"Rats, cats, stoats, habitat loss",1,0,Yes,Cyanoramphus auriceps_Rattus rattus,Rattus rattus,IUCN attribution was generic. Specific rodent was determined from literature review. See Table SX for references and notes.
Cyanoramphus auriceps,213764778,22685175,Yellow-fronted Parakeet,"",Rattus,Near Threatened,A2ce,"Rats, cats, stoats, habitat loss",1,0,Yes,Cyanoramphus auriceps_Rattus norvegicus,Rattus norvegicus,IUCN attribution was generic. Specific rodent was determined from literature review. See Table SX for references and notes.
Cyanoramphus auriceps,213764778,22685175,Yellow-fronted Parakeet,"",Rattus,Near Threatened,A2ce,"Rats, cats, stoats, habitat loss",1,0,Yes,Cyanoramphus auriceps_Rattus exulans,Rattus exulans,IUCN attribution was generic. Specific rodent was determined from literature review. See Table SX for references and notes.
Cyanoramphus malherbi,130890144,22724562,Malherbe's Parakeet,"",Rattus,Critically Endangered,A2bce,"Rats, stoats",1,0,No,Cyanoramphus malherbi_Rattus rattus,Rattus rattus,IUCN attribution was generic. Specific rodent was determined from literature review. See Table SX for references and notes.
Cyanoramphus malherbi,130890144,22724562,Malherbe's Parakeet,"",Rattus,Critically Endangered,A2bce,"Rats, stoats",1,0,No,Cyanoramphus malherbi_Rattus norvegicus,Rattus norvegicus,IUCN attribution was generic. Specific rodent was determined from literature review. See Table SX for references and notes.
Cyanoramphus malherbi,130890144,22724562,Malherbe's Parakeet,"",Rattus,Critically Endangered,A2bce,"Rats, stoats",1,0,No,Cyanoramphus malherbi_Rattus exulans,Rattus exulans,IUCN attribution was generic. Specific rodent was determined from literature review. See Table SX for references and notes.
Cyanoramphus unicolor,213655486,22685162,Antipodes Parakeet,"","Rattus, Mus musculus",Vulnerable,D2,"Rats, cats, mustelids",1,0,No,Cyanoramphus unicolor_Mus musculus,Mus musculus,IUCN attribution was generic. Specific rodent was determined from literature review. See Table SX for references and notes.
Dendrocygna arborea,154611660,22679770,West Indian Whistling-duck,"",Rattus,Near Threatened,A3c,"Rats, mongoose, raccoons, cats, dogs, habitat loss, human hunting",0,0,Yes,Dendrocygna arborea_Rattus rattus,Rattus rattus,IUCN attribution was generic. Specific rodent was determined from literature review. See Table SX for references and notes.
Dendrocygna arborea,154611660,22679770,West Indian Whistling-duck,"",Rattus,Near Threatened,A3c,"Rats, mongoose, raccoons, cats, dogs, habitat loss, human hunting",0,0,Yes,Dendrocygna arborea_Rattus norvegicus,Rattus norvegicus,IUCN attribution was generic. Specific rodent was determined from literature review. See Table SX for references and notes.
Dicrurus aldabranus,94098323,22706943,Aldabra Drongo,"",Rattus,Near Threatened,D1+2,"Rats, predation native birds",1,0,Yes,Dicrurus aldabranus_Rattus rattus,Rattus rattus,IUCN attribution was generic. Specific rodent was determined from literature review. See Table SX for references and notes.
Dicrurus aldabranus,94098323,22706943,Aldabra Drongo,"",Rattus,Near Threatened,D1+2,"Rats, predation native birds",1,0,Yes,Dicrurus aldabranus_Rattus norvegicus,Rattus norvegicus,IUCN attribution was generic. Specific rodent was determined from literature review. See Table SX for references and notes.
Dicrurus fuscipennis,94098582,22706947,Comoro Drongo,"",Rattus,Endangered,B1ab(iii);D,Unknown,0,0,No,Dicrurus fuscipennis_Rattus rattus,Rattus rattus,IUCN attribution was generic. Specific rodent was determined from literature review. See Table SX for references and notes.
Didunculus strigirostris,156841404,22691890,Tooth-billed Pigeon,"","Rattus exulans, Rattus rattus",Critically Endangered,C2a(i),Human hunting,0,0,No,Didunculus strigirostris_Rattus exulans,Rattus exulans,Rodent attribution from IUCN.
Didunculus strigirostris,156841404,22691890,Tooth-billed Pigeon,"","Rattus exulans, Rattus rattus",Critically Endangered,C2a(i),Human hunting,0,0,No,Didunculus strigirostris_Rattus rattus,Rattus rattus,Rodent attribution from IUCN.
Diomedea dabbenena,132657527,22728364,Tristan Albatross,Diomedea chionoptera,"Rattus, Mus musculus",Critically Endangered,A4ade,Fishing-bycatch,0,0,Yes,Diomedea dabbenena_Rattus rattus,Rattus rattus,IUCN attribution was generic. Specific rodent was determined from literature review. See Table SX for references and notes.
Diomedea dabbenena,132657527,22728364,Tristan Albatross,Diomedea chionoptera,"Rattus, Mus musculus",Critically Endangered,A4ade,Fishing-bycatch,0,0,Yes,Diomedea dabbenena_Rattus norvegicus,Rattus norvegicus,IUCN attribution was generic. Specific rodent was determined from literature review. See Table SX for references and notes.
Diomedea dabbenena,132657527,22728364,Tristan Albatross,Diomedea chionoptera,"Rattus, Mus musculus",Critically Endangered,A4ade,Fishing-bycatch,0,0,Yes,Diomedea dabbenena_Mus musculus,Mus musculus,IUCN attribution was generic. Specific rodent was determined from literature review. See Table SX for references and notes.
Diomedea exulans,132640680,22698305,Wandering Albatross,"",Mus musculus,Vulnerable,A4bd,Fishing-bycatch,0,0,Yes,Diomedea exulans_Mus musculus,Mus musculus,Rodent attribution from IUCN.
Drepanis coccinea,179228794,22720844,Iiwi,Vestiaria coccinea,Rattus,Vulnerable,A3bce+4bce,Disease,0,0,Yes,Drepanis coccinea_Rattus rattus,Rattus rattus,IUCN attribution was generic. Specific rodent was determined from literature review. See Table SX for references and notes.
Drepanis coccinea,179228794,22720844,Iiwi,Vestiaria coccinea,Rattus,Vulnerable,A3bce+4bce,Disease,0,0,Yes,Drepanis coccinea_Rattus norvegicus,Rattus norvegicus,IUCN attribution was generic. Specific rodent was determined from literature review. See Table SX for references and notes.
Drepanis coccinea,179228794,22720844,Iiwi,Vestiaria coccinea,Rattus,Vulnerable,A3bce+4bce,Disease,0,0,Yes,Drepanis coccinea_Rattus exulans,Rattus exulans,IUCN attribution was generic. Specific rodent was determined from literature review. See Table SX for references and notes.
Drepanis funerea,94686803,22720852,Black Mamo,"",Rattus,Extinct,"","Rats, mongoose, introduced herbivores",1,0,No,Drepanis funerea_Rattus rattus,Rattus rattus,IUCN attribution was generic. Specific rodent was determined from literature review. See Table SX for references and notes.
Drepanis funerea,94686803,22720852,Black Mamo,"",Rattus,Extinct,"","Rats, mongoose, introduced herbivores",1,0,No,Drepanis funerea_Rattus norvegicus,Rattus norvegicus,IUCN attribution was generic. Specific rodent was determined from literature review. See Table SX for references and notes.
Drepanis funerea,94686803,22720852,Black Mamo,"",Rattus,Extinct,"","Rats, mongoose, introduced herbivores",1,0,No,Drepanis funerea_Rattus exulans,Rattus exulans,IUCN attribution was generic. Specific rodent was determined from literature review. See Table SX for references and notes.
Dryolimnas augusti,119207514,62258591,Reunion Rail,"",Rattus rattus,Extinct,"","Rats, cats, human hunting",1,0,No,Dryolimnas augusti_Rattus rattus,Rattus rattus,Rodent attribution from IUCN.
Ducula aurorae,118663538,22691668,Polynesian Imperial-pigeon,"",Rattus rattus,Endangered,"B1ab(ii,iii,v)+2ab(ii,iii,v); C2a(ii)","Habitat loss, human hunting",0,0,Yes,Ducula aurorae_Rattus rattus,Rattus rattus,Rodent attribution from IUCN.
Ducula galeata,93320826,22691674,Nukuhiva Imperial-pigeon,"",Rattus,Endangered,D,Hunting,0,0,Yes,Ducula galeata_Rattus rattus,Rattus rattus,IUCN attribution was generic. Specific rodent was determined from literature review. See Table SX for references and notes.
Ducula galeata,93320826,22691674,Nukuhiva Imperial-pigeon,"",Rattus,Endangered,D,Hunting,0,0,Yes,Ducula galeata_Rattus exulans,Rattus exulans,IUCN attribution was generic. Specific rodent was determined from literature review. See Table SX for references and notes.
Ducula pickeringii,93322157,22691710,Grey Imperial-pigeon,"",Rattus rattus,Vulnerable,"B1ab(ii,iii,iv,v)",Habitat loss,0,0,No,Ducula pickeringii_Rattus rattus,Rattus rattus,Rodent attribution from IUCN.
Dysmorodrepanis munroi,111776369,22720738,Lanai Hookbill,"",Rattus,Extinct,"","Rats, habitat loss, cats",1,0,No,Dysmorodrepanis munroi_Rattus rattus,Rattus rattus,IUCN attribution was generic. Specific rodent was determined from literature review. See Table SX for references and notes.
Dysmorodrepanis munroi,111776369,22720738,Lanai Hookbill,"",Rattus,Extinct,"","Rats, habitat loss, cats",1,0,No,Dysmorodrepanis munroi_Rattus norvegicus,Rattus norvegicus,IUCN attribution was generic. Specific rodent was determined from literature review. See Table SX for references and notes.
Dysmorodrepanis munroi,111776369,22720738,Lanai Hookbill,"",Rattus,Extinct,"","Rats, habitat loss, cats",1,0,No,Dysmorodrepanis munroi_Rattus exulans,Rattus exulans,IUCN attribution was generic. Specific rodent was determined from literature review. See Table SX for references and notes.
Elaenia ridleyana,93722423,22699268,Noronha Elaenia,"",Rattus,Vulnerable,D1,Habitat loss,0,0,No,Elaenia ridleyana_Rattus rattus,Rattus rattus,IUCN attribution was generic. Specific rodent was determined from literature review. See Table SX for references and notes.
Elaenia ridleyana,93722423,22699268,Noronha Elaenia,"",Rattus,Vulnerable,D1,Habitat loss,0,0,No,Elaenia ridleyana_Rattus norvegicus,Rattus norvegicus,IUCN attribution was generic. Specific rodent was determined from literature review. See Table SX for references and notes.
Emberiza jankowskii,132004685,22720905,Jankowski's Bunting,"",Rattus,Endangered,A2bc+3bc+4bc,Habitat loss,0,0,Yes,Emberiza jankowskii_Rattus rattus,Rattus rattus,IUCN attribution was generic. Specific rodent was determined from literature review. See Table SX for references and notes.
Emberiza jankowskii,132004685,22720905,Jankowski's Bunting,"",Rattus,Endangered,A2bc+3bc+4bc,Habitat loss,0,0,Yes,Emberiza jankowskii_Rattus norvegicus,Rattus norvegicus,IUCN attribution was generic. Specific rodent was determined from literature review. See Table SX for references and notes.
Emberiza socotrana,118847061,22720940,Socotra Bunting,"",Rattus rattus,Near Threatened,"B1ab(ii,iii,v); C2a(ii)",Unknown,0,0,No,Emberiza socotrana_Rattus rattus,Rattus rattus,Rodent attribution from IUCN.
Eudyptes chrysolophus,184720991,22697793,Macaroni Penguin,"","Rattus, Mus musculus",Vulnerable,A2bce+3bce+4bce,Unknown,0,0,No,Eudyptes chrysolophus_Rattus norvegicus,Rattus norvegicus,IUCN attribution was generic. Specific rodent was determined from literature review. See Table SX for references and notes.
Eudyptes chrysolophus,184720991,22697793,Macaroni Penguin,"","Rattus, Mus musculus",Vulnerable,A2bce+3bce+4bce,Unknown,0,0,No,Eudyptes chrysolophus_Mus musculus,Mus musculus,IUCN attribution was generic. Specific rodent was determined from literature review. See Table SX for references and notes.
Eudyptes moseleyi,184698049,22734408,Northern Rockhopper Penguin,"","Rattus rattus, Rattus norvegicus, Mus musculus",Endangered,A2acde+3cde+4acde,Unknown,0,0,Yes,Eudyptes moseleyi_Rattus rattus,Rattus rattus,Rodent attribution from IUCN.
Eudyptes moseleyi,184698049,22734408,Northern Rockhopper Penguin,"","Rattus rattus, Rattus norvegicus, Mus musculus",Endangered,A2acde+3cde+4acde,Unknown,0,0,Yes,Eudyptes moseleyi_Rattus norvegicus,Rattus norvegicus,Rodent attribution from IUCN.
Eudyptes moseleyi,184698049,22734408,Northern Rockhopper Penguin,"","Rattus rattus, Rattus norvegicus, Mus musculus",Endangered,A2acde+3cde+4acde,Unknown,0,0,Yes,Eudyptes moseleyi_Mus musculus,Mus musculus,Rodent attribution from IUCN.
Eudyptes pachyrhynchus,182279725,22697776,Fiordland Penguin,"",Rattus,Near Threatened,A2bce+3bce+4bce; B2b(v),Unknown,0,0,No,Eudyptes pachyrhynchus_Rattus rattus,Rattus rattus,IUCN attribution was generic. Specific rodent was determined from literature review. See Table SX for references and notes.
Eudyptes pachyrhynchus,182279725,22697776,Fiordland Penguin,"",Rattus,Near Threatened,A2bce+3bce+4bce; B2b(v),Unknown,0,0,No,Eudyptes pachyrhynchus_Rattus norvegicus,Rattus norvegicus,IUCN attribution was generic. Specific rodent was determined from literature review. See Table SX for references and notes.
Eudyptes pachyrhynchus,182279725,22697776,Fiordland Penguin,"",Rattus,Near Threatened,A2bce+3bce+4bce; B2b(v),Unknown,0,0,No,Eudyptes pachyrhynchus_Rattus exulans,Rattus exulans,IUCN attribution was generic. Specific rodent was determined from literature review. See Table SX for references and notes.
Eunymphicus cornutus,93062058,22685185,Horned Parakeet,"",Rattus rattus,Vulnerable,C2a(ii),Habitat loss,0,0,Yes,Eunymphicus cornutus_Rattus rattus,Rattus rattus,Rodent attribution from IUCN.
Eurostopodus exul,130437059,22726340,New Caledonian Nightjar,"",Rattus,Critically Endangered,D,Unknown,0,0,No,Eurostopodus exul_Rattus rattus,Rattus rattus,IUCN attribution was generic. Specific rodent was determined from literature review. See Table SX for references and notes.
Eurostopodus exul,130437059,22726340,New Caledonian Nightjar,"",Rattus,Critically Endangered,D,Unknown,0,0,No,Eurostopodus exul_Rattus norvegicus,Rattus norvegicus,IUCN attribution was generic. Specific rodent was determined from literature review. See Table SX for references and notes.
Eurostopodus exul,130437059,22726340,New Caledonian Nightjar,"",Rattus,Critically Endangered,D,Unknown,0,0,No,Eurostopodus exul_Rattus exulans,Rattus exulans,IUCN attribution was generic. Specific rodent was determined from literature review. See Table SX for references and notes.
Falco araeus,93558237,22696380,Seychelles Kestrel,Falco araea,Rattus,Vulnerable,"B1ab(iii,v);C2a(i);D1","Habitat loss, pesticides, human hunting",0,0,No,Falco araeus_Rattus rattus,Rattus rattus,IUCN attribution was generic. Specific rodent was determined from literature review. See Table SX for references and notes.
Falco araeus,93558237,22696380,Seychelles Kestrel,Falco araea,Rattus,Vulnerable,"B1ab(iii,v);C2a(i);D1","Habitat loss, pesticides, human hunting",0,0,No,Falco araeus_Rattus norvegicus,Rattus norvegicus,IUCN attribution was generic. Specific rodent was determined from literature review. See Table SX for references and notes.
Falco punctatus,93557909,22696373,Mauritius Kestrel,"",Rattus rattus,Endangered,"B1ab(iii,v); C2a(i); D","Habitat loss, introduced plants, pesticides",0,0,Yes,Falco punctatus_Rattus rattus,Rattus rattus,Rodent attribution from IUCN.
Ferminia cerverai,179717451,22711392,Zapata Wren,"",Rattus,Endangered,"B1ab(i,ii,iii)",Habitat loss,0,0,No,Ferminia cerverai_Rattus rattus,Rattus rattus,IUCN attribution was generic. Specific rodent was determined from literature review. See Table SX for references and notes.
Ferminia cerverai,179717451,22711392,Zapata Wren,"",Rattus,Endangered,"B1ab(i,ii,iii)",Habitat loss,0,0,No,Ferminia cerverai_Rattus norvegicus,Rattus norvegicus,IUCN attribution was generic. Specific rodent was determined from literature review. See Table SX for references and notes.
Foudia aldabrana,180471815,103811282,Aldabra Fody,"",Rattus rattus,Endangered,B1ab(iii),Unknown,0,0,Yes,Foudia aldabrana_Rattus rattus,Rattus rattus,Rodent attribution from IUCN.
Foudia consobrina,118635121,103811335,Grand Comoro Fody,"",Rattus rattus,Near Threatened,B1ab(v)+2ab(v); C2a(ii),Rats,1,1,No,Foudia consobrina_Rattus rattus,Rattus rattus,Rodent attribution from IUCN.
Foudia delloni,119552278,103811601,Reunion Fody,"",Rattus norvegicus,Extinct,"",Rats,1,1,No,Foudia delloni_Rattus norvegicus,Rattus norvegicus,Rodent attribution from IUCN.
Foudia flavicans,94614670,22719159,Rodrigues Fody,"",Rattus rattus,Near Threatened,D2,Habitat loss,0,0,Yes,Foudia flavicans_Rattus rattus,Rattus rattus,Rodent attribution from IUCN.
Foudia rubra,94614044,22719149,Mauritius Fody,"",Rattus rattus,Endangered,D,"Rats, habitat loss, macaques",1,0,Yes,Foudia rubra_Rattus rattus,Rattus rattus,Rodent attribution from IUCN.
Fratercula arctica,132581443,22694927,Atlantic Puffin,"",Rattus,Vulnerable,A4abcde,"Prey, global warming",0,0,Yes,Fratercula arctica_Rattus rattus,Rattus rattus,IUCN attribution was generic. Specific rodent was determined from literature review. See Table SX for references and notes.
Fratercula arctica,132581443,22694927,Atlantic Puffin,"",Rattus,Vulnerable,A4abcde,"Prey, global warming",0,0,Yes,Fratercula arctica_Rattus norvegicus,Rattus norvegicus,IUCN attribution was generic. Specific rodent was determined from literature review. See Table SX for references and notes.
Fregata aquila,132597828,22697728,Ascension Frigatebird,"",Rattus rattus,Vulnerable,D2,"Rats, cats, human hunting",1,0,No,Fregata aquila_Rattus rattus,Rattus rattus,Rodent attribution from IUCN.
Fregetta maoriana,132659638,22728808,New Zealand Storm-petrel,"Oceanites maorianus, Pealeornis maoriana",Rattus exulans,Critically Endangered,D,Rats,1,1,No,Fregetta maoriana_Rattus exulans,Rattus exulans,Rodent attribution from IUCN.
Fringilla polatzeki,205711288,103822640,Gran Canaria Blue Chaffinch,"",Rattus,Endangered,D,"Habitat loss, human hunting",0,0,Yes,Fringilla polatzeki_Rattus rattus,Rattus rattus,IUCN attribution was generic. Specific rodent was determined from literature review. See Table SX for references and notes.
Fringilla polatzeki,205711288,103822640,Gran Canaria Blue Chaffinch,"",Rattus,Endangered,D,"Habitat loss, human hunting",0,0,Yes,Fringilla polatzeki_Rattus norvegicus,Rattus norvegicus,IUCN attribution was generic. Specific rodent was determined from literature review. See Table SX for references and notes.
Fulica alai,93374177,22692920,Hawaiian Coot,"","Rattus rattus, Rattus norvegicu",Vulnerable,D2,Habitat loss,0,0,No,Fulica alai_Rattus rattus,Rattus rattus,Rodent attribution from IUCN.
Fulica alai,93374177,22692920,Hawaiian Coot,"","Rattus rattus, Rattus norvegicu",Vulnerable,D2,Habitat loss,0,0,No,Fulica alai_Rattus norvegicus,Rattus norvegicus,Rodent attribution from IUCN.
Gallinula comeri,195129158,22692866,Gough Island Moorhen,Gallinula nesiotis,Rattus rattus,Vulnerable,D2,Rats,1,1,Yes,Gallinula comeri_Rattus rattus,Rattus rattus,Rodent attribution from IUCN.
Gallinula nesiotis,94995836,22728763,Tristan Moorhen,Gallinula comeri,Rattus,Extinct,"",Rats,1,1,Yes,Gallinula nesiotis_Rattus rattus,Rattus rattus,IUCN attribution was generic. Specific rodent was determined from literature review. See Table SX for references and notes.
Gallirallus lafresnayanus,93351848,22692388,New Caledonian Rail,Tricholimnas lafresnayanus ssp. Lafresnayanus,Rattus,Critically Endangered,D,"Cats, pigs, rats",1,0,No,Gallirallus lafresnayanus_Rattus rattus,Rattus rattus,IUCN attribution was generic. Specific rodent was determined from literature review. See Table SX for references and notes.
Gallirallus lafresnayanus,93351848,22692388,New Caledonian Rail,Tricholimnas lafresnayanus ssp. Lafresnayanus,Rattus,Critically Endangered,D,"Cats, pigs, rats",1,0,No,Gallirallus lafresnayanus_Rattus norvegicus,Rattus norvegicus,IUCN attribution was generic. Specific rodent was determined from literature review. See Table SX for references and notes.
Gallirallus lafresnayanus,93351848,22692388,New Caledonian Rail,Tricholimnas lafresnayanus ssp. Lafresnayanus,Rattus,Critically Endangered,D,"Cats, pigs, rats",1,0,No,Gallirallus lafresnayanus_Rattus exulans,Rattus exulans,IUCN attribution was generic. Specific rodent was determined from literature review. See Table SX for references and notes.
Geospiza heliobates,182523098,22723786,Mangrove Finch,Camarhynchus heliobates,Rattus rattus,Critically Endangered,"B1ab(ii,iii,v); C2a(i,ii); D","Rats, ectoparasite",1,0,Yes,Geospiza heliobates_Rattus rattus,Rattus rattus,Rodent attribution from IUCN.
Geospiza pauper,130488958,22723773,Medium Tree-finch,Camarhynchus pauper,Rattus,Critically Endangered,B1ab(v),Ectoparasites,0,0,No,Geospiza pauper_Rattus rattus,Rattus rattus,IUCN attribution was generic. Specific rodent was determined from literature review. See Table SX for references and notes.
Geospiza psittacula,182382400,22723768,Large Tree-finch,Camarhynchus psittacula,Rattus,Vulnerable,A2bce+3bce+4bce,Unknown,0,0,No,Geospiza psittacula_Rattus rattus,Rattus rattus,IUCN attribution was generic. Specific rodent was determined from literature review. See Table SX for references and notes.
Geospiza psittacula,182382400,22723768,Large Tree-finch,Camarhynchus psittacula,Rattus,Vulnerable,A2bce+3bce+4bce,Unknown,0,0,No,Geospiza psittacula_Rattus norvegicus,Rattus norvegicus,IUCN attribution was generic. Specific rodent was determined from literature review. See Table SX for references and notes.
Gerygone insularis,93982219,22704724,Lord Howe Gerygone,"",Rattus,Extinct,"",Rats,1,1,Yes,Gerygone insularis_Rattus rattus,Rattus rattus,IUCN attribution was generic. Specific rodent was determined from literature review. See Table SX for references and notes.
Gymnocrex talaudensis,110159856,22728616,Talaud Rail,"",Rattus,Endangered,"B1ab(ii,iii,iv,v);C2a(ii)",Unknown,0,0,No,Gymnocrex talaudensis_Rattus argentiventer,Rattus argentiventer,IUCN attribution was generic. Specific rodent was determined from literature review. See Table SX for references and notes.
Gymnomyza aubryana,130989260,22704320,Crow Honeyeater,"",Rattus,Critically Endangered,C2a(ii),"Rats, habitat loss",1,0,No,Gymnomyza aubryana_Rattus rattus,Rattus rattus,IUCN attribution was generic. Specific rodent was determined from literature review. See Table SX for references and notes.
Gymnomyza aubryana,130989260,22704320,Crow Honeyeater,"",Rattus,Critically Endangered,C2a(ii),"Rats, habitat loss",1,0,No,Gymnomyza aubryana_Rattus norvegicus,Rattus norvegicus,IUCN attribution was generic. Specific rodent was determined from literature review. See Table SX for references and notes.
Gymnomyza aubryana,130989260,22704320,Crow Honeyeater,"",Rattus,Critically Endangered,C2a(ii),"Rats, habitat loss",1,0,No,Gymnomyza aubryana_Rattus exulans,Rattus exulans,IUCN attribution was generic. Specific rodent was determined from literature review. See Table SX for references and notes.
Gymnomyza samoensis,93962858,22704317,Mao,"",Rattus,Endangered,C2a(i),Habitat loss,0,0,No,Gymnomyza samoensis_Rattus exulans,Rattus exulans,IUCN attribution was generic. Specific rodent was determined from literature review. See Table SX for references and notes.
Haematopus meadewaldoi,205917399,22693621,Canarian Oystercatcher,"",Rattus,Extinct,"","Prey loss, human presence",0,0,No,Haematopus meadewaldoi_Rattus rattus,Rattus rattus,IUCN attribution was generic. Specific rodent was determined from literature review. See Table SX for references and notes.
Haematopus meadewaldoi,205917399,22693621,Canarian Oystercatcher,"",Rattus,Extinct,"","Prey loss, human presence",0,0,No,Haematopus meadewaldoi_Rattus norvegicus,Rattus norvegicus,IUCN attribution was generic. Specific rodent was determined from literature review. See Table SX for references and notes.
Hemignathus lucidus,181392751,103823595,Oahu Nukupuu,"",Rattus rattus,Extinct,"","Rats, mongoose",1,0,Yes,Hemignathus lucidus_Rattus rattus,Rattus rattus,Rodent attribution from IUCN.
Hemignathus wilsoni,94683442,22720799,Akiapolaau,"Hemignathus munroi, Hemignathus wilsoni ssp. Wilsoni",Rattus,Endangered,"B1ab(i,ii,iii,iv,v); C2a(ii)","Rats, habitat loss, cats",1,0,No,Hemignathus wilsoni_Rattus rattus,Rattus rattus,IUCN attribution was generic. Specific rodent was determined from literature review. See Table SX for references and notes.
Hemignathus wilsoni,94683442,22720799,Akiapolaau,"Hemignathus munroi, Hemignathus wilsoni ssp. Wilsoni",Rattus,Endangered,"B1ab(i,ii,iii,iv,v); C2a(ii)","Rats, habitat loss, cats",1,0,No,Hemignathus wilsoni_Rattus norvegicus,Rattus norvegicus,IUCN attribution was generic. Specific rodent was determined from literature review. See Table SX for references and notes.
Hemignathus wilsoni,94683442,22720799,Akiapolaau,"Hemignathus munroi, Hemignathus wilsoni ssp. Wilsoni",Rattus,Endangered,"B1ab(i,ii,iii,iv,v); C2a(ii)","Rats, habitat loss, cats",1,0,No,Hemignathus wilsoni_Rattus exulans,Rattus exulans,IUCN attribution was generic. Specific rodent was determined from literature review. See Table SX for references and notes.
Hemiphaga chathamensis,214005740,22732918,Chatham Islands Pigeon,"",Rattus,Vulnerable,D1,Habitat loss,0,0,No,Hemiphaga chathamensis_Rattus rattus,Rattus rattus,IUCN attribution was generic. Specific rodent was determined from literature review. See Table SX for references and notes.
Hemiphaga chathamensis,214005740,22732918,Chatham Islands Pigeon,"",Rattus,Vulnerable,D1,Habitat loss,0,0,No,Hemiphaga chathamensis_Rattus norvegicus,Rattus norvegicus,IUCN attribution was generic. Specific rodent was determined from literature review. See Table SX for references and notes.
Hemiphaga chathamensis,214005740,22732918,Chatham Islands Pigeon,"",Rattus,Vulnerable,D1,Habitat loss,0,0,No,Hemiphaga chathamensis_Rattus exulans,Rattus exulans,IUCN attribution was generic. Specific rodent was determined from literature review. See Table SX for references and notes.
Himantopus novaezelandiae,129560535,22693690,Black Stilt,"",Rattus norvegicus,Critically Endangered,D,"Rats, cats, ferrets, stoats, hedgehogs, native birds, habitat loss",1,0,Yes,Himantopus novaezelandiae_Rattus norvegicus,Rattus norvegicus,Rodent attribution from IUCN.
Horornis haddeni,131113724,22734397,Bougainville Bush-warbler,Cettia haddeni,Rattus rattus,Near Threatened,"B1ab(iii,v)+2ab(iii,v); C2a(i)",Unknown,0,0,No,Horornis haddeni_Rattus rattus,Rattus rattus,Rodent attribution from IUCN.
Humblotia flavirostris,211817146,22709303,Humblot's Flycatcher,"",Rattus rattus,Vulnerable,D2,Habitat loss,0,0,No,Humblotia flavirostris_Rattus rattus,Rattus rattus,Rodent attribution from IUCN.
Hydrobates cheimomnestes,132441789,132441735,Ainley's Storm-petrel,Hydrobates leucorhous,Mus musculus,Vulnerable,D2,Unknown,0,0,No,Hydrobates cheimomnestes_Mus musculus,Mus musculus,Rodent attribution from IUCN.
Hydrobates homochroa,132653646,22698562,Ashy Storm-petrel,Oceanodroma homochroa,"Rattus rattus, Mus musculus",Endangered,A2ce+3ce,Predation native bird,0,0,Yes,Hydrobates homochroa_Rattus rattus,Rattus rattus,Rodent attribution from IUCN.
Hydrobates homochroa,132653646,22698562,Ashy Storm-petrel,Oceanodroma homochroa,"Rattus rattus, Mus musculus",Endangered,A2ce+3ce,Predation native bird,0,0,Yes,Hydrobates homochroa_Mus musculus,Mus musculus,Rodent attribution from IUCN.
Hydrobates leucorhous,132438484,132438298,Leach's Storm-petrel,"Oceanodroma leucorhoa, Hydrobates socorroensis, Hydrobates cheimomnestes","Rattus rattus, Rattus norvegicus, Mus musculus",Vulnerable,A2bce+3bce+4bce,Rats,1,1,No,Hydrobates leucorhous_Rattus rattus,Rattus rattus,Rodent attribution from IUCN.
Hydrobates leucorhous,132438484,132438298,Leach's Storm-petrel,"Oceanodroma leucorhoa, Hydrobates socorroensis, Hydrobates cheimomnestes","Rattus rattus, Rattus norvegicus, Mus musculus",Vulnerable,A2bce+3bce+4bce,Rats,1,1,No,Hydrobates leucorhous_Rattus norvegicus,Rattus norvegicus,Rodent attribution from IUCN.
Hydrobates leucorhous,132438484,132438298,Leach's Storm-petrel,"Oceanodroma leucorhoa, Hydrobates socorroensis, Hydrobates cheimomnestes","Rattus rattus, Rattus norvegicus, Mus musculus",Vulnerable,A2bce+3bce+4bce,Rats,1,1,No,Hydrobates leucorhous_Mus musculus,Mus musculus,Rodent attribution from IUCN.
Hydrobates matsudairae,132652969,22698548,Matsudaira's Storm-petrel,Oceanodroma matsudairae,Rattus rattus,Vulnerable,D2,Rats,1,1,No,Hydrobates matsudairae_Rattus rattus,Rattus rattus,Rodent attribution from IUCN.
Hydrobates monorhis,132651372,22698520,Swinhoe’s Storm-petrel,Oceanodroma monorhis,Rattus norvegicus,Near Threatened,A3ce,Rats,1,1,No,Hydrobates monorhis_Rattus norvegicus,Rattus norvegicus,Rodent attribution from IUCN.
Hydrobates socorroensis,132452334,132450926,Townsend's Storm-petrel,Hydrobates leucorhous,Mus musculus,Endangered,B2ab(v),"Cats, goats",0,0,No,Hydrobates socorroensis_Mus musculus,Mus musculus,Rodent attribution from IUCN.
Hymenolaimus malacorhynchos,214275489,22680121,Blue Duck,Hymenolaimus malacorhynchus,Rattus,Endangered,C2a(i),Stoats,0,0,Yes,Hymenolaimus malacorhynchos_Rattus rattus,Rattus rattus,IUCN attribution was generic. Specific rodent was determined from literature review. See Table SX for references and notes.
Hymenolaimus malacorhynchos,214275489,22680121,Blue Duck,Hymenolaimus malacorhynchus,Rattus,Endangered,C2a(i),Stoats,0,0,Yes,Hymenolaimus malacorhynchos_Rattus norvegicus,Rattus norvegicus,IUCN attribution was generic. Specific rodent was determined from literature review. See Table SX for references and notes.
Hymenolaimus malacorhynchos,214275489,22680121,Blue Duck,Hymenolaimus malacorhynchus,Rattus,Endangered,C2a(i),Stoats,0,0,Yes,Hymenolaimus malacorhynchos_Rattus exulans,Rattus exulans,IUCN attribution was generic. Specific rodent was determined from literature review. See Table SX for references and notes.
Hypotaenidia dieffenbachii,93354540,22692455,Dieffenbach's Rail,Gallirallus dieffenbachii,Rattus,Extinct,"","Cats, rats, dogs",1,0,No,Hypotaenidia dieffenbachii_Rattus rattus,Rattus rattus,IUCN attribution was generic. Specific rodent was determined from literature review. See Table SX for references and notes.
Hypotaenidia dieffenbachii,93354540,22692455,Dieffenbach's Rail,Gallirallus dieffenbachii,Rattus,Extinct,"","Cats, rats, dogs",1,0,No,Hypotaenidia dieffenbachii_Rattus norvegicus,Rattus norvegicus,IUCN attribution was generic. Specific rodent was determined from literature review. See Table SX for references and notes.
Hypotaenidia dieffenbachii,93354540,22692455,Dieffenbach's Rail,Gallirallus dieffenbachii,Rattus,Extinct,"","Cats, rats, dogs",1,0,No,Hypotaenidia dieffenbachii_Rattus exulans,Rattus exulans,IUCN attribution was generic. Specific rodent was determined from literature review. See Table SX for references and notes.
Hypotaenidia pacifica,93354380,22692450,Tahiti Rail,Gallirallus pacificus,Rattus,Extinct,"","Cats, rats",1,0,No,Hypotaenidia pacifica_Rattus rattus,Rattus rattus,IUCN attribution was generic. Specific rodent was determined from literature review. See Table SX for references and notes.
Hypotaenidia pacifica,93354380,22692450,Tahiti Rail,Gallirallus pacificus,Rattus,Extinct,"","Cats, rats",1,0,No,Hypotaenidia pacifica_Rattus norvegicus,Rattus norvegicus,IUCN attribution was generic. Specific rodent was determined from literature review. See Table SX for references and notes.
Hypotaenidia pacifica,93354380,22692450,Tahiti Rail,Gallirallus pacificus,Rattus,Extinct,"","Cats, rats",1,0,No,Hypotaenidia pacifica_Rattus exulans,Rattus exulans,IUCN attribution was generic. Specific rodent was determined from literature review. See Table SX for references and notes.
Hypsipetes borbonicus,118659547,22713231,Reunion Bulbul,"",Rattus rattus,Near Threatened,"B1ab(iii,v)+2b(iii,v)","Habitat loss, human hunting",0,0,No,Hypsipetes borbonicus_Rattus rattus,Rattus rattus,Rodent attribution from IUCN.
Hypsipetes olivaceus,94366667,22713239,Mauritius Bulbul,"",Rattus,Vulnerable,D1,Unknown,0,0,No,Hypsipetes olivaceus_Rattus rattus,Rattus rattus,IUCN attribution was generic. Specific rodent was determined from literature review. See Table SX for references and notes.
Hypsipetes olivaceus,94366667,22713239,Mauritius Bulbul,"",Rattus,Vulnerable,D1,Unknown,0,0,No,Hypsipetes olivaceus_Rattus norvegicus,Rattus norvegicus,IUCN attribution was generic. Specific rodent was determined from literature review. See Table SX for references and notes.
Icterus northropi,197193663,22736369,Bahama Oriole,Icterus dominicensis,Rattus rattus,Endangered,C2a(ii),Unknown,0,0,No,Icterus northropi_Rattus rattus,Rattus rattus,Rodent attribution from IUCN.
Icterus oberi,119465859,22724147,Montserrat Oriole,"",Rattus,Vulnerable,D1+2,Volcano,0,0,Yes,Icterus oberi_Rattus rattus,Rattus rattus,IUCN attribution was generic. Specific rodent was determined from literature review. See Table SX for references and notes.
Icterus oberi,119465859,22724147,Montserrat Oriole,"",Rattus,Vulnerable,D1+2,Volcano,0,0,Yes,Icterus oberi_Rattus norvegicus,Rattus norvegicus,IUCN attribution was generic. Specific rodent was determined from literature review. See Table SX for references and notes.
Lalage newtoni,94077305,22706569,Reunion Cuckooshrike,Coracina newtoni,"Rattus rattus, Rattus norvegicus",Critically Endangered,"B1ab(i,ii,iii,v); C2a(i)",Rats,1,1,Yes,Lalage newtoni_Rattus rattus,Rattus rattus,Rodent attribution from IUCN.
Lalage newtoni,94077305,22706569,Reunion Cuckooshrike,Coracina newtoni,"Rattus rattus, Rattus norvegicus",Critically Endangered,"B1ab(i,ii,iii,v); C2a(i)",Rats,1,1,Yes,Lalage newtoni_Rattus norvegicus,Rattus norvegicus,Rodent attribution from IUCN.
Lanius newtoni,176427891,22705080,Newton's Fiscal,"",Rattus rattus,Critically Endangered,C2a(ii),Habitat loss,0,0,No,Lanius newtoni_Rattus rattus,Rattus rattus,Rodent attribution from IUCN.
Larosterna inca,132576903,22694834,Inca Tern,"",Rattus,Near Threatened,A2cde+3cde+4cde,"Rats, weather extreme",1,0,Yes,Larosterna inca_Rattus rattus,Rattus rattus,IUCN attribution was generic. Specific rodent was determined from literature review. See Table SX for references and notes.
Larosterna inca,132576903,22694834,Inca Tern,"",Rattus,Near Threatened,A2cde+3cde+4cde,"Rats, weather extreme",1,0,Yes,Larosterna inca_Rattus norvegicus,Rattus norvegicus,IUCN attribution was generic. Specific rodent was determined from literature review. See Table SX for references and notes.
Larus audouinii,183584708,22694313,Audouin's Gull,"",Rattus rattus,Vulnerable,A4b,Unknown,0,0,Yes,Larus audouinii_Rattus rattus,Rattus rattus,Rodent attribution from IUCN.
Larus bulleri,176994991,22694413,Black-billed Gull,"",Rattus norvegicus,Near Threatened,A2b+4b,"Rats, cats, ferrets, stoats",1,0,Yes,Larus bulleri_Rattus norvegicus,Rattus norvegicus,Rodent attribution from IUCN.
Larus fuliginosus,132552501,22694452,Lava Gull,"",Rattus rattus,Vulnerable,D1,Fishing-bycatch,0,0,Yes,Larus fuliginosus_Rattus rattus,Rattus rattus,Rodent attribution from IUCN.
Larus heermanni,178958787,22694296,Heermann's Gull,"","Rattus rattus, Mus musculus",Near Threatened,D2,Unknown,0,0,Yes,Larus heermanni_Rattus rattus,Rattus rattus,Rodent attribution from IUCN.
Larus heermanni,178958787,22694296,Heermann's Gull,"","Rattus rattus, Mus musculus",Near Threatened,D2,Unknown,0,0,Yes,Larus heermanni_Mus musculus,Mus musculus,Rodent attribution from IUCN.
Laterallus spilonota,181476400,22692366,Galapagos Rail,Laterallus spilonotus,Rattus,Vulnerable,C1+2a(i),Unknown,0,0,Yes,Laterallus spilonota_Rattus rattus,Rattus rattus,IUCN attribution was generic. Specific rodent was determined from literature review. See Table SX for references and notes.
Laterallus spilonota,181476400,22692366,Galapagos Rail,Laterallus spilonotus,Rattus,Vulnerable,C1+2a(i),Unknown,0,0,Yes,Laterallus spilonota_Rattus norvegicus,Rattus norvegicus,IUCN attribution was generic. Specific rodent was determined from literature review. See Table SX for references and notes.
Leptotila wellsi,178391475,22690874,Grenada Dove,"",Rattus,Critically Endangered,C2a(ii),Unknown,0,0,No,Leptotila wellsi_Rattus norvegicus,Rattus norvegicus,IUCN attribution was generic. Specific rodent was determined from literature review. See Table SX for references and notes.
Leucocarbo campbelli,133556928,22696840,Campbell Island Shag,Phalacrocorax campbelli,Rattus,Vulnerable,D2,Unknown,0,0,No,Leucocarbo campbelli_Rattus norvegicus,Rattus norvegicus,IUCN attribution was generic. Specific rodent was determined from literature review. See Table SX for references and notes.
Lewinia muelleri,209458380,22692529,Auckland Island Rail,"",Mus musculus,Vulnerable,D2,"Mice, cats, pigs",1,0,No,Lewinia muelleri_Mus musculus,Mus musculus,Rodent attribution from IUCN.
Loxioides bailleui,94680871,22720742,Palila,"",Rattus rattus,Critically Endangered,A4bce,Habitat loss,0,0,Yes,Loxioides bailleui_Rattus rattus,Rattus rattus,Rodent attribution from IUCN.
Loxops caeruleirostris,130851810,22720832,Akekee,"",Rattus,Critically Endangered,A3ce+4ace,Habitat loss,0,0,Yes,Loxops caeruleirostris_Rattus rattus,Rattus rattus,IUCN attribution was generic. Specific rodent was determined from literature review. See Table SX for references and notes.
Loxops caeruleirostris,130851810,22720832,Akekee,"",Rattus,Critically Endangered,A3ce+4ace,Habitat loss,0,0,Yes,Loxops caeruleirostris_Rattus norvegicus,Rattus norvegicus,IUCN attribution was generic. Specific rodent was determined from literature review. See Table SX for references and notes.
Loxops caeruleirostris,130851810,22720832,Akekee,"",Rattus,Critically Endangered,A3ce+4ace,Habitat loss,0,0,Yes,Loxops caeruleirostris_Rattus exulans,Rattus exulans,IUCN attribution was generic. Specific rodent was determined from literature review. See Table SX for references and notes.
Loxops coccineus,94685811,103823991,Hawaii Akepa,"",Rattus,Endangered,"B1ab(i,ii,iii,v)",Habitat loss,0,0,No,Loxops coccineus_Rattus rattus,Rattus rattus,IUCN attribution was generic. Specific rodent was determined from literature review. See Table SX for references and notes.
Loxops coccineus,94685811,103823991,Hawaii Akepa,"",Rattus,Endangered,"B1ab(i,ii,iii,v)",Habitat loss,0,0,No,Loxops coccineus_Rattus norvegicus,Rattus norvegicus,IUCN attribution was generic. Specific rodent was determined from literature review. See Table SX for references and notes.
Loxops coccineus,94685811,103823991,Hawaii Akepa,"",Rattus,Endangered,"B1ab(i,ii,iii,v)",Habitat loss,0,0,No,Loxops coccineus_Rattus exulans,Rattus exulans,IUCN attribution was generic. Specific rodent was determined from literature review. See Table SX for references and notes.
Macrocephalon maleo,194673255,22678576,Maleo,"",Rattus,Critically Endangered,A2cd+4cd,"Habitat loss, human hunting",0,0,No,Macrocephalon maleo_Rattus rattus,Rattus rattus,IUCN attribution was generic. Specific rodent was determined from literature review. See Table SX for references and notes.
Macrocephalon maleo,194673255,22678576,Maleo,"",Rattus,Critically Endangered,A2cd+4cd,"Habitat loss, human hunting",0,0,No,Macrocephalon maleo_Rattus exulans,Rattus exulans,IUCN attribution was generic. Specific rodent was determined from literature review. See Table SX for references and notes.
Magumma parva,94682556,22720774,Anianiau,"Hemignathus parvus, Viridonia parva parva",Rattus,Vulnerable,D2,Unknown,0,0,No,Magumma parva_Rattus rattus,Rattus rattus,IUCN attribution was generic. Specific rodent was determined from literature review. See Table SX for references and notes.
Magumma parva,94682556,22720774,Anianiau,"Hemignathus parvus, Viridonia parva parva",Rattus,Vulnerable,D2,Unknown,0,0,No,Magumma parva_Rattus norvegicus,Rattus norvegicus,IUCN attribution was generic. Specific rodent was determined from literature review. See Table SX for references and notes.
Magumma parva,94682556,22720774,Anianiau,"Hemignathus parvus, Viridonia parva parva",Rattus,Vulnerable,D2,Unknown,0,0,No,Magumma parva_Rattus exulans,Rattus exulans,IUCN attribution was generic. Specific rodent was determined from literature review. See Table SX for references and notes.
Mayrornis versicolor,218616385,22707200,Ogea Monarch,"",Rattus,Near Threatened,D1,Unknown,0,0,No,Mayrornis versicolor_Rattus rattus,Rattus rattus,IUCN attribution was generic. Specific rodent was determined from literature review. See Table SX for references and notes.
Mayrornis versicolor,218616385,22707200,Ogea Monarch,"",Rattus,Near Threatened,D1,Unknown,0,0,No,Mayrornis versicolor_Rattus norvegicus,Rattus norvegicus,IUCN attribution was generic. Specific rodent was determined from literature review. See Table SX for references and notes.
Mayrornis versicolor,218616385,22707200,Ogea Monarch,"",Rattus,Near Threatened,D1,Unknown,0,0,No,Mayrornis versicolor_Rattus exulans,Rattus exulans,IUCN attribution was generic. Specific rodent was determined from literature review. See Table SX for references and notes.
Megapodius laperouse,216251541,22678620,Micronesian Scrubfowl,"","Rattus, Rattus rattus",Near Threatened,B2ab(iii),"Habitat loss, ungulates, human presence",0,0,Yes,Megapodius laperouse_Rattus rattus,Rattus rattus,IUCN attribution was generic. Specific rodent was determined from literature review. See Table SX for references and notes.
Megapodius laperouse,216251541,22678620,Micronesian Scrubfowl,"","Rattus, Rattus rattus",Near Threatened,B2ab(iii),"Habitat loss, ungulates, human presence",0,0,Yes,Megapodius laperouse_Rattus norvegicus,Rattus norvegicus,IUCN attribution was generic. Specific rodent was determined from literature review. See Table SX for references and notes.
Megapodius laperouse,216251541,22678620,Micronesian Scrubfowl,"","Rattus, Rattus rattus",Near Threatened,B2ab(iii),"Habitat loss, ungulates, human presence",0,0,Yes,Megapodius laperouse_Rattus exulans,Rattus exulans,IUCN attribution was generic. Specific rodent was determined from literature review. See Table SX for references and notes.
Melamprosops phaeosoma,153774712,22720863,Poo-uli,"",Rattus,Extinct,"",Unknown,0,0,No,Melamprosops phaeosoma_Rattus rattus,Rattus rattus,IUCN attribution was generic. Specific rodent was determined from literature review. See Table SX for references and notes.
Melamprosops phaeosoma,153774712,22720863,Poo-uli,"",Rattus,Extinct,"",Unknown,0,0,No,Melamprosops phaeosoma_Rattus norvegicus,Rattus norvegicus,IUCN attribution was generic. Specific rodent was determined from literature review. See Table SX for references and notes.
Melamprosops phaeosoma,153774712,22720863,Poo-uli,"",Rattus,Extinct,"",Unknown,0,0,No,Melamprosops phaeosoma_Rattus exulans,Rattus exulans,IUCN attribution was generic. Specific rodent was determined from literature review. See Table SX for references and notes.
Melanospiza richardsoni,180219096,22723725,Saint Lucia Black Finch,"",Rattus,Endangered,C2a(ii),Unknown,0,0,No,Melanospiza richardsoni_Rattus rattus,Rattus rattus,IUCN attribution was generic. Specific rodent was determined from literature review. See Table SX for references and notes.
Melanospiza richardsoni,180219096,22723725,Saint Lucia Black Finch,"",Rattus,Endangered,C2a(ii),Unknown,0,0,No,Melanospiza richardsoni_Rattus norvegicus,Rattus norvegicus,IUCN attribution was generic. Specific rodent was determined from literature review. See Table SX for references and notes.
Melopyrrha grandis,217577217,216918514,Saint Kitts Bullfinch,"Loxigilla portoricensis, Pyrrhulagra portoricensis",Rattus rattus,Critically Endangered,D,Unknown,0,0,No,Melopyrrha grandis_Rattus rattus,Rattus rattus,Rodent attribution from IUCN.
Mergus australis,92864737,22680496,New Zealand Merganser,"",Rattus,Extinct,"",Hunting,0,0,No,Mergus australis_Rattus rattus,Rattus rattus,IUCN attribution was generic. Specific rodent was determined from literature review. See Table SX for references and notes.
Mergus australis,92864737,22680496,New Zealand Merganser,"",Rattus,Extinct,"",Hunting,0,0,No,Mergus australis_Rattus norvegicus,Rattus norvegicus,IUCN attribution was generic. Specific rodent was determined from literature review. See Table SX for references and notes.
Mergus australis,92864737,22680496,New Zealand Merganser,"",Rattus,Extinct,"",Hunting,0,0,No,Mergus australis_Rattus exulans,Rattus exulans,IUCN attribution was generic. Specific rodent was determined from literature review. See Table SX for references and notes.
Mesitornis unicolor,129881558,22692966,Brown Mesite,"",Rattus,Vulnerable,A2cde+3cde+4cde; C1+2a(i),Habitat loss,0,0,No,Mesitornis unicolor_Rattus rattus,Rattus rattus,IUCN attribution was generic. Specific rodent was determined from literature review. See Table SX for references and notes.
Mesitornis unicolor,129881558,22692966,Brown Mesite,"",Rattus,Vulnerable,A2cde+3cde+4cde; C1+2a(i),Habitat loss,0,0,No,Mesitornis unicolor_Rattus norvegicus,Rattus norvegicus,IUCN attribution was generic. Specific rodent was determined from literature review. See Table SX for references and notes.
Mimus melanotis,180990415,22711078,San Cristobal Mockingbird,"",Rattus rattus,Near Threatened,B1b(iii)+2b(iii),Unknown,0,0,No,Mimus melanotis_Rattus rattus,Rattus rattus,Rodent attribution from IUCN.
Mimus trifasciatus,132093428,22711063,Floreana Mockingbird,"Nesomimus trifasciatus, Orpheus trifasciatus",Rattus rattus,Endangered,B1ac(iv)+2ac(iv),"Rats, cats, dogs, goats",1,0,Yes,Mimus trifasciatus_Rattus rattus,Rattus rattus,Rodent attribution from IUCN.
Moho bishopi,93963979,22704335,Bishop's Oo,"",Rattus rattus,Extinct,"","Habitat loss, introduced herbivores",0,0,No,Moho bishopi_Rattus rattus,Rattus rattus,Rodent attribution from IUCN.
Moho braccatus,93963628,22704323,Kauai Oo,"",Rattus rattus,Extinct,"","Rats, Habitat loss, pigs, disease",0,0,No,Moho braccatus_Rattus rattus,Rattus rattus,Rodent attribution from IUCN.
Mohoua ochrocephala,209465053,22705397,Yellowhead,"",Rattus rattus,Near Threatened,A3be+4be; C1,"Rats, mice, stoats",1,0,Yes,Mohoua ochrocephala_Rattus rattus,Rattus rattus,Rodent attribution from IUCN.
Monias benschi,193815333,22692971,Subdesert Mesite,"",Rattus,Vulnerable,"A2cd+3cd+4cd; B1ab(i,ii,iii,v)",Habitat loss,0,0,No,Monias benschi_Rattus rattus,Rattus rattus,IUCN attribution was generic. Specific rodent was determined from literature review. See Table SX for references and notes.
Monias benschi,193815333,22692971,Subdesert Mesite,"",Rattus,Vulnerable,"A2cd+3cd+4cd; B1ab(i,ii,iii,v)",Habitat loss,0,0,No,Monias benschi_Rattus norvegicus,Rattus norvegicus,IUCN attribution was generic. Specific rodent was determined from literature review. See Table SX for references and notes.
Mundia elpenor,94995240,22728746,Ascension Crake,Atlantisia elpenor,Rattus,Extinct,"","Rats, cats",1,0,Yes,Mundia elpenor_Rattus rattus,Rattus rattus,IUCN attribution was generic. Specific rodent was determined from literature review. See Table SX for references and notes.
Myadestes obscurus,94165878,22708579,Omao,"",Rattus,Vulnerable,D2,Habitat loss,0,0,No,Myadestes obscurus_Rattus rattus,Rattus rattus,IUCN attribution was generic. Specific rodent was determined from literature review. See Table SX for references and notes.
Myadestes obscurus,94165878,22708579,Omao,"",Rattus,Vulnerable,D2,Habitat loss,0,0,No,Myadestes obscurus_Rattus norvegicus,Rattus norvegicus,IUCN attribution was generic. Specific rodent was determined from literature review. See Table SX for references and notes.
Myadestes obscurus,94165878,22708579,Omao,"",Rattus,Vulnerable,D2,Habitat loss,0,0,No,Myadestes obscurus_Rattus exulans,Rattus exulans,IUCN attribution was generic. Specific rodent was determined from literature review. See Table SX for references and notes.
Myadestes palmeri,128101101,22708583,Puaiohi,"",Rattus,Critically Endangered,B1ab(iii),Introduced plants,0,0,Yes,Myadestes palmeri_Rattus rattus,Rattus rattus,IUCN attribution was generic. Specific rodent was determined from literature review. See Table SX for references and notes.
Myadestes palmeri,128101101,22708583,Puaiohi,"",Rattus,Critically Endangered,B1ab(iii),Introduced plants,0,0,Yes,Myadestes palmeri_Rattus norvegicus,Rattus norvegicus,IUCN attribution was generic. Specific rodent was determined from literature review. See Table SX for references and notes.
Myadestes palmeri,128101101,22708583,Puaiohi,"",Rattus,Critically Endangered,B1ab(iii),Introduced plants,0,0,Yes,Myadestes palmeri_Rattus exulans,Rattus exulans,IUCN attribution was generic. Specific rodent was determined from literature review. See Table SX for references and notes.
Myzomela chermesina,182414813,22703871,Rotuma Myzomela,"",Rattus exulans,Vulnerable,D2,Unknown,0,0,No,Myzomela chermesina_Rattus exulans,Rattus exulans,Rodent attribution from IUCN.
Nannopterum harrisi,133546087,22696756,Flightless Cormorant,Phalacrocorax harrisi,Rattus,Vulnerable,D2,Unknown,0,0,No,Nannopterum harrisi_Rattus rattus,Rattus rattus,IUCN attribution was generic. Specific rodent was determined from literature review. See Table SX for references and notes.
Nannopterum harrisi,133546087,22696756,Flightless Cormorant,Phalacrocorax harrisi,Rattus,Vulnerable,D2,Unknown,0,0,No,Nannopterum harrisi_Rattus norvegicus,Rattus norvegicus,IUCN attribution was generic. Specific rodent was determined from literature review. See Table SX for references and notes.
Nesillas aldabrana,94421643,22714587,Aldabra Brush-warbler,"",Rattus,Extinct,"","Rats, cats, goats, tortoises",1,0,No,Nesillas aldabrana_Rattus rattus,Rattus rattus,IUCN attribution was generic. Specific rodent was determined from literature review. See Table SX for references and notes.
Nesillas aldabrana,94421643,22714587,Aldabra Brush-warbler,"",Rattus,Extinct,"","Rats, cats, goats, tortoises",1,0,No,Nesillas aldabrana_Rattus norvegicus,Rattus norvegicus,IUCN attribution was generic. Specific rodent was determined from literature review. See Table SX for references and notes.
Nesoenas cicur,119206244,62257034,Mauritius Turtle-dove,"",Rattus rattus,Extinct,"","Rats, human hunting, habitat loss",1,0,No,Nesoenas cicur_Rattus rattus,Rattus rattus,Rodent attribution from IUCN.
Nesoenas duboisi,119260576,22728712,Reunion Pigeon,Columba duboisi,Rattus,Extinct,"","Rats, cats, human hunting",1,0,No,Nesoenas duboisi_Rattus rattus,Rattus rattus,IUCN attribution was generic. Specific rodent was determined from literature review. See Table SX for references and notes.
Nesoenas duboisi,119260576,22728712,Reunion Pigeon,Columba duboisi,Rattus,Extinct,"","Rats, cats, human hunting",1,0,No,Nesoenas duboisi_Rattus norvegicus,Rattus norvegicus,IUCN attribution was generic. Specific rodent was determined from literature review. See Table SX for references and notes.
Nesoenas mayeri,179390191,22690392,Pink Pigeon,"Columba mayeri, Streptopelia mayeri",Rattus,Vulnerable,D1,Habitat loss,0,0,No,Nesoenas mayeri_Rattus rattus,Rattus rattus,IUCN attribution was generic. Specific rodent was determined from literature review. See Table SX for references and notes.
Nesoenas mayeri,179390191,22690392,Pink Pigeon,"Columba mayeri, Streptopelia mayeri",Rattus,Vulnerable,D1,Habitat loss,0,0,No,Nesoenas mayeri_Rattus norvegicus,Rattus norvegicus,IUCN attribution was generic. Specific rodent was determined from literature review. See Table SX for references and notes.
Nesoenas rodericanus,119206485,22728722,Rodrigues Turtle-dove,Alectroenas rodericana,Rattus rattus,Extinct,"",Rats,1,1,No,Nesoenas rodericanus_Rattus rattus,Rattus rattus,Rodent attribution from IUCN.
Nesofregetta fuliginosa,132649758,22698471,Polynesian Storm-petrel,"","Rattus exulans, Rattus rattus",Endangered,C2a(i),"Rats, cats",1,0,No,Nesofregetta fuliginosa_Rattus exulans,Rattus exulans,Rodent attribution from IUCN.
Nesofregetta fuliginosa,132649758,22698471,Polynesian Storm-petrel,"","Rattus exulans, Rattus rattus",Endangered,C2a(i),"Rats, cats",1,0,No,Nesofregetta fuliginosa_Rattus rattus,Rattus rattus,Rodent attribution from IUCN.
Nesospiza acunhae,95121524,22735943,Inaccessible Island Finch,"","Rattus, Mus musculus",Vulnerable,D2,"Rats, mice",1,1,Yes,Nesospiza acunhae_Mus musculus,Mus musculus,IUCN attribution was generic. Specific rodent was determined from literature review. See Table SX for references and notes.
Nestor meridionalis,216083435,22684840,New Zealand Kaka,"",Rattus norvegicus,Vulnerable,A2ce,"Habitat loss, human hunting",0,0,No,Nestor meridionalis_Rattus norvegicus,Rattus norvegicus,Rodent attribution from IUCN.
Notiomystis cincta,214276713,22704154,Stitchbird,"",Rattus rattus,Vulnerable,D2,"Rats, disease",1,0,No,Notiomystis cincta_Rattus rattus,Rattus rattus,Rodent attribution from IUCN.
Onychoprion aleuticus,178964431,22694716,Aleutian Tern,Sterna aleutica,Rattus norvegicus,Vulnerable,A2bcde+3bcde+4cde,Unknown,0,0,No,Onychoprion aleuticus_Rattus norvegicus,Rattus norvegicus,Rodent attribution from IUCN.
Oreomystis bairdi,130843089,22720809,Akikiki,"",Rattus,Critically Endangered,C2a(ii),Unknown,0,0,Yes,Oreomystis bairdi_Rattus rattus,Rattus rattus,IUCN attribution was generic. Specific rodent was determined from literature review. See Table SX for references and notes.
Oreomystis bairdi,130843089,22720809,Akikiki,"",Rattus,Critically Endangered,C2a(ii),Unknown,0,0,Yes,Oreomystis bairdi_Rattus norvegicus,Rattus norvegicus,IUCN attribution was generic. Specific rodent was determined from literature review. See Table SX for references and notes.
Oreomystis bairdi,130843089,22720809,Akikiki,"",Rattus,Critically Endangered,C2a(ii),Unknown,0,0,Yes,Oreomystis bairdi_Rattus exulans,Rattus exulans,IUCN attribution was generic. Specific rodent was determined from literature review. See Table SX for references and notes.
Otidiphaps insularis,216252040,22726273,Black-naped Pheasant-pigeon,Otidiphaps nobilis,Rattus exulans,Critically Endangered,C2a(ii),Unknown,0,0,No,Otidiphaps insularis_Rattus exulans,Rattus exulans,Rodent attribution from IUCN.
Otus capnodes,119090936,22688686,Anjouan Scops-owl,"",Rattus rattus,Endangered,"B1ab(i,ii,iii,v)+2ab(i,ii,iii,v); C2a(ii)",Habitat loss,0,0,Yes,Otus capnodes_Rattus rattus,Rattus rattus,Rodent attribution from IUCN.
Otus insularis,177971497,22688667,Seychelles Scops-owl,"",Rattus rattus,Critically Endangered,"B1ab(ii,iii,v); C2a(ii)",Unknown,0,0,Yes,Otus insularis_Rattus rattus,Rattus rattus,Rodent attribution from IUCN.
Otus moheliensis,118472254,22724585,Moheli Scops-owl,"",Rattus,Endangered,"B1ab(i,ii,iii,v)+2ab(i,ii,iii,v); C2a(ii)",Habitat loss,0,0,No,Otus moheliensis_Rattus rattus,Rattus rattus,IUCN attribution was generic. Specific rodent was determined from literature review. See Table SX for references and notes.
Otus pauliani,179586821,22688694,Grand Comoro Scops-owl,"",Rattus,Endangered,"B1ab(i,ii,iii,v)+2ab(i,ii,iii,v); C2a(ii)",Habitat loss,0,0,No,Otus pauliani_Rattus rattus,Rattus rattus,IUCN attribution was generic. Specific rodent was determined from literature review. See Table SX for references and notes.
Pachycephala jacquinoti,94021921,22705510,Tongan Whistler,"","Rattus exulans, Rattus rattus",Near Threatened,B1ab(iii);C2a(i);D2,Habitat loss,0,0,No,Pachycephala jacquinoti_Rattus exulans,Rattus exulans,Rodent attribution from IUCN.
Pachycephala jacquinoti,94021921,22705510,Tongan Whistler,"","Rattus exulans, Rattus rattus",Near Threatened,B1ab(iii);C2a(i);D2,Habitat loss,0,0,No,Pachycephala jacquinoti_Rattus rattus,Rattus rattus,Rodent attribution from IUCN.
Pachyptila macgillivrayi,198532259,104062579,MacGillivray's Prion,"","Rattus, Mus musculus",Critically Endangered,A3be+4be,"Rats, mice",1,1,Yes,Pachyptila macgillivrayi_Rattus rattus,Rattus rattus,IUCN attribution was generic. Specific rodent was determined from literature review. See Table SX for references and notes.
Pachyptila macgillivrayi,198532259,104062579,MacGillivray's Prion,"","Rattus, Mus musculus",Critically Endangered,A3be+4be,"Rats, mice",1,1,Yes,Pachyptila macgillivrayi_Rattus norvegicus,Rattus norvegicus,IUCN attribution was generic. Specific rodent was determined from literature review. See Table SX for references and notes.
Pachyptila macgillivrayi,198532259,104062579,MacGillivray's Prion,"","Rattus, Mus musculus",Critically Endangered,A3be+4be,"Rats, mice",1,1,Yes,Pachyptila macgillivrayi_Mus musculus,Mus musculus,IUCN attribution was generic. Specific rodent was determined from literature review. See Table SX for references and notes.
Palmeria dolei,182550979,22720855,Akohekohe,"",Rattus,Critically Endangered,"B1ab(i,ii,iii,v)","Habitat loss, disease",0,0,Yes,Palmeria dolei_Rattus rattus,Rattus rattus,IUCN attribution was generic. Specific rodent was determined from literature review. See Table SX for references and notes.
Palmeria dolei,182550979,22720855,Akohekohe,"",Rattus,Critically Endangered,"B1ab(i,ii,iii,v)","Habitat loss, disease",0,0,Yes,Palmeria dolei_Rattus norvegicus,Rattus norvegicus,IUCN attribution was generic. Specific rodent was determined from literature review. See Table SX for references and notes.
Palmeria dolei,182550979,22720855,Akohekohe,"",Rattus,Critically Endangered,"B1ab(i,ii,iii,v)","Habitat loss, disease",0,0,Yes,Palmeria dolei_Rattus exulans,Rattus exulans,IUCN attribution was generic. Specific rodent was determined from literature review. See Table SX for references and notes.
Pampusana canifrons,216247017,22691071,Palau Ground-dove,"Alopecoenas canifrons, Gallicolumba canifrons",Rattus,Endangered,C2a(i),"Rats, brown tree snake",1,0,Yes,Pampusana canifrons_Rattus norvegicus,Rattus norvegicus,IUCN attribution was generic. Specific rodent was determined from literature review. See Table SX for references and notes.
Pampusana canifrons,216247017,22691071,Palau Ground-dove,"Alopecoenas canifrons, Gallicolumba canifrons",Rattus,Endangered,C2a(i),"Rats, brown tree snake",1,0,Yes,Pampusana canifrons_Rattus exulans,Rattus exulans,IUCN attribution was generic. Specific rodent was determined from literature review. See Table SX for references and notes.
Pampusana erythroptera,129084352,22691030,Polynesian Ground-dove,"Alopecoenas erythropterus, Gallicolumba erythroptera","Rattus rattus, Rattus exulans",Critically Endangered,C2a(ii),"Rats, cats, habitat loss, weather extreme",1,0,No,Pampusana erythroptera_Rattus rattus,Rattus rattus,Rodent attribution from IUCN.
Pampusana erythroptera,129084352,22691030,Polynesian Ground-dove,"Alopecoenas erythropterus, Gallicolumba erythroptera","Rattus rattus, Rattus exulans",Critically Endangered,C2a(ii),"Rats, cats, habitat loss, weather extreme",1,0,No,Pampusana erythroptera_Rattus exulans,Rattus exulans,Rodent attribution from IUCN.
Pampusana kubaryi,172138008,22691024,Caroline Ground-dove,"Alopecoenas kubaryi, Gallicolumba kubaryi",Rattus,Endangered,C2a(i); D,"Rats, cats, human hunting",1,0,No,Pampusana kubaryi_Rattus rattus,Rattus rattus,IUCN attribution was generic. Specific rodent was determined from literature review. See Table SX for references and notes.
Pampusana kubaryi,172138008,22691024,Caroline Ground-dove,"Alopecoenas kubaryi, Gallicolumba kubaryi",Rattus,Endangered,C2a(i); D,"Rats, cats, human hunting",1,0,No,Pampusana kubaryi_Rattus norvegicus,Rattus norvegicus,IUCN attribution was generic. Specific rodent was determined from literature review. See Table SX for references and notes.
Pampusana kubaryi,172138008,22691024,Caroline Ground-dove,"Alopecoenas kubaryi, Gallicolumba kubaryi",Rattus,Endangered,C2a(i); D,"Rats, cats, human hunting",1,0,No,Pampusana kubaryi_Rattus exulans,Rattus exulans,IUCN attribution was generic. Specific rodent was determined from literature review. See Table SX for references and notes.
Pampusana salamonis,93301654,22691056,Thick-billed Ground-dove,"Alopecoenas salamonis, Gallicolumba salamonis",Rattus,Extinct,"","Rats, cats, dogs, pigs",1,0,No,Pampusana salamonis_Rattus rattus,Rattus rattus,IUCN attribution was generic. Specific rodent was determined from literature review. See Table SX for references and notes.
Pampusana salamonis,93301654,22691056,Thick-billed Ground-dove,"Alopecoenas salamonis, Gallicolumba salamonis",Rattus,Extinct,"","Rats, cats, dogs, pigs",1,0,No,Pampusana salamonis_Rattus exulans,Rattus exulans,IUCN attribution was generic. Specific rodent was determined from literature review. See Table SX for references and notes.
Pampusana sanctaecrucis,131854908,22691047,Santa Cruz Ground-dove,"Alopecoenas sanctaecrucis, Gallicolumba sanctaecrucis",Rattus rattus,Endangered,D,Unknown,0,0,No,Pampusana sanctaecrucis_Rattus rattus,Rattus rattus,Rodent attribution from IUCN.
Pampusana stairi,93300863,22691042,Shy Ground-dove,"Alopecoenas stairi, Gallicolumba stairi",Rattus exulans,Vulnerable,C2a(i),Habitat loss,0,0,No,Pampusana stairi_Rattus exulans,Rattus exulans,Rodent attribution from IUCN.
Pareudiastes pacificus,129449004,22692854,Samoan Moorhen,Gallinula pacifica,Rattus,Critically Endangered,D,"Rats, cats",1,0,No,Pareudiastes pacificus_Rattus exulans,Rattus exulans,IUCN attribution was generic. Specific rodent was determined from literature review. See Table SX for references and notes.
Pelecanoides garnotii,179971538,22698280,Peruvian Diving-petrel,"","Rattus, Mus musculus",Near Threatened,B2b(iii),Unknown,0,0,No,Pelecanoides garnotii_Rattus rattus,Rattus rattus,IUCN attribution was generic. Specific rodent was determined from literature review. See Table SX for references and notes.
Pelecanoides garnotii,179971538,22698280,Peruvian Diving-petrel,"","Rattus, Mus musculus",Near Threatened,B2b(iii),Unknown,0,0,No,Pelecanoides garnotii_Rattus norvegicus,Rattus norvegicus,IUCN attribution was generic. Specific rodent was determined from literature review. See Table SX for references and notes.
Pelecanoides whenuahouensis,155188651,155187257,Whenua Hou Diving-petrel,Pelecanoides georgicus,"Rattus exulans, Rattus norvegicus",Critically Endangered,B2ab(iii),Unknown,0,0,Yes,Pelecanoides whenuahouensis_Rattus exulans,Rattus exulans,Rodent attribution from IUCN.
Pelecanoides whenuahouensis,155188651,155187257,Whenua Hou Diving-petrel,Pelecanoides georgicus,"Rattus exulans, Rattus norvegicus",Critically Endangered,B2ab(iii),Unknown,0,0,Yes,Pelecanoides whenuahouensis_Rattus norvegicus,Rattus norvegicus,Rodent attribution from IUCN.
Petroica multicolor,157471309,103734824,Norfolk Island Robin,"",Rattus rattus,Endangered,C2a(ii),"Rats, habitat loss",1,0,Yes,Petroica multicolor_Rattus rattus,Rattus rattus,Rodent attribution from IUCN.
Petroica traversi,209015125,22704831,Black Robin,"",Rattus,Vulnerable,D1+2,"Rats, cats",1,0,No,Petroica traversi_Rattus rattus,Rattus rattus,IUCN attribution was generic. Specific rodent was determined from literature review. See Table SX for references and notes.
Petroica traversi,209015125,22704831,Black Robin,"",Rattus,Vulnerable,D1+2,"Rats, cats",1,0,No,Petroica traversi_Rattus norvegicus,Rattus norvegicus,IUCN attribution was generic. Specific rodent was determined from literature review. See Table SX for references and notes.
Petroica traversi,209015125,22704831,Black Robin,"",Rattus,Vulnerable,D1+2,"Rats, cats",1,0,No,Petroica traversi_Rattus exulans,Rattus exulans,IUCN attribution was generic. Specific rodent was determined from literature review. See Table SX for references and notes.
Phalacrocorax featherstoni,132595530,22696907,Pitt Island Shag,Stictocarbo featherstoni,"Rattus rattus, Rattus norvegicus",Endangered,A2bde+3bde+4bde; C1+2a(ii),Unknown,0,0,No,Phalacrocorax featherstoni_Rattus rattus,Rattus rattus,Rodent attribution from IUCN.
Phalacrocorax featherstoni,132595530,22696907,Pitt Island Shag,Stictocarbo featherstoni,"Rattus rattus, Rattus norvegicus",Endangered,A2bde+3bde+4bde; C1+2a(ii),Unknown,0,0,No,Phalacrocorax featherstoni_Rattus norvegicus,Rattus norvegicus,Rodent attribution from IUCN.
Philesturnus rufusater,132191453,103730503,North Island Saddleback,"",Rattus norvegicus,Near Threatened,D2,Rats,0,0,No,Philesturnus rufusater_Rattus norvegicus,Rattus norvegicus,Rodent attribution from IUCN.
Phoebastria immutabilis,132643073,22698365,Laysan Albatross,Diomedea immutabilis,Mus musculus,Near Threatened,A4bd,"Human hunting, fishing-bycatch",0,0,Yes,Phoebastria immutabilis_Mus musculus,Mus musculus,Rodent attribution from IUCN.
Phoebetria fusca,132645596,22698431,Sooty Albatross,"","Rattus, Mus musculus",Endangered,A4bd,Fishing-bycatch,0,0,Yes,Phoebetria fusca_Rattus rattus,Rattus rattus,IUCN attribution was generic. Specific rodent was determined from literature review. See Table SX for references and notes.
Phoebetria fusca,132645596,22698431,Sooty Albatross,"","Rattus, Mus musculus",Endangered,A4bd,Fishing-bycatch,0,0,Yes,Phoebetria fusca_Rattus norvegicus,Rattus norvegicus,IUCN attribution was generic. Specific rodent was determined from literature review. See Table SX for references and notes.
Phoebetria fusca,132645596,22698431,Sooty Albatross,"","Rattus, Mus musculus",Endangered,A4bd,Fishing-bycatch,0,0,Yes,Phoebetria fusca_Mus musculus,Mus musculus,IUCN attribution was generic. Specific rodent was determined from literature review. See Table SX for references and notes.
Phoebetria palpebrata,132647449,22698448,Light-mantled Albatross,"","Rattus, Mus musculus",Near Threatened,A4bd,Fishing-bycatch,0,0,Yes,Phoebetria palpebrata_Rattus rattus,Rattus rattus,IUCN attribution was generic. Specific rodent was determined from literature review. See Table SX for references and notes.
Phoebetria palpebrata,132647449,22698448,Light-mantled Albatross,"","Rattus, Mus musculus",Near Threatened,A4bd,Fishing-bycatch,0,0,Yes,Phoebetria palpebrata_Rattus norvegicus,Rattus norvegicus,IUCN attribution was generic. Specific rodent was determined from literature review. See Table SX for references and notes.
Phoebetria palpebrata,132647449,22698448,Light-mantled Albatross,"","Rattus, Mus musculus",Near Threatened,A4bd,Fishing-bycatch,0,0,Yes,Phoebetria palpebrata_Mus musculus,Mus musculus,IUCN attribution was generic. Specific rodent was determined from literature review. See Table SX for references and notes.
Phylloscopus amoenus,94451811,22715412,Kolombangara Leaf-warbler,"",Rattus,Vulnerable,D1+2,Natural disasters,0,0,No,Phylloscopus amoenus_Rattus rattus,Rattus rattus,IUCN attribution was generic. Specific rodent was determined from literature review. See Table SX for references and notes.
Phylloscopus amoenus,94451811,22715412,Kolombangara Leaf-warbler,"",Rattus,Vulnerable,D1+2,Natural disasters,0,0,No,Phylloscopus amoenus_Rattus exulans,Rattus exulans,IUCN attribution was generic. Specific rodent was determined from literature review. See Table SX for references and notes.
Ploceus grandis,176388594,22718925,Giant Weaver,"",Rattus rattus,Near Threatened,C2a(ii),Unknown,0,0,No,Ploceus grandis_Rattus rattus,Rattus rattus,Rodent attribution from IUCN.
Pomarea dimidiata,132072143,22707172,Rarotonga Monarch,"",Rattus rattus,Vulnerable,D1+2,Rats,1,1,Yes,Pomarea dimidiata_Rattus rattus,Rattus rattus,Rodent attribution from IUCN.
Pomarea fluxa,95051671,22732926,Eiao Monarch,"","Rattus exulans, Rattus rattus",Extinct,"",Rats,1,1,Yes,Pomarea fluxa_Rattus exulans,Rattus exulans,Rodent attribution from IUCN.
Pomarea fluxa,95051671,22732926,Eiao Monarch,"","Rattus exulans, Rattus rattus",Extinct,"",Rats,1,1,Yes,Pomarea fluxa_Rattus rattus,Rattus rattus,Rodent attribution from IUCN.
Pomarea mendozae,210741049,22734320,Marquesas Monarch,"",Rattus exulans,Endangered,D,Unknown,0,0,No,Pomarea mendozae_Rattus exulans,Rattus exulans,Rodent attribution from IUCN.
Pomarea mira,157473406,22732931,Ua Pou Monarch,"",Rattus rattus,Critically Endangered,D,Unknown,0,0,No,Pomarea mira_Rattus rattus,Rattus rattus,Rodent attribution from IUCN.
Pomarea nigra,173465740,22707178,Tahiti Monarch,"",Rattus rattus,Critically Endangered,B1ab(iii); D,Rats,1,1,Yes,Pomarea nigra_Rattus rattus,Rattus rattus,Rodent attribution from IUCN.
Pomarea nukuhivae,95052074,22732936,Nuku Hiva Monarch,"",Rattus rattus,Extinct,"","Rats, habitat loss",1,0,No,Pomarea nukuhivae_Rattus rattus,Rattus rattus,Rodent attribution from IUCN.
Pomarea whitneyi,155462058,22707192,Fatu Hiva Monarch,"",Rattus rattus,Critically Endangered,"A2be+4be; B1ab(ii,v); C2a(i,ii); D",Rats,1,1,Yes,Pomarea whitneyi_Rattus rattus,Rattus rattus,Rodent attribution from IUCN.
Porphyrio paepae,,,,,,,,,,,,Porphyrio paepae_Rattus rattus,Rattus rattus,IUCN attribution was generic. Specific rodent was determined from literature review. See Table SX for references and notes.
Porphyrio paepae,,,,,,,,,,,,Porphyrio paepae_Rattus norvegicus,Rattus norvegicus,IUCN attribution was generic. Specific rodent was determined from literature review. See Table SX for references and notes.
Porphyrio paepae,,,,,,,,,,,,Porphyrio paepae_Rattus exulans,Rattus exulans,IUCN attribution was generic. Specific rodent was determined from literature review. See Table SX for references and notes.
Procellaria aequinoctialis,132628887,22698140,White-chinned Petrel,"",Rattus rattus,Vulnerable,A4bcde,Fishing-bycatch,0,0,Yes,Procellaria aequinoctialis_Rattus rattus,Rattus rattus,Rodent attribution from IUCN.
Procellaria cinerea,175348962,22698159,Grey Petrel,"","Rattus rattus, Rattus norvegicus, Mus musculus",Near Threatened,A2de+3de+4de,Fishing-bycatch,0,0,Yes,Procellaria cinerea_Rattus rattus,Rattus rattus,Rodent attribution from IUCN.
Procellaria cinerea,175348962,22698159,Grey Petrel,"","Rattus rattus, Rattus norvegicus, Mus musculus",Near Threatened,A2de+3de+4de,Fishing-bycatch,0,0,Yes,Procellaria cinerea_Rattus norvegicus,Rattus norvegicus,Rodent attribution from IUCN.
Procellaria cinerea,175348962,22698159,Grey Petrel,"","Rattus rattus, Rattus norvegicus, Mus musculus",Near Threatened,A2de+3de+4de,Fishing-bycatch,0,0,Yes,Procellaria cinerea_Mus musculus,Mus musculus,Rodent attribution from IUCN.
Procellaria parkinsoni,132629374,22698150,Black Petrel,"","Rattus exulans, Rattus rattus",Vulnerable,D2,Fishing-bycatch,0,0,No,Procellaria parkinsoni_Rattus exulans,Rattus exulans,Rodent attribution from IUCN.
Procellaria parkinsoni,132629374,22698150,Black Petrel,"","Rattus exulans, Rattus rattus",Vulnerable,D2,Fishing-bycatch,0,0,No,Procellaria parkinsoni_Rattus rattus,Rattus rattus,Rodent attribution from IUCN.
Procellaria westlandica,132629809,22698155,Westland Petrel,"",Rattus,Endangered,B2ab(iii),Unknown,0,0,No,Procellaria westlandica_Rattus rattus,Rattus rattus,IUCN attribution was generic. Specific rodent was determined from literature review. See Table SX for references and notes.
Procellaria westlandica,132629809,22698155,Westland Petrel,"",Rattus,Endangered,B2ab(iii),Unknown,0,0,No,Procellaria westlandica_Rattus norvegicus,Rattus norvegicus,IUCN attribution was generic. Specific rodent was determined from literature review. See Table SX for references and notes.
Procellaria westlandica,132629809,22698155,Westland Petrel,"",Rattus,Endangered,B2ab(iii),Unknown,0,0,No,Procellaria westlandica_Rattus exulans,Rattus exulans,IUCN attribution was generic. Specific rodent was determined from literature review. See Table SX for references and notes.
Progne modesta,182672786,22731986,Galapagos Martin,"",Rattus,Endangered,C2a(i),Unknown,0,0,No,Progne modesta_Rattus rattus,Rattus rattus,IUCN attribution was generic. Specific rodent was determined from literature review. See Table SX for references and notes.
Progne modesta,182672786,22731986,Galapagos Martin,"",Rattus,Endangered,C2a(i),Unknown,0,0,No,Progne modesta_Rattus norvegicus,Rattus norvegicus,IUCN attribution was generic. Specific rodent was determined from literature review. See Table SX for references and notes.
Prosobonia cancellata,119208101,62289108,Christmas Sandpiper,Prosobonia parvirostris,Rattus,Extinct,"","Rats, cats",1,0,No,Prosobonia cancellata_Rattus rattus,Rattus rattus,IUCN attribution was generic. Specific rodent was determined from literature review. See Table SX for references and notes.
Prosobonia cancellata,119208101,62289108,Christmas Sandpiper,Prosobonia parvirostris,Rattus,Extinct,"","Rats, cats",1,0,No,Prosobonia cancellata_Rattus norvegicus,Rattus norvegicus,IUCN attribution was generic. Specific rodent was determined from literature review. See Table SX for references and notes.
Prosobonia ellisi,94996223,22728772,Moorea Sandpiper,"",Rattus,Extinct,"",Rats,1,1,No,Prosobonia ellisi_Rattus rattus,Rattus rattus,IUCN attribution was generic. Specific rodent was determined from literature review. See Table SX for references and notes.
Prosobonia ellisi,94996223,22728772,Moorea Sandpiper,"",Rattus,Extinct,"",Rats,1,1,No,Prosobonia ellisi_Rattus norvegicus,Rattus norvegicus,IUCN attribution was generic. Specific rodent was determined from literature review. See Table SX for references and notes.
Prosobonia ellisi,94996223,22728772,Moorea Sandpiper,"",Rattus,Extinct,"",Rats,1,1,No,Prosobonia ellisi_Rattus exulans,Rattus exulans,IUCN attribution was generic. Specific rodent was determined from literature review. See Table SX for references and notes.
Prosobonia leucoptera,93396439,22693330,Tahiti Sandpiper,"",Rattus,Extinct,"",Rats,1,1,No,Prosobonia leucoptera_Rattus rattus,Rattus rattus,IUCN attribution was generic. Specific rodent was determined from literature review. See Table SX for references and notes.
Prosobonia leucoptera,93396439,22693330,Tahiti Sandpiper,"",Rattus,Extinct,"",Rats,1,1,No,Prosobonia leucoptera_Rattus norvegicus,Rattus norvegicus,IUCN attribution was generic. Specific rodent was determined from literature review. See Table SX for references and notes.
Prosobonia leucoptera,93396439,22693330,Tahiti Sandpiper,"",Rattus,Extinct,"",Rats,1,1,No,Prosobonia leucoptera_Rattus exulans,Rattus exulans,IUCN attribution was generic. Specific rodent was determined from literature review. See Table SX for references and notes.
Prosobonia parvirostris,95194072,62289271,Tuamotu Sandpiper,Prosobonia cancellata,Rattus rattus,Endangered,"B1ab(iii,v); C2a(ii)","Rats, stochastic, cats",1,0,Yes,Prosobonia parvirostris_Rattus rattus,Rattus rattus,Rodent attribution from IUCN.
Pseudobulweria aterrima,132611797,22697896,Mascarene Petrel,"Procellaria aterrima, Pterodroma aterrima",Rattus rattus,Critically Endangered,C2a(ii),"Rats, cats, artificial light",1,0,No,Pseudobulweria aterrima_Rattus rattus,Rattus rattus,Rodent attribution from IUCN.
Pseudobulweria becki,132612218,22697913,Beck's Petrel,"Procellaria becki, Pterodroma becki","Rattus rattus, Rattus exulans",Critically Endangered,"C2a(i,ii)",Unknown,0,0,No,Pseudobulweria becki_Rattus rattus,Rattus rattus,Rodent attribution from IUCN.
Pseudobulweria becki,132612218,22697913,Beck's Petrel,"Procellaria becki, Pterodroma becki","Rattus rattus, Rattus exulans",Critically Endangered,"C2a(i,ii)",Unknown,0,0,No,Pseudobulweria becki_Rattus exulans,Rattus exulans,Rodent attribution from IUCN.
Pseudobulweria macgillivrayi,132613365,22697935,Fiji Petrel,"Pterodroma macgillivrayi, Thalassidroma macgillivrayi","Rattus rattus, Rattus norvegicus, Rattus exulans",Critically Endangered,"C2a(i,ii);D",Rats,1,1,No,Pseudobulweria macgillivrayi_Rattus rattus,Rattus rattus,Rodent attribution from IUCN.
Pseudobulweria macgillivrayi,132613365,22697935,Fiji Petrel,"Pterodroma macgillivrayi, Thalassidroma macgillivrayi","Rattus rattus, Rattus norvegicus, Rattus exulans",Critically Endangered,"C2a(i,ii);D",Rats,1,1,No,Pseudobulweria macgillivrayi_Rattus norvegicus,Rattus norvegicus,Rodent attribution from IUCN.
Pseudobulweria macgillivrayi,132613365,22697935,Fiji Petrel,"Pterodroma macgillivrayi, Thalassidroma macgillivrayi","Rattus rattus, Rattus norvegicus, Rattus exulans",Critically Endangered,"C2a(i,ii);D",Rats,1,1,No,Pseudobulweria macgillivrayi_Rattus exulans,Rattus exulans,Rodent attribution from IUCN.
Pseudobulweria rostrata,132612667,22697925,Tahiti Petrel,Pterodroma rostrata,Rattus,Near Threatened,A2bde+3bde+4bde,Cats,0,0,Yes,Pseudobulweria rostrata_Rattus rattus,Rattus rattus,IUCN attribution was generic. Specific rodent was determined from literature review. See Table SX for references and notes.
Pseudobulweria rostrata,132612667,22697925,Tahiti Petrel,Pterodroma rostrata,Rattus,Near Threatened,A2bde+3bde+4bde,Cats,0,0,Yes,Pseudobulweria rostrata_Rattus norvegicus,Rattus norvegicus,IUCN attribution was generic. Specific rodent was determined from literature review. See Table SX for references and notes.
Pseudobulweria rostrata,132612667,22697925,Tahiti Petrel,Pterodroma rostrata,Rattus,Near Threatened,A2bde+3bde+4bde,Cats,0,0,Yes,Pseudobulweria rostrata_Rattus exulans,Rattus exulans,IUCN attribution was generic. Specific rodent was determined from literature review. See Table SX for references and notes.
Pseudonestor xanthophrys,94681687,22720753,Maui Parrotbill,"",Rattus,Critically Endangered,B1ab(iii),Pigs,0,0,Yes,Pseudonestor xanthophrys_Rattus rattus,Rattus rattus,IUCN attribution was generic. Specific rodent was determined from literature review. See Table SX for references and notes.
Pseudonestor xanthophrys,94681687,22720753,Maui Parrotbill,"",Rattus,Critically Endangered,B1ab(iii),Pigs,0,0,Yes,Pseudonestor xanthophrys_Rattus norvegicus,Rattus norvegicus,IUCN attribution was generic. Specific rodent was determined from literature review. See Table SX for references and notes.
Pseudonestor xanthophrys,94681687,22720753,Maui Parrotbill,"",Rattus,Critically Endangered,B1ab(iii),Pigs,0,0,Yes,Pseudonestor xanthophrys_Rattus exulans,Rattus exulans,IUCN attribution was generic. Specific rodent was determined from literature review. See Table SX for references and notes.
Psittirostra psittacea,126791352,22720734,Ou,"",Rattus,Critically Endangered,D,"Rats, habitat loss, disease",1,0,No,Psittirostra psittacea_Rattus rattus,Rattus rattus,IUCN attribution was generic. Specific rodent was determined from literature review. See Table SX for references and notes.
Psittirostra psittacea,126791352,22720734,Ou,"",Rattus,Critically Endangered,D,"Rats, habitat loss, disease",1,0,No,Psittirostra psittacea_Rattus norvegicus,Rattus norvegicus,IUCN attribution was generic. Specific rodent was determined from literature review. See Table SX for references and notes.
Psittirostra psittacea,126791352,22720734,Ou,"",Rattus,Critically Endangered,D,"Rats, habitat loss, disease",1,0,No,Psittirostra psittacea_Rattus exulans,Rattus exulans,IUCN attribution was generic. Specific rodent was determined from literature review. See Table SX for references and notes.
Pterodroma alba,183088698,22698001,Phoenix Petrel,"",Rattus exulans,Vulnerable,"A2bce; B2ab(ii,iv,v)",Cats,0,0,Yes,Pterodroma alba_Rattus exulans,Rattus exulans,Rodent attribution from IUCN.
Pterodroma arminjoniana,132618884,22698005,Trindade Petrel,"",Mus musculus,Vulnerable,D2,Cats,0,0,No,Pterodroma arminjoniana_Mus musculus,Mus musculus,Rodent attribution from IUCN.
Pterodroma atrata,132659355,22728442,Henderson Petrel,"",Rattus exulans,Endangered,B2ab(v),Rats,1,1,Yes,Pterodroma atrata_Rattus exulans,Rattus exulans,Rodent attribution from IUCN.
Pterodroma baraui,132621225,22698035,Barau's Petrel,"",Rattus,Endangered,B2ab(v),Cats,0,0,No,Pterodroma baraui_Rattus rattus,Rattus rattus,IUCN attribution was generic. Specific rodent was determined from literature review. See Table SX for references and notes.
Pterodroma baraui,132621225,22698035,Barau's Petrel,"",Rattus,Endangered,B2ab(v),Cats,0,0,No,Pterodroma baraui_Rattus norvegicus,Rattus norvegicus,IUCN attribution was generic. Specific rodent was determined from literature review. See Table SX for references and notes.
Pterodroma brevipes,132617265,22697987,Collared Petrel,"",Rattus,Vulnerable,C2a(i);D1,"Rats, mongoose",0,0,Yes,Pterodroma brevipes_Rattus rattus,Rattus rattus,IUCN attribution was generic. Specific rodent was determined from literature review. See Table SX for references and notes.
Pterodroma brevipes,132617265,22697987,Collared Petrel,"",Rattus,Vulnerable,C2a(i);D1,"Rats, mongoose",0,0,Yes,Pterodroma brevipes_Rattus norvegicus,Rattus norvegicus,IUCN attribution was generic. Specific rodent was determined from literature review. See Table SX for references and notes.
Pterodroma cahow,132624115,22698088,Bermuda Petrel,"",Rattus,Endangered,D,"Rats, dogs, pigs, cats, human hunting",1,0,No,Pterodroma cahow_Rattus rattus,Rattus rattus,IUCN attribution was generic. Specific rodent was determined from literature review. See Table SX for references and notes.
Pterodroma cahow,132624115,22698088,Bermuda Petrel,"",Rattus,Endangered,D,"Rats, dogs, pigs, cats, human hunting",1,0,No,Pterodroma cahow_Rattus norvegicus,Rattus norvegicus,IUCN attribution was generic. Specific rodent was determined from literature review. See Table SX for references and notes.
Pterodroma caribbaea,132625182,22698097,Jamaican Petrel,"",Rattus,Critically Endangered,D,"Rats, mongoose",1,0,Yes,Pterodroma caribbaea_Rattus rattus,Rattus rattus,IUCN attribution was generic. Specific rodent was determined from literature review. See Table SX for references and notes.
Pterodroma caribbaea,132625182,22698097,Jamaican Petrel,"",Rattus,Critically Endangered,D,"Rats, mongoose",1,0,Yes,Pterodroma caribbaea_Rattus norvegicus,Rattus norvegicus,IUCN attribution was generic. Specific rodent was determined from literature review. See Table SX for references and notes.
Pterodroma cookii,132616449,22697975,Cook's Petrel,Pterodroma cooki,"Rattus exulans, Rattus rattus",Vulnerable,A2e; D2,"Rats, cats, introduced bird",1,0,Yes,Pterodroma cookii_Rattus exulans,Rattus exulans,Rodent attribution from IUCN.
Pterodroma cookii,132616449,22697975,Cook's Petrel,Pterodroma cooki,"Rattus exulans, Rattus rattus",Vulnerable,A2e; D2,"Rats, cats, introduced bird",1,0,Yes,Pterodroma cookii_Rattus rattus,Rattus rattus,Rodent attribution from IUCN.
Pterodroma defilippiana,132617737,22697990,Masatierra Petrel,"",Rattus,Vulnerable,D2,Unknown,0,0,No,Pterodroma defilippiana_Rattus rattus,Rattus rattus,IUCN attribution was generic. Specific rodent was determined from literature review. See Table SX for references and notes.
Pterodroma defilippiana,132617737,22697990,Masatierra Petrel,"",Rattus,Vulnerable,D2,Unknown,0,0,No,Pterodroma defilippiana_Rattus norvegicus,Rattus norvegicus,IUCN attribution was generic. Specific rodent was determined from literature review. See Table SX for references and notes.
Pterodroma externa,132620783,22698030,Juan Fernandez Petrel,"","Rattus norvegicus, Rattus, Mus musculus",Vulnerable,D2,"Rats, cats, goats, dogs",1,0,Yes,Pterodroma externa_Rattus rattus,Rattus rattus,IUCN attribution was generic. Specific rodent was determined from literature review. See Table SX for references and notes.
Pterodroma externa,132620783,22698030,Juan Fernandez Petrel,"","Rattus norvegicus, Rattus, Mus musculus",Vulnerable,D2,"Rats, cats, goats, dogs",1,0,Yes,Pterodroma externa_Rattus norvegicus,Rattus norvegicus,IUCN attribution was generic. Specific rodent was determined from literature review. See Table SX for references and notes.
Pterodroma externa,132620783,22698030,Juan Fernandez Petrel,"","Rattus norvegicus, Rattus, Mus musculus",Vulnerable,D2,"Rats, cats, goats, dogs",1,0,Yes,Pterodroma externa_Mus musculus,Mus musculus,IUCN attribution was generic. Specific rodent was determined from literature review. See Table SX for references and notes.
Pterodroma feae,132655668,22728011,Cape Verde Petrel,"",Rattus,Near Threatened,D2,Cats,0,0,No,Pterodroma feae_Rattus rattus,Rattus rattus,IUCN attribution was generic. Specific rodent was determined from literature review. See Table SX for references and notes.
Pterodroma feae,132655668,22728011,Cape Verde Petrel,"",Rattus,Near Threatened,D2,Cats,0,0,No,Pterodroma feae_Rattus norvegicus,Rattus norvegicus,IUCN attribution was generic. Specific rodent was determined from literature review. See Table SX for references and notes.
Pterodroma hasitata,132624510,22698092,Black-capped Petrel,"",Rattus,Endangered,"B2ab(ii,iii,v)",Unknown,0,0,No,Pterodroma hasitata_Rattus rattus,Rattus rattus,IUCN attribution was generic. Specific rodent was determined from literature review. See Table SX for references and notes.
Pterodroma hasitata,132624510,22698092,Black-capped Petrel,"",Rattus,Endangered,"B2ab(ii,iii,v)",Unknown,0,0,No,Pterodroma hasitata_Rattus norvegicus,Rattus norvegicus,IUCN attribution was generic. Specific rodent was determined from literature review. See Table SX for references and notes.
Pterodroma incerta,152715347,22698084,Atlantic Petrel,Procellaria incerta,"Rattus, Mus musculus",Endangered,B2ab(v),Mice,1,1,Yes,Pterodroma incerta_Mus musculus,Mus musculus,IUCN attribution was generic. Specific rodent was determined from literature review. See Table SX for references and notes.
Pterodroma inexpectata,132615071,22697963,Mottled Petrel,"",Rattus rattus,Near Threatened,B2b(iv); D2,Weather extreme,0,0,No,Pterodroma inexpectata_Rattus rattus,Rattus rattus,Rodent attribution from IUCN.
Pterodroma leucoptera,132615952,22697970,White-winged Petrel,"",Rattus rattus,Vulnerable,"B2ab(ii,v); D2",Unknown,0,0,Yes,Pterodroma leucoptera_Rattus rattus,Rattus rattus,Rodent attribution from IUCN.
Pterodroma longirostris,152684668,22697997,Stejneger's Petrel,"","Rattus norvegicus, Mus musculus",Vulnerable,D2,"Rats, cats",1,0,No,Pterodroma longirostris_Rattus norvegicus,Rattus norvegicus,Rodent attribution from IUCN.
Pterodroma longirostris,152684668,22697997,Stejneger's Petrel,"","Rattus norvegicus, Mus musculus",Vulnerable,D2,"Rats, cats",1,0,No,Pterodroma longirostris_Mus musculus,Mus musculus,Rodent attribution from IUCN.
Pterodroma madeira,132622973,22698062,Zino's Petrel,"",Rattus rattus,Endangered,D,Unknown,0,0,Yes,Pterodroma madeira_Rattus rattus,Rattus rattus,Rodent attribution from IUCN.
Pterodroma magentae,131879320,22698049,Magenta Petrel,"",Rattus rattus,Critically Endangered,A2ce,"Rats, pigs, cats, dogs, hedgehogs, bird other introduced, possums",1,0,Yes,Pterodroma magentae_Rattus rattus,Rattus rattus,Rodent attribution from IUCN.
Pterodroma phaeopygia,132619647,22698020,Galapagos Petrel,"","Rattus rattus, Rattus norvegicus",Critically Endangered,A2bce,Rats,1,1,Yes,Pterodroma phaeopygia_Rattus rattus,Rattus rattus,Rodent attribution from IUCN.
Pterodroma phaeopygia,132619647,22698020,Galapagos Petrel,"","Rattus rattus, Rattus norvegicus",Critically Endangered,A2bce,Rats,1,1,Yes,Pterodroma phaeopygia_Rattus norvegicus,Rattus norvegicus,Rodent attribution from IUCN.
Pterodroma pycrofti,132616888,22697984,Pycroft's Petrel,"",Rattus exulans,Vulnerable,D2,Rats,1,1,Yes,Pterodroma pycrofti_Rattus exulans,Rattus exulans,Rodent attribution from IUCN.
Pterodroma sandwichensis,132378813,22698017,Hawaiian Petrel,"",Rattus,Endangered,A3bce+4bce,"Rats, human hunting, mongooses, cats, barn owls, dogs, pigs",1,0,Yes,Pterodroma sandwichensis_Rattus rattus,Rattus rattus,IUCN attribution was generic. Specific rodent was determined from literature review. See Table SX for references and notes.
Pterodroma sandwichensis,132378813,22698017,Hawaiian Petrel,"",Rattus,Endangered,A3bce+4bce,"Rats, human hunting, mongooses, cats, barn owls, dogs, pigs",1,0,Yes,Pterodroma sandwichensis_Rattus norvegicus,Rattus norvegicus,IUCN attribution was generic. Specific rodent was determined from literature review. See Table SX for references and notes.
Pterodroma sandwichensis,132378813,22698017,Hawaiian Petrel,"",Rattus,Endangered,A3bce+4bce,"Rats, human hunting, mongooses, cats, barn owls, dogs, pigs",1,0,Yes,Pterodroma sandwichensis_Rattus exulans,Rattus exulans,IUCN attribution was generic. Specific rodent was determined from literature review. See Table SX for references and notes.
Ptilinopus chrysogaster,131388042,60760066,Raiatea Fruit-dove,"","Rattus exulans, Rattus rattus",Endangered,B1ab(iii),Bird other introduced,0,0,No,Ptilinopus chrysogaster_Rattus exulans,Rattus exulans,Rodent attribution from IUCN.
Ptilinopus chrysogaster,131388042,60760066,Raiatea Fruit-dove,"","Rattus exulans, Rattus rattus",Endangered,B1ab(iii),Bird other introduced,0,0,No,Ptilinopus chrysogaster_Rattus rattus,Rattus rattus,Rodent attribution from IUCN.
Ptilinopus coralensis,93313817,22691480,Atoll Fruit-dove,"",Rattus rattus,Near Threatened,"B1ab(ii,iv,v)","Rats, hunting, habitat loss",1,0,No,Ptilinopus coralensis_Rattus rattus,Rattus rattus,Rodent attribution from IUCN.
Ptilinopus huttoni,131333951,22691470,Rapa Fruit-dove,"",Rattus exulans,Critically Endangered,C2a(ii),"Goats, cattle, fire, deforestation",0,0,No,Ptilinopus huttoni_Rattus exulans,Rattus exulans,Rodent attribution from IUCN.
Ptilinopus mercierii,93314660,22691495,Red-moustached Fruit-dove,"",Rattus,Extinct,"","Rats, cats, owls",1,0,No,Ptilinopus mercierii_Rattus rattus,Rattus rattus,IUCN attribution was generic. Specific rodent was determined from literature review. See Table SX for references and notes.
Ptilinopus mercierii,93314660,22691495,Red-moustached Fruit-dove,"",Rattus,Extinct,"","Rats, cats, owls",1,0,No,Ptilinopus mercierii_Rattus norvegicus,Rattus norvegicus,IUCN attribution was generic. Specific rodent was determined from literature review. See Table SX for references and notes.
Ptilinopus mercierii,93314660,22691495,Red-moustached Fruit-dove,"",Rattus,Extinct,"","Rats, cats, owls",1,0,No,Ptilinopus mercierii_Rattus exulans,Rattus exulans,IUCN attribution was generic. Specific rodent was determined from literature review. See Table SX for references and notes.
Ptychoramphus aleuticus,180893939,22694903,Cassin's Auklet,"","Rattus rattus, Rattus norvegicus",Near Threatened,A2abce+3bce+4abce,"Rats, cats, raccoons, mink, foxes",1,0,Yes,Ptychoramphus aleuticus_Rattus rattus,Rattus rattus,Rodent attribution from IUCN.
Ptychoramphus aleuticus,180893939,22694903,Cassin's Auklet,"","Rattus rattus, Rattus norvegicus",Near Threatened,A2abce+3bce+4abce,"Rats, cats, raccoons, mink, foxes",1,0,Yes,Ptychoramphus aleuticus_Rattus norvegicus,Rattus norvegicus,Rodent attribution from IUCN.
Puffinus bannermani,132638930,22698272,Bannerman's Shearwater,"",Rattus rattus,Endangered,B2ab(v),Rats,1,1,No,Puffinus bannermani_Rattus rattus,Rattus rattus,Rodent attribution from IUCN.
Puffinus bryani,132254426,45354718,Bryan's Shearwater,"",Rattus rattus,Critically Endangered,"C2a(i,ii)",Rats,1,1,Yes,Puffinus bryani_Rattus rattus,Rattus rattus,Rodent attribution from IUCN.
Puffinus heinrothi,132639135,22698277,Heinroth's Shearwater,"",Rattus,Vulnerable,D1+2,"Rats, cats, dogs",1,0,No,Puffinus heinrothi_Rattus rattus,Rattus rattus,IUCN attribution was generic. Specific rodent was determined from literature review. See Table SX for references and notes.
Puffinus heinrothi,132639135,22698277,Heinroth's Shearwater,"",Rattus,Vulnerable,D1+2,"Rats, cats, dogs",1,0,No,Puffinus heinrothi_Rattus norvegicus,Rattus norvegicus,IUCN attribution was generic. Specific rodent was determined from literature review. See Table SX for references and notes.
Puffinus heinrothi,132639135,22698277,Heinroth's Shearwater,"",Rattus,Vulnerable,D1+2,"Rats, cats, dogs",1,0,No,Puffinus heinrothi_Rattus exulans,Rattus exulans,IUCN attribution was generic. Specific rodent was determined from literature review. See Table SX for references and notes.
Puffinus mauretanicus,132658315,22728432,Balearic Shearwater,"","Rattus rattus, Rattus norvegicus",Critically Endangered,A4bcde,Fishing-bycatch,0,0,Yes,Puffinus mauretanicus_Rattus rattus,Rattus rattus,Rodent attribution from IUCN.
Puffinus mauretanicus,132658315,22728432,Balearic Shearwater,"","Rattus rattus, Rattus norvegicus",Critically Endangered,A4bcde,Fishing-bycatch,0,0,Yes,Puffinus mauretanicus_Rattus norvegicus,Rattus norvegicus,Rodent attribution from IUCN.
Puffinus myrtae,132468877,132468585,Rapa Shearwater,"Puffinus assimilis, Puffinus newelli",Rattus exulans,Critically Endangered,C2a(ii),Unknown,0,0,Yes,Puffinus myrtae_Rattus exulans,Rattus exulans,Rodent attribution from IUCN.
Puffinus newelli,152723568,132467692,Newell's Shearwater,"","Rattus exulans, Rattus rattus, Rattus norvegicus, Mus musculus",Critically Endangered,A3bce+4bce,"Rats, mice, cats, owls",1,0,Yes,Puffinus newelli_Rattus exulans,Rattus exulans,Rodent attribution from IUCN.
Puffinus newelli,152723568,132467692,Newell's Shearwater,"","Rattus exulans, Rattus rattus, Rattus norvegicus, Mus musculus",Critically Endangered,A3bce+4bce,"Rats, mice, cats, owls",1,0,Yes,Puffinus newelli_Rattus rattus,Rattus rattus,Rodent attribution from IUCN.
Puffinus newelli,152723568,132467692,Newell's Shearwater,"","Rattus exulans, Rattus rattus, Rattus norvegicus, Mus musculus",Critically Endangered,A3bce+4bce,"Rats, mice, cats, owls",1,0,Yes,Puffinus newelli_Rattus norvegicus,Rattus norvegicus,Rodent attribution from IUCN.
Puffinus newelli,152723568,132467692,Newell's Shearwater,"","Rattus exulans, Rattus rattus, Rattus norvegicus, Mus musculus",Critically Endangered,A3bce+4bce,"Rats, mice, cats, owls",1,0,Yes,Puffinus newelli_Mus musculus,Mus musculus,Rodent attribution from IUCN.
Puffinus opisthomelas,117364166,22698246,Black-vented Shearwater,"",Rodentia,Near Threatened,"A2cde; B2b(ii,iii)",Cats,0,0,Yes,Puffinus opisthomelas_Rattus rattus,Rattus rattus,IUCN attribution was generic. Specific rodent was determined from literature review. See Table SX for references and notes.
Puffinus opisthomelas,117364166,22698246,Black-vented Shearwater,"",Rodentia,Near Threatened,"A2cde; B2b(ii,iii)",Cats,0,0,Yes,Puffinus opisthomelas_Mus musculus,Mus musculus,IUCN attribution was generic. Specific rodent was determined from literature review. See Table SX for references and notes.
Puffinus yelkouan,132637221,22698230,Yelkouan Shearwater,"",Rattus rattus,Vulnerable,A4bcde,"Rats, fishing-bycatch, cats",1,0,Yes,Puffinus yelkouan_Rattus rattus,Rattus rattus,Rodent attribution from IUCN.
Pyrocephalus dubius,119211257,103682916,Least Vermilion Flycatcher,"",Rattus,Extinct,"","Rats, introduced insect, disease",1,0,No,Pyrocephalus dubius_Rattus rattus,Rattus rattus,IUCN attribution was generic. Specific rodent was determined from literature review. See Table SX for references and notes.
Pyrrhula murina,205920049,22720676,Azores Bullfinch,"",Rattus,Vulnerable,D1+2,Habitat loss,0,0,No,Pyrrhula murina_Rattus rattus,Rattus rattus,IUCN attribution was generic. Specific rodent was determined from literature review. See Table SX for references and notes.
Pyrrhula murina,205920049,22720676,Azores Bullfinch,"",Rattus,Vulnerable,D1+2,Habitat loss,0,0,No,Pyrrhula murina_Rattus norvegicus,Rattus norvegicus,IUCN attribution was generic. Specific rodent was determined from literature review. See Table SX for references and notes.
Rallus semiplumbeus,199129240,22692482,Bogota Rail,"",Rattus,Vulnerable,"B1ab(ii,iii,iv,v)+2ab(ii,iii,iv,v); C2a(i)",Habitat loss,0,0,No,Rallus semiplumbeus_Rattus rattus,Rattus rattus,IUCN attribution was generic. Specific rodent was determined from literature review. See Table SX for references and notes.
Rallus semiplumbeus,199129240,22692482,Bogota Rail,"",Rattus,Vulnerable,"B1ab(ii,iii,iv,v)+2ab(ii,iii,iv,v); C2a(i)",Habitat loss,0,0,No,Rallus semiplumbeus_Rattus norvegicus,Rattus norvegicus,IUCN attribution was generic. Specific rodent was determined from literature review. See Table SX for references and notes.
Ramphocinclus brachyurus,179788434,22711137,White-breasted Thrasher,"",Rattus,Endangered,"A2c+3c+4c; B1ab(i,ii,iii,v)",Habitat loss,0,0,Yes,Ramphocinclus brachyurus_Rattus rattus,Rattus rattus,IUCN attribution was generic. Specific rodent was determined from literature review. See Table SX for references and notes.
Ramphocinclus brachyurus,179788434,22711137,White-breasted Thrasher,"",Rattus,Endangered,"A2c+3c+4c; B1ab(i,ii,iii,v)",Habitat loss,0,0,Yes,Ramphocinclus brachyurus_Rattus norvegicus,Rattus norvegicus,IUCN attribution was generic. Specific rodent was determined from literature review. See Table SX for references and notes.
Rhipidura semirubra,94097314,22706921,Manus Fantail,"",Rattus,Vulnerable,D2,Unknown,0,0,No,Rhipidura semirubra_Rattus rattus,Rattus rattus,IUCN attribution was generic. Specific rodent was determined from literature review. See Table SX for references and notes.
Rhipidura semirubra,94097314,22706921,Manus Fantail,"",Rattus,Vulnerable,D2,Unknown,0,0,No,Rhipidura semirubra_Rattus exulans,Rattus exulans,IUCN attribution was generic. Specific rodent was determined from literature review. See Table SX for references and notes.
Rhynochetos jubatus,156666402,22692211,Kagu,"",Rattus,Endangered,A3e+4ad; C2a(i),Dogs,0,0,Yes,Rhynochetos jubatus_Rattus rattus,Rattus rattus,IUCN attribution was generic. Specific rodent was determined from literature review. See Table SX for references and notes.
Rhynochetos jubatus,156666402,22692211,Kagu,"",Rattus,Endangered,A3e+4ad; C2a(i),Dogs,0,0,Yes,Rhynochetos jubatus_Rattus norvegicus,Rattus norvegicus,IUCN attribution was generic. Specific rodent was determined from literature review. See Table SX for references and notes.
Rhynochetos jubatus,156666402,22692211,Kagu,"",Rattus,Endangered,A3e+4ad; C2a(i),Dogs,0,0,Yes,Rhynochetos jubatus_Rattus exulans,Rattus exulans,IUCN attribution was generic. Specific rodent was determined from literature review. See Table SX for references and notes.
Rhyticeros narcondami,182554475,22682531,Narcondam Hornbill,Aceros narcondami,Rattus,Vulnerable,D1+2,Unknown,0,0,No,Rhyticeros narcondami_Rattus rattus,Rattus rattus,IUCN attribution was generic. Specific rodent was determined from literature review. See Table SX for references and notes.
Rhyticeros narcondami,182554475,22682531,Narcondam Hornbill,Aceros narcondami,Rattus,Vulnerable,D1+2,Unknown,0,0,No,Rhyticeros narcondami_Rattus tiomanicus,Rattus tiomanicus,IUCN attribution was generic. Specific rodent was determined from literature review. See Table SX for references and notes.
Rowettia goughensis,119142383,22723149,Gough Island Finch,Nesospiza goughensis,Mus musculus,Critically Endangered,"B1ab(ii,iii,v)",Mice,1,1,Yes,Rowettia goughensis_Mus musculus,Mus musculus,Rodent attribution from IUCN.
Saxicola dacotiae,205920538,22710177,Fuerteventura Stonechat,"","Rattus, Rattus rattus",Near Threatened,"B1b(ii,iii)+2b(ii,iii); C2a(ii)",Habitat loss,0,0,No,Saxicola dacotiae_Rattus rattus,Rattus rattus,IUCN attribution was generic. Specific rodent was determined from literature review. See Table SX for references and notes.
Saxicola dacotiae,205920538,22710177,Fuerteventura Stonechat,"","Rattus, Rattus rattus",Near Threatened,"B1b(ii,iii)+2b(ii,iii); C2a(ii)",Habitat loss,0,0,No,Saxicola dacotiae_Rattus norvegicus,Rattus norvegicus,IUCN attribution was generic. Specific rodent was determined from literature review. See Table SX for references and notes.
Sephanoides fernandensis,179402328,22687863,Juan Fernandez Firecrown,"",Rattus,Critically Endangered,"B1ab(ii,iii)","Habitat loss, rabbits",0,0,Yes,Sephanoides fernandensis_Rattus rattus,Rattus rattus,IUCN attribution was generic. Specific rodent was determined from literature review. See Table SX for references and notes.
Sephanoides fernandensis,179402328,22687863,Juan Fernandez Firecrown,"",Rattus,Critically Endangered,"B1ab(ii,iii)","Habitat loss, rabbits",0,0,Yes,Sephanoides fernandensis_Rattus norvegicus,Rattus norvegicus,IUCN attribution was generic. Specific rodent was determined from literature review. See Table SX for references and notes.
Siphonorhis americana,178420953,22689738,Jamaican Poorwill,Siphonorhis americanus,"Rattus rattus, Rattus norvegicus",Critically Endangered,D,"Rats, mongoose",1,0,No,Siphonorhis americana_Rattus rattus,Rattus rattus,Rodent attribution from IUCN.
Siphonorhis americana,178420953,22689738,Jamaican Poorwill,Siphonorhis americanus,"Rattus rattus, Rattus norvegicus",Critically Endangered,D,"Rats, mongoose",1,0,No,Siphonorhis americana_Rattus norvegicus,Rattus norvegicus,Rodent attribution from IUCN.
Siphonorhis brewsteri,178049869,22689751,Least Poorwill,"","Rattus rattus, Rattus norvegicus",Near Threatened,C2a(i),Unknown,0,0,No,Siphonorhis brewsteri_Rattus rattus,Rattus rattus,Rodent attribution from IUCN.
Siphonorhis brewsteri,178049869,22689751,Least Poorwill,"","Rattus rattus, Rattus norvegicus",Near Threatened,C2a(i),Unknown,0,0,No,Siphonorhis brewsteri_Rattus norvegicus,Rattus norvegicus,Rodent attribution from IUCN.
Spheniscus humboldti,182714418,22697817,Humboldt Penguin,"","Rattus rattus, Rattus norvegicus",Vulnerable,A2bcde+3bcde+4bcde,Unknown,0,0,Yes,Spheniscus humboldti_Rattus rattus,Rattus rattus,Rodent attribution from IUCN.
Spheniscus humboldti,182714418,22697817,Humboldt Penguin,"","Rattus rattus, Rattus norvegicus",Vulnerable,A2bcde+3bcde+4bcde,Unknown,0,0,Yes,Spheniscus humboldti_Rattus norvegicus,Rattus norvegicus,Rodent attribution from IUCN.
Spheniscus mendiculus,182729677,22697825,Galapagos Penguin,"",Rattus,Endangered,"A2abce; B2ab(iii,v); C2a(ii)",Unknown,0,0,No,Spheniscus mendiculus_Rattus rattus,Rattus rattus,IUCN attribution was generic. Specific rodent was determined from literature review. See Table SX for references and notes.
Spheniscus mendiculus,182729677,22697825,Galapagos Penguin,"",Rattus,Endangered,"A2abce; B2ab(iii,v); C2a(ii)",Unknown,0,0,No,Spheniscus mendiculus_Rattus norvegicus,Rattus norvegicus,IUCN attribution was generic. Specific rodent was determined from literature review. See Table SX for references and notes.
Sterna striata,155620380,22694607,White-fronted Tern,"",Rattus,Near Threatened,A2ce+3ce+4ce,"Rats, cats, hedgehogs, stoats",1,0,No,Sterna striata_Rattus rattus,Rattus rattus,IUCN attribution was generic. Specific rodent was determined from literature review. See Table SX for references and notes.
Sterna striata,155620380,22694607,White-fronted Tern,"",Rattus,Near Threatened,A2ce+3ce+4ce,"Rats, cats, hedgehogs, stoats",1,0,No,Sterna striata_Rattus norvegicus,Rattus norvegicus,IUCN attribution was generic. Specific rodent was determined from literature review. See Table SX for references and notes.
Sterna striata,155620380,22694607,White-fronted Tern,"",Rattus,Near Threatened,A2ce+3ce+4ce,"Rats, cats, hedgehogs, stoats",1,0,No,Sterna striata_Rattus exulans,Rattus exulans,IUCN attribution was generic. Specific rodent was determined from literature review. See Table SX for references and notes.
Strigops habroptila,129751169,22685245,Kakapo,"","Rattus rattus, Rattus exulans",Critically Endangered,A2be,"Rats, cats, stoats",1,0,No,Strigops habroptila_Rattus rattus,Rattus rattus,Rodent attribution from IUCN.
Strigops habroptila,129751169,22685245,Kakapo,"","Rattus rattus, Rattus exulans",Critically Endangered,A2be,"Rats, cats, stoats",1,0,No,Strigops habroptila_Rattus exulans,Rattus exulans,Rodent attribution from IUCN.
Synthliboramphus craveri,179078444,22694887,Craveri's Murrelet,Brachyramphus craveri,"Rattus, Mus musculus",Vulnerable,C2a(ii),"Rats, mice, cats",1,0,No,Synthliboramphus craveri_Rattus rattus,Rattus rattus,IUCN attribution was generic. Specific rodent was determined from literature review. See Table SX for references and notes.
Synthliboramphus craveri,179078444,22694887,Craveri's Murrelet,Brachyramphus craveri,"Rattus, Mus musculus",Vulnerable,C2a(ii),"Rats, mice, cats",1,0,No,Synthliboramphus craveri_Mus musculus,Mus musculus,IUCN attribution was generic. Specific rodent was determined from literature review. See Table SX for references and notes.
Synthliboramphus hypoleucus,132673655,62101215,Guadalupe Murrelet,"",Rattus rattus,Endangered,"B2ab(iv,v)","Rats, cats",1,0,Yes,Synthliboramphus hypoleucus_Rattus rattus,Rattus rattus,Rodent attribution from IUCN.
Synthliboramphus scrippsi,178995789,62101249,Scripps’s murrelet,Synthliboramphus hypoleucus scrippsi,"Rattus rattus, Mus musculus, Peromyscus maniculatus",Vulnerable,"B2ab(iv,v)","Rats, mice, deer mice, cats, foxes, owl",1,0,Yes,Synthliboramphus scrippsi_Rattus rattus,Rattus rattus,Rodent attribution from IUCN.
Synthliboramphus scrippsi,178995789,62101249,Scripps’s murrelet,Synthliboramphus hypoleucus scrippsi,"Rattus rattus, Mus musculus, Peromyscus maniculatus",Vulnerable,"B2ab(iv,v)","Rats, mice, deer mice, cats, foxes, owl",1,0,Yes,Synthliboramphus scrippsi_Mus musculus,Mus musculus,Rodent attribution from IUCN.
Synthliboramphus scrippsi,178995789,62101249,Scripps’s murrelet,Synthliboramphus hypoleucus scrippsi,"Rattus rattus, Mus musculus, Peromyscus maniculatus",Vulnerable,"B2ab(iv,v)","Rats, mice, deer mice, cats, foxes, owl",1,0,Yes,Synthliboramphus scrippsi_Peromyscus maniculatus,Peromyscus maniculatus,Rodent attribution from IUCN.
Synthliboramphus wumizusume,132580332,22694899,Japanese Murrelet,"","Rattus norvegicus, Rattus",Vulnerable,C2a(ii),"Human hunting, fishing-bycatch",0,0,Yes,Synthliboramphus wumizusume_Rattus rattus,Rattus rattus,IUCN attribution was generic. Specific rodent was determined from literature review. See Table SX for references and notes.
Synthliboramphus wumizusume,132580332,22694899,Japanese Murrelet,"","Rattus norvegicus, Rattus",Vulnerable,C2a(ii),"Human hunting, fishing-bycatch",0,0,Yes,Synthliboramphus wumizusume_Rattus norvegicus,Rattus norvegicus,IUCN attribution was generic. Specific rodent was determined from literature review. See Table SX for references and notes.
Synthliboramphus wumizusume,132580332,22694899,Japanese Murrelet,"","Rattus norvegicus, Rattus",Vulnerable,C2a(ii),"Human hunting, fishing-bycatch",0,0,Yes,Synthliboramphus wumizusume_Rattus tanezumi,Rattus tanezumi,IUCN attribution was generic. Specific rodent was determined from literature review. See Table SX for references and notes.
Tachycineta euchrysea,152189168,22712086,Golden Swallow,Kalochelidon euchrysea,Rattus,Vulnerable,C2a(i),Habitat loss,0,0,No,Tachycineta euchrysea_Rattus rattus,Rattus rattus,IUCN attribution was generic. Specific rodent was determined from literature review. See Table SX for references and notes.
Tachycineta euchrysea,152189168,22712086,Golden Swallow,Kalochelidon euchrysea,Rattus,Vulnerable,C2a(i),Habitat loss,0,0,No,Tachycineta euchrysea_Rattus norvegicus,Rattus norvegicus,IUCN attribution was generic. Specific rodent was determined from literature review. See Table SX for references and notes.
Telespiza ultima,130854185,22720722,Nihoa Finch,"",Rattus rattus,Critically Endangered,B1ac(iv),Introduced insect,0,0,No,Telespiza ultima_Rattus rattus,Rattus rattus,Rodent attribution from IUCN.
Thalassarche chlororhynchos,132645225,22698425,Atlantic Yellow-nosed Albatross,"",Mus musculus,Endangered,A4bd; B2ab(v),Fishing-bycatch,0,0,Yes,Thalassarche chlororhynchos_Mus musculus,Mus musculus,Rodent attribution from IUCN.
Thalassarche chrysostoma,132644834,22698398,Grey-headed Albatross,Diomedea chrysostoma,Mus musculus,Endangered,A4bd,Fishing-bycatch,0,0,Yes,Thalassarche chrysostoma_Mus musculus,Mus musculus,Rodent attribution from IUCN.
Thalasseus bernsteini,131118818,22694585,Chinese Crested Tern,Sterna bernsteini,Rattus,Critically Endangered,"C2a(i,ii); D",Human hunting,0,0,No,Thalasseus bernsteini_Rattus rattus,Rattus rattus,IUCN attribution was generic. Specific rodent was determined from literature review. See Table SX for references and notes.
Thalasseus bernsteini,131118818,22694585,Chinese Crested Tern,Sterna bernsteini,Rattus,Critically Endangered,"C2a(i,ii); D",Human hunting,0,0,No,Thalasseus bernsteini_Rattus norvegicus,Rattus norvegicus,IUCN attribution was generic. Specific rodent was determined from literature review. See Table SX for references and notes.
Thalasseus bernsteini,131118818,22694585,Chinese Crested Tern,Sterna bernsteini,Rattus,Critically Endangered,"C2a(i,ii); D",Human hunting,0,0,No,Thalasseus bernsteini_Rattus losea,Rattus losea,IUCN attribution was generic. Specific rodent was determined from literature review. See Table SX for references and notes.
Thalasseus elegans,178970750,22694552,Elegant Tern,Sterna elegans,Rattus,Near Threatened,D2,Fishing-prey loss,0,0,Yes,Thalasseus elegans_Rattus rattus,Rattus rattus,IUCN attribution was generic. Specific rodent was determined from literature review. See Table SX for references and notes.
Thalasseus elegans,178970750,22694552,Elegant Tern,Sterna elegans,Rattus,Near Threatened,D2,Fishing-prey loss,0,0,Yes,Thalasseus elegans_Rattus norvegicus,Rattus norvegicus,IUCN attribution was generic. Specific rodent was determined from literature review. See Table SX for references and notes.
Thinornis novaeseelandiae,214215381,22693899,Shore Plover,"",Rattus norvegicus,Endangered,D,"Rats, cats",1,0,No,Thinornis novaeseelandiae_Rattus norvegicus,Rattus norvegicus,Rodent attribution from IUCN.
Todiramphus gambieri,129640736,22683499,Tuamotu Kingfisher,"Halcyon gambieri ssp. gambieri,","Rattus rattus, Rattus exulans",Critically Endangered,"B1ab(iii,v); C2a(ii)",Cats,0,0,No,Todiramphus gambieri_Rattus rattus,Rattus rattus,Rodent attribution from IUCN.
Todiramphus gambieri,129640736,22683499,Tuamotu Kingfisher,"Halcyon gambieri ssp. gambieri,","Rattus rattus, Rattus exulans",Critically Endangered,"B1ab(iii,v); C2a(ii)",Cats,0,0,No,Todiramphus gambieri_Rattus exulans,Rattus exulans,Rodent attribution from IUCN.
Todiramphus godeffroyi,149519891,22683487,Marquesas Kingfisher,"Halcyon godeffroyi, Todirhamphus godeffroyi","Rattus exulans, Rattus rattus",Critically Endangered,"B1ab(i,ii,iii,iv,v)",Introduced herbivores,0,0,No,Todiramphus godeffroyi_Rattus exulans,Rattus exulans,Rodent attribution from IUCN.
Todiramphus godeffroyi,149519891,22683487,Marquesas Kingfisher,"Halcyon godeffroyi, Todirhamphus godeffroyi","Rattus exulans, Rattus rattus",Critically Endangered,"B1ab(i,ii,iii,iv,v)",Introduced herbivores,0,0,No,Todiramphus godeffroyi_Rattus rattus,Rattus rattus,Rodent attribution from IUCN.
Todiramphus pelewensis,216509802,22725870,Palau Kingfisher,"",Rattus,Near Threatened,B1ab(iii)+2ab(iii); D2,Unknown,0,0,No,Todiramphus pelewensis_Rattus norvegicus,Rattus norvegicus,IUCN attribution was generic. Specific rodent was determined from literature review. See Table SX for references and notes.
Todiramphus pelewensis,216509802,22725870,Palau Kingfisher,"",Rattus,Near Threatened,B1ab(iii)+2ab(iii); D2,Unknown,0,0,No,Todiramphus pelewensis_Rattus exulans,Rattus exulans,IUCN attribution was generic. Specific rodent was determined from literature review. See Table SX for references and notes.
Todiramphus tutus,156621538,22683479,Chattering Kingfisher,Todirhamphus tuta tuta,Rattus,Near Threatened,"B2ab(ii,iii,v); C2a(i)",Habitat loss,0,0,No,Todiramphus tutus_Rattus rattus,Rattus rattus,IUCN attribution was generic. Specific rodent was determined from literature review. See Table SX for references and notes.
Todiramphus tutus,156621538,22683479,Chattering Kingfisher,Todirhamphus tuta tuta,Rattus,Near Threatened,"B2ab(ii,iii,v); C2a(i)",Habitat loss,0,0,No,Todiramphus tutus_Rattus norvegicus,Rattus norvegicus,IUCN attribution was generic. Specific rodent was determined from literature review. See Table SX for references and notes.
Todiramphus tutus,156621538,22683479,Chattering Kingfisher,Todirhamphus tuta tuta,Rattus,Near Threatened,"B2ab(ii,iii,v); C2a(i)",Habitat loss,0,0,No,Todiramphus tutus_Rattus exulans,Rattus exulans,IUCN attribution was generic. Specific rodent was determined from literature review. See Table SX for references and notes.
Treron griveaudi,191512211,22728176,Comoro Green-pigeon,"",Rattus,Endangered,"B1ab(iii,v)+2ab(iii,v)","Habitat loss, human hunting",0,0,No,Treron griveaudi_Rattus rattus,Rattus rattus,IUCN attribution was generic. Specific rodent was determined from literature review. See Table SX for references and notes.
Tribonyx hodgenorum,119207810,62274163,Hodgen's Waterhen,"",Rattus exulans,Extinct,"","Rats, human hunting",1,0,No,Tribonyx hodgenorum_Rattus exulans,Rattus exulans,Rodent attribution from IUCN.
Turdus eremita,117286443,22708541,Tristan Thrush,Nesocichla eremita,Rattus rattus,Near Threatened,B1ab(v); C2a(i),Unknown,0,0,No,Turdus eremita_Rattus rattus,Rattus rattus,Rodent attribution from IUCN.
Turdus xanthorhynchus,176239121,22736414,Principe Thrush,"",Rattus rattus,Critically Endangered,"B1ab(ii,iii,v); C2a(ii)",Habitat loss,0,0,No,Turdus xanthorhynchus_Rattus rattus,Rattus rattus,Rodent attribution from IUCN.
Turnagra capensis,94026176,22705595,South Island Piopio,"",Rattus,Extinct,"",Rats,1,1,No,Turnagra capensis_Rattus rattus,Rattus rattus,IUCN attribution was generic. Specific rodent was determined from literature review. See Table SX for references and notes.
Turnagra capensis,94026176,22705595,South Island Piopio,"",Rattus,Extinct,"",Rats,1,1,No,Turnagra capensis_Rattus norvegicus,Rattus norvegicus,IUCN attribution was generic. Specific rodent was determined from literature review. See Table SX for references and notes.
Turnagra capensis,94026176,22705595,South Island Piopio,"",Rattus,Extinct,"",Rats,1,1,No,Turnagra capensis_Rattus exulans,Rattus exulans,IUCN attribution was generic. Specific rodent was determined from literature review. See Table SX for references and notes.
Turnagra tanagra,94997902,22728820,North Island Piopio,"",Rattus,Extinct,"","Rats, habitat loss, cats",1,0,No,Turnagra tanagra_Rattus rattus,Rattus rattus,IUCN attribution was generic. Specific rodent was determined from literature review. See Table SX for references and notes.
Turnagra tanagra,94997902,22728820,North Island Piopio,"",Rattus,Extinct,"","Rats, habitat loss, cats",1,0,No,Turnagra tanagra_Rattus norvegicus,Rattus norvegicus,IUCN attribution was generic. Specific rodent was determined from literature review. See Table SX for references and notes.
Turnagra tanagra,94997902,22728820,North Island Piopio,"",Rattus,Extinct,"","Rats, habitat loss, cats",1,0,No,Turnagra tanagra_Rattus exulans,Rattus exulans,IUCN attribution was generic. Specific rodent was determined from literature review. See Table SX for references and notes.
Uratelornis chimaera,193044857,22682969,Long-tailed Ground-roller,"",Rattus,Vulnerable,A2cde+3cde+4cde,Habitat loss,0,0,No,Uratelornis chimaera_Rattus rattus,Rattus rattus,IUCN attribution was generic. Specific rodent was determined from literature review. See Table SX for references and notes.
Uratelornis chimaera,193044857,22682969,Long-tailed Ground-roller,"",Rattus,Vulnerable,A2cde+3cde+4cde,Habitat loss,0,0,No,Uratelornis chimaera_Rattus norvegicus,Rattus norvegicus,IUCN attribution was generic. Specific rodent was determined from literature review. See Table SX for references and notes.
Vini kuhlii,93038207,22684630,Rimatara Lorikeet,"",Rattus rattus,Endangered,"B1ab(iii,v)","Habitat loss, hunting",0,0,No,Vini kuhlii_Rattus rattus,Rattus rattus,Rodent attribution from IUCN.
Vini peruviana,198765127,22684641,Blue Lorikeet,"",Rattus rattus,Vulnerable,"B2ab(ii,iii,iv,v)",Rats,1,1,Yes,Vini peruviana_Rattus rattus,Rattus rattus,Rodent attribution from IUCN.
Vini ultramarina,132055913,22684647,Ultramarine Lorikeet,"",Rattus rattus,Critically Endangered,B1ab(iii),Rats,1,1,Yes,Vini ultramarina_Rattus rattus,Rattus rattus,Rodent attribution from IUCN.
Xenicus gilviventris,214186575,22698585,New Zealand Rockwren,"",Mus musculus,Endangered,A2ce+3ce+4ce,Stoats,0,0,Yes,Xenicus gilviventris_Mus musculus,Mus musculus,Rodent attribution from IUCN.
Zapornia monasa,93366211,22692708,Kosrae Crake,Porzana monasa,Rattus,Extinct,"",Rats,1,1,Yes,Zapornia monasa_Rattus rattus,Rattus rattus,IUCN attribution was generic. Specific rodent was determined from literature review. See Table SX for references and notes.
Zapornia monasa,93366211,22692708,Kosrae Crake,Porzana monasa,Rattus,Extinct,"",Rats,1,1,Yes,Zapornia monasa_Rattus exulans,Rattus exulans,IUCN attribution was generic. Specific rodent was determined from literature review. See Table SX for references and notes.
Zapornia palmeri,93363618,22692672,Laysan Rail,Porzana palmeri,Rattus,Extinct,"","Rats, rabbits, guinea pigs, extreme weather",1,0,No,Zapornia palmeri_Rattus rattus,Rattus rattus,IUCN attribution was generic. Specific rodent was determined from literature review. See Table SX for references and notes.
Zapornia palmeri,93363618,22692672,Laysan Rail,Porzana palmeri,Rattus,Extinct,"","Rats, rabbits, guinea pigs, extreme weather",1,0,No,Zapornia palmeri_Rattus norvegicus,Rattus norvegicus,IUCN attribution was generic. Specific rodent was determined from literature review. See Table SX for references and notes.
Zapornia palmeri,93363618,22692672,Laysan Rail,Porzana palmeri,Rattus,Extinct,"","Rats, rabbits, guinea pigs, extreme weather",1,0,No,Zapornia palmeri_Rattus exulans,Rattus exulans,IUCN attribution was generic. Specific rodent was determined from literature review. See Table SX for references and notes.
Zapornia sandwichensis,93364994,22692693,Hawaiian Rail,Porzana sandwichensis,Rattus,Extinct,"",Cats,0,0,No,Zapornia sandwichensis_Rattus rattus,Rattus rattus,IUCN attribution was generic. Specific rodent was determined from literature review. See Table SX for references and notes.
Zapornia sandwichensis,93364994,22692693,Hawaiian Rail,Porzana sandwichensis,Rattus,Extinct,"",Cats,0,0,No,Zapornia sandwichensis_Rattus norvegicus,Rattus norvegicus,IUCN attribution was generic. Specific rodent was determined from literature review. See Table SX for references and notes.
Zapornia sandwichensis,93364994,22692693,Hawaiian Rail,Porzana sandwichensis,Rattus,Extinct,"",Cats,0,0,No,Zapornia sandwichensis_Rattus exulans,Rattus exulans,IUCN attribution was generic. Specific rodent was determined from literature review. See Table SX for references and notes.
Zenaida graysoni,178409463,22690740,Socorro Dove,"",Mus musculus,Extinct in the Wild,"",Unknown,0,0,Yes,Zenaida graysoni_Mus musculus,Mus musculus,Rodent attribution from IUCN.
Zoothera atrigena,104353713,103879831,Bougainville Thrush,"",Rattus,Near Threatened,C1+2a(i),Unknown,0,0,No,Zoothera atrigena_Rattus rattus,Rattus rattus,IUCN attribution was generic. Specific rodent was determined from literature review. See Table SX for references and notes.
Zoothera atrigena,104353713,103879831,Bougainville Thrush,"",Rattus,Near Threatened,C1+2a(i),Unknown,0,0,No,Zoothera atrigena_Rattus exulans,Rattus exulans,IUCN attribution was generic. Specific rodent was determined from literature review. See Table SX for references and notes.
Zoothera margaretae,219617597,22708523,Makira Thrush,"",Rattus rattus,Near Threatened,B1b(iii),Habitat loss,0,0,No,Zoothera margaretae_Rattus rattus,Rattus rattus,Rodent attribution from IUCN.
Zoothera terrestris,94163698,22708535,Bonin Thrush,"",Rattus,Extinct,"","Rats, cats",1,0,No,Zoothera terrestris_Rattus rattus,Rattus rattus,IUCN attribution was generic. Specific rodent was determined from literature review. See Table SX for references and notes.
Zoothera terrestris,94163698,22708535,Bonin Thrush,"",Rattus,Extinct,"","Rats, cats",1,0,No,Zoothera terrestris_Rattus norvegicus,Rattus norvegicus,IUCN attribution was generic. Specific rodent was determined from literature review. See Table SX for references and notes.
Zoothera turipavae,94981736,22728359,Guadalcanal Thrush,"",Rattus,Vulnerable,D1+2,"Rats, habitat loss, cats",1,0,No,Zoothera turipavae_Rattus rattus,Rattus rattus,IUCN attribution was generic. Specific rodent was determined from literature review. See Table SX for references and notes.
Zoothera turipavae,94981736,22728359,Guadalcanal Thrush,"",Rattus,Vulnerable,D1+2,"Rats, habitat loss, cats",1,0,No,Zoothera turipavae_Rattus exulans,Rattus exulans,IUCN attribution was generic. Specific rodent was determined from literature review. See Table SX for references and notes.
Zosterops albogularis,130968395,22714229,White-chested White-eye,"",Rattus rattus,Critically Endangered,"B1ab(v);C2a(i,ii);D",Rats,1,1,Yes,Zosterops albogularis_Rattus rattus,Rattus rattus,Rodent attribution from IUCN.
Zosterops chloronothos,125581755,22714005,Mauritius Olive White-eye,"",Rattus,Critically Endangered,A3bce+4abce; C2a(ii),"Rats, introduced plant",1,0,Yes,Zosterops chloronothos_Rattus rattus,Rattus rattus,IUCN attribution was generic. Specific rodent was determined from literature review. See Table SX for references and notes.
Zosterops chloronothos,125581755,22714005,Mauritius Olive White-eye,"",Rattus,Critically Endangered,A3bce+4abce; C2a(ii),"Rats, introduced plant",1,0,Yes,Zosterops chloronothos_Rattus norvegicus,Rattus norvegicus,IUCN attribution was generic. Specific rodent was determined from literature review. See Table SX for references and notes.
Zosterops modestus,177958015,22714018,Seychelles White-eye,"","Rattus rattus, Rattus norvegicus",Vulnerable,A2ace+4ace; D1+2,"Rats, myna, predation native bird",1,0,Yes,Zosterops modestus_Rattus rattus,Rattus rattus,Rodent attribution from IUCN.
Zosterops modestus,177958015,22714018,Seychelles White-eye,"","Rattus rattus, Rattus norvegicus",Vulnerable,A2ace+4ace; D1+2,"Rats, myna, predation native bird",1,0,Yes,Zosterops modestus_Rattus norvegicus,Rattus norvegicus,Rodent attribution from IUCN.
Zosterops mouroniensis,94395989,22713976,Mount Karthala White-eye,"",Rattus,Vulnerable,D2,Volcano,0,0,No,Zosterops mouroniensis_Rattus rattus,Rattus rattus,IUCN attribution was generic. Specific rodent was determined from literature review. See Table SX for references and notes.
Zosterops rotensis,126656629,22714047,Rota White-eye,"",Rattus,Critically Endangered,"B1ab(i,ii,iii)+2ab(i,ii,iii)",Habitat loss,0,0,Yes,Zosterops rotensis_Rattus rattus,Rattus rattus,IUCN attribution was generic. Specific rodent was determined from literature review. See Table SX for references and notes.
Zosterops rotensis,126656629,22714047,Rota White-eye,"",Rattus,Critically Endangered,"B1ab(i,ii,iii)+2ab(i,ii,iii)",Habitat loss,0,0,Yes,Zosterops rotensis_Rattus exulans,Rattus exulans,IUCN attribution was generic. Specific rodent was determined from literature review. See Table SX for references and notes.
Zosterops samoensis,94408375,22714258,Samoan White-eye,"",Rattus rattus,Vulnerable,D2,Habitat loss,0,0,No,Zosterops samoensis_Rattus rattus,Rattus rattus,Rodent attribution from IUCN.
Zosterops strenuus,94406811,22714223,Robust White-eye,"",Rattus rattus,Extinct,"",Rats,1,1,Yes,Zosterops strenuus_Rattus rattus,Rattus rattus,Rodent attribution from IUCN.
Zosterops tenuirostris,211535599,22714226,Slender-billed White-eye,"","Rattus exulans, Rattus rattus,Mus musculus",Vulnerable,C2a(ii),"Rats, habitat loss",1,0,Yes,Zosterops tenuirostris_Rattus exulans,Rattus exulans,Rodent attribution from IUCN.
Zosterops tenuirostris,211535599,22714226,Slender-billed White-eye,"","Rattus exulans, Rattus rattus,Mus musculus",Vulnerable,C2a(ii),"Rats, habitat loss",1,0,Yes,Zosterops tenuirostris_Rattus rattus,Rattus rattus,Rodent attribution from IUCN.
Zosterops tenuirostris,211535599,22714226,Slender-billed White-eye,"","Rattus exulans, Rattus rattus,Mus musculus",Vulnerable,C2a(ii),"Rats, habitat loss",1,0,Yes,Zosterops tenuirostris_Mus musculus,Mus musculus,Rodent attribution from IUCN.
