OBJECTID,Eradication ID,Common Name,Scientific Name,Type (Animal),Year of Introduction,Data Quality,Eradication Start Date,Eradication End Date,Status (Eradication),Type (Eradication),Primary Eradication Method,Secondary Eradication Method,Tertiary Eradication Method,Primary Baiting Method,Secondary Baiting Method,Primary Toxicant,Secondary Toxicant,Contact Name,Contact Organization,Organization_Website,Island Code,Island Name,Region,Country,Archipelago,Latitude,Longitude,Area (sq km),Human Population
458,618,Black Rat,Rattus rattus,Rodent,1900,Good,2011,2011,Successful,Whole Island,Toxicant,NA,NA,Aerial Broadcast,Hand Broadcast,Brodifacoum,NA,Springer; Keith,Tasmania Parks and Wildlife Service,http://www.parks.tas.gov.au/index.aspx?base=13013,20167,Macquarie,Pacific Ocean - South West,Australia,Macquarie Islands,-54.62839539,158.8643089,129.5628917,11 - 100
524,704,House Mouse,Mus musculus,Rodent,1830,Good,2011,2011,Successful,Whole Island,Toxicant,NA,NA,Aerial Broadcast,Hand Broadcast,Brodifacoum,NA,Springer; Keith,Tasmania Parks and Wildlife Service,http://www.parks.tas.gov.au/index.aspx?base=13013,20167,Macquarie,Pacific Ocean - South West,Australia,Macquarie Islands,-54.62839539,158.8643089,129.5628917,11 - 100
1143,1834,Brown / Norway Rat,Rattus norvegicus,Rodent,null,Good,2011,2015,Successful,Restricted Range,Toxicant,NA,NA,Aerial Broadcast,Hand Broadcast,Brodifacoum,NA,null,null,null,389876,South Georgia,Atlantic Ocean - South,South Georgia and the South Sandwich Islands,South Georgia Islands,-54.37892661,-36.6802295,3502.330946,11 - 100
1430,2308,House Mouse,Mus musculus,Rodent,null,Good,2011,2015,Successful,Restricted Range,Toxicant,NA,NA,Aerial Broadcast,Hand Broadcast,Brodifacoum,NA,null,null,null,389876,South Georgia,Atlantic Ocean - South,South Georgia and the South Sandwich Islands,South Georgia Islands,-54.37892661,-36.6802295,3502.330946,11 - 100
1601,2831,Brown / Norway Rat,Rattus norvegicus,Rodent,null,Good,2014,2014,Successful,Incursion Response,Toxicant,NA,NA,Hand Broadcast,NA,Brodifacoum,NA,null,null,null,389876,South Georgia,Atlantic Ocean - South,South Georgia and the South Sandwich Islands,South Georgia Islands,-54.37892661,-36.6802295,3502.330946,11 - 100
906,1172,Brown / Norway Rat,Rattus norvegicus,Rodent,null,Good,2000,2000,Successful,Whole Island,Toxicant,NA,NA,Hand Broadcast,NA,Brodifacoum,NA,Unknown,Unknown,Unknown,77777322,Grass,Atlantic Ocean - South,South Georgia and the South Sandwich Islands,South Georgia Islands (Stromness Bay),-54.1587183,-36.66693401,0.256450902,None
1151,1846,Brown / Norway Rat,Rattus norvegicus,Rodent,null,Good,2010,2015,Successful,Whole Island,Toxicant,Toxicant,NA,Aerial Broadcast,NA,Brodifacoum,NA,null,null,null,395269,Saddle,Atlantic Ocean - South,South Georgia and the South Sandwich Islands,South Georgia Islands,-54.13969217,-37.74918485,1.031319752,None
320,415,Brown / Norway Rat,Rattus norvegicus,Rodent,1810,Good,2001,2001,Successful,Whole Island,Toxicant,NA,NA,Aerial Broadcast,NA,Brodifacoum,NA,McClelland; Pete,NZ Dept. of Conservation,null,459032,Campbell,Pacific Ocean - South West,New Zealand,Campbell Islands,-52.54380497,169.1670251,116.3458594,11 - 100
1002,1271,Brown / Norway Rat,Rattus norvegicus,Rodent,null,Good,2011,2011,Successful,Whole Island,Toxicant,NA,NA,Hand Broadcast,NA,Brodifacoum,NA,Poncet; S.,Falklands Conservation,null,388872,Lion Creek Outer,Atlantic Ocean - South,Falkland Islands (Malvinas),Falkland Islands (Eagle Passage),-52.285471,-59.50527962,0.127457847,None
994,1263,Brown / Norway Rat,Rattus norvegicus,Rodent,null,Good,2011,2011,Successful,Whole Island,Toxicant,NA,NA,Bait Station,NA,Brodifacoum,NA,Poncet; S.,Falklands Conservation,null,388988,Flores Harbour,Atlantic Ocean - South,Falkland Islands (Malvinas),Falkland Islands (Eagle Passage),-52.22837058,-59.5911832,0.276616301,None
1446,2325,Brown / Norway Rat,Rattus norvegicus,Rodent,null,Good,2012,2012,Successful,Whole Island,Toxicant,NA,NA,Hand Broadcast,NA,Brodifacoum,NA,Poncet; S.,Falklands Conservation,null,389093,Third,Atlantic Ocean - South,Falkland Islands (Malvinas),Falkland Islands (Bleaker Island Group),-52.20368325,-58.87648124,0.040751169,None
1441,2320,Brown / Norway Rat,Rattus norvegicus,Rodent,null,Good,2012,2012,To Be Confirmed,Whole Island,Toxicant,NA,NA,Hand Broadcast,NA,Brodifacoum,NA,Poncet; S.,Falklands Conservation,null,388799,Ghost,Atlantic Ocean - South,Falkland Islands (Malvinas),Falkland Islands (Bleaker Island Group),-52.1898344,-58.83078911,0.045465441,None
45,58,Brown / Norway Rat,Rattus norvegicus,Rodent,null,Good,2006,2006,Successful,Whole Island,Toxicant,NA,NA,Hand Broadcast,NA,Brodifacoum,NA,Poncet; S.,Falklands Conservation,null,389009,Halt,Atlantic Ocean - South,Falkland Islands (Malvinas),Falkland Islands (Bleaker Island Group),-52.18890701,-58.87858561,0.180623087,None
1001,1270,Brown / Norway Rat,Rattus norvegicus,Rodent,null,Good,2010,2010,Successful,Whole Island,Toxicant,NA,NA,Hand Broadcast,NA,Brodifacoum,NA,Poncet; S.,Falklands Conservation,null,388925,Knoll,Atlantic Ocean - South,Falkland Islands (Malvinas),Falkland Islands,-52.14127421,-60.77020907,1.048359999,None
852,1109,Brown / Norway Rat,Rattus norvegicus,Rodent,null,Good,2003,2003,Successful,Whole Island,Toxicant,NA,NA,Hand Broadcast,NA,Brodifacoum,NA,Poncet; S.,Falklands Conservation,null,388861,Ella's,Atlantic Ocean - South,Falkland Islands (Malvinas),Falkland Islands (North East Island Group),-52.00809902,-58.38011549,0.048982829,None
853,1110,Brown / Norway Rat,Rattus norvegicus,Rodent,null,Good,2003,2003,Successful,Whole Island,Toxicant,NA,NA,Hand Broadcast,NA,Brodifacoum,NA,Poncet; S.,Falklands Conservation,null,389348,Hutchy's,Atlantic Ocean - South,Falkland Islands (Malvinas),Falkland Islands (North East Island Group),-52.00793235,-58.38867596,0.22571994,None
44,57,Brown / Norway Rat,Rattus norvegicus,Rodent,null,Good,2003,2003,Successful,Whole Island,Toxicant,NA,NA,Hand Broadcast,NA,Brodifacoum,NA,Poncet; S.,Falklands Conservation,null,388863,North East,Atlantic Ocean - South,Falkland Islands (Malvinas),Falkland Islands (North East Island Group),-52.00660522,-58.36856044,3.458347176,None
903,1167,Brown / Norway Rat,Rattus norvegicus,Rodent,null,Good,2003,2003,Successful,Whole Island,Toxicant,NA,NA,Hand Broadcast,NA,Brodifacoum,NA,Poncet; S.,Falklands Conservation,null,389347,Pete's,Atlantic Ocean - South,Falkland Islands (Malvinas),Falkland Islands (North East Island Group),-52.00523385,-58.39539334,0.003226314,None
1443,2322,Brown / Norway Rat,Rattus norvegicus,Rodent,null,Good,2012,2012,Successful,Whole Island,Toxicant,NA,NA,Hand Broadcast,Bait Station,Brodifacoum,NA,Poncet; S.,Falklands Conservation,null,388973,Sea Dog,Atlantic Ocean - South,Falkland Islands (Malvinas),Falkland Islands,-52.00454386,-61.09497158,0.311478603,None
2058,3052,Brown / Norway Rat,Rattus norvegicus,Rodent,null,Good,2016,2016,To Be Confirmed,Whole Island,Toxicant,NA,NA,Hand Broadcast,NA,Brodifacoum,NA,Poncet; S.,Falklands Conservation,null,389090,Tickle Islet,Atlantic Ocean - South,Falkland Islands (Malvinas),Falkland Islands (Falkland Sound),-51.99654987,-59.67021076,0.010766561,None
2051,3045,Brown / Norway Rat,Rattus norvegicus,Rodent,null,Good,2016,2016,To Be Confirmed,Whole Island,Toxicant,NA,NA,Hand Broadcast,NA,Brodifacoum,NA,Poncet; S.,Falklands Conservation,null,389091,Tickle,Atlantic Ocean - South,Falkland Islands (Malvinas),Falkland Islands (Falkland Sound),-51.99217568,-59.65462602,1.039783115,None
2050,3044,Brown / Norway Rat,Rattus norvegicus,Rodent,null,Good,2016,2016,To Be Confirmed,Whole Island,Toxicant,NA,NA,Hand Broadcast,NA,Brodifacoum,NA,Poncet; S.,Falklands Conservation,null,388808,Great,Atlantic Ocean - South,Falkland Islands (Malvinas),Falkland Islands (Falkland Sound),-51.96457667,-59.69595956,11.70085571,1-Oct
43,56,Brown / Norway Rat,Rattus norvegicus,Rodent,null,Good,2009,2009,Successful,Whole Island,Toxicant,NA,NA,Hand Broadcast,NA,Diphacinone,NA,Poncet; S.,Falklands Conservation,null,389343,Little Samuel,Atlantic Ocean - South,Falkland Islands (Malvinas),Falkland Islands (Choiseul Sound),-51.95276053,-58.66276017,0.351890184,None
915,1180,Brown / Norway Rat,Rattus norvegicus,Rodent,null,Good,2009,2009,Successful,Whole Island,Toxicant,NA,NA,Hand Broadcast,NA,Diphacinone,NA,Poncet; S.,Falklands Conservation,null,389342,Big Samuel South Islet,Atlantic Ocean - South,Falkland Islands (Malvinas),Falkland Islands (Choiseul Sound),-51.95009598,-58.68573614,0.009023602,None
916,1181,Brown / Norway Rat,Rattus norvegicus,Rodent,null,Good,2009,2009,Successful,Whole Island,Toxicant,NA,NA,Hand Broadcast,NA,Diphacinone,NA,Poncet; S.,Falklands Conservation,null,389337,Big Samuel Southwest Islet,Atlantic Ocean - South,Falkland Islands (Malvinas),Falkland Islands (Choiseul Sound),-51.94601459,-58.68806647,0.006045614,None
42,55,Brown / Norway Rat,Rattus norvegicus,Rodent,null,Good,2009,2009,Successful,Whole Island,Toxicant,NA,NA,Hand Broadcast,NA,Diphacinone,NA,Poncet; S.,Falklands Conservation,null,389340,Big Samuel,Atlantic Ocean - South,Falkland Islands (Malvinas),Falkland Islands (Choiseul Sound),-51.94261946,-58.66832992,0.681953026,None
917,1182,Brown / Norway Rat,Rattus norvegicus,Rodent,null,Good,2009,2009,Successful,Whole Island,Toxicant,NA,NA,Hand Broadcast,NA,Diphacinone,NA,Poncet; S.,Falklands Conservation,null,389075,Big Samuel West Tied Islets,Atlantic Ocean - South,Falkland Islands (Malvinas),Falkland Islands (Choiseul Sound),-51.94240571,-58.69209435,0.044774953,None
1444,2323,Brown / Norway Rat,Rattus norvegicus,Rodent,null,Good,2011,2011,Successful,Whole Island,Toxicant,NA,NA,Hand Broadcast,NA,Brodifacoum,NA,Poncet; S.,Falklands Conservation,null,388888,Sea Lion,Atlantic Ocean - South,Falkland Islands (Malvinas),Falkland Islands (Choiseul Sound),-51.92905034,-58.72374531,1.355296784,None
913,1178,Brown / Norway Rat,Rattus norvegicus,Rodent,null,Good,2009,2009,Successful (Reinvaded),Whole Island,Toxicant,NA,NA,Hand Broadcast,NA,Diphacinone,NA,Poncet; S.,Falklands Conservation,null,463637,Sniper,Atlantic Ocean - South,Falkland Islands (Malvinas),Falkland Islands (Choiseul Sound),-51.91712011,-58.5047867,0.046622287,None
46,59,Brown / Norway Rat,Rattus norvegicus,Rodent,null,Good,2009,2009,Successful,Whole Island,Toxicant,NA,NA,Hand Broadcast,NA,Diphacinone,NA,Poncet; S.,Falklands Conservation,null,388830,Tea,Atlantic Ocean - South,Falkland Islands (Malvinas),Falkland Islands (Beaver Island Group),-51.90310617,-61.17215022,3.165054042,None
1008,1277,Brown / Norway Rat,Rattus norvegicus,Rodent,null,Good,2010,2010,Successful,Whole Island,Toxicant,NA,NA,Bait Station,Hand Broadcast,Brodifacoum,NA,Poncet; S.,Falklands Conservation,null,388831,Staats,Atlantic Ocean - South,Falkland Islands (Malvinas),Falkland Islands (Beaver Island Group),-51.89042225,-61.18892753,4.796127549,None
52,66,Brown / Norway Rat,Rattus norvegicus,Rodent,null,Good,2007,2007,Successful (Reinvaded),Whole Island,Toxicant,NA,NA,Hand Broadcast,NA,Diphacinone,NA,Parks Canada,Parks Canada,null,389331,Skull Bay,Atlantic Ocean - South,Falkland Islands (Malvinas),Falkland Islands (Weddell Island Group),-51.88749619,-61.13813888,0.058152479,None
1445,2324,Brown / Norway Rat,Rattus norvegicus,Rodent,null,Good,2012,2012,Successful,Whole Island,Toxicant,NA,NA,Bait Station,NA,Brodifacoum,NA,Poncet; S.,Falklands Conservation,null,389331,Skull Bay,Atlantic Ocean - South,Falkland Islands (Malvinas),Falkland Islands (Weddell Island Group),-51.88749619,-61.13813888,0.058152479,None
49,62,Brown / Norway Rat,Rattus norvegicus,Rodent,null,Good,2007,2007,Successful (Reinvaded),Whole Island,Toxicant,NA,NA,Hand Broadcast,NA,Diphacinone,NA,Poncet; S.,Falklands Conservation,null,389329,Green,Atlantic Ocean - South,Falkland Islands (Malvinas),Falkland Islands (Beaver Island Group),-51.87157115,-61.2094622,0.22665033,None
992,1261,Brown / Norway Rat,Rattus norvegicus,Rodent,null,Good,2007,2007,Successful,Whole Island,Toxicant,NA,NA,Hand Broadcast,NA,Diphacinone,NA,Poncet; S.,Falklands Conservation,null,389198,Chain,Atlantic Ocean - South,Falkland Islands (Malvinas),Falkland Islands (Beaver Island Group),-51.87145471,-61.22347235,0.054905432,None
2080,3156,Brown / Norway Rat,Rattus norvegicus,Rodent,null,Good,2015,2015,Successful,Whole Island,Toxicant,NA,NA,Hand Broadcast,NA,Brodifacoum,NA,Poncet; S.,Falklands Conservation,null,389171,Kate,Atlantic Ocean - South,Falkland Islands (Malvinas),Falkland Islands (Kelp Islands),-51.87030172,-58.20229458,0.036722993,None
993,1262,Brown / Norway Rat,Rattus norvegicus,Rodent,null,Satisfactory,2007,2007,Successful,Whole Island,Toxicant,NA,NA,Hand Broadcast,NA,Diphacinone,NA,Poncet; S.,Falklands Conservation,null,389330,Chain Islet,Atlantic Ocean - South,Falkland Islands (Malvinas),Falkland Islands (Beaver Island Group),-51.86989376,-61.22009346,0.010926336,None
1003,1272,Brown / Norway Rat,Rattus norvegicus,Rodent,null,Good,2007,2007,Successful,Whole Island,Toxicant,NA,NA,Hand Broadcast,NA,Diphacinone,NA,Poncet; S.,Falklands Conservation,null,389332,Little Coffin Islet,Atlantic Ocean - South,Falkland Islands (Malvinas),Falkland Islands (Beaver Island Group),-51.86844372,-61.15450535,0.00608546,None
30,43,Brown / Norway Rat,Rattus norvegicus,Rodent,null,Good,2001,2001,Successful,Whole Island,Toxicant,NA,NA,Hand Broadcast,NA,Brodifacoum,NA,Poncet; S.,Falklands Conservation,null,389283,Double,Atlantic Ocean - South,Falkland Islands (Malvinas),Falkland Islands (Queen Charlotte Bay),-51.86750858,-60.50933147,0.049331566,None
2049,3043,Brown / Norway Rat,Rattus norvegicus,Rodent,null,Good,2015,2015,Successful,Whole Island,Toxicant,NA,NA,Hand Broadcast,NA,Brodifacoum,NA,Poncet; S.,Falklands Conservation,null,389192,James,Atlantic Ocean - South,Falkland Islands (Malvinas),Falkland Islands (Kelp Islands),-51.86533044,-58.198899,0.016531622,None
51,64,Brown / Norway Rat,Rattus norvegicus,Rodent,null,Good,2007,2007,Successful,Whole Island,Toxicant,NA,NA,Hand Broadcast,NA,Diphacinone,NA,Poncet; S.,Falklands Conservation,null,389333,Little Coffin,Atlantic Ocean - South,Falkland Islands (Malvinas),Falkland Islands (Beaver Island Group),-51.86509581,-61.16089066,0.184154894,None
29,42,Brown / Norway Rat,Rattus norvegicus,Rodent,null,Good,2001,2001,Successful,Whole Island,Toxicant,NA,NA,Hand Broadcast,NA,Brodifacoum,NA,Poncet; S.,Falklands Conservation,null,389072,Outer,Atlantic Ocean - South,Falkland Islands (Malvinas),Falkland Islands (Queen Charlotte Bay),-51.86374686,-60.52503284,0.195842749,None
47,60,Brown / Norway Rat,Rattus norvegicus,Rodent,null,Good,2008,2008,Successful (Reinvaded),Whole Island,Toxicant,NA,NA,Hand Broadcast,NA,Diphacinone,NA,Poncet; S.,Falklands Conservation,null,388860,Governor,Atlantic Ocean - South,Falkland Islands (Malvinas),Falkland Islands (Beaver Island Group),-51.85571637,-61.1862073,2.463568759,None
2048,3041,Brown / Norway Rat,Rattus norvegicus,Rodent,null,Good,2015,2015,Successful,Whole Island,Toxicant,NA,NA,Hand Broadcast,NA,Brodifacoum,NA,Poncet; S.,Falklands Conservation,null,389193,Sam,Atlantic Ocean - South,Falkland Islands (Malvinas),Falkland Islands (Kelp Islands),-51.8545957,-58.18932024,0.04733444,None
856,1113,Brown / Norway Rat,Rattus norvegicus,Rodent,null,Good,2007,2007,Successful (Reinvaded),Whole Island,Toxicant,NA,NA,Hand Broadcast,NA,Diphacinone,NA,Poncet; S.,Falklands Conservation,null,389322,Stick-in-the-mud,Atlantic Ocean - South,Falkland Islands (Malvinas),Falkland Islands (Weddell Island Group),-51.84797603,-61.16700055,0.01625632,None
1169,1867,Brown / Norway Rat,Rattus norvegicus,Rodent,null,Good,2010,2010,Successful,Whole Island,Toxicant,NA,NA,Hand Broadcast,Bait Station,Brodifacoum,NA,Poncet; S.,Falklands Conservation,null,389322,Stick-in-the-mud,Atlantic Ocean - South,Falkland Islands (Malvinas),Falkland Islands (Weddell Island Group),-51.84797603,-61.16700055,0.01625632,None
918,1183,Brown / Norway Rat,Rattus norvegicus,Rodent,null,Good,2002,2002,Successful (Reinvaded),Whole Island,Toxicant,NA,NA,Hand Broadcast,NA,Brodifacoum,NA,Poncet; S.,Falklands Conservation,null,88888018,Rat,Atlantic Ocean - South,Falkland Islands (Malvinas),Falkland Islands (Beaver Island Group),-51.84443,-61.21992,0.007814168,None
1442,2321,Brown / Norway Rat,Rattus norvegicus,Rodent,null,Good,2010,2010,Successful,Whole Island,Toxicant,NA,NA,Hand Broadcast,NA,Brodifacoum,NA,Poncet; S.,Falklands Conservation,null,88888018,Rat,Atlantic Ocean - South,Falkland Islands (Malvinas),Falkland Islands (Beaver Island Group),-51.84443,-61.21992,0.007814168,None
291,373,Brown / Norway Rat,Rattus norvegicus,Rodent,null,Good,2001,2001,Successful,Whole Island,Toxicant,NA,NA,Hand Broadcast,NA,Brodifacoum,NA,Poncet; S.,Falklands Conservation,null,389073,Harpoon,Atlantic Ocean - South,Falkland Islands (Malvinas),Falkland Islands (Queen Charlotte Bay),-51.84212327,-60.52761078,0.044172768,None
855,1112,Brown / Norway Rat,Rattus norvegicus,Rodent,null,Good,2002,2002,Successful (Reinvaded),Whole Island,Toxicant,NA,NA,Hand Broadcast,NA,Brodifacoum,NA,Poncet; S.,Falklands Conservation,null,389335,Rookery,Atlantic Ocean - South,Falkland Islands (Malvinas),Falkland Islands (Beaver Island Group),-51.83737881,-61.21512997,0.251802955,None
1156,1851,Brown / Norway Rat,Rattus norvegicus,Rodent,null,Good,2010,2010,Successful,Whole Island,Toxicant,NA,NA,Hand Broadcast,NA,Brodifacoum,NA,Poncet; S.,Falklands Conservation,null,389335,Rookery,Atlantic Ocean - South,Falkland Islands (Malvinas),Falkland Islands (Beaver Island Group),-51.83737881,-61.21512997,0.251802955,None
851,1108,Brown / Norway Rat,Rattus norvegicus,Rodent,null,Good,2002,2002,Successful (Reinvaded),Whole Island,Toxicant,NA,NA,Hand Broadcast,NA,Brodifacoum,NA,Poncet; S.,Falklands Conservation,null,389316,Cucumber,Atlantic Ocean - South,Falkland Islands (Malvinas),Falkland Islands (Beaver Island Group),-51.83180353,-61.20488021,0.025575672,None
1000,1269,Brown / Norway Rat,Rattus norvegicus,Rodent,null,Good,2010,2010,Successful,Whole Island,Toxicant,NA,NA,Hand Broadcast,NA,Brodifacoum,NA,Poncet; S.,Falklands Conservation,null,389046,High Cliff South Islet,Atlantic Ocean - South,Falkland Islands (Malvinas),Falkland Islands (High Cliff Island Group),-51.82877171,-59.4909334,0.005676568,None
999,1268,Brown / Norway Rat,Rattus norvegicus,Rodent,null,Good,2010,2010,Successful,Whole Island,Toxicant,NA,NA,Hand Broadcast,NA,Brodifacoum,NA,Poncet; S.,Falklands Conservation,null,464137,High Cliff North Islet,Atlantic Ocean - South,Falkland Islands (Malvinas),Falkland Islands (High Cliff Island Group),-51.82669813,-59.48884015,0.001157289,None
998,1267,Brown / Norway Rat,Rattus norvegicus,Rodent,null,Good,2010,2010,Successful,Whole Island,Toxicant,NA,NA,Hand Broadcast,NA,Brodifacoum,NA,Poncet; S.,Falklands Conservation,null,389047,High Cliff West,Atlantic Ocean - South,Falkland Islands (Malvinas),Falkland Islands (High Cliff Island Group),-51.82615583,-59.50541511,0.099929212,None
854,1111,Brown / Norway Rat,Rattus norvegicus,Rodent,null,Good,2007,2007,Successful,Whole Island,Toxicant,NA,NA,Hand Broadcast,NA,Diphacinone,NA,Poncet; S.,Falklands Conservation,null,389323,Letterbox,Atlantic Ocean - South,Falkland Islands (Malvinas),Falkland Islands (Weddell Islands),-51.82482095,-61.14881485,0.025258121,None
997,1266,Brown / Norway Rat,Rattus norvegicus,Rodent,null,Good,2010,2010,Successful,Whole Island,Toxicant,NA,NA,Hand Broadcast,NA,Brodifacoum,NA,Poncet; S.,Falklands Conservation,null,389049,High Cliff East,Atlantic Ocean - South,Falkland Islands (Malvinas),Falkland Islands (High Cliff Island Group),-51.82119341,-59.48009937,0.10690541,None
995,1264,Brown / Norway Rat,Rattus norvegicus,Rodent,null,Good,2007,2007,Successful (Reinvaded),Whole Island,Toxicant,NA,NA,Hand Broadcast,NA,Diphacinone,NA,Poncet; S.,Falklands Conservation,null,389074,Green,Atlantic Ocean - South,Falkland Islands (Malvinas),Falkland Islands (Queen Charlotte Bay),-51.81710297,-60.55145736,0.171642677,None
996,1265,Brown / Norway Rat,Rattus norvegicus,Rodent,null,Good,2010,2010,Successful,Whole Island,Toxicant,NA,NA,Hand Broadcast,NA,Brodifacoum,NA,Poncet; S.,Falklands Conservation,null,389050,High Cliff,Atlantic Ocean - South,Falkland Islands (Malvinas),Falkland Islands (High Cliff Island Group),-51.80848222,-59.48173963,0.058337045,None
50,63,Brown / Norway Rat,Rattus norvegicus,Rodent,null,Good,2007,2007,Successful,Whole Island,Toxicant,NA,NA,Hand Broadcast,NA,Diphacinone,NA,Poncet; S.,Falklands Conservation,null,389200,Channel Southeast,Atlantic Ocean - South,Falkland Islands (Malvinas),Falkland Islands (Beaver Island Group),-51.80554911,-61.19417812,0.219381084,None
850,1106,Brown / Norway Rat,Rattus norvegicus,Rodent,null,Good,2009,2009,Successful,Whole Island,Toxicant,NA,NA,Hand Broadcast,NA,Diphacinone,NA,Poncet; S.,Falklands Conservation,null,389353,Amy (Outer Knob),Atlantic Ocean - South,Falkland Islands (Malvinas),Falkland Islands (The Knobs),-51.80537119,-58.14083846,0.06890891,None
48,61,Brown / Norway Rat,Rattus norvegicus,Rodent,null,Good,2009,2009,Successful,Whole Island,Toxicant,NA,NA,Hand Broadcast,NA,Diphacinone,NA,Poncet; S.,Falklands Conservation,null,389181,Pitt,Atlantic Ocean - South,Falkland Islands (Malvinas),Falkland Islands (Weddell Islands),-51.80536193,-61.06019781,0.445693418,None
909,1175,Brown / Norway Rat,Rattus norvegicus,Rodent,null,Good,2009,2009,Successful,Whole Island,Toxicant,NA,NA,Hand Broadcast,NA,Diphacinone,NA,Poncet; S.,Falklands Conservation,null,389354,The Knobs,Atlantic Ocean - South,Falkland Islands (Malvinas),Falkland Islands (The Knobs),-51.80268294,-58.16004537,0.075063612,None
1158,1854,Brown / Norway Rat,Rattus norvegicus,Rodent,null,Good,2007,2007,Successful,Whole Island,Toxicant,NA,NA,Hand Broadcast,NA,Diphacinone,NA,Poncet; S.,Falklands Conservation,null,389201,Channel Northwest,Atlantic Ocean - South,Falkland Islands (Malvinas),Falkland Islands (Beaver Island Group),-51.80017802,-61.20135923,0.24164605,None
910,1177,Brown / Norway Rat,Rattus norvegicus,Rodent,null,Good,2009,2009,Successful,Whole Island,Toxicant,NA,NA,Hand Broadcast,NA,Diphacinone,NA,Poncet; S.,Falklands Conservation,null,463638,The Knobs Islet,Atlantic Ocean - South,Falkland Islands (Malvinas),Falkland Islands (The Knobs),-51.79703928,-58.168774,0.006454863,None
2010,3030,Brown / Norway Rat,Rattus norvegicus,Rodent,null,Good,2014,2014,Successful,Whole Island,Toxicant,NA,NA,Hand Broadcast,NA,Brodifacoum,NA,Poncet; S.,Falklands Conservation,null,388902,East,Atlantic Ocean - South,Falkland Islands (Malvinas),Falkland Islands,-51.7898587,-58.06648869,1.441119486,None
22,31,Brown / Norway Rat,Rattus norvegicus,Rodent,null,Good,2001,2001,Successful,Whole Island,Toxicant,NA,NA,Bait Station,NA,Brodifacoum,NA,Poncet; S.,Falklands Conservation,null,388955,Bottom,Atlantic Ocean - South,Falkland Islands (Malvinas),Falkland Islands (Blanco Bay),-51.67349968,-57.72764503,0.097688396,None
23,32,Brown / Norway Rat,Rattus norvegicus,Rodent,null,Good,2001,2001,Successful,Whole Island,Toxicant,NA,NA,Bait Station,NA,Brodifacoum,NA,Poncet; S.,Falklands Conservation,null,388956,Top,Atlantic Ocean - South,Falkland Islands (Malvinas),Falkland Islands (Blanco Bay),-51.67238694,-57.74516621,0.155082523,None
1144,1836,Brown / Norway Rat,Rattus norvegicus,Rodent,null,Good,2011,2011,Successful,Whole Island,Toxicant,NA,NA,Hand Broadcast,NA,Brodifacoum,NA,Poncet; S.,Falklands Conservation,null,388818,First Passage,Atlantic Ocean - South,Falkland Islands (Malvinas),Falkland Islands,-51.6470221,-60.68042804,7.73089737,None
907,1173,Brown / Norway Rat,Rattus norvegicus,Rodent,null,Good,2004,2004,Successful (Reinvaded),Whole Island,Toxicant,NA,NA,Hand Broadcast,NA,Brodifacoum,NA,Poncet; S.,Falklands Conservation,null,389066,South West Horse,Atlantic Ocean - South,Falkland Islands (Malvinas),Falkland Islands (North West Island Group),-51.60433988,-59.14757843,0.028725217,None
36,49,Brown / Norway Rat,Rattus norvegicus,Rodent,null,Good,2009,2009,Successful,Whole Island,Toxicant,NA,NA,Hand Broadcast,NA,Diphacinone,NA,Poncet; S.,Falklands Conservation,null,389067,North West Islands South Islet,Atlantic Ocean - South,Falkland Islands (Malvinas),Falkland Islands (North West Island Group),-51.59415575,-59.18863259,0.01601584,None
41,54,Brown / Norway Rat,Rattus norvegicus,Rodent,null,Good,2007,2007,Successful (Reinvaded),Whole Island,Toxicant,NA,NA,Hand Broadcast,NA,Brodifacoum,NA,Poncet; S.,Falklands Conservation,null,389067,North West Islands South Islet,Atlantic Ocean - South,Falkland Islands (Malvinas),Falkland Islands (North West Island Group),-51.59415575,-59.18863259,0.01601584,None
34,47,Brown / Norway Rat,Rattus norvegicus,Rodent,null,Good,2009,2009,Successful,Whole Island,Toxicant,NA,NA,Hand Broadcast,NA,Brodifacoum,NA,Poncet; S.,Falklands Conservation,null,389068,Outer North West,Atlantic Ocean - South,Falkland Islands (Malvinas),Falkland Islands (North West Island Group),-51.58782479,-59.21201224,0.717623427,None
39,52,Brown / Norway Rat,Rattus norvegicus,Rodent,null,Good,2004,2004,Successful (Reinvaded),Whole Island,Toxicant,NA,NA,Hand Broadcast,NA,Brodifacoum,NA,Poncet; S.,Falklands Conservation,null,389068,Outer North West,Atlantic Ocean - South,Falkland Islands (Malvinas),Falkland Islands (North West Island Group),-51.58782479,-59.21201224,0.717623427,None
1005,1274,Brown / Norway Rat,Rattus norvegicus,Rodent,null,Good,2007,2007,Successful (Reinvaded),Whole Island,Toxicant,NA,NA,Hand Broadcast,NA,Brodifacoum,NA,Poncet; S.,Falklands Conservation,null,389068,Outer North West,Atlantic Ocean - South,Falkland Islands (Malvinas),Falkland Islands (North West Island Group),-51.58782479,-59.21201224,0.717623427,None
35,48,Brown / Norway Rat,Rattus norvegicus,Rodent,null,Good,2009,2009,Successful,Whole Island,Toxicant,NA,NA,Hand Broadcast,NA,Diphacinone,NA,Poncet; S.,Falklands Conservation,null,389069,Inner North West,Atlantic Ocean - South,Falkland Islands (Malvinas),Falkland Islands (North West Island Group),-51.58629073,-59.18891226,0.366390245,None
40,53,Brown / Norway Rat,Rattus norvegicus,Rodent,null,Good,2007,2007,Successful (Reinvaded),Whole Island,Toxicant,NA,NA,Hand Broadcast,NA,Brodifacoum,NA,Poncet; S.,Falklands Conservation,null,389069,Inner North West,Atlantic Ocean - South,Falkland Islands (Malvinas),Falkland Islands (North West Island Group),-51.58629073,-59.18891226,0.366390245,None
2052,3046,Brown / Norway Rat,Rattus norvegicus,Rodent,null,Good,2016,2016,Successful,Whole Island,Toxicant,NA,NA,Hand Broadcast,NA,Brodifacoum,NA,Carey Peter,SubAntarctic Foundation for Ecosystems Research,https://www.subantarctic.com/,393278,Bense,Atlantic Ocean - South,Falkland Islands (Malvinas),Falkland Islands (Bense Islands group),-51.49393691,-60.52293637,1.10891177,1-Oct
2053,3047,House Mouse,Mus musculus,Rodent,null,Good,2016,2016,Successful,Whole Island,Toxicant,NA,NA,Hand Broadcast,NA,Brodifacoum,NA,Carey Peter,SubAntarctic Foundation for Ecosystems Research,https://www.subantarctic.com/,393278,Bense,Atlantic Ocean - South,Falkland Islands (Malvinas),Falkland Islands (Bense Islands group),-51.49393691,-60.52293637,1.10891177,1-Oct
2055,3049,Brown / Norway Rat,Rattus norvegicus,Rodent,null,Good,2016,2016,Successful,Whole Island,Toxicant,NA,NA,Hand Broadcast,NA,Brodifacoum,NA,Carey Peter,SubAntarctic Foundation for Ecosystems Research,https://www.subantarctic.com/,393280,Little Bense,Atlantic Ocean - South,Falkland Islands (Malvinas),Falkland Islands (Bense Islands group),-51.48493937,-60.51110277,0.415856622,None
2056,3050,House Mouse,Mus musculus,Rodent,null,Good,2016,2016,Successful,Whole Island,Toxicant,NA,NA,Hand Broadcast,NA,Brodifacoum,NA,Carey Peter,SubAntarctic Foundation for Ecosystems Research,https://www.subantarctic.com/,393280,Little Bense,Atlantic Ocean - South,Falkland Islands (Malvinas),Falkland Islands (Bense Islands group),-51.48493937,-60.51110277,0.415856622,None
1006,1275,Brown / Norway Rat,Rattus norvegicus,Rodent,null,Good,2010,2010,Successful,Whole Island,Toxicant,NA,NA,Hand Broadcast,NA,Brodifacoum,NA,Poncet; S.,Falklands Conservation,null,393331,Rat,Atlantic Ocean - South,Falkland Islands (Malvinas),Falkland Islands (Salvador Waters),-51.44780909,-58.33083749,0.021403849,None
2014,3035,Brown / Norway Rat,Rattus norvegicus,Rodent,null,Good,2013,2013,Successful (Reinvaded),Whole Island,Toxicant,NA,NA,Hand Broadcast,NA,Brodifacoum,NA,Poncet; S.,Falklands Conservation,null,393213,Top,Atlantic Ocean - South,Falkland Islands (Malvinas),Falkland Islands (River Harbour),-51.43800992,-59.73601045,0.139835077,None
2046,3039,Brown / Norway Rat,Rattus norvegicus,Rodent,null,Good,2013,2013,Successful (Reinvaded),Whole Island,Toxicant,NA,NA,Hand Broadcast,NA,Brodifacoum,NA,Poncet; S.,Falklands Conservation,null,393214,Top Island South Islet,Atlantic Ocean - South,Falkland Islands (Malvinas),Falkland Islands (River Harbour),-51.43429285,-59.75439871,0.065093607,None
2013,3034,Brown / Norway Rat,Rattus norvegicus,Rodent,null,Good,2013,2013,Successful,Whole Island,Toxicant,NA,NA,Hand Broadcast,NA,Brodifacoum,NA,Poncet; S.,Falklands Conservation,null,393216,Rabbit,Atlantic Ocean - South,Falkland Islands (Malvinas),Falkland Islands (River Harbour),-51.43275236,-59.71345077,0.252786163,None
2011,3032,Brown / Norway Rat,Rattus norvegicus,Rodent,null,Good,2013,2013,Successful (Reinvaded),Whole Island,Toxicant,NA,NA,Hand Broadcast,NA,Brodifacoum,NA,Poncet; S.,Falklands Conservation,null,393218,Kent,Atlantic Ocean - South,Falkland Islands (Malvinas),Falkland Islands (River Harbour),-51.43263458,-59.67062822,0.396947194,None
2047,3040,Brown / Norway Rat,Rattus norvegicus,Rodent,null,Good,2013,2013,Successful (Reinvaded),Whole Island,Toxicant,NA,NA,Hand Broadcast,NA,Brodifacoum,NA,Poncet; S.,Falklands Conservation,null,393388,Top Island West Islet,Atlantic Ocean - South,Falkland Islands (Malvinas),Falkland Islands (River Harbour),-51.43147354,-59.76090442,0.018848424,None
2045,3038,Brown / Norway Rat,Rattus norvegicus,Rodent,null,Good,2013,2013,Successful (Reinvaded),Whole Island,Toxicant,NA,NA,Hand Broadcast,NA,Brodifacoum,NA,Poncet; S.,Falklands Conservation,null,393215,Top Island Centre Islet,Atlantic Ocean - South,Falkland Islands (Malvinas),Falkland Islands (River Harbour),-51.43010297,-59.7530311,0.011766376,None
2016,3037,Brown / Norway Rat,Rattus norvegicus,Rodent,null,Good,2013,2013,Successful (Reinvaded),Whole Island,Toxicant,NA,NA,Hand Broadcast,NA,Brodifacoum,NA,Poncet; S.,Falklands Conservation,null,393217,Top Island East Islet,Atlantic Ocean - South,Falkland Islands (Malvinas),Falkland Islands (River Harbour),-51.42928583,-59.74607169,0.016417324,None
991,1260,Brown / Norway Rat,Rattus norvegicus,Rodent,null,Good,2010,2010,Successful,Whole Island,Toxicant,NA,NA,Hand Broadcast,NA,Brodifacoum,NA,Poncet; S.,Falklands Conservation,null,393287,Centre,Atlantic Ocean - South,Falkland Islands (Malvinas),Falkland Islands (Salvador Waters),-51.42338212,-58.30821873,0.256731553,None
2012,3033,Brown / Norway Rat,Rattus norvegicus,Rodent,null,Good,2013,2013,Successful (Reinvaded),Whole Island,Toxicant,NA,NA,Hand Broadcast,NA,Brodifacoum,NA,Poncet; S.,Falklands Conservation,null,393219,Kent Island Knob,Atlantic Ocean - South,Falkland Islands (Malvinas),Falkland Islands (River Harbour),-51.42315221,-59.67944559,0.047614426,None
1007,1276,Brown / Norway Rat,Rattus norvegicus,Rodent,null,Good,2001,2001,Trial or Research only,Whole Island,Toxicant,NA,NA,Hand Broadcast,NA,Brodifacoum,NA,Poncet; S.,Falklands Conservation,null,393409,Rat,Atlantic Ocean - South,Falkland Islands (Malvinas),Falkland Islands (Saunders Island Group),-51.40714924,-60.10018314,0.01718931,None
914,1179,Brown / Norway Rat,Rattus norvegicus,Rodent,null,Good,2001,2001,Successful (Reinvaded),Whole Island,Toxicant,NA,NA,Hand Broadcast,NA,Brodifacoum,NA,Poncet; S.,Falklands Conservation,null,393410,Calf Islet,Atlantic Ocean - South,Falkland Islands (Malvinas),Falkland Islands (Saunders Island Group),-51.40543358,-60.08622955,0.011009421,None
908,1174,Brown / Norway Rat,Rattus norvegicus,Rodent,null,Good,2001,2001,Successful (Reinvaded),Whole Island,Toxicant,NA,NA,Hand Broadcast,NA,Brodifacoum,NA,Poncet; S.,Falklands Conservation,null,393412,Calf,Atlantic Ocean - South,Falkland Islands (Malvinas),Falkland Islands (Saunders Island Group),-51.40157304,-60.09094699,0.048325504,None
2015,3036,Brown / Norway Rat,Rattus norvegicus,Rodent,null,Good,2013,2013,Successful,Whole Island,Toxicant,NA,NA,Hand Broadcast,NA,Brodifacoum,NA,Poncet; S.,Falklands Conservation,null,393320,River Island Knob,Atlantic Ocean - South,Falkland Islands (Malvinas),Falkland Islands (River Harbour),-51.3965062,-59.61502936,0.050819287,None
990,1259,Brown / Norway Rat,Rattus norvegicus,Rodent,null,Good,2010,2010,Successful,Whole Island,Toxicant,NA,NA,Hand Broadcast,NA,Brodifacoum,NA,Poncet; S.,Falklands Conservation,null,393294,Big Shag,Atlantic Ocean - South,Falkland Islands (Malvinas),Falkland Islands (Salvador Waters),-51.39495645,-58.31518897,0.123651929,None
1004,1273,Brown / Norway Rat,Rattus norvegicus,Rodent,null,Good,2010,2010,Successful,Whole Island,Toxicant,NA,NA,Hand Broadcast,NA,Brodifacoum,NA,Poncet; S.,Falklands Conservation,null,464163,Little Shag,Atlantic Ocean - South,Falkland Islands (Malvinas),Falkland Islands (Salvador Waters),-51.39169259,-58.31773392,0.025917175,None
899,1163,Brown / Norway Rat,Rattus norvegicus,Rodent,null,Good,2001,2001,Successful (Reinvaded),Whole Island,Toxicant,NA,NA,Bait Station,NA,Brodifacoum,NA,Poncet; S.,Falklands Conservation,null,393414,Horse,Atlantic Ocean - South,Falkland Islands (Malvinas),Falkland Islands (Saunders Island Group),-51.38768077,-60.09052384,0.074016876,None
2120,3141,House Mouse,Mus musculus,Rodent,null,Good,null,null,Planned,Whole Island,Unknown,Unknown,Unknown,Unknown,Unknown,Unknown,Unknown,null,null,null,23950,Auckland,Pacific Ocean - South West,New Zealand,Auckland Islands,-50.70810335,166.1034995,462.9879935,None
399,513,House Mouse,Mus musculus,Rodent,1850,Good,1993,1993,Successful,Whole Island,Toxicant,NA,NA,Aerial Broadcast,NA,Brodifacoum,NA,Torr; N.,NZ Dept. of Conservation,null,23996,Enderby,Pacific Ocean - South West,New Zealand,Auckland Islands,-50.4973257,166.2952138,6.782577726,None
1425,2303,House Mouse,Mus musculus,Rodent,1893,Good,2016,2016,Successful,Whole Island,Toxicant,NA,NA,Aerial Broadcast,NA,Brodifacoum,NA,Horn Stephen,NZ Dept. of Conservation,null,26724,Antipodes,Pacific Ocean - South West,New Zealand,Antipodes Islands,-49.68867929,178.7726033,20.08966236,None
198,245,Black Rat,Rattus rattus,Rodent,1800,Good,2002,2002,Successful,Whole Island,Toxicant,NA,NA,Aerial Broadcast,NA,Brodifacoum,NA,Dervaux; Antoine,Department of Conservation of Natural Heritage  French Southern and Antarctic Lands,null,15146,Chateau,Indian Ocean - West,French Southern Territories,Kerguelen Islands (Golfe du Morbihan),-49.4941167,69.92432199,2.231428297,None
1663,2572,House Mouse,Mus musculus,Rodent,null,Good,2002,2002,Failed,Whole Island,Toxicant,NA,NA,Aerial Broadcast,NA,Brodifacoum,NA,Dervaux; Antoine,Department of Conservation of Natural Heritage  French Southern and Antarctic Lands,null,15146,Chateau,Indian Ocean - West,French Southern Territories,Kerguelen Islands (Golfe du Morbihan),-49.4941167,69.92432199,2.231428297,None
1241,1977,House Mouse,Mus musculus,Rodent,null,Satisfactory,2003,2003,Failed,Whole Island,Toxicant,NA,NA,Aerial Broadcast,NA,Brodifacoum,NA,Dervaux; Antoine,Department of Conservation of Natural Heritage  French Southern and Antarctic Lands,null,15108,Stoll,Atlantic Ocean - South,French Southern Territories,Kerguelen Islands (Golfe du Morbihan),-49.45648895,69.89033055,0.569842916,None
882,1140,Black Rat,Rattus rattus,Rodent,1800,Satisfactory,2004,2004,Successful,Whole Island,Toxicant,NA,NA,Aerial Broadcast,NA,Brodifacoum,NA,Dervaux; Antoine,Department of Conservation of Natural Heritage  French Southern and Antarctic Lands,null,15109,Australia,Indian Ocean - West,French Southern Territories,Kerguelen Islands (Golfe du Morbihan),-49.45383115,69.85042007,19.47484298,None
883,1143,House Mouse,Mus musculus,Rodent,1800,Satisfactory,2004,2004,Failed,Whole Island,Toxicant,NA,NA,Aerial Broadcast,NA,Brodifacoum,NA,Dervaux; Antoine,Department of Conservation of Natural Heritage  French Southern and Antarctic Lands,null,15109,Australia,Indian Ocean - West,French Southern Territories,Kerguelen Islands (Golfe du Morbihan),-49.45383115,69.85042007,19.47484298,None
323,418,Black Rat,Rattus rattus,Rodent,1964,Good,2006,2006,Successful,Whole Island,Toxicant,NA,NA,Aerial Broadcast,Bait Station,Brodifacoum,NA,McClelland; Pete,NZ Dept. of Conservation,null,23995,Taukihepa/Big South Cape,Pacific Ocean - South West,New Zealand,Stewart Islands,-47.24063574,167.4079514,9.187654341,None
322,417,Black Rat,Rattus rattus,Rodent,1960,Good,2006,2006,Successful,Whole Island,Toxicant,NA,NA,Aerial Broadcast,Bait Station,Brodifacoum,NA,McClelland; Pete,NZ Dept. of Conservation,null,24470,Pukeweka,Pacific Ocean - South West,New Zealand,Titi Islands,-47.22448856,167.4371402,0.032900556,None
324,420,Black Rat,Rattus rattus,Rodent,1960,Good,2006,2006,Successful,Whole Island,Toxicant,NA,NA,Aerial Broadcast,Bait Station,Brodifacoum,NA,McClelland; Pete,NZ Dept. of Conservation,null,24471,Solomon/ Rerewhakaupoko,Pacific Ocean - South West,New Zealand,Stewart Islands,-47.2208811,167.4355043,0.285942087,None
649,839,Polynesian Rat,Rattus exulans,Rodent,null,Good,1997,1997,Successful,Whole Island,Toxicant,NA,NA,Aerial Broadcast,NA,Brodifacoum,NA,McClelland; Pete,NZ Dept. of Conservation,null,24107,Putauhina,Pacific Ocean - South West,New Zealand,Stewart Islands,-47.21589368,167.3869177,1.483321208,None
1055,1682,Black Rat,Rattus rattus,Rodent,null,Good,2005,2005,Successful (Reinvaded),Whole Island,Toxicant,NA,NA,Aerial Broadcast,NA,Brodifacoum,NA,Wylie; M.,NZ Dept. of Conservation,null,24030,Pearl,Pacific Ocean - South West,New Zealand,Stewart Islands,-47.19181788,167.7073568,5.114508975,None
1146,1838,Brown / Norway Rat,Rattus norvegicus,Rodent,null,Good,2005,2005,Successful (Reinvaded),Whole Island,Toxicant,NA,NA,Aerial Broadcast,NA,Brodifacoum,NA,Broome; Keith,NZ Dept. of Conservation,null,24030,Pearl,Pacific Ocean - South West,New Zealand,Stewart Islands,-47.19181788,167.7073568,5.114508975,None
1245,1982,Polynesian Rat,Rattus exulans,Rodent,null,Good,2005,2005,Successful,Whole Island,Toxicant,NA,NA,Aerial Broadcast,NA,Brodifacoum,NA,Beaven; Brent,null,null,24030,Pearl,Pacific Ocean - South West,New Zealand,Stewart Islands,-47.19181788,167.7073568,5.114508975,None
325,421,Polynesian Rat,Rattus exulans,Rodent,null,Good,2006,2006,Successful,Whole Island,Toxicant,NA,NA,Aerial Broadcast,Bait Station,Brodifacoum,NA,McClelland; Pete,NZ Dept. of Conservation,null,24133,Mokonui/ Big Moggy,Pacific Ocean - South West,New Zealand,Stewart Islands,-47.1481573,167.4044808,1.007749748,None
1076,1706,Black Rat,Rattus rattus,Rodent,null,Satisfactory,2004,2004,Successful,Whole Island,Toxicant,NA,NA,Aerial Broadcast,NA,Brodifacoum,NA,Broome; Keith,NZ Dept. of Conservation,null,24211,Horomamae (Owen),Pacific Ocean - South West,New Zealand,Stewart Islands,-47.12482404,168.1550738,0.328836308,None
1142,1829,Black Rat,Rattus rattus,Rodent,null,Poor,1990,1991,Unknown,Whole Island,Toxicant,Unknown,Unknown,Unknown,Unknown,Unknown,Unknown,Broome; Keith,NZ Dept. of Conservation,null,26603,Wharepuaitaha,Pacific Ocean - South West,New Zealand,Stewart Islands,-47.11665676,168.2073331,0.185213678,None
1135,1813,Black Rat,Rattus rattus,Rodent,null,Poor,1990,1991,Unknown,Whole Island,Toxicant,Unknown,Unknown,Unknown,Unknown,Unknown,Unknown,Broome; Keith,NZ Dept. of Conservation,null,26604,Kaihuka,Pacific Ocean - South West,New Zealand,Stewart Islands,-47.11380962,168.2005246,0.105100246,None
1942,2943,Black Rat,Rattus rattus,Rodent,null,Satisfactory,2015,2015,Successful (Reinvaded),Whole Island,Toxicant,NA,NA,Hand Broadcast,NA,Brodifacoum,Unknown,McClelland; Pete,NZ Dept. of Conservation,null,26624,Joshes/Rukawhakura,Pacific Ocean - South West,New Zealand,Stewart Islands,-47.10442125,168.2009861,0.231447148,1-Oct
635,824,Brown / Norway Rat,Rattus norvegicus,Rodent,null,Good,1992,1996,Successful (Reinvaded),Whole Island,Toxicant,Trapping,NA,Bait Station,NA,Brodifacoum,NA,Broome; Keith,NZ Dept. of Conservation,null,24158,Ulva,Pacific Ocean - South West,New Zealand,Stewart Islands,-46.93233514,168.132651,2.614107157,None
1335,2154,Brown / Norway Rat,Rattus norvegicus,Rodent,null,Good,2011,2011,Successful (Reinvaded),Whole Island,Toxicant,NA,NA,Aerial Broadcast,NA,Brodifacoum,NA,null,null,null,24158,Ulva,Pacific Ocean - South West,New Zealand,Stewart Islands,-46.93233514,168.132651,2.614107157,None
1913,2910,Black Rat,Rattus rattus,Rodent,null,Satisfactory,2013,2014,Successful (Reinvaded),Whole Island,Trapping,NA,NA,NA,NA,NA,NA,null,null,null,24164,Native,Pacific Ocean - South West,New Zealand,Stewart Islands (Paterson Inlet),-46.91541411,168.1538712,0.622590101,None
1914,2911,Brown / Norway Rat,Rattus norvegicus,Rodent,null,Satisfactory,2013,2014,Successful (Reinvaded),Whole Island,Trapping,NA,NA,NA,NA,NA,NA,null,null,null,24164,Native,Pacific Ocean - South West,New Zealand,Stewart Islands (Paterson Inlet),-46.91541411,168.1538712,0.622590101,None
1915,2912,Black Rat,Rattus rattus,Rodent,null,Satisfactory,2014,null,In Progress,Incursion Response,Trapping,NA,NA,NA,NA,NA,NA,null,null,null,24164,Native,Pacific Ocean - South West,New Zealand,Stewart Islands (Paterson Inlet),-46.91541411,168.1538712,0.622590101,None
1916,2913,Brown / Norway Rat,Rattus norvegicus,Rodent,null,Satisfactory,2014,null,In Progress,Incursion Response,Trapping,NA,NA,NA,NA,NA,NA,null,null,null,24164,Native,Pacific Ocean - South West,New Zealand,Stewart Islands (Paterson Inlet),-46.91541411,168.1538712,0.622590101,None
1063,1691,Black Rat,Rattus rattus,Rodent,null,Satisfactory,null,2005,Successful,Whole Island,Toxicant,NA,NA,Aerial Broadcast,NA,Brodifacoum,NA,Broome; Keith,NZ Dept. of Conservation,null,24042,Bench,Pacific Ocean - South West,New Zealand,Stewart Islands,-46.90934994,168.2398052,1.749140597,None
1247,1984,Polynesian Rat,Rattus exulans,Rodent,null,Satisfactory,2005,2005,Successful,Whole Island,Toxicant,NA,NA,Aerial Broadcast,NA,Brodifacoum,NA,Broome; Keith,NZ Dept. of Conservation,null,24042,Bench,Pacific Ocean - South West,New Zealand,Stewart Islands,-46.90934994,168.2398052,1.749140597,None
258,330,Black Rat,Rattus rattus,Rodent,1984,Satisfactory,2004,2004,Successful (Reinvaded),Whole Island,Toxicant,NA,NA,Hand Broadcast,NA,Brodifacoum,NA,Broome; Keith,NZ Dept. of Conservation,null,24173,Iona,Pacific Ocean - South West,New Zealand,Stewart Islands,-46.90742615,168.1224936,0.065104071,None
886,3022,House Mouse,Mus musculus,Rodent,null,Good,2021,null,Planned,Whole Island,Toxicant,Unknown,Unknown,Aerial Broadcast,Unknown,Brodifacoum,Unknown,null,null,null,9988,Marion,Indian Ocean - West,South Africa,Prince Edward Islands,-46.90656288,37.74039482,295.4156224,1-Oct
647,837,Polynesian Rat,Rattus exulans,Rodent,null,Good,1998,1998,Successful,Whole Island,Toxicant,NA,NA,Aerial Broadcast,Bait Station,Brodifacoum,NA,McClelland; Pete,NZ Dept. of Conservation,null,23972,Whenua Hou/ Codfish,Pacific Ocean - South West,New Zealand,Stewart Islands,-46.77341893,167.6307704,15.24848691,None
318,413,Polynesian Rat,Rattus exulans,Rodent,null,Good,1997,1997,Successful,Whole Island,Toxicant,NA,NA,Aerial Broadcast,NA,Brodifacoum,NA,McClelland; Pete,NZ Dept. of Conservation,null,24106,Rarotoka (Centre),Pacific Ocean - South West,New Zealand,Foveaux Strait,-46.45590175,167.8447872,1.006899508,None
706,921,House Mouse,Mus musculus,Rodent,null,Good,2008,2008,Successful,Whole Island,Toxicant,NA,NA,Aerial Broadcast,NA,Brodifacoum,NA,Torr; N.,NZ Dept. of Conservation,null,23976,Coal,Pacific Ocean - South West,New Zealand,Preservation Inlet,-46.11606324,166.6285454,11.73181513,None
1385,2259,House Mouse,Mus musculus,Rodent,null,Good,2010,2010,Successful,Whole Island,Toxicant,NA,NA,Aerial Broadcast,NA,Brodifacoum,NA,Broome; Keith,NZ Dept. of Conservation,null,26861,Indian,Pacific Ocean - South West,New Zealand,Dusky Sound,-45.77853395,166.5874989,1.73646456,None
1386,2260,Black Rat,Rattus rattus,Rodent,null,Good,2010,2012,Successful (Reinvaded),Whole Island,Toxicant,NA,NA,Aerial Broadcast,NA,Brodifacoum,NA,null,null,null,26861,Indian,Pacific Ocean - South West,New Zealand,Dusky Sound,-45.77853395,166.5874989,1.73646456,None
684,3171,Brown / Norway Rat,Rattus norvegicus,Rodent,1800,Good,1986,1986,Successful,Whole Island,Toxicant,NA,NA,Bait Station,NA,Brodifacoum,NA,null,null,null,30641,Hawea,Pacific Ocean - South West,New Zealand,Breaksea Sound,-45.59129478,166.6435436,0.098695661,None
316,409,Brown / Norway Rat,Rattus norvegicus,Rodent,1800,Good,1988,1988,Successful,Whole Island,Toxicant,NA,NA,Bait Station,NA,Brodifacoum,NA,Taylor; R.,NZ Wildlife Service,null,26877,Breaksea,Pacific Ocean - South West,New Zealand,Breaksea Sound,-45.57855358,166.6372263,1.583083923,None
805,1042,Black Rat,Rattus rattus,Rodent,null,Good,2007,2008,Successful (Reinvaded),Whole Island,Toxicant,NA,NA,Aerial Broadcast,NA,Brodifacoum,NA,Shaw; Viv,Pomona Island Charitable Trus,null,463848,Pomona,Pacific Ocean - South West,New Zealand,Lake Manapouri,-45.50674923,167.4736057,2.485392892,None
839,1086,House Mouse,Mus musculus,Rodent,null,Good,2007,2007,Successful (Reinvaded),Whole Island,Toxicant,NA,NA,Aerial Broadcast,NA,Brodifacoum,NA,Shaw; Viv,Pomona Island Charitable Trus,null,463848,Pomona,Pacific Ocean - South West,New Zealand,Lake Manapouri,-45.50674923,167.4736057,2.485392892,None
1599,2827,Black Rat,Rattus rattus,Rodent,null,Good,2012,2016,Successful,Whole Island,Toxicant,Trapping,NA,Bait Station,NA,Unknown,NA,null,null,null,463848,Pomona,Pacific Ocean - South West,New Zealand,Lake Manapouri,-45.50674923,167.4736057,2.485392892,None
840,1088,House Mouse,Mus musculus,Rodent,null,Good,2007,2007,Successful (Reinvaded),Whole Island,Toxicant,NA,NA,Aerial Broadcast,NA,Brodifacoum,NA,Shaw; Viv,Pomona Island Charitable Trus,null,463847,Rona,Pacific Ocean - South West,New Zealand,Lake Manapouri,-45.49361581,167.5409298,0.603371359,None
1750,2680,Brown / Norway Rat,Rattus norvegicus,Rodent,null,Poor,1992,1992,Unknown,Whole Island,Trapping,NA,NA,NA,NA,NA,NA,null,null,null,110000220,Centre,Pacific Ocean - South West,New Zealand,Lake Te Anau,-45.23421795,167.7734997,0.141937033,None
1729,2653,Brown / Norway Rat,Rattus norvegicus,Rodent,null,Poor,1992,1992,Successful,Whole Island,Toxicant,NA,NA,Bait Station,NA,Unknown,Unknown,null,null,null,88888090,Doubtful Centre,Pacific Ocean - South West,New Zealand,Lake Te Anau,-45.19743743,167.6880875,0.280072969,None
1665,2574,House Mouse,Mus musculus,Rodent,null,Satisfactory,1997,1997,Incomplete,Whole Island,Toxicant,NA,NA,Bait Station,NA,Brodifacoum,NA,null,null,null,463853,Stevensons,Pacific Ocean - South West,New Zealand,Lake Wanaka,-44.5960306,169.1356094,0.578725701,None
841,1092,House Mouse,Mus musculus,Rodent,1995,Satisfactory,1996,1996,Successful,Whole Island,Toxicant,NA,NA,Aerial Broadcast,NA,Brodifacoum,NA,McKinlay; B.,null,null,463852,Mou Waho,Pacific Ocean - South West,New Zealand,Lake Wanaka,-44.55379287,169.082391,1.508394352,None
1664,2573,House Mouse,Mus musculus,Rodent,null,Satisfactory,1997,null,Incomplete,Whole Island,Toxicant,NA,NA,Bait Station,NA,Brodifacoum,NA,null,null,null,463846,Silver,Pacific Ocean - South West,New Zealand,Lake Hawea,-44.44977161,169.3506187,0.25924844,None
1070,1698,Black Rat,Rattus rattus,Rodent,null,Good,2002,2002,Successful,Whole Island,Toxicant,NA,NA,Bait Station,Hand Broadcast,Brodifacoum,Brodifacoum,Broome; Keith,NZ Dept. of Conservation,null,26909,Quail,Pacific Ocean - South West,New Zealand,Canterbury Islands,-43.6284509,172.6909702,0.825845439,None
1233,1963,House Mouse,Mus musculus,Rodent,null,Poor,2009,2009,Successful (Reinvaded),Whole Island,Toxicant,NA,NA,Aerial Broadcast,NA,Brodifacoum,NA,Broome; Keith,NZ Dept. of Conservation,null,26909,Quail,Pacific Ocean - South West,New Zealand,Canterbury Islands,-43.6284509,172.6909702,0.825845439,None
1234,1964,House Mouse,Mus musculus,Rodent,null,Good,2002,2002,Failed,Whole Island,Toxicant,NA,NA,Bait Station,Hand Broadcast,Brodifacoum,NA,Broome; Keith,NZ Dept. of Conservation,null,26909,Quail,Pacific Ocean - South West,New Zealand,Canterbury Islands,-43.6284509,172.6909702,0.825845439,None
257,329,Black Rat,Rattus rattus,Rodent,null,Satisfactory,1991,1991,Successful,Whole Island,Toxicant,NA,NA,Bait Station,NA,Brodifacoum,NA,Broome; Keith,NZ Dept. of Conservation,null,30629,Haulashore,Pacific Ocean - South West,New Zealand,Nelson Islands,-41.26730488,173.2574878,0.115958778,None
1238,1972,House Mouse,Mus musculus,Rodent,null,Satisfactory,1991,1991,Failed,Whole Island,Toxicant,NA,NA,Bait Station,NA,Brodifacoum,NA,Broome; Keith,NZ Dept. of Conservation,null,30629,Haulashore,Pacific Ocean - South West,New Zealand,Nelson Islands,-41.26730488,173.2574878,0.115958778,None
667,864,Black Rat,Rattus rattus,Rodent,1961,Satisfactory,1988,1990,Successful,Whole Island,Toxicant,NA,NA,Unknown,NA,Brodifacoum,NA,McFadden; I,NZ Dept. of Conservation,null,27003,Somes (Matiu),Pacific Ocean - South West,New Zealand,Wellington Harbor,-41.25800801,174.8651843,0.289002556,Unknown
808,1043,Black Rat,Rattus rattus,Rodent,1961,Poor,1988,1990,Successful,Whole Island,Toxicant,NA,NA,Unknown,NA,Unknown,NA,McFadden; I,NZ Dept. of Conservation,null,27004,Mokopuna (Leper),Pacific Ocean - South West,New Zealand,Wellington Harbour,-41.25140147,174.8649452,0.009465536,None
357,467,House Mouse,Mus musculus,Rodent,1900,Satisfactory,1989,1991,Successful,Whole Island,Toxicant,Trapping,NA,Bait Station,NA,Flocoumafen,NA,Brown; Derek & Kerry,NZ Dept. of Conservation; Falkland Conservation,null,27012,Allports (Negara),Pacific Ocean - South West,New Zealand,Marlborough Sound,-41.23657405,174.0562873,0.145842342,None
1448,2328,House Mouse,Mus musculus,Rodent,null,Good,1989,1991,Successful,Whole Island,Toxicant,NA,NA,Bait Station,NA,Flocoumafen,NA,Brown; Derek & Kerry,NZ Dept. of Conservation; Falkland Conservation,null,110000236,Motutapu,Pacific Ocean - South West,New Zealand,Marlborough Sound,-41.23626663,174.0606889,0.018025685,None
1017,1286,House Mouse,Mus musculus,Rodent,null,Satisfactory,2005,2005,Successful,Whole Island,Toxicant,NA,NA,Aerial Broadcast,NA,Brodifacoum,NA,Aviss; M.,NZ Dept. of Conservation,null,26780,Pig (Blumine),Pacific Ocean - South West,New Zealand,Marlborough Sound,-41.17291189,174.2385365,3.815467084,None
1020,1289,House Mouse,Mus musculus,Rodent,null,Satisfactory,2005,2005,Unknown pre-status,Whole Island,Toxicant,NA,NA,Aerial Broadcast,NA,Brodifacoum,NA,Aviss; M.,NZ Dept. of Conservation,null,26897,Pickersgill,Pacific Ocean - South West,New Zealand,Queen Charlotte Sound,-41.16052755,174.2821797,1.014761757,None
1069,1697,Black Rat,Rattus rattus,Rodent,null,Satisfactory,null,2005,Successful,Whole Island,Toxicant,NA,NA,Aerial Broadcast,NA,Brodifacoum,NA,Broome; Keith,NZ Dept. of Conservation,null,26897,Pickersgill,Pacific Ocean - South West,New Zealand,Queen Charlotte Sound,-41.16052755,174.2821797,1.014761757,None
294,381,Polynesian Rat,Rattus exulans,Rodent,null,Satisfactory,1997,1998,Successful,Whole Island,Toxicant,NA,NA,Unknown,NA,Brodifacoum,NA,Cash; W.,null,null,26881,Long,Pacific Ocean - South West,New Zealand,Marlborough Sound,-41.1174272,174.2813724,1.084594685,None
310,402,Polynesian Rat,Rattus exulans,Rodent,null,Satisfactory,1991,1991,Successful,Whole Island,Toxicant,NA,NA,Bait Station,NA,Brodifacoum,NA,Cash; W.,null,null,26944,Motuara,Pacific Ocean - South West,New Zealand,Marlborough Sound,-41.09145921,174.2750062,0.568721039,None
317,412,House Mouse,Mus musculus,Rodent,1834,Good,1989,1990,Successful,Whole Island,Toxicant,NA,NA,Bait Station,Aerial Broadcast,Flocoumafen,Brodifacoum,Todd; P.,null,null,26834,Mana,Pacific Ocean - South West,New Zealand,Cook Straight,-41.08772053,174.7809363,2.220145869,1-Oct
352,461,Black Rat,Rattus rattus,Rodent,null,Good,1982,1983,Successful,Whole Island,Toxicant,NA,NA,Bait Station,NA,Brodifacoum,NA,Taylor; D.,null,null,30852,Awaiti (Tawhitinui),Pacific Ocean - South West,New Zealand,Marlborough Sound,-41.05311314,173.8067899,0.030767037,None
690,896,Black Rat,Rattus rattus,Rodent,null,Good,1982,1983,Successful (Reinvaded),Whole Island,Toxicant,NA,NA,Bait Station,NA,Brodifacoum,NA,Broome; Keith,NZ Dept. of Conservation,null,27005,Tawhitinui (Oaie),Pacific Ocean - South West,New Zealand,Marlborough Sound,-41.04945957,173.8005739,0.205508815,None
1422,2299,House Mouse,Mus musculus,Rodent,2013,Good,2014,2014,Successful,Whole Island,Toxicant,NA,NA,Aerial Broadcast,NA,Brodifacoum,NA,null,null,null,26788,Maud,Pacific Ocean - South West,New Zealand,Marlborough Sound,-41.02596321,173.8907431,3.138524118,1-Oct
1032,1303,House Mouse,Mus musculus,Rodent,null,Good,2007,2007,Successful (Reinvaded),Whole Island,Toxicant,NA,NA,Aerial Broadcast,NA,Brodifacoum,NA,Golding; C.,NZ Dept. of Conservation,null,26905,Fisherman,Pacific Ocean - South West,New Zealand,Tasman Bay,-40.99304819,173.0505863,0.048614532,None
1022,1291,House Mouse,Mus musculus,Rodent,null,Good,2007,2007,Successful (Reinvaded),Whole Island,Toxicant,NA,NA,Aerial Broadcast,NA,Brodifacoum,NA,Golding; C.,NZ Dept. of Conservation,null,26906,Adele,Pacific Ocean - South West,New Zealand,Tasman Bay,-40.98040707,173.0598621,0.856773366,None
1918,2915,Unspecified Rats,Rattus spp.,Rodent,null,Satisfactory,2012,null,In Progress,Incursion Response,Trapping,NA,NA,NA,NA,NA,NA,null,null,null,26906,Adele,Pacific Ocean - South West,New Zealand,Tasman Bay,-40.98040707,173.0598621,0.856773366,None
809,1044,Black Rat,Rattus rattus,Rodent,null,Satisfactory,null,1983,Successful (Reinvaded),Whole Island,Toxicant,Trapping,NA,Bait Station,NA,Brodifacoum,NA,Brown; Derek & Kerry,NZ Dept. of Conservation; Falkland Conservation,null,463841,Duffer's Reef,Pacific Ocean - South West,New Zealand,Marlborough Sound,-40.95437244,174.0409845,0.018051987,None
353,465,Black Rat,Rattus rattus,Rodent,null,Good,1970,1975,Successful,Whole Island,Toxicant,NA,NA,Hand Broadcast,NA,Warfarin,NA,Merton; D.,NZ Dept. of Conservation,pestoff.co.nz,27000,Titi,Pacific Ocean - South West,New Zealand,Marlborough Sound,-40.9511942,174.1392583,0.222852385,None
1028,1299,Brown / Norway Rat,Rattus norvegicus,Rodent,1955,Good,1970,1975,Successful,Whole Island,Toxicant,NA,NA,Bait Piles,NA,Warfarin,NA,Bell; Biz,National Trust; RSPB; English Nature; Wildlife Management International Limited,null,27000,Titi,Pacific Ocean - South West,New Zealand,Marlborough Sound,-40.9511942,174.1392583,0.222852385,None
251,322,Polynesian Rat,Rattus exulans,Rodent,null,Satisfactory,1993,1994,Successful,Whole Island,Toxicant,Trapping,Hunting ,Aerial Broadcast,Hand Broadcast,Brodifacoum,NA,Brown; Derek & Kerry,NZ Dept. of Conservation; Falkland Conservation,null,26846,Nukuwaiata,Pacific Ocean - South West,New Zealand,Chetwodes Islands,-40.89980499,174.0734951,1.818584294,None
1036,1309,House Mouse,Mus musculus,Rodent,null,Good,2007,2007,Successful (Reinvaded),Whole Island,Toxicant,NA,NA,Aerial Broadcast,NA,Brodifacoum,NA,Golding; C.,NZ Dept. of Conservation,null,30594,Tonga,Pacific Ocean - South West,New Zealand,Tasman Bay,-40.89029124,173.0669648,0.086648518,None
348,451,Brown / Norway Rat,Rattus norvegicus,Rodent,1850,Satisfactory,1996,1996,Successful,Whole Island,Toxicant,NA,NA,Bait Station,NA,Brodifacoum,NA,Veitch; C.R.,NZ Dept. of Conservation,null,30743,Tahoramaurea,Pacific Ocean - South West,New Zealand,Kapiti Islands,-40.88962786,174.9029021,0.013969526,None
847,1103,Brown / Norway Rat,Rattus norvegicus,Rodent,1850,Satisfactory,1996,1996,Successful (Reinvaded),Whole Island,Toxicant,NA,NA,Bait Station,NA,Brodifacoum,NA,Veitch; C.R.,NZ Dept. of Conservation,null,30744,Motungara (Motungarara),Pacific Ocean - South West,New Zealand,Kapiti Islands,-40.88699209,174.9006916,0.017505783,None
1763,2702,Brown / Norway Rat,Rattus norvegicus,Rodent,null,Poor,2009,2009,Unknown,Whole Island,Unknown,Unknown,Unknown,Unknown,Unknown,Unknown,Unknown,null,null,null,30744,Motungara (Motungarara),Pacific Ocean - South West,New Zealand,Kapiti Islands,-40.88699209,174.9006916,0.017505783,None
685,888,Brown / Norway Rat,Rattus norvegicus,Rodent,1850,Good,1996,1996,Successful,Whole Island,Toxicant,NA,NA,Aerial Broadcast,Hand Broadcast,Brodifacoum,NA,Empson; R.,null,null,26744,Kapiti,Pacific Ocean - South West,New Zealand,Kapiti Islands,-40.85674274,174.9113428,18.43964914,1-Oct
686,889,Polynesian Rat,Rattus exulans,Rodent,null,Good,1996,1996,Successful,Whole Island,Toxicant,NA,NA,Aerial Broadcast,Hand Broadcast,Brodifacoum,NA,Empson; R.,null,null,26744,Kapiti,Pacific Ocean - South West,New Zealand,Kapiti Islands,-40.85674274,174.9113428,18.43964914,1-Oct
252,323,Brown / Norway Rat,Rattus norvegicus,Rodent,null,Satisfactory,1999,1999,Successful,Whole Island,Toxicant,NA,NA,Aerial Broadcast,NA,Brodifacoum,NA,Broome; Keith,NZ Dept. of Conservation,null,26895,Tinui,Pacific Ocean - South West,New Zealand,Rangitoto Islands,-40.7760022,173.9688262,0.937973751,None
1027,1298,Brown / Norway Rat,Rattus norvegicus,Rodent,null,Satisfactory,1999,1999,Successful,Whole Island,Toxicant,NA,NA,Bait Station,NA,Brodifacoum,NA,Brown; Derek & Kerry,NZ Dept. of Conservation; Falkland Conservation,null,26915,Puangiangi,Pacific Ocean - South West,New Zealand,Rangitoto Islands,-40.77047335,173.9829686,0.636958381,None
298,386,Brown / Norway Rat,Rattus norvegicus,Rodent,null,Satisfactory,1999,1999,Successful,Whole Island,Toxicant,NA,NA,Aerial Broadcast,NA,Brodifacoum,NA,Gaze; P.,null,null,26910,Whakaterepapanui,Pacific Ocean - South West,New Zealand,Rangitoto Islands,-40.75332759,173.9931919,0.756075841,None
1502,2390,Polynesian Rat,Rattus exulans,Rodent,null,Satisfactory,1999,1999,Successful,Whole Island,Toxicant,NA,NA,Aerial Broadcast,Hand Broadcast,Brodifacoum,NA,Gaze; P.,null,null,26910,Whakaterepapanui,Pacific Ocean - South West,New Zealand,Rangitoto Islands,-40.75332759,173.9931919,0.756075841,None
2009,3027,House Mouse,Mus musculus,Rodent,null,Good,2019,null,Planned,Whole Island,Toxicant,NA,NA,Aerial Broadcast,Unknown,Bromadiolone,Unknown,null,null,null,9524,Gough,Atlantic Ocean - South,Saint Helena,Tristan da Cunha,-40.31792375,-9.94122244,65.50603819,1-Oct
1123,1787,Black Rat,Rattus rattus,Rodent,null,Poor,null,1974,Successful,Whole Island,Unknown,Unknown,Unknown,Unknown,Unknown,Unknown,Unknown,null,null,null,463167,Fisher,Pacific Ocean - South West,Australia,Tasmanian Islands (Furneaux Group (Great Dog Islands)),-40.2170686,148.2392417,0.008735597,None
53,3206,Black Rat,Rattus rattus,Rodent,null,Good,2016,2016,Successful,Whole Island,Toxicant,NA,NA,Bait Station,NA,Brodifacoum,NA,Robinson Sue,DIPWE Tasmania,https://dpipwe.tas.gov.au/,26007,Big Green,Pacific Ocean - South West,Australia,Tasmanian Islands (Furneaux Group),-40.18464237,147.9786118,1.227897227,1-Oct
350,454,Brown / Norway Rat,Rattus norvegicus,Rodent,1936,Satisfactory,1990,1990,Successful,Whole Island,Toxicant,NA,NA,Hand Broadcast,NA,Brodifacoum,NA,Veitch; C.R.,NZ Dept. of Conservation,null,27013,Motu-o-Kura (Bare),Pacific Ocean - South West,New Zealand,Hawke's Bay,-39.83347025,177.0273021,0.145172672,None
1643,2548,Black Rat,Rattus rattus,Rodent,null,Satisfactory,null,1966,Successful,Whole Island,Toxicant,NA,NA,Unknown,NA,Unknown,NA,null,null,null,22216,Citadel,Pacific Ocean - South West,Australia,Bass Strait Islands (Wilsons Promontory),-39.11466803,146.236834,0.189272418,None
187,229,Black Rat,Rattus rattus,Rodent,1800,Good,1997,1997,Successful,Whole Island,Toxicant,NA,NA,Aerial Broadcast,Hand Broadcast,Brodifacoum,NA,Dervaux; Antoine,Department of Conservation of Natural Heritage  French Southern and Antarctic Lands,null,457862,Saint-Paul,Indian Ocean - West,French Southern Territories,Amsterdam and St. Paul Islands,-38.72212156,77.52352343,8.571098926,None
744,966,House Mouse,Mus musculus,Rodent,1800,Good,1997,1997,Failed,Whole Island,Toxicant,NA,NA,Aerial Broadcast,NA,Brodifacoum,NA,Dervaux; Antoine,Department of Conservation of Natural Heritage  French Southern and Antarctic Lands,null,457862,Saint-Paul,Indian Ocean - West,French Southern Territories,Amsterdam and St. Paul Islands,-38.72212156,77.52352343,8.571098926,None
810,1045,Black Rat,Rattus rattus,Rodent,null,Satisfactory,2004,2004,Successful,Whole Island,Toxicant,NA,NA,Bait Station,NA,Brodifacoum,NA,Broome; Keith,NZ Dept. of Conservation,null,88888077,Patiti (Banded),Pacific Ocean - South West,New Zealand,Lake Rotomahana,-38.26767285,176.4459231,0.12793605,None
842,1094,House Mouse,Mus musculus,Rodent,null,Satisfactory,2004,2004,Failed,Whole Island,Toxicant,NA,NA,Bait Station,NA,Brodifacoum,NA,Broome; Keith,NZ Dept. of Conservation,null,88888077,Patiti (Banded),Pacific Ocean - South West,New Zealand,Lake Rotomahana,-38.26767285,176.4459231,0.12793605,None
848,1104,Brown / Norway Rat,Rattus norvegicus,Rodent,null,Good,2004,2004,Successful,Whole Island,Toxicant,NA,NA,Bait Station,NA,Brodifacoum,NA,Broome; Keith,NZ Dept. of Conservation,null,88888077,Patiti (Banded),Pacific Ocean - South West,New Zealand,Lake Rotomahana,-38.26767285,176.4459231,0.12793605,None
843,1095,House Mouse,Mus musculus,Rodent,1965,Poor,1996,1996,Failed,Whole Island,Toxicant,NA,NA,Aerial Broadcast,Hand Broadcast,Brodifacoum,NA,McFadden; Wilke,NZ Dept. of Conservation,null,463845,Mokoia,Pacific Ocean - South West,New Zealand,Lake Rotorua,-38.07997516,176.2876889,1.328372436,None
844,1096,House Mouse,Mus musculus,Rodent,1965,Good,2001,2001,Successful,Whole Island,Toxicant,NA,NA,Aerial Broadcast,Hand Broadcast,Brodifacoum,NA,Broome; Keith,NZ Dept. of Conservation,null,463845,Mokoia,Pacific Ocean - South West,New Zealand,Lake Rotorua,-38.07997516,176.2876889,1.328372436,None
849,1105,Brown / Norway Rat,Rattus norvegicus,Rodent,1839,Satisfactory,1989,1990,Successful,Whole Island,Toxicant,NA,NA,Bait Station,NA,Brodifacoum,Flocoumafen,Jansen; P.,NZ Dept. of Conservation,null,463845,Mokoia,Pacific Ocean - South West,New Zealand,Lake Rotorua,-38.07997516,176.2876889,1.328372436,None
1667,2576,House Mouse,Mus musculus,Rodent,null,Satisfactory,1989,1989,Failed,Whole Island,Toxicant,NA,NA,Bait Station,NA,Brodifacoum,NA,null,null,null,463845,Mokoia,Pacific Ocean - South West,New Zealand,Lake Rotorua,-38.07997516,176.2876889,1.328372436,None
1717,3216,House Mouse,Mus musculus,Rodent,null,Satisfactory,2019,null,In Progress,Incursion Response,Trapping,Toxicant,NA,Unknown,Unknown,Unknown,Unknown,null,null,null,463845,Mokoia,Pacific Ocean - South West,New Zealand,Lake Rotorua,-38.07997516,176.2876889,1.328372436,None
2096,3217,Brown / Norway Rat,Rattus norvegicus,Rodent,null,Satisfactory,2019,null,In Progress,Incursion Response,Trapping,Toxicant,NA,Unknown,Unknown,Unknown,Unknown,null,null,null,463845,Mokoia,Pacific Ocean - South West,New Zealand,Lake Rotorua,-38.07997516,176.2876889,1.328372436,None
656,847,Black Rat,Rattus rattus,Rodent,null,Poor,null,2006,Unknown,Whole Island,Toxicant,NA,NA,Bait Station,NA,Unknown,NA,Broome; Keith,NZ Dept. of Conservation,null,26947,Hokianga,Pacific Ocean - South West,New Zealand,Ohiwa Harbour,-38.01978794,177.1341853,0.193115982,None
1239,1973,House Mouse,Mus musculus,Rodent,null,Satisfactory,null,2006,Failed,Whole Island,Toxicant,NA,NA,Bait Station,Hand Broadcast,Pindone,NA,Broome; Keith,NZ Dept. of Conservation,null,26947,Hokianga,Pacific Ocean - South West,New Zealand,Ohiwa Harbour,-38.01978794,177.1341853,0.193115982,None
893,1153,Black Rat,Rattus rattus,Rodent,null,Poor,null,2005,Unknown,Whole Island,Toxicant,NA,NA,Bait Station,NA,Cholecalciferol,NA,Imber; M.,NZ Dept. of Conservation,null,26951,Ohakana (Ohana),Pacific Ocean - South West,New Zealand,Ohiwa Harbour,-37.98803493,177.0763858,0.607863037,None
898,1161,Brown / Norway Rat,Rattus norvegicus,Rodent,null,Poor,null,2005,Successful (Reinvaded),Whole Island,Toxicant,NA,NA,Bait Station,NA,Cholecalciferol,NA,Imber; M.,NZ Dept. of Conservation,null,26951,Ohakana (Ohana),Pacific Ocean - South West,New Zealand,Ohiwa Harbour,-37.98803493,177.0763858,0.607863037,None
319,414,Brown / Norway Rat,Rattus norvegicus,Rodent,1920,Good,1985,1986,Successful,Whole Island,Toxicant,NA,NA,Aerial Broadcast,Hand Broadcast,Brodifacoum,NA,Jansen; P.,NZ Dept. of Conservation,null,26889,Moutohora,Pacific Ocean - South West,New Zealand,Bay of Plenty,-37.85510639,176.9730937,1.872690642,None
691,897,Polynesian Rat,Rattus exulans,Rodent,1900,Good,1983,1984,Successful,Whole Island,Toxicant,NA,NA,Bait Station,NA,Bromadiolone,1080,Owen; K.,NZ Dept. of Conservation,null,30643,Rurima,Pacific Ocean - South West,New Zealand,Bay of Plenty,-37.83107023,176.8727401,0.207436254,None
130,153,Polynesian Rat,Rattus exulans,Rodent,null,Satisfactory,1997,1997,Successful,Whole Island,Toxicant,NA,NA,Aerial Broadcast,NA,Brodifacoum,NA,McFadden; I,NZ Dept. of Conservation,null,464086,East (Whangaokeno),Pacific Ocean - South West,New Zealand,East Cape,-37.69057978,178.5761018,0.205251487,None
2147,3204,Black Rat,Rattus rattus,Rodent,null,Satisfactory,null,null,Planned,Whole Island,Unknown,Unknown,Unknown,Unknown,Unknown,Unknown,Unknown,null,null,null,21411,Gabo,Pacific Ocean - South West,Australia,East Gippsland,-37.56166377,149.9111702,1.592593951,None
372,484,Brown / Norway Rat,Rattus norvegicus,Rodent,null,Good,2000,2000,Successful,Whole Island,Toxicant,NA,NA,Aerial Broadcast,Hand Broadcast,Brodifacoum,NA,Jones; A.,NZ Dept. of Conservation,pestoff.co.nz,26752,Mayor (Tuhua),Pacific Ocean - South West,New Zealand,Bay of Plenty,-37.28663952,176.2554517,13.12709347,None
373,485,Polynesian Rat,Rattus exulans,Rodent,null,Good,2000,2000,Successful,Whole Island,Toxicant,NA,NA,Aerial Broadcast,Hand Broadcast,Brodifacoum,NA,Jones; A.,NZ Dept. of Conservation,pestoff.co.nz,26752,Mayor (Tuhua),Pacific Ocean - South West,New Zealand,Bay of Plenty,-37.28663952,176.2554517,13.12709347,None
673,871,House Mouse,Mus musculus,Rodent,1980,Good,1983,1984,Successful,Whole Island,Toxicant,NA,NA,Bait Station,NA,Bromadiolone,NA,Broome; Keith,NZ Dept. of Conservation,null,27037,Whenuakura (Whangamata),Pacific Ocean - South West,New Zealand,Whitianga Islands,-37.21987538,175.8960386,0.043515579,None
674,872,Brown / Norway Rat,Rattus norvegicus,Rodent,1982,Satisfactory,1983,1984,Successful,Whole Island,Toxicant,NA,NA,Bait Station,NA,Bromadiolone,NA,McFadden; I,NZ Dept. of Conservation,null,27037,Whenuakura (Whangamata),Pacific Ocean - South West,New Zealand,Whitianga Islands,-37.21987538,175.8960386,0.043515579,None
948,1215,Brown / Norway Rat,Rattus norvegicus,Rodent,1984,Satisfactory,1984,1984,Successful,Whole Island,Toxicant,NA,NA,Bait Station,NA,Bromadiolone,NA,McFadden; Wilke,NZ Dept. of Conservation,null,27038,Mauhaka Rocks,Pacific Ocean - South West,New Zealand,Whangamata,-37.21838827,175.8932839,0.015108062,None
662,856,Brown / Norway Rat,Rattus norvegicus,Rodent,1972,Satisfactory,1992,1993,Successful,Whole Island,Toxicant,NA,NA,Bait Station,NA,Brodifacoum,NA,Thompson; P.,null,null,27039,Hauturu (Clark),Pacific Ocean - South West,New Zealand,Whangamata,-37.21433414,175.8911439,0.126100862,None
682,886,House Mouse,Mus musculus,Rodent,1980,Poor,1993,1994,Failed,Whole Island,Toxicant,NA,NA,Bait Station,Hand Broadcast,Brodifacoum,NA,Thompson; P.,null,null,27039,Hauturu (Clark),Pacific Ocean - South West,New Zealand,Whangamata,-37.21433414,175.8911439,0.126100862,None
214,268,Polynesian Rat,Rattus exulans,Rodent,null,Satisfactory,1992,1992,Successful,Whole Island,Toxicant,NA,NA,Aerial Broadcast,NA,Brodifacoum,NA,McFadden; I,NZ Dept. of Conservation,null,26829,Middle Chain,Pacific Ocean - South West,New Zealand,Aldermen Islands,-36.95817189,176.0812395,0.371463573,None
1759,2694,Brown / Norway Rat,Rattus norvegicus,Rodent,null,Poor,2006,2006,Successful,Whole Island,Unknown,Unknown,Unknown,Unknown,Unknown,Unknown,Unknown,null,null,null,26890,Pakihi,Pacific Ocean - South West,New Zealand,Hauraki Gulf,-36.91027199,175.1610352,1.120715033,1-Oct
359,469,House Mouse,Mus musculus,Rodent,null,Good,1995,1995,Successful,Whole Island,Toxicant,NA,NA,Aerial Broadcast,NA,Bromadiolone,NA,Veitch; C.R.,NZ Dept. of Conservation,null,26945,Browns,Pacific Ocean - South West,New Zealand,Hauraki Gulf,-36.83074946,174.8945564,0.623054257,None
360,470,Brown / Norway Rat,Rattus norvegicus,Rodent,1980,Good,1995,2000,Successful,Whole Island,Toxicant,NA,NA,Aerial Broadcast,NA,Bromadiolone,NA,Veitch; C.R.,NZ Dept. of Conservation,null,26945,Browns,Pacific Ocean - South West,New Zealand,Hauraki Gulf,-36.83074946,174.8945564,0.623054257,None
947,1214,Black Rat,Rattus rattus,Rodent,null,Satisfactory,1996,1996,Successful (Reinvaded),Whole Island,Trapping,Toxicant,NA,Bait Station,NA,Brodifacoum,NA,Lee; Mike,University of Auckland,null,463839,Koi,Pacific Ocean - South West,New Zealand,Hauraki Gulf (Waiheke Island),-36.82691667,175.0556283,0.003915184,None
1035,1308,Brown / Norway Rat,Rattus norvegicus,Rodent,null,Satisfactory,2000,2000,Successful,Whole Island,Toxicant,NA,NA,Hand Broadcast,NA,Brodifacoum,NA,Lee; Mike,University of Auckland,null,463839,Koi,Pacific Ocean - South West,New Zealand,Hauraki Gulf (Waiheke Island),-36.82691667,175.0556283,0.003915184,None
931,1198,Brown / Norway Rat,Rattus norvegicus,Rodent,null,Poor,null,1992,Failed,Whole Island,Unknown,Unknown,Unknown,Unknown,Unknown,Unknown,Unknown,Unknown,Unknown,Unknown,88888037,Rotoroa Stacks,Pacific Ocean - South West,New Zealand,Hauraki Gulf,-36.82205294,175.1875316,0.003317857,None
402,517,Brown / Norway Rat,Rattus norvegicus,Rodent,null,Poor,1991,1992,Failed,Whole Island,Toxicant,NA,NA,Unknown,NA,Unknown,NA,Lee; Mike,University of Auckland,null,26896,Rotoroa,Pacific Ocean - South West,New Zealand,Hauraki Gulf,-36.81642187,175.1982745,0.880551867,Unknown
1517,2414,Brown / Norway Rat,Rattus norvegicus,Rodent,null,Poor,null,1997,Successful,Whole Island,Toxicant,NA,NA,Unknown,NA,Unknown,NA,Lee; Mike,University of Auckland,null,26896,Rotoroa,Pacific Ocean - South West,New Zealand,Hauraki Gulf,-36.81642187,175.1982745,0.880551867,Unknown
1676,2592,House Mouse,Mus musculus,Rodent,null,Satisfactory,2013,2013,Successful,Whole Island,Toxicant,NA,NA,Aerial Broadcast,NA,Brodifacoum,NA,null,null,null,26896,Rotoroa,Pacific Ocean - South West,New Zealand,Hauraki Gulf,-36.81642187,175.1982745,0.880551867,Unknown
1778,2715,Brown / Norway Rat,Rattus norvegicus,Rodent,null,Poor,1999,1999,Successful,Incursion Response,Unknown,Unknown,Unknown,Unknown,Unknown,Unknown,Unknown,null,null,null,26896,Rotoroa,Pacific Ocean - South West,New Zealand,Hauraki Gulf,-36.81642187,175.1982745,0.880551867,Unknown
377,489,House Mouse,Mus musculus,Rodent,null,Good,1997,1997,Successful,Whole Island,Toxicant,Trapping,NA,Bait Station,NA,Brodifacoum,NA,Broome; Keith,NZ Dept. of Conservation,null,26851,Papakohatu (Crusoe),Pacific Ocean - South West,New Zealand,Hauraki Gulf,-36.81332208,174.9739554,0.032277532,None
6,8,Brown / Norway Rat,Rattus norvegicus,Rodent,null,Poor,1988,1988,Unknown,Whole Island,Toxicant,NA,NA,Unknown,NA,Unknown,NA,Broome; Keith,NZ Dept. of Conservation,null,26852,Motuihe,Pacific Ocean - South West,New Zealand,Hauraki Gulf,-36.8124031,174.9461854,1.823290891,None
340,442,Brown / Norway Rat,Rattus norvegicus,Rodent,null,Good,1997,1997,Successful,Whole Island,Toxicant,NA,NA,Aerial Broadcast,NA,Brodifacoum,NA,Russell; J.,NZ Dept. of Conservation,null,26852,Motuihe,Pacific Ocean - South West,New Zealand,Hauraki Gulf,-36.8124031,174.9461854,1.823290891,None
349,452,House Mouse,Mus musculus,Rodent,1987,Good,1997,1997,Successful,Whole Island,Toxicant,NA,NA,Aerial Broadcast,NA,Brodifacoum,NA,Veitch; C.R.,NZ Dept. of Conservation,null,26852,Motuihe,Pacific Ocean - South West,New Zealand,Hauraki Gulf,-36.8124031,174.9461854,1.823290891,None
1777,2714,Brown / Norway Rat,Rattus norvegicus,Rodent,null,Satisfactory,2008,2008,Successful,Incursion Response,Hunting ,NA,NA,NA,NA,NA,NA,null,null,null,26852,Motuihe,Pacific Ocean - South West,New Zealand,Hauraki Gulf,-36.8124031,174.9461854,1.823290891,None
1508,2396,Brown / Norway Rat,Rattus norvegicus,Rodent,1997,Satisfactory,1998,1998,Successful,Whole Island,Toxicant,NA,NA,Bait Station,NA,Brodifacoum,NA,Lee; Mike,University of Auckland,null,26975,Pakatoa,Pacific Ocean - South West,New Zealand,Hauraki Gulf,-36.79672453,175.1945655,0.263275145,Unknown
1516,2413,Brown / Norway Rat,Rattus norvegicus,Rodent,null,Satisfactory,1993,1993,Successful (Reinvaded),Whole Island,Toxicant,NA,NA,Bait Station,NA,Brodifacoum,NA,Lee; Mike,University of Auckland,null,26975,Pakatoa,Pacific Ocean - South West,New Zealand,Hauraki Gulf,-36.79672453,175.1945655,0.263275145,Unknown
2085,3165,Unspecified Rats,Rattus spp.,Rodent,null,Satisfactory,null,null,Planned,Whole Island,Toxicant,Unknown,Unknown,Unknown,Unknown,Unknown,Unknown,null,null,null,26711,Waiheke,Pacific Ocean - South West,New Zealand,Hauraki Gulf,-36.79603531,175.1031448,92.47861275,1001 - 10000
1519,2416,Black Rat,Rattus rattus,Rodent,null,Good,1996,1996,Successful,Whole Island,Toxicant,Trapping,NA,Hand Broadcast,NA,Brodifacoum,NA,Lee; Mike,University of Auckland,null,26853,Motukaha,Pacific Ocean - South West,New Zealand,Hauraki Gulf,-36.79511101,174.9857277,0.008389241,None
234,296,Brown / Norway Rat,Rattus norvegicus,Rodent,1998,Satisfactory,2000,2000,Successful,Whole Island,Toxicant,NA,NA,Hand Broadcast,NA,Brodifacoum,NA,Broome; Keith,NZ Dept. of Conservation,null,30693,Tarahiki (Terahiki),Pacific Ocean - South West,New Zealand,Hauraki Gulf,-36.79051763,175.2271735,0.076607406,None
969,1237,Black Rat,Rattus rattus,Rodent,null,Good,2009,2011,Successful,Whole Island,Toxicant,NA,NA,Aerial Broadcast,Bait Station,Brodifacoum,NA,Griffiths; Richard,Island Conservation,null,26735,Rangitoto,Pacific Ocean - South West,New Zealand,Hauraki Gulf,-36.78649262,174.863184,23.83952754,11 - 100
970,1238,Polynesian Rat,Rattus exulans,Rodent,null,Good,2009,2011,Successful,Whole Island,Toxicant,NA,NA,Aerial Broadcast,Bait Station,Brodifacoum,NA,Griffiths; Richard,Island Conservation,null,26735,Rangitoto,Pacific Ocean - South West,New Zealand,Hauraki Gulf,-36.78649262,174.863184,23.83952754,11 - 100
971,1239,Brown / Norway Rat,Rattus norvegicus,Rodent,null,Good,2009,2011,Successful,Whole Island,Toxicant,NA,NA,Aerial Broadcast,Bait Station,Brodifacoum,NA,Griffiths; Richard,Island Conservation,null,26735,Rangitoto,Pacific Ocean - South West,New Zealand,Hauraki Gulf,-36.78649262,174.863184,23.83952754,11 - 100
972,1240,House Mouse,Mus musculus,Rodent,null,Good,2009,2009,Successful,Whole Island,Toxicant,NA,NA,Aerial Broadcast,Bait Station,Brodifacoum,NA,Griffiths; Richard,Island Conservation,null,26735,Rangitoto,Pacific Ocean - South West,New Zealand,Hauraki Gulf,-36.78649262,174.863184,23.83952754,11 - 100
11,15,Black Rat,Rattus rattus,Rodent,null,Satisfactory,1994,1996,Successful (Reinvaded),Whole Island,Toxicant,NA,NA,Aerial Broadcast,Bait Station,Brodifacoum,NA,Broome; Keith,NZ Dept. of Conservation,null,26953,Motutapere,Pacific Ocean - South West,New Zealand,Coromandel Harbor,-36.77969089,175.429072,0.498060118,11 - 100
12,16,House Mouse,Mus musculus,Rodent,null,Satisfactory,1994,1994,Successful,Whole Island,Toxicant,NA,NA,Aerial Broadcast,Bait Station,Brodifacoum,NA,Broome; Keith,NZ Dept. of Conservation,null,26953,Motutapere,Pacific Ocean - South West,New Zealand,Coromandel Harbor,-36.77969089,175.429072,0.498060118,11 - 100
159,195,Black Rat,Rattus rattus,Rodent,null,Good,2005,2005,Successful,Whole Island,Toxicant,NA,NA,Aerial Broadcast,NA,Brodifacoum,NA,Broome; Keith,NZ Dept. of Conservation,null,26953,Motutapere,Pacific Ocean - South West,New Zealand,Coromandel Harbor,-36.77969089,175.429072,0.498060118,11 - 100
960,1229,Black Rat,Rattus rattus,Rodent,null,Good,2009,2011,Successful,Whole Island,Toxicant,NA,NA,Aerial Broadcast,Bait Station,Brodifacoum,NA,Griffiths; Richard,Island Conservation,null,26751,Motutapu,Pacific Ocean - South West,New Zealand,Hauraki Gulf,-36.76471453,174.915858,16.00336724,1-Oct
961,1230,Polynesian Rat,Rattus exulans,Rodent,null,Good,2009,2011,Successful,Whole Island,Toxicant,NA,NA,Aerial Broadcast,Bait Station,Brodifacoum,NA,Griffiths; Richard,Island Conservation,null,26751,Motutapu,Pacific Ocean - South West,New Zealand,Hauraki Gulf,-36.76471453,174.915858,16.00336724,1-Oct
962,1231,Brown / Norway Rat,Rattus norvegicus,Rodent,null,Good,2009,2011,Successful,Whole Island,Toxicant,NA,NA,Aerial Broadcast,Bait Station,Brodifacoum,NA,Griffiths; Richard,Island Conservation,null,26751,Motutapu,Pacific Ocean - South West,New Zealand,Hauraki Gulf,-36.76471453,174.915858,16.00336724,1-Oct
963,1232,House Mouse,Mus musculus,Rodent,null,Good,2009,2009,Successful (Reinvaded),Whole Island,Toxicant,NA,NA,Aerial Broadcast,Bait Station,Brodifacoum,NA,Griffiths; Richard,Island Conservation,null,26751,Motutapu,Pacific Ocean - South West,New Zealand,Hauraki Gulf,-36.76471453,174.915858,16.00336724,1-Oct
1235,1967,House Mouse,Mus musculus,Rodent,null,Good,2005,2005,Successful,Whole Island,Toxicant,NA,NA,Aerial Broadcast,NA,Brodifacoum,NA,Broome; Keith,NZ Dept. of Conservation,null,26946,Ohinau (Ohina),Pacific Ocean - South West,New Zealand,Coromandel Islands,-36.72843944,175.8812005,0.564449747,None
1254,1993,Polynesian Rat,Rattus exulans,Rodent,null,Good,2005,2005,Successful,Whole Island,Toxicant,NA,NA,Aerial Broadcast,Hand Broadcast,Brodifacoum,NA,Broome; Keith,NZ Dept. of Conservation,null,26946,Ohinau (Ohina),Pacific Ocean - South West,New Zealand,Coromandel Islands,-36.72843944,175.8812005,0.564449747,None
127,150,Brown / Norway Rat,Rattus norvegicus,Rodent,null,Satisfactory,1992,1992,Failed,Whole Island,Toxicant,NA,NA,Bait Station,NA,Brodifacoum,NA,Lee; Mike,University of Auckland,null,26880,Rakino,Pacific Ocean - South West,New Zealand,Hauraki Gulf,-36.71849935,174.9477689,1.687731165,11 - 100
235,297,Brown / Norway Rat,Rattus norvegicus,Rodent,1920,Satisfactory,2002,2002,Successful,Whole Island,Toxicant,NA,NA,Bait Station,NA,Brodifacoum,NA,Galloway; Dave,null,null,26880,Rakino,Pacific Ocean - South West,New Zealand,Hauraki Gulf,-36.71849935,174.9477689,1.687731165,11 - 100
1513,2410,Brown / Norway Rat,Rattus norvegicus,Rodent,null,Poor,1997,null,Incomplete,Whole Island,Toxicant,NA,NA,Unknown,NA,Unknown,NA,Lee; Mike,University of Auckland,null,26880,Rakino,Pacific Ocean - South West,New Zealand,Hauraki Gulf,-36.71849935,174.9477689,1.687731165,11 - 100
356,466,Brown / Norway Rat,Rattus norvegicus,Rodent,1959,Good,1960,1964,Successful,Whole Island,Toxicant,NA,NA,Bait Station,NA,Warfarin,NA,Merton; D.,NZ Dept. of Conservation,pestoff.co.nz,30733,Maria,Pacific Ocean - South West,New Zealand,Hauraki Gulf,-36.70914809,175.0058469,0.031192686,None
935,1203,Brown / Norway Rat,Rattus norvegicus,Rodent,1960,Good,1960,1964,Successful,Whole Island,Toxicant,NA,NA,Bait Station,NA,Warfarin,NA,Merton; D.,NZ Dept. of Conservation,pestoff.co.nz,110000274,David Rocks - B,Pacific Ocean - South West,New Zealand,Hauraki Gulf (Noises Group),-36.70092047,174.9974758,0.008802831,None
936,1204,Brown / Norway Rat,Rattus norvegicus,Rodent,1960,Good,1960,1964,Successful,Whole Island,Toxicant,NA,NA,Bait Station,NA,Warfarin,NA,Merton; D.,NZ Dept. of Conservation,pestoff.co.nz,30734,David Rocks - C,Pacific Ocean - South West,New Zealand,Hauraki Gulf (Noises Group),-36.70092047,174.9974758,0.008802831,None
934,1202,Brown / Norway Rat,Rattus norvegicus,Rodent,1960,Good,1960,1964,Successful,Whole Island,Toxicant,NA,NA,Bait Station,NA,Warfarin,NA,Merton; D.,NZ Dept. of Conservation,pestoff.co.nz,30735,David Rocks - A,Pacific Ocean - South West,New Zealand,Hauraki Gulf (Noises Group),-36.69881154,174.9980202,0.028565381,None
125,148,Brown / Norway Rat,Rattus norvegicus,Rodent,null,Satisfactory,1991,1991,Successful (Reinvaded),Whole Island,Toxicant,NA,NA,Hand Broadcast,NA,Bromadiolone,Flocoumafen,McFadden; I,NZ Dept. of Conservation,null,27035,Otata (Otatou),Pacific Ocean - South West,New Zealand,Hauraki Gulf,-36.69569515,174.9751315,0.227750956,None
230,292,Brown / Norway Rat,Rattus norvegicus,Rodent,null,Satisfactory,2002,2002,Successful,Whole Island,Toxicant,NA,NA,Hand Broadcast,Bait Station,Brodifacoum,NA,Broome; Keith,NZ Dept. of Conservation,null,27035,Otata (Otatou),Pacific Ocean - South West,New Zealand,Hauraki Gulf,-36.69569515,174.9751315,0.227750956,None
231,293,Brown / Norway Rat,Rattus norvegicus,Rodent,null,Satisfactory,2001,2001,Successful (Reinvaded),Whole Island,Toxicant,NA,NA,Bait Station,NA,Brodifacoum,NA,Broome; Keith,NZ Dept. of Conservation,null,27035,Otata (Otatou),Pacific Ocean - South West,New Zealand,Hauraki Gulf,-36.69569515,174.9751315,0.227750956,None
339,441,Brown / Norway Rat,Rattus norvegicus,Rodent,1956,Good,1979,1979,Successful (Reinvaded),Whole Island,Toxicant,Trapping,NA,Bait Station,NA,1080,Brodifacoum,Russell; J.,NZ Dept. of Conservation,null,27035,Otata (Otatou),Pacific Ocean - South West,New Zealand,Hauraki Gulf,-36.69569515,174.9751315,0.227750956,None
376,488,Brown / Norway Rat,Rattus norvegicus,Rodent,null,Satisfactory,1980,1981,Successful (Reinvaded),Whole Island,Toxicant,NA,NA,Hand Broadcast,NA,Bromadiolone,Flocoumafen,null,null,null,27035,Otata (Otatou),Pacific Ocean - South West,New Zealand,Hauraki Gulf,-36.69569515,174.9751315,0.227750956,None
124,147,Brown / Norway Rat,Rattus norvegicus,Rodent,null,Satisfactory,null,1991,Successful (Reinvaded),Whole Island,Toxicant,Trapping,NA,Hand Broadcast,NA,Bromadiolone,Flocoumafen,McFadden; I,NZ Dept. of Conservation,null,27034,Motuhoropapa,Pacific Ocean - South West,New Zealand,Hauraki Gulf,-36.68910099,174.9638439,0.128552413,None
232,294,Brown / Norway Rat,Rattus norvegicus,Rodent,null,Satisfactory,2001,2001,Successful (Reinvaded),Whole Island,Toxicant,NA,NA,Bait Station,NA,Brodifacoum,NA,Russell; J.,NZ Dept. of Conservation,null,27034,Motuhoropapa,Pacific Ocean - South West,New Zealand,Hauraki Gulf,-36.68910099,174.9638439,0.128552413,None
233,295,Brown / Norway Rat,Rattus norvegicus,Rodent,null,Satisfactory,2002,2002,Successful,Whole Island,Toxicant,NA,NA,Hand Broadcast,Bait Station,Brodifacoum,NA,Russell; J.,NZ Dept. of Conservation,null,27034,Motuhoropapa,Pacific Ocean - South West,New Zealand,Hauraki Gulf,-36.68910099,174.9638439,0.128552413,None
375,487,Brown / Norway Rat,Rattus norvegicus,Rodent,null,Satisfactory,null,1984,Successful (Reinvaded),Whole Island,Toxicant,NA,NA,Bait Station,NA,1080,Brodifacoum,Russell; J.,NZ Dept. of Conservation,null,27034,Motuhoropapa,Pacific Ocean - South West,New Zealand,Hauraki Gulf,-36.68910099,174.9638439,0.128552413,None
640,829,Brown / Norway Rat,Rattus norvegicus,Rodent,null,Good,null,1981,Successful (Reinvaded),Whole Island,Toxicant,Trapping,NA,Bait Station,NA,1080,Brodifacoum,Russell; J.,NZ Dept. of Conservation,null,27034,Motuhoropapa,Pacific Ocean - South West,New Zealand,Hauraki Gulf,-36.68910099,174.9638439,0.128552413,None
641,830,Brown / Norway Rat,Rattus norvegicus,Rodent,null,Good,1977,1978,Successful (Reinvaded),Whole Island,Trapping,NA,NA,NA,NA,NA,NA,Russell; J.,NZ Dept. of Conservation,null,27034,Motuhoropapa,Pacific Ocean - South West,New Zealand,Hauraki Gulf,-36.68910099,174.9638439,0.128552413,None
666,863,Brown / Norway Rat,Rattus norvegicus,Rodent,null,Satisfactory,null,1997,Successful (Reinvaded),Whole Island,Toxicant,NA,NA,Unknown,NA,Brodifacoum,NA,McFadden; I,NZ Dept. of Conservation,null,27034,Motuhoropapa,Pacific Ocean - South West,New Zealand,Hauraki Gulf,-36.68910099,174.9638439,0.128552413,None
341,443,Polynesian Rat,Rattus exulans,Rodent,1900,Good,1986,1987,Successful,Whole Island,Toxicant,NA,NA,Bait Station,NA,Bromadiolone,NA,McFadden; I,NZ Dept. of Conservation,null,26741,Korapuki,Pacific Ocean - South West,New Zealand,Mercury Islands,-36.65893989,175.8483849,0.217616695,None
689,893,Polynesian Rat,Rattus exulans,Rodent,1900,Good,1991,1992,Successful,Whole Island,Toxicant,NA,NA,Aerial Broadcast,Hand Broadcast,Brodifacoum,NA,McFadden; I,NZ Dept. of Conservation,null,26835,Stanley (Kawhitu),Pacific Ocean - South West,New Zealand,Mercury Islands,-36.64034801,175.8863224,1.048317646,None
633,822,Polynesian Rat,Rattus exulans,Rodent,1900,Good,1989,1989,Successful,Whole Island,Toxicant,NA,NA,Bait Station,Hand Broadcast,Bromadiolone,Flocoumafen,McFadden; I,NZ Dept. of Conservation,null,26838,Double (Moturehu),Pacific Ocean - South West,New Zealand,Mercury Islands,-36.62541972,175.9063272,7.85386E-05,None
688,891,Polynesian Rat,Rattus exulans,Rodent,null,Good,1992,1993,Successful,Whole Island,Toxicant,NA,NA,Aerial Broadcast,Hand Broadcast,Brodifacoum,NA,McFadden; I,NZ Dept. of Conservation,null,26839,Red Mercury (Whakau),Pacific Ocean - South West,New Zealand,Mercury Islands,-36.62414526,175.9352706,2.397833337,None
1910,2907,Black Rat,Rattus rattus,Rodent,null,Satisfactory,2014,2015,Successful,Whole Island,Toxicant,NA,NA,Aerial Broadcast,NA,Brodifacoum,NA,Corson Peter,null,null,26740,Great Mercury,Pacific Ocean - South West,New Zealand,Mercury Islands,-36.61610385,175.7957877,19.97864275,Unknown
1912,2909,Polynesian Rat,Rattus exulans,Rodent,null,Satisfactory,2014,2015,Successful,Whole Island,Toxicant,NA,NA,Aerial Broadcast,NA,Brodifacoum,NA,Corson Peter,null,null,26740,Great Mercury,Pacific Ocean - South West,New Zealand,Mercury Islands,-36.61610385,175.7957877,19.97864275,Unknown
5,7,Polynesian Rat,Rattus exulans,Rodent,null,Good,1993,1993,Successful,Whole Island,Toxicant,NA,NA,Aerial Broadcast,Bait Station,Brodifacoum,Bromadiolone,Veitch; C.R.,NZ Dept. of Conservation,null,26860,Tiritiri Matangi,Pacific Ocean - South West,New Zealand,Hauraki Gulf,-36.60084388,174.8900253,2.214971515,None
126,149,House Mouse,Mus musculus,Rodent,null,Satisfactory,1993,1993,Failed,Whole Island,Toxicant,NA,NA,Bait Station,NA,Flocoumafen,NA,Wilson; T.,NZ Dept. of Conservation,null,26886,Te Haupa (Saddle),Pacific Ocean - South West,New Zealand,Hauraki Gulf,-36.5116953,174.7477144,0.085106183,None
663,860,Brown / Norway Rat,Rattus norvegicus,Rodent,null,Satisfactory,1989,1989,Successful,Whole Island,Toxicant,Trapping,NA,Hand Broadcast,NA,Brodifacoum,NA,null,null,null,26886,Te Haupa (Saddle),Pacific Ocean - South West,New Zealand,Hauraki Gulf,-36.5116953,174.7477144,0.085106183,None
1305,2118,House Mouse,Mus musculus,Rodent,null,Good,2008,2008,Successful,Whole Island,Trapping,Toxicant,NA,Bait Station,Hand Broadcast,Brodifacoum,NA,null,null,null,26886,Te Haupa (Saddle),Pacific Ocean - South West,New Zealand,Hauraki Gulf,-36.5116953,174.7477144,0.085106183,None
648,838,Polynesian Rat,Rattus exulans,Rodent,1827,Good,1993,1993,Successful,Whole Island,Toxicant,NA,NA,Aerial Broadcast,NA,Brodifacoum,NA,McFadden; I,NZ Dept. of Conservation,null,26850,Cuvier,Pacific Ocean - South West,New Zealand,Colville Channel,-36.43693492,175.7716047,2.052635028,None
1160,1857,Brown / Norway Rat,Rattus norvegicus,Rodent,1987,Poor,1988,1988,Successful,Whole Island,Toxicant,NA,NA,Unknown,NA,Unknown,NA,Broome; Keith,NZ Dept. of Conservation,null,30776,Takangaroa,Pacific Ocean - South West,New Zealand,Hauraki Gulf (Kawau),-36.42543,174.7942048,0.072322782,None
129,152,Brown / Norway Rat,Rattus norvegicus,Rodent,null,Satisfactory,1992,1992,Successful (Reinvaded),Whole Island,Toxicant,NA,NA,Bait Station,NA,Brodifacoum,NA,Wilson; T.,NZ Dept. of Conservation,null,464077,Moturemu,Pacific Ocean - South West,New Zealand,Kaipara Harbor,-36.42229159,174.3931099,0.056967122,None
185,227,House Mouse,Mus musculus,Rodent,null,Satisfactory,1992,1992,Successful (Reinvaded),Whole Island,Toxicant,NA,NA,Bait Station,NA,Brodifacoum,NA,McFadden; I,NZ Dept. of Conservation,null,464077,Moturemu,Pacific Ocean - South West,New Zealand,Kaipara Harbor,-36.42229159,174.3931099,0.056967122,None
314,406,Brown / Norway Rat,Rattus norvegicus,Rodent,null,Satisfactory,2004,2004,Successful,Whole Island,Toxicant,Trapping,NA,Bait Station,NA,Brodifacoum,NA,Wilson; T.,NZ Dept. of Conservation,null,464077,Moturemu,Pacific Ocean - South West,New Zealand,Kaipara Harbor,-36.42229159,174.3931099,0.056967122,None
254,326,Black Rat,Rattus rattus,Rodent,1996,Good,2005,2005,Successful,Whole Island,Trapping,Toxicant,NA,Bait Station,NA,Brodifacoum,NA,Wilson; T.,NZ Dept. of Conservation,null,27043,Goat (Hawere),Pacific Ocean - South West,New Zealand,Hauraki Gulf,-36.26575248,174.7974569,0.122771679,11 - 100
256,328,Black Rat,Rattus rattus,Rodent,1977,Good,1992,1994,Successful (Reinvaded),Whole Island,Toxicant,NA,NA,Bait Station,NA,Brodifacoum,NA,Broome; Keith,NZ Dept. of Conservation,null,27043,Goat (Hawere),Pacific Ocean - South West,New Zealand,Hauraki Gulf,-36.26575248,174.7974569,0.122771679,11 - 100
693,900,House Mouse,Mus musculus,Rodent,null,Good,2007,2007,Successful,Whole Island,Toxicant,NA,NA,Aerial Broadcast,Hand Broadcast,Brodifacoum,NA,Priddel; David,NSW Department of Environment Climate Change and Water,null,21576,Montague,Pacific Ocean - South West,Australia,New South Wales,-36.25122236,150.2267776,0.838082161,None
1606,2505,Black Rat,Rattus rattus,Rodent,null,Satisfactory,2009,2009,Successful (Reinvaded),Whole Island,Toxicant,NA,NA,Aerial Broadcast,NA,Brodifacoum,NA,null,null,null,31039,Mahuki,Pacific Ocean - South West,New Zealand,Broken Islands,-36.2323209,175.3028708,0.45822822,None
1607,2506,Black Rat,Rattus rattus,Rodent,null,Satisfactory,2009,2009,Successful (Reinvaded),Whole Island,Toxicant,NA,NA,Aerial Broadcast,NA,Brodifacoum,NA,null,null,null,31038,Little Mahuki,Pacific Ocean - South West,New Zealand,Broken Islands,-36.22847635,175.3066646,0.02015822,None
1585,2502,Black Rat,Rattus rattus,Rodent,null,Satisfactory,2009,2009,Successful (Reinvaded),Whole Island,Toxicant,NA,NA,Aerial Broadcast,NA,Brodifacoum,NA,null,null,null,26999,Rangiahua,Pacific Ocean - South West,New Zealand,Broken Islands,-36.22186644,175.3027164,0.623630191,None
1586,2504,Black Rat,Rattus rattus,Rodent,null,Poor,2009,2009,Successful,Whole Island,Toxicant,NA,NA,Aerial Broadcast,NA,Brodifacoum,NA,null,null,null,26997,Papakuri,Pacific Ocean - South West,New Zealand,Broken Islands,-36.22038722,175.288597,0.004352062,None
1584,2501,Black Rat,Rattus rattus,Rodent,null,Satisfactory,2009,2009,Successful (Reinvaded),Whole Island,Toxicant,NA,NA,Aerial Broadcast,NA,Brodifacoum,NA,null,null,null,110000235,Motutaiko,Pacific Ocean - South West,New Zealand,Broken Islands,-36.21645463,175.2890638,0.211494847,None
926,1191,Black Rat,Rattus rattus,Rodent,null,Satisfactory,1990,1990,Failed,Whole Island,Toxicant,NA,NA,Hand Broadcast,NA,Flocoumafen,NA,Taylor; G.,null,null,30806,Opakau,Pacific Ocean - South West,New Zealand,Great Barrier Islands,-36.20173992,175.2984178,0.030691935,None
28,40,Polynesian Rat,Rattus exulans,Rodent,null,Satisfactory,2004,2004,Successful,Whole Island,Toxicant,NA,NA,Aerial Broadcast,Bait Station,Brodifacoum,NA,Griffiths; Richard,Island Conservation,null,26723,Little Barrier,Pacific Ocean - South West,New Zealand,Hauraki Gulf,-36.20160033,175.0819196,31.68908552,None
1581,2498,Black Rat,Rattus rattus,Rodent,null,Satisfactory,2008,2008,Successful (Reinvaded),Whole Island,Toxicant,NA,NA,Aerial Broadcast,NA,Brodifacoum,NA,null,null,null,30782,Grey Group,Pacific Ocean - South West,New Zealand,Great Barrier Islands,-36.18491681,175.2939592,0.031394629,None
811,1046,Black Rat,Rattus rattus,Rodent,null,Satisfactory,1990,1990,Failed,Whole Island,Toxicant,NA,NA,Hand Broadcast,NA,Flocoumafen,NA,Taylor; G.,null,null,30784,Moturako,Pacific Ocean - South West,New Zealand,Great Barrier Islands,-36.17957233,175.2972703,0.008579277,None
1052,1678,Black Rat,Rattus rattus,Rodent,null,Good,2008,2008,Successful (Reinvaded),Whole Island,Toxicant,NA,NA,Aerial Broadcast,NA,Brodifacoum,NA,Broome; Keith,NZ Dept. of Conservation,null,26759,Kaikoura,Pacific Ocean - South West,New Zealand,Great Barrier Islands,-36.17637718,175.3252891,5.298316647,None
1376,2246,Polynesian Rat,Rattus exulans,Rodent,null,Good,2008,2008,Failed,Whole Island,Toxicant,NA,NA,Aerial Broadcast,NA,Brodifacoum,NA,Griffiths; Richard,Island Conservation,null,26759,Kaikoura,Pacific Ocean - South West,New Zealand,Great Barrier Islands,-36.17637718,175.3252891,5.298316647,None
1582,2499,Black Rat,Rattus rattus,Rodent,null,Satisfactory,2008,2008,Successful (Reinvaded),Whole Island,Toxicant,NA,NA,Aerial Broadcast,NA,Brodifacoum,NA,null,null,null,30863,Nelson,Pacific Ocean - South West,New Zealand,Great Barrier Islands,-36.16596004,175.2989428,0.123844711,None
1583,2500,Black Rat,Rattus rattus,Rodent,null,Satisfactory,2008,2008,Successful (Reinvaded),Whole Island,Toxicant,NA,NA,Aerial Broadcast,NA,Brodifacoum,NA,null,null,null,30866,Motuhaku,Pacific Ocean - South West,New Zealand,Great Barrier Islands,-36.16292716,175.2890744,0.398974516,Unknown
13,19,Black Rat,Rattus rattus,Rodent,null,Satisfactory,1990,1990,Failed,Whole Island,Toxicant,NA,NA,Hand Broadcast,NA,Flocoumafen,NA,Broome; Keith,NZ Dept. of Conservation,null,26761,Wood,Pacific Ocean - South West,New Zealand,Great Barrier Islands,-36.15228037,175.3340589,0.014612137,None
901,1165,Black Rat,Rattus rattus,Rodent,null,Satisfactory,1990,1990,Trial or Research only,Whole Island,Toxicant,NA,NA,Hand Broadcast,NA,Flocoumafen,NA,Taylor; G.,null,null,26760,Wood Stack A,Pacific Ocean - South West,New Zealand,Great Barrier Islands,-36.15196372,175.3367883,0.003225326,None
14,20,Black Rat,Rattus rattus,Rodent,null,Satisfactory,1990,1990,Failed,Whole Island,Toxicant,NA,NA,Hand Broadcast,NA,Flocoumafen,NA,Taylor; G.,null,null,26762,Oyster Island,Pacific Ocean - South West,New Zealand,Great Barrier Islands,-36.14208,175.3252154,0.003362136,None
2082,3162,Unspecified Rats,Rattus spp.,Rodent,null,Good,2018,null,In Progress,Whole Island,Toxicant,NA,NA,Aerial Broadcast,NA,Unknown,NA,null,null,null,26820,Rakitu,Pacific Ocean - South West,New Zealand,Great Barrier Islands,-36.12626764,175.4977232,3.121938873,Unknown
1037,1310,Polynesian Rat,Rattus exulans,Rodent,null,Satisfactory,2011,2011,Successful,Whole Island,Toxicant,NA,NA,Aerial Broadcast,Hand Broadcast,Brodifacoum,NA,Hawkins; K.,NZ Dept. of Conservation,null,26758,Taranga (Hen),Pacific Ocean - South West,New Zealand,Hen and Chicken Islands,-35.96346185,174.7188377,4.959173448,None
358,468,Polynesian Rat,Rattus exulans,Rodent,null,Good,1997,1997,Successful,Whole Island,Toxicant,NA,NA,Aerial Broadcast,NA,Brodifacoum,NA,Veitch; C.R.,NZ Dept. of Conservation,null,31012,Fanal,Pacific Ocean - South West,New Zealand,Mokohinau Islands,-35.93996033,175.147196,0.768298861,None
891,1151,Polynesian Rat,Rattus exulans,Rodent,null,Satisfactory,1990,1990,Successful,Whole Island,Toxicant,NA,NA,Aerial Broadcast,NA,Brodifacoum,NA,McFadden; I,NZ Dept. of Conservation,null,463843,Stack I,Pacific Ocean - South West,New Zealand,Mokohinau Islands,-35.91690536,175.0954641,0.002304756,None
892,1152,Polynesian Rat,Rattus exulans,Rodent,null,Satisfactory,1990,1990,Successful,Whole Island,Toxicant,NA,NA,Aerial Broadcast,NA,Brodifacoum,NA,McFadden; I,NZ Dept. of Conservation,null,88888041,Stack J,Pacific Ocean - South West,New Zealand,Mokohinau Islands,-35.91647483,175.0983354,0.00781412,None
890,1150,Polynesian Rat,Rattus exulans,Rodent,null,Satisfactory,1990,1990,Successful,Whole Island,Toxicant,NA,NA,Aerial Broadcast,NA,Brodifacoum,NA,McFadden; I,NZ Dept. of Conservation,null,66666606,Stack G,Pacific Ocean - South West,New Zealand,Mokohinau Islands,-35.91403606,175.1036242,0.005712243,None
343,445,Polynesian Rat,Rattus exulans,Rodent,null,Good,1990,1990,Successful,Whole Island,Toxicant,NA,NA,Aerial Broadcast,Hand Broadcast,Brodifacoum,NA,McFadden; I,NZ Dept. of Conservation,null,31013,Atihau (Trig),Pacific Ocean - South West,New Zealand,Mokohinau Islands,-35.91326645,175.098831,0.161868733,None
889,1149,Polynesian Rat,Rattus exulans,Rodent,null,Satisfactory,1990,1990,Successful,Whole Island,Toxicant,NA,NA,Aerial Broadcast,NA,Brodifacoum,NA,McFadden; I,NZ Dept. of Conservation,null,66666605,Stack F,Pacific Ocean - South West,New Zealand,Mokohinau Islands,-35.91221135,175.1011014,0.003892126,None
681,885,Polynesian Rat,Rattus exulans,Rodent,null,Good,1990,1990,Successful,Whole Island,Toxicant,NA,NA,Aerial Broadcast,NA,Brodifacoum,NA,McFadden; I,NZ Dept. of Conservation,null,31015,Flax (Hokoromea),Pacific Ocean - South West,New Zealand,Mokohinau Islands,-35.91151522,175.1039164,0.114242019,None
888,1148,Polynesian Rat,Rattus exulans,Rodent,null,Satisfactory,1990,1990,Successful,Whole Island,Toxicant,NA,NA,Aerial Broadcast,NA,Brodifacoum,NA,McFadden; I,NZ Dept. of Conservation,null,66666604,Stack E,Pacific Ocean - South West,New Zealand,Mokohinau Islands,-35.9115079,175.1003526,0.00161258,None
859,1117,Polynesian Rat,Rattus exulans,Rodent,null,Good,1990,1991,Successful,Whole Island,Toxicant,NA,NA,Aerial Broadcast,NA,Brodifacoum,NA,McFadden; I,NZ Dept. of Conservation,null,463840,Arch,Pacific Ocean - South West,New Zealand,Mokohinau Islands,-35.91047344,175.1016881,0.008781561,None
861,1118,Polynesian Rat,Rattus exulans,Rodent,1977,Satisfactory,1978,1978,Successful,Whole Island,Toxicant,NA,NA,Hand Broadcast,NA,Bromadiolone,NA,Veitch; C.R.,NZ Dept. of Conservation,null,31014,Lizard,Pacific Ocean - South West,New Zealand,Mokohinau Islands,-35.90933129,175.1135628,0.029170237,None
887,1147,Polynesian Rat,Rattus exulans,Rodent,null,Satisfactory,1990,1990,Successful,Whole Island,Toxicant,NA,NA,Aerial Broadcast,NA,Brodifacoum,NA,McFadden; I,NZ Dept. of Conservation,null,66666603,Stack D,Pacific Ocean - South West,New Zealand,Mokohinau Islands,-35.90839037,175.105326,0.010233705,None
885,1146,Polynesian Rat,Rattus exulans,Rodent,null,Good,1990,1990,Successful,Whole Island,Toxicant,NA,NA,Aerial Broadcast,NA,Brodifacoum,NA,McFadden; I,NZ Dept. of Conservation,null,31016,Stack C (Motupapa),Pacific Ocean - South West,New Zealand,Mokohinau Islands,-35.90776592,175.1032637,0.027907362,None
884,1145,Polynesian Rat,Rattus exulans,Rodent,1900,Satisfactory,1990,1990,Successful,Whole Island,Toxicant,NA,NA,Aerial Broadcast,NA,Brodifacoum,NA,McFadden; I,NZ Dept. of Conservation,null,66666602,Stack B,Pacific Ocean - South West,New Zealand,Mokohinau Islands,-35.90672167,175.1038192,0.005346991,None
342,444,Polynesian Rat,Rattus exulans,Rodent,null,Good,1990,1990,Successful,Whole Island,Toxicant,NA,NA,Aerial Broadcast,Hand Broadcast,Brodifacoum,NA,McFadden; I,NZ Dept. of Conservation,null,31017,Burgess,Pacific Ocean - South West,New Zealand,Mokohinau Islands,-35.90429006,175.113124,0.600382464,11 - 100
128,151,Polynesian Rat,Rattus exulans,Rodent,1800,Satisfactory,1994,1994,Successful,Whole Island,Toxicant,NA,NA,Aerial Broadcast,NA,Brodifacoum,NA,Hawkins; K.,NZ Dept. of Conservation,null,26833,Lady Alice (Mauimua),Pacific Ocean - South West,New Zealand,Hen and Chicken Islands,-35.8898964,174.7280744,1.422812343,None
1699,2621,Black Rat,Rattus rattus,Rodent,null,Satisfactory,2009,2009,Successful,Incursion Response,Trapping,NA,NA,NA,NA,NA,NA,null,null,null,26833,Lady Alice (Mauimua),Pacific Ocean - South West,New Zealand,Hen and Chicken Islands,-35.8898964,174.7280744,1.422812343,None
123,146,Polynesian Rat,Rattus exulans,Rodent,null,Satisfactory,1993,1993,Successful,Whole Island,Toxicant,NA,NA,Aerial Broadcast,Hand Broadcast,Brodifacoum,NA,Hawkins; K.,NZ Dept. of Conservation,null,26862,Whatupuke (Mauiroto),Pacific Ocean - South West,New Zealand,Hen and Chicken Islands,-35.88954011,174.7540295,0.903676672,None
1700,2622,Black Rat,Rattus rattus,Rodent,null,Good,2009,2009,Successful,Incursion Response,Trapping,NA,NA,NA,NA,NA,NA,Hawkins; K.,NZ Dept. of Conservation,null,26862,Whatupuke (Mauiroto),Pacific Ocean - South West,New Zealand,Hen and Chicken Islands,-35.88954011,174.7540295,0.903676672,None
253,325,Polynesian Rat,Rattus exulans,Rodent,null,Satisfactory,1997,1997,Successful,Whole Island,Toxicant,NA,NA,Aerial Broadcast,NA,Brodifacoum,NA,Hawkins; K.,NZ Dept. of Conservation,null,26863,Coppermine,Pacific Ocean - South West,New Zealand,Hen and Chicken Islands,-35.8886159,174.7721267,0.757750325,None
334,435,Polynesian Rat,Rattus exulans,Rodent,null,Satisfactory,1992,1992,Failed,Whole Island,Toxicant,NA,NA,Bait Station,NA,Brodifacoum,NA,Hawkins; K.,NZ Dept. of Conservation,null,26863,Coppermine,Pacific Ocean - South West,New Zealand,Hen and Chicken Islands,-35.8886159,174.7721267,0.757750325,None
1240,1976,House Mouse,Mus musculus,Rodent,null,Poor,null,null,Successful,Whole Island,Toxicant,NA,NA,Unknown,NA,Brodifacoum,NA,Broome; Keith,NZ Dept. of Conservation,null,88888084,Rabbit,Pacific Ocean - South West,New Zealand,Whangarei Harbour,-35.79145839,174.3470354,0.095914078,None
58,72,House Mouse,Mus musculus,Rodent,null,Poor,1998,1998,Failed,Whole Island,Toxicant,NA,NA,Aerial Broadcast,NA,Brodifacoum,NA,Broome; Keith,NZ Dept. of Conservation,null,464065,Matakohe (Limestone/Whangarei),Pacific Ocean - South West,New Zealand,Whangarei Harbour,-35.7841762,174.3592187,0.382269783,None
59,73,Brown / Norway Rat,Rattus norvegicus,Rodent,null,Satisfactory,1996,1998,Successful,Whole Island,Toxicant,NA,NA,Bait Station,NA,Brodifacoum,NA,Broome; Keith,NZ Dept. of Conservation,null,464065,Matakohe (Limestone/Whangarei),Pacific Ocean - South West,New Zealand,Whangarei Harbour,-35.7841762,174.3592187,0.382269783,None
255,327,House Mouse,Mus musculus,Rodent,null,Poor,2001,2001,Failed,Whole Island,Toxicant,NA,NA,Bait Station,NA,Brodifacoum,NA,Broome; Keith,NZ Dept. of Conservation,null,464065,Matakohe (Limestone/Whangarei),Pacific Ocean - South West,New Zealand,Whangarei Harbour,-35.7841762,174.3592187,0.382269783,None
1477,2362,House Mouse,Mus musculus,Rodent,null,Poor,1997,1997,Failed,Whole Island,Toxicant,NA,NA,Aerial Broadcast,NA,Brodifacoum,NA,Broome; Keith,NZ Dept. of Conservation,null,464065,Matakohe (Limestone/Whangarei),Pacific Ocean - South West,New Zealand,Whangarei Harbour,-35.7841762,174.3592187,0.382269783,None
1666,2575,House Mouse,Mus musculus,Rodent,null,Poor,1996,1996,Failed,Whole Island,Toxicant,NA,NA,Aerial Broadcast,NA,Brodifacoum,NA,Craw; J.,Auckland Councit,null,464065,Matakohe (Limestone/Whangarei),Pacific Ocean - South West,New Zealand,Whangarei Harbour,-35.7841762,174.3592187,0.382269783,None
699,906,Black Rat,Rattus rattus,Rodent,1932,Good,2005,2005,Successful,Whole Island,Toxicant,NA,NA,Bait Station,NA,Brodifacoum,NA,Priddel; David,NSW Department of Environment Climate Change and Water,null,21697,Brush,Pacific Ocean - South West,Australia,New South Wales,-35.52914213,150.4168817,0.410562031,None
1703,2625,House Mouse,Mus musculus,Rodent,null,Satisfactory,2002,2002,Successful,Incursion Response,Trapping,Toxicant,NA,Bait Station,NA,Unknown,NA,null,null,null,31048,Aorangi,Pacific Ocean - South West,New Zealand,Poor Knights Islands,-35.4815512,174.739333,1.102515929,None
672,870,House Mouse,Mus musculus,Rodent,null,Good,1989,1991,Successful,Whole Island,Toxicant,NA,NA,Bait Station,NA,Bromadiolone,NA,Smuts-Kennedy; C.,NZ Dept. of Conservation,null,464058,Rimariki (Wide Berth),Pacific Ocean - South West,New Zealand,Kaituna Bay,-35.42446886,174.4416101,0.282086807,None
1137,1815,Black Rat,Rattus rattus,Rodent,null,Poor,null,2005,Successful,Whole Island,Unknown,Unknown,Unknown,Unknown,Unknown,Unknown,Unknown,Broome; Keith,NZ Dept. of Conservation,null,110000216,Motukaraka,Pacific Ocean - South West,New Zealand,Hokianga Harbour,-35.39046811,173.4828504,0.155363326,None
1757,2692,Brown / Norway Rat,Rattus norvegicus,Rodent,null,Poor,1990,1990,Successful,Whole Island,Toxicant,NA,NA,Unknown,Unknown,Unknown,Unknown,null,null,null,110000237,Motiti,Pacific Ocean - South West,New Zealand,Hokianga Harbour,-35.3531485,173.552736,0.002038342,None
950,1218,Black Rat,Rattus rattus,Rodent,null,Poor,1990,null,Incomplete,Whole Island,Toxicant,NA,NA,Unknown,NA,Unknown,NA,Taylor; D.,null,null,990000200,Fortyseven,Pacific Ocean - South West,New Zealand,Bay of Islands,-35.237948,174.134065,0.01,None
1346,2183,Brown / Norway Rat,Rattus norvegicus,Rodent,null,Good,2009,2009,Successful,Whole Island,Toxicant,NA,NA,Aerial Broadcast,NA,Brodifacoum,NA,null,null,null,464039,Motuarohia,Pacific Ocean - South West,New Zealand,Bay of Islands,-35.233027,174.1657474,0.822825653,Unknown
1878,2903,Brown / Norway Rat,Rattus norvegicus,Rodent,null,Good,2014,null,In Progress,Incursion Response,Trapping,NA,NA,NA,NA,NA,NA,null,null,null,464039,Motuarohia,Pacific Ocean - South West,New Zealand,Bay of Islands,-35.233027,174.1657474,0.822825653,Unknown
1139,1821,Black Rat,Rattus rattus,Rodent,null,Satisfactory,2009,2009,Successful,Whole Island,Toxicant,NA,NA,Aerial Broadcast,NA,Brodifacoum,NA,Broome; Keith,NZ Dept. of Conservation,null,88888072,Pakatahi,Pacific Ocean - South West,New Zealand,Bay of Islands (Moturoa),-35.23115647,174.2000723,0.004585925,None
1180,1885,Brown / Norway Rat,Rattus norvegicus,Rodent,null,Satisfactory,2009,2009,Successful,Whole Island,Toxicant,NA,NA,Aerial Broadcast,NA,Brodifacoum,NA,Broome; Keith,NZ Dept. of Conservation,null,88888072,Pakatahi,Pacific Ocean - South West,New Zealand,Bay of Islands (Moturoa),-35.23115647,174.2000723,0.004585925,None
1136,1814,Black Rat,Rattus rattus,Rodent,null,Satisfactory,2009,2009,Successful,Whole Island,Toxicant,NA,NA,Aerial Broadcast,NA,Brodifacoum,NA,Broome; Keith,NZ Dept. of Conservation,null,88888068,Kuiamokimoki,Pacific Ocean - South West,New Zealand,Bay of Islands (Moturoa),-35.23039829,174.19849,0.00405784,None
1175,1876,Brown / Norway Rat,Rattus norvegicus,Rodent,null,Satisfactory,2009,2009,Successful,Whole Island,Toxicant,NA,NA,Aerial Broadcast,NA,Brodifacoum,NA,Broome; Keith,NZ Dept. of Conservation,null,88888068,Kuiamokimoki,Pacific Ocean - South West,New Zealand,Bay of Islands (Moturoa),-35.23039829,174.19849,0.00405784,None
1163,1861,Brown / Norway Rat,Rattus norvegicus,Rodent,null,Satisfactory,2009,2009,Successful,Whole Island,Toxicant,NA,NA,Aerial Broadcast,NA,Brodifacoum,NA,Broome; Keith,NZ Dept. of Conservation,null,88888064,Poroporo,Pacific Ocean - South West,New Zealand,Bay of Islands,-35.22900794,174.224338,0.07357793,None
1141,1823,Black Rat,Rattus rattus,Rodent,null,Satisfactory,2009,2009,Successful,Whole Island,Toxicant,NA,NA,Aerial Broadcast,NA,Brodifacoum,NA,Broome; Keith,NZ Dept. of Conservation,null,88888066,Round,Pacific Ocean - South West,New Zealand,Bay of Islands (Urupukapuka),-35.22818295,174.2366307,0.015534053,None
1182,1887,Brown / Norway Rat,Rattus norvegicus,Rodent,null,Satisfactory,2009,2009,Successful,Whole Island,Toxicant,NA,NA,Aerial Broadcast,NA,Brodifacoum,NA,Broome; Keith,NZ Dept. of Conservation,null,88888066,Round,Pacific Ocean - South West,New Zealand,Bay of Islands (Urupukapuka),-35.22818295,174.2366307,0.015534053,None
1100,1740,Black Rat,Rattus rattus,Rodent,null,Satisfactory,2009,2009,Successful,Whole Island,Toxicant,NA,NA,Aerial Broadcast,NA,Brodifacoum,NA,Broome; Keith,NZ Dept. of Conservation,null,88888074,Te Ao,Pacific Ocean - South West,New Zealand,Bay of Islands (Urupukapuka),-35.22760283,174.2414585,0.013085667,None
1161,1858,Brown / Norway Rat,Rattus norvegicus,Rodent,null,Satisfactory,2009,2009,Successful,Whole Island,Toxicant,NA,NA,Aerial Broadcast,NA,Brodifacoum,NA,Broome; Keith,NZ Dept. of Conservation,null,88888074,Te Ao,Pacific Ocean - South West,New Zealand,Bay of Islands (Urupukapuka),-35.22760283,174.2414585,0.013085667,None
1103,1743,Black Rat,Rattus rattus,Rodent,null,Satisfactory,2009,2009,Successful,Whole Island,Toxicant,NA,NA,Aerial Broadcast,NA,Brodifacoum,NA,Broome; Keith,NZ Dept. of Conservation,null,88888075,Mahenotiti,Pacific Ocean - South West,New Zealand,Bay of Islands (Urupukapuka),-35.22754213,174.2479817,0.008941625,None
1162,1859,Brown / Norway Rat,Rattus norvegicus,Rodent,null,Satisfactory,2009,2009,Successful,Whole Island,Toxicant,NA,NA,Aerial Broadcast,NA,Brodifacoum,NA,Broome; Keith,NZ Dept. of Conservation,null,88888075,Mahenotiti,Pacific Ocean - South West,New Zealand,Bay of Islands (Urupukapuka),-35.22754213,174.2479817,0.008941625,None
1065,1693,Black Rat,Rattus rattus,Rodent,null,Good,2009,2009,Successful,Whole Island,Toxicant,NA,NA,Aerial Broadcast,NA,Brodifacoum,NA,Broome; Keith,NZ Dept. of Conservation,null,459035,Moturua,Pacific Ocean - South West,New Zealand,Bay of Islands,-35.2236004,174.1909514,1.685443111,None
1148,1841,Brown / Norway Rat,Rattus norvegicus,Rodent,null,Good,2009,2009,Successful,Whole Island,Toxicant,NA,NA,Aerial Broadcast,NA,Brodifacoum,NA,Broome; Keith,NZ Dept. of Conservation,null,459035,Moturua,Pacific Ocean - South West,New Zealand,Bay of Islands,-35.2236004,174.1909514,1.685443111,None
1249,1986,Polynesian Rat,Rattus exulans,Rodent,null,Good,2009,2009,Successful,Whole Island,Toxicant,NA,NA,Aerial Broadcast,NA,Brodifacoum,NA,Broome; Keith,NZ Dept. of Conservation,null,459035,Moturua,Pacific Ocean - South West,New Zealand,Bay of Islands,-35.2236004,174.1909514,1.685443111,None
1675,2591,House Mouse,Mus musculus,Rodent,null,Good,2011,2011,Successful,Incursion Response,Trapping,NA,NA,Bait Station,NA,Brodifacoum,NA,null,null,null,459035,Moturua,Pacific Ocean - South West,New Zealand,Bay of Islands,-35.2236004,174.1909514,1.685443111,None
1179,1881,Brown / Norway Rat,Rattus norvegicus,Rodent,null,Satisfactory,2009,2009,Successful,Whole Island,Toxicant,NA,NA,Aerial Broadcast,NA,Brodifacoum,NA,Broome; Keith,NZ Dept. of Conservation,null,88888071,Ngatokaparangi 3,Pacific Ocean - South West,New Zealand,Bay of Islands (Motukiekie),-35.2234912,174.2080844,0.003573055,None
1178,1880,Brown / Norway Rat,Rattus norvegicus,Rodent,null,Satisfactory,2009,2009,Successful,Whole Island,Toxicant,NA,NA,Aerial Broadcast,NA,Brodifacoum,NA,Broome; Keith,NZ Dept. of Conservation,null,88888065,Ngatokaparangi 2,Pacific Ocean - South West,New Zealand,Bay of Islands (Motukiekie),-35.22250802,174.2110907,0.002119843,None
1177,1879,Brown / Norway Rat,Rattus norvegicus,Rodent,null,Satisfactory,2009,2009,Successful,Whole Island,Toxicant,NA,NA,Aerial Broadcast,NA,Brodifacoum,NA,Broome; Keith,NZ Dept. of Conservation,null,88888070,Ngatokaparangi 1,Pacific Ocean - South West,New Zealand,Bay of Islands (Motukiekie),-35.22244456,174.2086656,0.005230986,None
1138,1816,Black Rat,Rattus rattus,Rodent,null,Satisfactory,2009,2009,Successful,Whole Island,Toxicant,NA,NA,Aerial Broadcast,NA,Brodifacoum,NA,Broome; Keith,NZ Dept. of Conservation,null,88888069,Motuoi,Pacific Ocean - South West,New Zealand,Bay of Islands (Moturoa),-35.21909192,174.1819477,0.024250596,None
1176,1877,Brown / Norway Rat,Rattus norvegicus,Rodent,null,Satisfactory,2009,2009,Successful,Whole Island,Toxicant,NA,NA,Aerial Broadcast,NA,Brodifacoum,NA,Broome; Keith,NZ Dept. of Conservation,null,88888069,Motuoi,Pacific Ocean - South West,New Zealand,Bay of Islands (Moturoa),-35.21909192,174.1819477,0.024250596,None
1140,1822,Black Rat,Rattus rattus,Rodent,null,Satisfactory,2009,2009,Successful,Whole Island,Toxicant,NA,NA,Aerial Broadcast,NA,Brodifacoum,NA,Broome; Keith,NZ Dept. of Conservation,null,88888073,Rangiatea,Pacific Ocean - South West,New Zealand,Bay of Islands (Moturoa),-35.21804184,174.1797091,0.016556454,None
1181,1886,Brown / Norway Rat,Rattus norvegicus,Rodent,null,Satisfactory,2009,2009,Successful,Whole Island,Toxicant,NA,NA,Aerial Broadcast,NA,Brodifacoum,NA,Broome; Keith,NZ Dept. of Conservation,null,88888073,Rangiatea,Pacific Ocean - South West,New Zealand,Bay of Islands (Moturoa),-35.21804184,174.1797091,0.016556454,None
1134,1812,Black Rat,Rattus rattus,Rodent,null,Satisfactory,2009,2009,Successful,Whole Island,Toxicant,NA,NA,Aerial Broadcast,NA,Brodifacoum,NA,Broome; Keith,NZ Dept. of Conservation,null,26832,Hat,Pacific Ocean - South West,New Zealand,Bay of Islands (Urupukapuka),-35.21722652,174.2524414,0.000341013,None
1174,1875,Brown / Norway Rat,Rattus norvegicus,Rodent,null,Satisfactory,2009,2009,Successful,Whole Island,Toxicant,NA,NA,Aerial Broadcast,NA,Brodifacoum,NA,Broome; Keith,NZ Dept. of Conservation,null,26832,Hat,Pacific Ocean - South West,New Zealand,Bay of Islands (Urupukapuka),-35.21722652,174.2524414,0.000341013,None
1056,1684,Black Rat,Rattus rattus,Rodent,null,Good,2009,2009,Successful,Whole Island,Toxicant,NA,NA,Aerial Broadcast,NA,Brodifacoum,NA,Broome; Keith,NZ Dept. of Conservation,null,459034,Urupukapuka,Pacific Ocean - South West,New Zealand,Bay of Islands,-35.21482764,174.2318392,2.494700517,Unknown
1147,1839,Brown / Norway Rat,Rattus norvegicus,Rodent,null,Good,2009,2009,Successful,Whole Island,Toxicant,NA,NA,Aerial Broadcast,NA,Brodifacoum,NA,Broome; Keith,NZ Dept. of Conservation,null,459034,Urupukapuka,Pacific Ocean - South West,New Zealand,Bay of Islands,-35.21482764,174.2318392,2.494700517,Unknown
1611,2512,Brown / Norway Rat,Rattus norvegicus,Rodent,null,Good,2009,2010,Successful,Incursion Response,Trapping,NA,NA,Unknown,NA,Unknown,NA,null,null,null,459034,Urupukapuka,Pacific Ocean - South West,New Zealand,Bay of Islands,-35.21482764,174.2318392,2.494700517,Unknown
1612,2513,Brown / Norway Rat,Rattus norvegicus,Rodent,null,Good,2014,2014,Successful,Incursion Response,Trapping,NA,NA,Unknown,NA,Unknown,NA,null,null,null,459034,Urupukapuka,Pacific Ocean - South West,New Zealand,Bay of Islands,-35.21482764,174.2318392,2.494700517,Unknown
1153,1848,Brown / Norway Rat,Rattus norvegicus,Rodent,null,Good,2009,2009,Successful,Whole Island,Toxicant,NA,NA,Aerial Broadcast,NA,Brodifacoum,NA,Broome; Keith,NZ Dept. of Conservation,null,88888067,Motutara,Pacific Ocean - South West,New Zealand,Bay of Islands (Motukiekie),-35.21439622,174.1950463,0.006875178,Unknown
1407,2280,Brown / Norway Rat,Rattus norvegicus,Rodent,null,Poor,1992,1992,Successful (Reinvaded),Whole Island,Toxicant,NA,NA,Bait Station,NA,Brodifacoum,NA,Unknown,Unknown,Unknown,88888098,Outer Stuck Anchor Rock,Pacific Ocean - South West,New Zealand,Bay of Islands (Black Rocks),-35.21171792,174.1130798,0.004859444,None
1408,2281,Black Rat,Rattus rattus,Rodent,null,Poor,1992,1992,Successful (Reinvaded),Whole Island,Toxicant,NA,NA,Bait Station,NA,Brodifacoum,NA,Unknown,Unknown,Unknown,88888098,Outer Stuck Anchor Rock,Pacific Ocean - South West,New Zealand,Bay of Islands (Black Rocks),-35.21171792,174.1130798,0.004859444,None
1405,2278,Brown / Norway Rat,Rattus norvegicus,Rodent,null,Poor,1992,1992,Successful (Reinvaded),Whole Island,Toxicant,NA,NA,Bait Station,NA,Brodifacoum,NA,Unknown,Unknown,Unknown,88888100,Stuck Anchor Rock,Pacific Ocean - South West,New Zealand,Bay of Islands (Black Rocks),-35.21017846,174.1122491,0.004084785,None
1406,2279,Black Rat,Rattus rattus,Rodent,null,Poor,1992,1992,Successful (Reinvaded),Whole Island,Toxicant,NA,NA,Bait Station,NA,Brodifacoum,NA,Unknown,Unknown,Unknown,88888100,Stuck Anchor Rock,Pacific Ocean - South West,New Zealand,Bay of Islands (Black Rocks),-35.21017846,174.1122491,0.004084785,None
259,332,Black Rat,Rattus rattus,Rodent,null,Poor,1993,1993,Successful (Reinvaded),Whole Island,Toxicant,NA,NA,Hand Broadcast,Bait Station,Brodifacoum,NA,Broome; Keith,NZ Dept. of Conservation,null,463831,Moturoa,Pacific Ocean - South West,New Zealand,Bay of Islands (Black Rocks),-35.20988997,174.0898421,1.865396984,None
301,390,Brown / Norway Rat,Rattus norvegicus,Rodent,null,Poor,1993,1993,Successful (Reinvaded),Whole Island,Toxicant,NA,NA,Hand Broadcast,Bait Station,Brodifacoum,NA,Asquith; P.,null,null,463831,Moturoa,Pacific Ocean - South West,New Zealand,Bay of Islands (Black Rocks),-35.20988997,174.0898421,1.865396984,None
1374,2218,Brown / Norway Rat,Rattus norvegicus,Rodent,null,Poor,2003,2004,Successful (Reinvaded),Whole Island,Toxicant,NA,NA,Hand Broadcast,NA,Brodifacoum,NA,null,null,null,463831,Moturoa,Pacific Ocean - South West,New Zealand,Bay of Islands (Black Rocks),-35.20988997,174.0898421,1.865396984,None
1111,1751,Black Rat,Rattus rattus,Rodent,null,Poor,1992,1992,Successful (Reinvaded),Whole Island,Toxicant,NA,NA,Bait Station,NA,Brodifacoum,NA,Unknown,Unknown,Unknown,88888093,Battleship Rock,Pacific Ocean - South West,New Zealand,Bay of Islands (Black Rocks),-35.20873745,174.1143323,0.022153023,None
1164,1862,Brown / Norway Rat,Rattus norvegicus,Rodent,null,Poor,1992,1992,Successful (Reinvaded),Whole Island,Toxicant,NA,NA,Bait Station,NA,Brodifacoum,NA,Unknown,Unknown,Unknown,88888093,Battleship Rock,Pacific Ocean - South West,New Zealand,Bay of Islands (Black Rocks),-35.20873745,174.1143323,0.022153023,None
1129,1793,Black Rat,Rattus rattus,Rodent,null,Satisfactory,1992,1992,Successful (Reinvaded),Whole Island,Toxicant,NA,NA,Bait Station,NA,Brodifacoum,NA,Unknown,Unknown,Unknown,110000204,Phil's Hat,Pacific Ocean - South West,New Zealand,Bay of Islands (Black Rocks),-35.20675354,174.1062553,0.006460508,None
1171,1871,Brown / Norway Rat,Rattus norvegicus,Rodent,null,Poor,1992,1992,Successful (Reinvaded),Whole Island,Toxicant,NA,NA,Bait Station,NA,Brodifacoum,NA,Unknown,Unknown,Unknown,110000204,Phil's Hat,Pacific Ocean - South West,New Zealand,Bay of Islands (Black Rocks),-35.20675354,174.1062553,0.006460508,None
1403,2276,Brown / Norway Rat,Rattus norvegicus,Rodent,null,Poor,1992,1992,Successful (Reinvaded),Whole Island,Toxicant,NA,NA,Bait Station,NA,Brodifacoum,NA,Unknown,Unknown,Unknown,88888101,South Crater Rim,Pacific Ocean - South West,New Zealand,Bay of Islands (Black Rocks),-35.20532153,174.1117711,0.017967541,None
1404,2277,Black Rat,Rattus rattus,Rodent,null,Poor,1992,1992,Successful (Reinvaded),Whole Island,Toxicant,NA,NA,Bait Station,NA,Brodifacoum,NA,Unknown,Unknown,Unknown,88888101,South Crater Rim,Pacific Ocean - South West,New Zealand,Bay of Islands (Black Rocks),-35.20532153,174.1117711,0.017967541,None
940,1206,Black Rat,Rattus rattus,Rodent,null,Poor,1992,1992,Successful (Reinvaded),Whole Island,Toxicant,NA,NA,Bait Station,NA,Brodifacoum,NA,Taylor; D.,null,null,463837,Little Rat,Pacific Ocean - South West,New Zealand,Bay of Islands (Black Rocks),-35.20475981,174.0992937,0.006763651,None
1173,1873,Brown / Norway Rat,Rattus norvegicus,Rodent,null,Poor,1992,1992,Successful (Reinvaded),Whole Island,Toxicant,NA,NA,Bait Station,NA,Brodifacoum,NA,null,null,null,463837,Little Rat,Pacific Ocean - South West,New Zealand,Bay of Islands (Black Rocks),-35.20475981,174.0992937,0.006763651,None
1152,1847,Brown / Norway Rat,Rattus norvegicus,Rodent,null,Good,2009,2009,Successful,Whole Island,Toxicant,NA,NA,Aerial Broadcast,NA,Brodifacoum,NA,Broome; Keith,NZ Dept. of Conservation,null,464045,Waewaetorea,Pacific Ocean - South West,New Zealand,Bay of Islands,-35.20454206,174.2159249,0.657035321,None
122,143,Brown / Norway Rat,Rattus norvegicus,Rodent,null,Satisfactory,1990,1990,Successful,Whole Island,Toxicant,NA,NA,Unknown,NA,Unknown,NA,Broome; Keith,NZ Dept. of Conservation,null,464154,Taranaki,Pacific Ocean - South West,New Zealand,Bay of Islands,-35.20377585,174.0135833,0.01590206,None
1401,2274,Brown / Norway Rat,Rattus norvegicus,Rodent,null,Poor,1992,1992,Successful (Reinvaded),Whole Island,Toxicant,NA,NA,Bait Station,NA,Brodifacoum,NA,Unknown,Unknown,Unknown,88888096,NE Crater Rim,Pacific Ocean - South West,New Zealand,Bay of Islands (Black Rocks),-35.20350583,174.1127129,0.007840979,None
1402,2275,Black Rat,Rattus rattus,Rodent,null,Poor,1992,1992,Successful (Reinvaded),Whole Island,Toxicant,NA,NA,Bait Station,NA,Brodifacoum,NA,Unknown,Unknown,Unknown,88888096,NE Crater Rim,Pacific Ocean - South West,New Zealand,Bay of Islands (Black Rocks),-35.20350583,174.1127129,0.007840979,None
927,1194,Black Rat,Rattus rattus,Rodent,null,Poor,1992,1992,Successful (Reinvaded),Whole Island,Toxicant,NA,NA,Bait Station,NA,Brodifacoum,NA,Unknown,Unknown,Unknown,110000202,Rat,Pacific Ocean - South West,New Zealand,Bay of Islands (Black Rocks),-35.20344009,174.0986825,0.014047756,None
1172,1872,Brown / Norway Rat,Rattus norvegicus,Rodent,null,Poor,1992,1992,Successful (Reinvaded),Whole Island,Toxicant,NA,NA,Bait Station,NA,Brodifacoum,NA,Unknown,Unknown,Unknown,110000202,Rat,Pacific Ocean - South West,New Zealand,Bay of Islands (Black Rocks),-35.20344009,174.0986825,0.014047756,None
937,1205,Brown / Norway Rat,Rattus norvegicus,Rodent,null,Poor,1992,1992,Successful (Reinvaded),Whole Island,Toxicant,NA,NA,Bait Station,NA,Brodifacoum,NA,Unknown,Unknown,Unknown,110000201,Mouse,Pacific Ocean - South West,New Zealand,Bay of Islands (Black Rocks),-35.20337348,174.1032424,0.012366729,None
1131,1795,Black Rat,Rattus rattus,Rodent,null,Poor,1992,1992,Successful (Reinvaded),Whole Island,Toxicant,NA,NA,Bait Station,NA,Brodifacoum,NA,Unknown,Unknown,Unknown,110000201,Mouse,Pacific Ocean - South West,New Zealand,Bay of Islands (Black Rocks),-35.20337348,174.1032424,0.012366729,None
1170,1870,Brown / Norway Rat,Rattus norvegicus,Rodent,null,Satisfactory,2009,2009,Successful,Whole Island,Toxicant,NA,NA,Aerial Broadcast,NA,Brodifacoum,NA,Broome; Keith,NZ Dept. of Conservation,null,88888086,Motungarara (Cliff Rock),Pacific Ocean - South West,New Zealand,Bay of Islands (Okahu Island),-35.20296911,174.2044992,0.01266192,None
1399,2272,Brown / Norway Rat,Rattus norvegicus,Rodent,null,Poor,1992,1992,Successful (Reinvaded),Whole Island,Toxicant,NA,NA,Bait Station,NA,Brodifacoum,NA,Unknown,Unknown,Unknown,88888097,NW Crater Rim,Pacific Ocean - South West,New Zealand,Bay of Islands (Black Rocks),-35.2029227,174.1108509,0.010369861,None
1400,2273,Black Rat,Rattus rattus,Rodent,null,Poor,1992,1992,Successful (Reinvaded),Whole Island,Toxicant,NA,NA,Bait Station,NA,Brodifacoum,NA,Unknown,Unknown,Unknown,88888097,NW Crater Rim,Pacific Ocean - South West,New Zealand,Bay of Islands (Black Rocks),-35.2029227,174.1108509,0.010369861,None
941,1207,Brown / Norway Rat,Rattus norvegicus,Rodent,null,Poor,1992,1992,Successful (Reinvaded),Whole Island,Toxicant,NA,NA,Bait Station,NA,Brodifacoum,NA,Unknown,Unknown,Unknown,110000200,West Atoll,Pacific Ocean - South West,New Zealand,Bay of Islands (Black Rocks),-35.20218735,174.0789085,0.015209873,None
1130,1794,Black Rat,Rattus rattus,Rodent,null,Poor,1992,1992,Successful (Reinvaded),Whole Island,Toxicant,NA,NA,Bait Station,NA,Brodifacoum,NA,Unknown,Unknown,Unknown,110000200,West Atoll,Pacific Ocean - South West,New Zealand,Bay of Islands (Black Rocks),-35.20218735,174.0789085,0.015209873,None
902,1166,Brown / Norway Rat,Rattus norvegicus,Rodent,null,Poor,1992,1992,Successful (Reinvaded),Whole Island,Toxicant,NA,NA,Bait Station,NA,Brodifacoum,NA,Unknown,Unknown,Unknown,463836,East Atoll,Pacific Ocean - South West,New Zealand,Bay of Islands (Black Rocks),-35.20201921,174.0804658,0.007486779,None
1387,2261,Black Rat,Rattus rattus,Rodent,null,Poor,1992,1992,Successful (Reinvaded),Whole Island,Toxicant,NA,NA,Bait Station,NA,Brodifacoum,NA,Broome; Keith,NZ Dept. of Conservation,null,463836,East Atoll,Pacific Ocean - South West,New Zealand,Bay of Islands (Black Rocks),-35.20201921,174.0804658,0.007486779,None
1397,2270,Brown / Norway Rat,Rattus norvegicus,Rodent,null,Poor,1992,1992,Successful (Reinvaded),Whole Island,Toxicant,NA,NA,Bait Station,NA,Brodifacoum,NA,Unknown,Unknown,Unknown,88888095,Flat Top Rock,Pacific Ocean - South West,New Zealand,Bay of Islands (Black Rocks),-35.20101649,174.1110981,0.012760438,None
1398,2271,Black Rat,Rattus rattus,Rodent,null,Poor,1992,1992,Successful (Reinvaded),Whole Island,Toxicant,NA,NA,Bait Station,NA,Brodifacoum,NA,Unknown,Unknown,Unknown,88888095,Flat Top Rock,Pacific Ocean - South West,New Zealand,Bay of Islands (Black Rocks),-35.20101649,174.1110981,0.012760438,None
1388,2264,Brown / Norway Rat,Rattus norvegicus,Rodent,null,Poor,1992,1992,Successful (Reinvaded),Whole Island,Toxicant,NA,NA,Bait Station,NA,Brodifacoum,NA,Unknown,Unknown,Unknown,88888089,Outer Little Rat,Pacific Ocean - South West,New Zealand,Bay of Islands (Black Rocks),-35.20011152,174.0957646,0.007561758,None
1389,2265,Black Rat,Rattus rattus,Rodent,null,Poor,1992,1992,Successful (Reinvaded),Whole Island,Toxicant,NA,NA,Bait Station,NA,Brodifacoum,NA,Unknown,Unknown,Unknown,88888089,Outer Little Rat,Pacific Ocean - South West,New Zealand,Bay of Islands (Black Rocks),-35.20011152,174.0957646,0.007561758,None
1390,2266,Brown / Norway Rat,Rattus norvegicus,Rodent,null,Poor,1992,1992,Successful (Reinvaded),Whole Island,Toxicant,NA,NA,Bait Station,NA,Brodifacoum,NA,Unknown,Unknown,Unknown,88888088,West Tern Rock,Pacific Ocean - South West,New Zealand,Bay of Islands (Black Rocks),-35.19931853,174.1067185,0.004660482,None
1391,2267,Black Rat,Rattus rattus,Rodent,null,Poor,1992,1992,Successful (Reinvaded),Whole Island,Toxicant,NA,NA,Bait Station,NA,Brodifacoum,NA,Unknown,Unknown,Unknown,88888088,West Tern Rock,Pacific Ocean - South West,New Zealand,Bay of Islands (Black Rocks),-35.19931853,174.1067185,0.004660482,None
1392,2268,Brown / Norway Rat,Rattus norvegicus,Rodent,null,Poor,1992,1992,Successful (Reinvaded),Whole Island,Toxicant,NA,NA,Bait Station,NA,Brodifacoum,NA,Unknown,Unknown,Unknown,88888102,Tern Rock,Pacific Ocean - South West,New Zealand,Bay of Islands (Black Rocks),-35.19912512,174.1091402,0.011769261,None
1393,2269,Black Rat,Rattus rattus,Rodent,null,Poor,1992,1992,Successful (Reinvaded),Whole Island,Toxicant,NA,NA,Bait Station,NA,Brodifacoum,NA,Unknown,Unknown,Unknown,88888102,Tern Rock,Pacific Ocean - South West,New Zealand,Bay of Islands (Black Rocks),-35.19912512,174.1091402,0.011769261,None
930,1197,Brown / Norway Rat,Rattus norvegicus,Rodent,null,Satisfactory,1991,1991,Successful,Whole Island,Toxicant,NA,NA,Unknown,Unknown,Unknown,Unknown,Unknown,Unknown,Unknown,30590,Wainui,Pacific Ocean - South West,New Zealand,Bay of Islands,-35.19899865,174.0071967,0.017616068,None
1080,1712,Black Rat,Rattus rattus,Rodent,null,Satisfactory,2009,2009,Successful,Whole Island,Toxicant,NA,NA,Aerial Broadcast,NA,Brodifacoum,NA,Broome; Keith,NZ Dept. of Conservation,null,461560,Okahu,Pacific Ocean - South West,New Zealand,Bay of Islands,-35.19850051,174.2091029,0.331800385,None
1157,1852,Brown / Norway Rat,Rattus norvegicus,Rodent,null,Satisfactory,2009,2009,Successful,Whole Island,Toxicant,NA,NA,Aerial Broadcast,NA,Brodifacoum,NA,Broome; Keith,NZ Dept. of Conservation,null,461560,Okahu,Pacific Ocean - South West,New Zealand,Bay of Islands,-35.19850051,174.2091029,0.331800385,None
1571,2471,Brown / Norway Rat,Rattus norvegicus,Rodent,null,Satisfactory,1990,1990,Successful,Whole Island,Toxicant,NA,NA,Unknown,NA,Unknown,NA,null,null,null,110000203,Motutapu,Pacific Ocean - South West,New Zealand,Bay of Islands,-35.19288021,174.0179199,0.00402741,None
942,1208,Brown / Norway Rat,Rattus norvegicus,Rodent,null,Satisfactory,1985,1985,Successful,Whole Island,Toxicant,NA,NA,Unknown,Unknown,Unknown,Unknown,Taylor; D.,null,null,463838,Motuterahiki,Pacific Ocean - South West,New Zealand,Bay of Islands,-35.18530024,174.0952508,0.005428307,None
351,456,Black Rat,Rattus rattus,Rodent,null,Satisfactory,1992,null,Incomplete,Whole Island,Toxicant,NA,NA,Unknown,Unknown,Unknown,Unknown,Taylor; D.,null,null,464088,Harakeke (Galakek),Pacific Ocean - South West,New Zealand,Bay of Islands,-35.15568405,174.1326108,0.220959378,None
932,1199,Brown / Norway Rat,Rattus norvegicus,Rodent,1989,Satisfactory,1999,1999,Successful (Reinvaded),Whole Island,Toxicant,NA,NA,Unknown,Unknown,Unknown,Unknown,Parrish; R.,null,null,88888079,Unnamed Cape Wiwiki A (Snail Rock),Pacific Ocean - South West,New Zealand,Bay of Islands (Cape Wiwiki),-35.15366114,174.1222147,0.011000062,None
1128,1792,Black Rat,Rattus rattus,Rodent,null,Satisfactory,1989,1989,Successful (Reinvaded),Whole Island,Toxicant,NA,NA,Unknown,NA,Unknown,NA,Broome; Keith,NZ Dept. of Conservation,null,88888079,Unnamed Cape Wiwiki A (Snail Rock),Pacific Ocean - South West,New Zealand,Bay of Islands (Cape Wiwiki),-35.15366114,174.1222147,0.011000062,None
933,1200,Brown / Norway Rat,Rattus norvegicus,Rodent,1989,Satisfactory,1999,1999,Successful (Reinvaded),Whole Island,Toxicant,NA,NA,Unknown,Unknown,Unknown,Unknown,Unknown,Unknown,Unknown,88888080,Unnamed Cape Wiwiki B (Gorse Island),Pacific Ocean - South West,New Zealand,Bay of Islands (Cape Wiwiki),-35.15274242,174.1215032,0.005743159,None
952,1221,Black Rat,Rattus rattus,Rodent,null,Satisfactory,null,1989,Successful (Reinvaded),Whole Island,Toxicant,NA,NA,Unknown,NA,Unknown,NA,Unknown,Unknown,Unknown,88888080,Unnamed Cape Wiwiki B (Gorse Island),Pacific Ocean - South West,New Zealand,Bay of Islands (Cape Wiwiki),-35.15274242,174.1215032,0.005743159,None
703,911,Black Rat,Rattus rattus,Rodent,null,Good,1993,1995,Successful,Whole Island,Toxicant,NA,Toxicant,Bait Station,NA,Bromadiolone,Brodifacoum,Meek; Paul,NSW Department of Environment; Climate Change and Water,null,22254,Bowen,Pacific Ocean - South West,Australia,New South Wales,-35.11833399,150.7687107,0.675909646,None
668,865,Black Rat,Rattus rattus,Rodent,null,Poor,null,2003,Unknown,Whole Island,Toxicant,NA,NA,Unknown,NA,Brodifacoum,NA,Burbidge; A.A.,Department of Conservation and Land Management; Aus,null,20299,Shelter,Indian Ocean - East,Australia,Western Australia,-35.05082409,117.6929008,0.089554316,None
1982,2990,Black Rat,Rattus rattus,Rodent,2009,Satisfactory,2009,2010,To Be Confirmed,Whole Island,Trapping,Unknown,Unknown,Unknown,Unknown,Unknown,Unknown,null,null,null,21081,Thistle,Indian Ocean - East,Australia,Spencer Gulf,-34.99873363,136.1463699,40.99782984,11 - 100
1751,2681,Polynesian Rat,Rattus exulans,Rodent,null,Poor,2011,2011,Failed,Whole Island,Unknown,Unknown,Unknown,Unknown,Unknown,Unknown,Unknown,null,null,null,459036,Stephenson (Ririwha),Pacific Ocean - South West,New Zealand,Whangaroa Bay,-34.96352662,173.7804043,1.358657089,1-Oct
1753,2683,Polynesian Rat,Rattus exulans,Rodent,null,Poor,2011,2011,Failed,Whole Island,Toxicant,NA,NA,Bait Station,NA,Brodifacoum,NA,null,null,null,110000212,Cone,Pacific Ocean - South West,New Zealand,Whangaroa Bay,-34.95304454,173.7668127,0.108665379,None
756,980,Polynesian Rat,Rattus exulans,Rodent,null,Satisfactory,1989,1990,Successful,Whole Island,Toxicant,Trapping,NA,Bait Station,Other,Bromadiolone,NA,Beauchamp; Tony,DOC Northland,null,30691,Motuopao,Pacific Ocean - South West,New Zealand,Te Paki Islands,-34.47047512,172.6376409,0.289061403,None
1127,1791,Black Rat,Rattus rattus,Rodent,null,Poor,null,2007,Unknown,Whole Island,Toxicant,NA,NA,Unknown,NA,Unknown,NA,null,null,null,464017,Clifton Rocks 2,Atlantic Ocean - South,South Africa,South African Rocks,-33.9413594,18.36745784,0.009400266,None
695,902,Black Rat,Rattus rattus,Rodent,1960,Good,2009,2009,Successful,Whole Island,Toxicant,NA,NA,Aerial Broadcast,NA,Brodifacoum,NA,Priddel; David,NSW Department of Environment Climate Change and Water,null,25123,Looking Glas (South Rock),Pacific Ocean - South West,Australia,Myall Coast Islands,-32.62930348,152.3170464,0.040184827,None
694,901,Black Rat,Rattus rattus,Rodent,1960,Good,2009,2009,Successful,Whole Island,Toxicant,NA,NA,Aerial Broadcast,NA,Brodifacoum,NA,Priddel; David,NSW Department of Environment Climate Change and Water,null,25126,Little Broughton,Pacific Ocean - South West,Australia,Myall Coast Islands,-32.62108476,152.3336639,0.275940144,None
696,903,Black Rat,Rattus rattus,Rodent,1960,Good,2009,2011,Successful,Whole Island,Toxicant,Toxicant,Toxicant,Aerial Broadcast,Hand Broadcast,Brodifacoum,NA,Priddel; David,NSW Department of Environment Climate Change and Water,null,25214,Broughton,Pacific Ocean - South West,Australia,Myall Coast Islands,-32.61689943,152.3163473,1.478750452,None
1371,2215,Black Rat,Rattus rattus,Rodent,2012,Good,2013,2013,Successful,Whole Island,Toxicant,NA,NA,Bait Station,NA,Unknown,NA,null,null,null,20264,Penguin,Indian Ocean - East,Australia,Western Australia,-32.30548132,115.6907838,0.119366443,None
1531,2432,House Mouse,Mus musculus,Rodent,null,Good,null,null,Planned,Whole Island,Toxicant,NA,NA,Aerial Broadcast,Hand Broadcast,Brodifacoum,NA,Quinn Julie,AU Department of the Environment,http://environment.gov.au/,21142,Lord Howe,Pacific Ocean - South West,Australia,Lord Howe Islands,-31.55341133,159.0769287,15.98511799,101 - 1000
1532,2433,Black Rat,Rattus rattus,Rodent,1918,Good,null,null,Planned,Whole Island,Toxicant,NA,NA,Aerial Broadcast,Hand Broadcast,Brodifacoum,NA,Quinn Julie,AU Department of the Environment,http://environment.gov.au/,21142,Lord Howe,Pacific Ocean - South West,Australia,Lord Howe Islands,-31.55341133,159.0769287,15.98511799,101 - 1000
1246,1983,Polynesian Rat,Rattus exulans,Rodent,null,Satisfactory,2005,2006,Successful,Whole Island,Toxicant,NA,NA,Aerial Broadcast,NA,Brodifacoum,NA,Broome; Keith,NZ Dept. of Conservation,null,358107,Macauley,Pacific Ocean - South East,New Zealand,Kermadec Islands,-30.23216938,-178.4293933,2.28393482,None
1530,2431,House Mouse,Mus musculus,Rodent,null,Good,2014,2016,Successful,Whole Island,Toxicant,NA,NA,Hand Broadcast,NA,Brodifacoum,NA,Carlile N.,Office of Environment & Heritage NSW,https://www.researchgate.net/institution/Office_of_Environment_and_Heritage,464109,South Solitary,Pacific Ocean - South West,Australia,Solitary Islands,-30.2057055,153.267082,0.096524684,None
326,424,Polynesian Rat,Rattus exulans,Rodent,1300,Good,2002,2002,Successful,Whole Island,Toxicant,NA,NA,Aerial Broadcast,Bait Station,Brodifacoum,NA,Ambrose; M.,NZ Dept. of Conservation,null,353640,Raoul,Pacific Ocean - South East,New Zealand,Kermadec Islands,-29.26572148,-177.9294217,30.38400861,Unknown
1016,1285,Brown / Norway Rat,Rattus norvegicus,Rodent,1921,Good,2002,2002,Successful,Whole Island,Toxicant,NA,NA,Aerial Broadcast,Bait Station,Brodifacoum,NA,Ambrose; M.,NZ Dept. of Conservation,null,353640,Raoul,Pacific Ocean - South East,New Zealand,Kermadec Islands,-29.26572148,-177.9294217,30.38400861,Unknown
655,846,Black Rat,Rattus rattus,Rodent,null,Good,null,1993,Successful,Whole Island,Toxicant,NA,NA,Bait Station,NA,Pindone,NA,Burbidge; A.A.,Department of Conservation and Land Management; Aus,null,21666,Rat,Indian Ocean - East,Australia,Abrolhos Islands,-28.71449447,113.7844166,0.613725996,101 - 1000
410,532,Black Rat,Rattus rattus,Rodent,null,Satisfactory,null,1993,Successful,Whole Island,Toxicant,NA,NA,Bait Station,NA,Brodifacoum,NA,Burbidge; A.A.,Department of Conservation and Land Management; Aus,null,25317,Pigeon,Indian Ocean - East,Australia,Abrolhos Islands,-28.45399555,113.7267029,0.036390661,Unknown
1650,2558,House Mouse,Mus musculus,Rodent,1989,Good,2010,2012,Successful,Whole Island,Toxicant,NA,NA,Bait Station,Hand Broadcast,Brodifacoum,NA,null,null,null,332005,Three Bays,Indian Ocean - East,Australia,Western Australia,-26.55397648,113.6476192,0.044725435,None
219,274,Polynesian Rat,Rattus exulans,Rodent,null,Satisfactory,1998,1998,Failed,Whole Island,Toxicant,NA,NA,Hand Broadcast,NA,Brodifacoum,NA,Bell; Biz,National Trust; RSPB; English Nature; Wildlife Management International Limited,null,358145,Pitcairn,Pacific Ocean - South East,Pitcairn,Pitcairn Islands,-25.06985602,-130.1057887,4.040446849,11 - 100
2152,3212,Polynesian Rat,Rattus exulans,Rodent,null,Satisfactory,1997,1997,Failed,Whole Island,Toxicant,NA,NA,Hand Broadcast,NA,Brodifacoum,NA,Bell; Biz,National Trust; RSPB; English Nature; Wildlife Management International Limited,null,358145,Pitcairn,Pacific Ocean - South East,Pitcairn,Pitcairn Islands,-25.06985602,-130.1057887,4.040446849,11 - 100
196,243,Polynesian Rat,Rattus exulans,Rodent,null,Satisfactory,1997,1997,Successful,Whole Island,Toxicant,NA,NA,Hand Broadcast,NA,Brodifacoum,NA,Bell; Biz,National Trust; RSPB; English Nature; Wildlife Management International Limited,null,364201,Ducie,Pacific Ocean - South East,Pitcairn,Pitcairn Islands,-24.6818233,-124.7859491,1.63052618,None
1242,1979,Polynesian Rat,Rattus exulans,Rodent,null,Satisfactory,2011,2011,Failed,Whole Island,Toxicant,NA,NA,Aerial Broadcast,NA,Brodifacoum,NA,RSPB,Royal Society for the Protect of the Birds,http://www.rspb.org.uk,358132,Henderson  ,Pacific Ocean - South East,Pitcairn,Pitcairn Islands,-24.37681899,-128.3228943,42.98894355,None
170,212,Polynesian Rat,Rattus exulans,Rodent,null,Satisfactory,1997,1997,Successful,Whole Island,Toxicant,NA,NA,Hand Broadcast,NA,Brodifacoum,NA,Bell; Biz,National Trust; RSPB; English Nature; Wildlife Management International Limited,null,364202,Oeno,Pacific Ocean - South East,Pitcairn,Pitcairn Islands,-23.92851367,-130.7430855,0.753004092,None
1955,2961,Black Rat,Rattus rattus,Rodent,1987,Satisfactory,null,2000,Successful,Whole Island,Toxicant,NA,NA,Bait Station,Unknown,Unknown,Unknown,Quinn Julie,AU Department of the Environment,http://environment.gov.au/,453697,West Fairfax,Pacific Ocean - South West,Australia,Capricorn,-23.86026386,152.3679948,0.091715401,None
1954,2960,Black Rat,Rattus rattus,Rodent,1987,Satisfactory,null,2000,Successful,Whole Island,Toxicant,Unknown,Unknown,Bait Station,Unknown,Unknown,Unknown,Quinn Julie,AU Department of the Environment,http://environment.gov.au/,464068,East Fairfax,Pacific Ocean - South West,Australia,Capricorn Bunker,-23.85559871,152.3768621,0.237489274,None
307,398,Black Rat,Rattus rattus,Rodent,null,Poor,null,1964,Successful,Whole Island,Unknown,Unknown,Unknown,Unknown,Unknown,Unknown,NA,Burbidge; A.A.,Department of Conservation and Land Management; Aus,null,464081,Heron,Pacific Ocean - South West,Australia,Capricorn,-23.44291072,151.9148492,0.246976833,None
1857,2802,Polynesian Rat,Rattus exulans,Rodent,null,Good,2015,2015,Successful,Whole Island,Toxicant,NA,NA,Aerial Broadcast,NA,Brodifacoum,NA,Griffiths; Richard,Island Conservation,null,360190,Temoe,Pacific Ocean - South East,French Polynesia,Tuamotu Archipelago,-23.37070737,-134.4830506,0.264090928,None
1962,2966,Black Rat,Rattus rattus,Rodent,null,Poor,1987,1987,Successful,Whole Island,Unknown,Unknown,Unknown,Unknown,Unknown,Unknown,Unknown,null,null,null,450595,Wreck,Pacific Ocean - South West,Australia,Capricorn,-23.33283906,151.9578436,0.116845726,None
1855,2800,Polynesian Rat,Rattus exulans,Rodent,null,Good,null,2015,Failed,Whole Island,Toxicant,NA,NA,Aerial Broadcast,NA,Brodifacoum,NA,Griffiths; Richard,Island Conservation,null,359527,Kamaka,Pacific Ocean - South East,French Polynesia,Gambier,-23.24297165,-134.9576483,0.51569247,1-Oct
1853,2798,Polynesian Rat,Rattus exulans,Rodent,null,Good,2015,2015,Successful,Whole Island,Toxicant,NA,NA,Aerial Broadcast,NA,Brodifacoum,NA,Griffiths; Richard,Island Conservation,null,359683,Makaroa,Pacific Ocean - South East,French Polynesia,Gambier,-23.21886608,-134.9707975,0.16523105,None
193,237,Polynesian Rat,Rattus exulans,Rodent,null,Satisfactory,2003,2003,Successful,Whole Island,Toxicant,NA,NA,Hand Broadcast,NA,Brodifacoum,NA,Wragg; Graham,Pacific Expeditions Ltd.,null,360074,Makapu,Pacific Ocean - South East,French Polynesia,Gambier  (Mangareva Atoll),-23.19961602,-134.9235647,0.043181904,None
228,289,Polynesian Rat,Rattus exulans,Rodent,null,Good,2003,2003,Failed,Whole Island,Toxicant,NA,NA,Hand Broadcast,NA,Brodifacoum,NA,Wragg; Graham,Pacific Expeditions Ltd.,null,360071,Mekiro,Pacific Ocean - South East,French Polynesia,Gambier  (Mangareva Atoll),-23.1744233,-134.9206568,0.073163661,None
209,262,Polynesian Rat,Rattus exulans,Rodent,null,Good,null,2003,Failed,Whole Island,Toxicant,NA,NA,Hand Broadcast,NA,Brodifacoum,NA,Wragg; Graham,Pacific Expeditions Ltd.,null,365179,Motu-o-ari,Pacific Ocean - South East,French Polynesia,Gambier  (Mangareva Atoll),-23.15111254,-135.021418,0.011297825,None
194,238,Polynesian Rat,Rattus exulans,Rodent,null,Good,2003,2003,Failed,Whole Island,Toxicant,NA,NA,Hand Broadcast,NA,Brodifacoum,NA,Wragg; Graham,Pacific Expeditions Ltd.,null,3597681,Tepapuri,Pacific Ocean - South East,French Polynesia,Gambier  (Mangareva Atoll) Gambier Islands,-23.00630788,-134.9461073,0.285430958,None
195,239,Polynesian Rat,Rattus exulans,Rodent,null,Good,2003,2003,Failed,Whole Island,Toxicant,NA,NA,Hand Broadcast,NA,Brodifacoum,NA,Wragg; Graham,Pacific Expeditions Ltd.,null,359768,Teauaone,Pacific Ocean - South East,French Polynesia,Gambier  (Mangareva Atoll),-23.00364248,-134.9553491,0.32882983,None
249,319,Polynesian Rat,Rattus exulans,Rodent,null,Satisfactory,1998,1998,Successful,Whole Island,Toxicant,NA,NA,Bait Piles,NA,Brodifacoum,NA,Pascal; Michel,Equipe Gestion des Populations Invasives; INRA; Station SCRIBE; Campus de Beaulieu,null,334559,Uie,Pacific Ocean - South West,New Caledonia,New Caledonia Islands,-22.72276662,166.9171834,0.022018622,None
904,1168,Polynesian Rat,Rattus exulans,Rodent,null,Good,null,1998,Successful,Whole Island,Toxicant,NA,NA,Hand Broadcast,NA,Brodifacoum,NA,Pascal; Michel,Equipe Gestion des Populations Invasives; INRA; Station SCRIBE; Campus de Beaulieu,null,334564,G'I,Pacific Ocean - South West,New Caledonia,New Caledonia Islands,-22.72230986,166.8512381,0.069446591,None
248,314,Polynesian Rat,Rattus exulans,Rodent,null,Satisfactory,1998,1998,Successful,Whole Island,Toxicant,NA,NA,Bait Piles,NA,Brodifacoum,NA,Pascal; Michel,Equipe Gestion des Populations Invasives; INRA; Station SCRIBE; Campus de Beaulieu,null,334534,Uatio,Pacific Ocean - South West,New Caledonia,New Caledonia Islands (South Lagoon),-22.71024856,166.79569,0.052879614,None
920,1185,Polynesian Rat,Rattus exulans,Rodent,null,Satisfactory,1998,1998,Successful,Whole Island,Toxicant,NA,NA,Bait Piles,NA,Brodifacoum,NA,Pascal; Michel,Equipe Gestion des Populations Invasives; INRA; Station SCRIBE; Campus de Beaulieu,null,334565,Nge,Pacific Ocean - South West,New Caledonia,New Caledonia Islands,-22.69320357,166.8507786,0.044459876,None
247,313,Polynesian Rat,Rattus exulans,Rodent,null,Satisfactory,1998,1998,Successful,Whole Island,Toxicant,NA,NA,Bait Piles,NA,Brodifacoum,NA,Pascal; Michel,Equipe Gestion des Populations Invasives; INRA; Station SCRIBE; Campus de Beaulieu,null,334499,Ndo,Pacific Ocean - South West,New Caledonia,New Caledonia Islands,-22.68371999,166.9688989,0.040656065,None
921,1186,Polynesian Rat,Rattus exulans,Rodent,null,Poor,1998,1998,Successful,Whole Island,Toxicant,NA,NA,Hand Broadcast,NA,Brodifacoum,NA,Pascal; Michel,Equipe Gestion des Populations Invasives; INRA; Station SCRIBE; Campus de Beaulieu,null,334556,Uatermbi,Pacific Ocean - South West,New Caledonia,New Caledonia Islands,-22.67869493,166.8113352,0.068200882,None
919,1184,Polynesian Rat,Rattus exulans,Rodent,null,Satisfactory,1998,1998,Successful,Whole Island,Toxicant,NA,NA,Bait Piles,NA,Brodifacoum,NA,Pascal; Michel,Equipe Gestion des Populations Invasives; INRA; Station SCRIBE; Campus de Beaulieu,null,334538,Vua,Pacific Ocean - South West,New Caledonia,New Caledonia Islands,-22.57662386,166.7471034,0.065347214,None
862,1119,Black Rat,Rattus rattus,Rodent,null,Satisfactory,1998,1998,Successful,Whole Island,Toxicant,NA,NA,Bait Piles,NA,Brodifacoum,NA,Pascal; Michel,Equipe Gestion des Populations Invasives; INRA; Station SCRIBE; Campus de Beaulieu,null,334536,Mato,Pacific Ocean - South West,New Caledonia,New Caledonia Islands,-22.55015074,166.7921364,0.043470893,None
250,320,Polynesian Rat,Rattus exulans,Rodent,null,Satisfactory,1998,1998,Successful,Whole Island,Toxicant,NA,NA,Bait Piles,NA,Brodifacoum,NA,Pascal; Michel,Equipe Gestion des Populations Invasives; INRA; Station SCRIBE; Campus de Beaulieu,null,334563,Uo,Pacific Ocean - South West,New Caledonia,New Caledonia Islands,-22.51726135,166.7691108,0.037379174,None
246,312,Polynesian Rat,Rattus exulans,Rodent,null,Satisfactory,1998,1998,Successful,Whole Island,Toxicant,NA,NA,Bait Piles,NA,Brodifacoum,NA,Pascal; Michel,Equipe Gestion des Populations Invasives; INRA; Station SCRIBE; Campus de Beaulieu,null,334496,Redika,Pacific Ocean - South West,New Caledonia,New Caledonia Islands (South Lagoon),-22.51549727,166.6111387,0.099218459,None
1924,2925,Black Rat,Rattus rattus,Rodent,null,Poor,2008,2008,Successful (Reinvaded),Whole Island,Unknown,Unknown,Unknown,Unknown,Unknown,Unknown,Unknown,null,null,null,5010,Europa,Indian Ocean - West,Reunion,Iles Eparses,-22.36629517,40.35817746,24.5519845,None
863,1120,Polynesian Rat,Rattus exulans,Rodent,null,Good,1998,1998,Successful,Whole Island,Toxicant,NA,NA,Hand Broadcast,NA,Brodifacoum,NA,Pascal; Michel,Equipe Gestion des Populations Invasives; INRA; Station SCRIBE; Campus de Beaulieu,null,338997,Laregnere,Pacific Ocean - South West,New Caledonia,New Caledonia Islands,-22.32704229,166.3198077,0.018688919,None
245,311,Polynesian Rat,Rattus exulans,Rodent,null,Satisfactory,1998,1998,Successful (Reinvaded),Whole Island,Toxicant,NA,NA,Hand Broadcast,NA,Brodifacoum,NA,Pascal; Michel,Equipe Gestion des Populations Invasives; INRA; Station SCRIBE; Campus de Beaulieu,null,338998,Signal,Pacific Ocean - South West,New Caledonia,New Caledonia Islands,-22.29620712,166.2931072,0.118239196,None
135,161,Black Rat,Rattus rattus,Rodent,1800,Satisfactory,null,null,Planned,Whole Island,Toxicant,Unknown,Unknown,Unknown,Unknown,Unknown,Unknown,Pascal; Michel,Equipe Gestion des Populations Invasives; INRA; Station SCRIBE; Campus de Beaulieu,null,338891,Le Predour,Pacific Ocean - South West,New Caledonia,New Caledonia Islands,-21.97783744,165.9910785,7.932051031,None
1850,2795,Polynesian Rat,Rattus exulans,Rodent,null,Good,2015,2015,Successful,Whole Island,Toxicant,NA,NA,Aerial Broadcast,NA,Brodifacoum,NA,Griffiths; Richard,Island Conservation,null,459245,Tenarunga (Tenania),Pacific Ocean - South East,French Polynesia,Tuamotu Archipelago,-21.34388419,-136.5416276,4.112667178,None
1851,2796,Black Rat,Rattus rattus,Rodent,null,Good,2015,2015,Successful,Whole Island,Toxicant,NA,NA,Aerial Broadcast,NA,Brodifacoum,NA,Griffiths; Richard,Island Conservation,null,459245,Tenarunga (Tenania),Pacific Ocean - South East,French Polynesia,Tuamotu Archipelago,-21.34388419,-136.5416276,4.112667178,None
134,159,Polynesian Rat,Rattus exulans,Rodent,null,Satisfactory,2000,2001,Failed,Whole Island,Toxicant,NA,NA,Bait Station,Hand Broadcast,Brodifacoum,Chlorophacinone,null,null,null,459246,Vahanga,Pacific Ocean - South East,French Polynesia,Tuamotu Archipelago,-21.33280297,-136.6516376,3.860839307,None
1252,1989,Polynesian Rat,Rattus exulans,Rodent,null,Satisfactory,null,2007,Trial or Research only,Whole Island,Toxicant,NA,NA,Hand Broadcast,NA,Brodifacoum,NA,null,null,null,459246,Vahanga,Pacific Ocean - South East,French Polynesia,Tuamotu Archipelago,-21.33280297,-136.6516376,3.860839307,None
1849,2794,Polynesian Rat,Rattus exulans,Rodent,null,Good,2015,2015,Successful,Whole Island,Toxicant,NA,NA,Aerial Broadcast,NA,Brodifacoum,NA,Griffiths; Richard,Island Conservation,null,459246,Vahanga,Pacific Ocean - South East,French Polynesia,Tuamotu Archipelago,-21.33280297,-136.6516376,3.860839307,None
1603,2833,Polynesian Rat,Rattus exulans,Rodent,null,Good,2015,2015,Successful,Whole Island,Toxicant,NA,NA,Hand Broadcast,NA,Brodifacoum,NA,null,null,null,360494,Motu Tapu,Pacific Ocean - South East,Tonga,Tongatapu group,-21.09163091,-175.0567077,0.124012691,None
1863,2854,Polynesian Rat,Rattus exulans,Rodent,null,Satisfactory,2015,2015,Successful,Whole Island,Toxicant,NA,NA,Hand Broadcast,NA,Brodifacoum,NA,null,null,null,360518,Malinoa,Pacific Ocean - South East,Tonga,Tongatapu group,-21.03683636,-175.1290211,0.016627542,None
678,879,Black Rat,Rattus rattus,Rodent,1860,Good,1985,1985,Successful (Reinvaded),Whole Island,Toxicant,NA,NA,Bait Station,NA,Pindone,NA,Burbidge; A.A.,Department of Conservation and Land Management; Aus,null,331150,Boodie,Indian Ocean - East,Australia,Western Australia (Barrow Islands),-20.96182318,115.3273961,1.982793749,None
680,883,Black Rat,Rattus rattus,Rodent,1860,Good,1985,1985,Successful,Whole Island,Toxicant,NA,NA,Bait Station,NA,Pindone,NA,Burbidge; A.A.,Department of Conservation and Land Management; Aus,null,332387,Pasco,Indian Ocean - East,Australia,Western Australia (Barrow Islands),-20.96040379,115.3402184,0.027218395,None
677,878,Black Rat,Rattus rattus,Rodent,1860,Good,1991,1991,Successful,Whole Island,Toxicant,NA,NA,Bait Station,NA,Pindone,NA,Burbidge; A.A.,Department of Conservation and Land Management; Aus,null,332342,Middle,Indian Ocean - East,Australia,Western Australia (Barrow Islands),-20.91210993,115.3277301,3.531426102,None
384,496,Black Rat,Rattus rattus,Rodent,1890,Good,1990,1991,Successful,Restricted Range,Toxicant,NA,NA,Bait Station,NA,Pindone,NA,Quinn Julie,AU Department of the Environment,http://environment.gov.au/,330666,Barrow,Indian Ocean - East,Australia,Western Australia (Barrow Islands),-20.78776621,115.3996566,236.2871797,101 - 1000
650,840,House Mouse,Mus musculus,Rodent,null,Satisfactory,null,1998,Successful,Restricted Range,Toxicant,NA,NA,Bait Station,NA,Brodifacoum,NA,Burbidge; A.A.,Department of Conservation and Land Management; Aus,null,330666,Barrow,Indian Ocean - East,Australia,Western Australia (Barrow Islands),-20.78776621,115.3996566,236.2871797,101 - 1000
651,842,House Mouse,Mus musculus,Rodent,null,Poor,null,1994,Successful (Reinvaded),Restricted Range,Toxicant,NA,NA,Bait Station,NA,Brodifacoum,NA,Burbidge; A.A.,Department of Conservation and Land Management; Aus,null,330666,Barrow,Indian Ocean - East,Australia,Western Australia (Barrow Islands),-20.78776621,115.3996566,236.2871797,101 - 1000
652,843,House Mouse,Mus musculus,Rodent,null,Poor,null,1972,Successful (Reinvaded),Restricted Range,Toxicant,NA,NA,Bait Station,NA,Brodifacoum,NA,Burbidge; A.A.,Department of Conservation and Land Management; Aus,null,330666,Barrow,Indian Ocean - East,Australia,Western Australia (Barrow Islands),-20.78776621,115.3996566,236.2871797,101 - 1000
653,844,House Mouse,Mus musculus,Rodent,null,Poor,null,1965,Successful (Reinvaded),Restricted Range,Toxicant,NA,NA,Bait Station,NA,Brodifacoum,NA,Burbidge; A.A.,Department of Conservation and Land Management; Aus,null,330666,Barrow,Indian Ocean - East,Australia,Western Australia (Barrow Islands),-20.78776621,115.3996566,236.2871797,101 - 1000
1081,1713,Black Rat,Rattus rattus,Rodent,1918,Good,1983,1983,Successful,Whole Island,Toxicant,NA,NA,Bait Station,NA,Pindone,NA,Burbidge; A.A.,Department of Conservation and Land Management; Aus,null,331989,Double Islands South,Indian Ocean - East,Australia,Western Australia (Barrow Islands),-20.74609618,115.4921234,0.255866335,None
119,140,Black Rat,Rattus rattus,Rodent,1918,Good,1983,1983,Successful,Whole Island,Toxicant,NA,NA,Bait Station,NA,Pindone,NA,Burbidge; A.A.,Department of Conservation and Land Management; Aus,null,331990,Double Islands North,Indian Ocean - East,Australia,Western Australia (Barrow Islands),-20.73768214,115.4949942,0.164900538,None
679,881,Black Rat,Rattus rattus,Rodent,1860,Good,1983,1985,Successful,Whole Island,Toxicant,NA,NA,Bait Station,NA,Pindone,NA,Burbidge; A.A.,Department of Conservation and Land Management; Aus,null,331919,Boomerang,Indian Ocean - East,Australia,Western Australia (Barrow Islands),-20.73469918,115.4808921,0.070266878,None
812,1047,Black Rat,Rattus rattus,Rodent,null,Satisfactory,null,1983,Successful,Whole Island,Toxicant,NA,NA,Bait Station,NA,Pindone,NA,Broome; Keith,NZ Dept. of Conservation,null,463170,Prince,Indian Ocean - East,Australia,Western Australia (Barrow Islands),-20.72662695,115.4767075,0.001462286,None
290,372,House Mouse,Mus musculus,Rodent,1993,Good,1994,1994,Failed,Whole Island,Toxicant,NA,NA,Bait Station,NA,1080,NA,Burbidge; A.A.,Department of Conservation and Land Management; Aus,null,457958,Varanus,Indian Ocean - East,Australia,Western Australia (Lowendal Islands),-20.65096788,115.5752007,0.948826607,None
643,832,House Mouse,Mus musculus,Rodent,1993,Good,1997,1997,Successful,Whole Island,Toxicant,NA,NA,Bait Station,NA,Pindone,Brodifacoum,Burbidge; A.A.,Department of Conservation and Land Management; Aus,null,457958,Varanus,Indian Ocean - East,Australia,Western Australia (Lowendal Islands),-20.65096788,115.5752007,0.948826607,None
644,833,House Mouse,Mus musculus,Rodent,1993,Good,1997,1997,Successful,Whole Island,Toxicant,NA,NA,Bait Station,NA,Pindone,Brodifacoum,Burbidge; A.A.,Department of Conservation and Land Management; Aus,null,464169,Bridled,Indian Ocean - East,Australia,Western Australia (Lowendal Islands),-20.63839657,115.55766,0.260818247,None
845,1097,House Mouse,Mus musculus,Rodent,1993,Good,1997,1997,Successful,Whole Island,Toxicant,NA,NA,Bait Station,NA,Pindone,Brodifacoum,Burbidge; A.A.,Department of Conservation and Land Management; Aus,null,464119,Beacon,Indian Ocean - East,Australia,Western Australia (Lowendal Islands),-20.63405437,115.5692612,0.055046717,None
1116,1766,Black Rat,Rattus rattus,Rodent,null,Good,2008,2008,Successful,Whole Island,Toxicant,NA,NA,Hand Broadcast,Bait Station,Brodifacoum,NA,Pascal; Michel,Equipe Gestion des Populations Invasives; INRA; Station SCRIBE; Campus de Beaulieu,null,334562,Table,Pacific Ocean - South West,New Caledonia,New Caledonia Islands,-20.55786934,164.1847381,0.144139786,None
284,365,Black Rat,Rattus rattus,Rodent,null,Good,1996,1996,Successful,Whole Island,Toxicant,NA,NA,Bait Station,NA,Brodifacoum,NA,Burbidge; A.A.,Department of Conservation and Land Management; Aus,null,331554,Ah Chong,Indian Ocean - East,Australia,Western Australia (Montebello Islands),-20.52538442,115.5453197,0.189797399,None
1085,1719,Black Rat,Rattus rattus,Rodent,null,Good,2001,2001,Unknown pre-status,Whole Island,Toxicant,NA,NA,Aerial Broadcast,NA,Brodifacoum,NA,Burbidge; A.A.,Department of Conservation and Land Management; Aus,null,331554,Ah Chong,Indian Ocean - East,Australia,Western Australia (Montebello Islands),-20.52538442,115.5453197,0.189797399,None
408,529,Black Rat,Rattus rattus,Rodent,null,Satisfactory,1996,1996,Failed,Whole Island,Toxicant,NA,NA,Bait Station,NA,Brodifacoum,NA,Burbidge; A.A.,Department of Conservation and Land Management; Aus,null,464185,Bloodwood,Indian Ocean - East,Australia,Western Australia (Montebello Islands),-20.51590776,115.5286822,0.032235447,None
1835,2780,Black Rat,Rattus rattus,Rodent,null,Good,null,1996,Successful,Whole Island,Toxicant,NA,NA,Bait Station,NA,Brodifacoum,NA,null,null,null,332199,Gossypium,Indian Ocean - East,Australia,Western Australia (Montebello Islands),-20.51455103,115.5449644,0.069643932,None
1838,2783,Black Rat,Rattus rattus,Rodent,null,Good,null,1996,Successful,Whole Island,Toxicant,NA,NA,Bait Station,NA,Brodifacoum,NA,null,null,null,453855,Ivy,Indian Ocean - East,Australia,Western Australia (Montebello Islands),-20.4951356,115.5450039,0.048562894,None
1827,2772,Black Rat,Rattus rattus,Rodent,null,Good,null,1996,Successful,Whole Island,Toxicant,NA,NA,Bait Station,NA,Brodifacoum,NA,Burbidge; A.A.,Department of Conservation and Land Management; Aus,null,332347,Buttercup,Indian Ocean - East,Australia,Western Australia (Montebello Islands),-20.48488907,115.5359086,0.056358423,None
1833,2778,Black Rat,Rattus rattus,Rodent,null,Good,null,1996,Successful,Whole Island,Toxicant,NA,NA,Bait Station,NA,Brodifacoum,NA,null,null,null,88888052,Foxglove,Indian Ocean - East,Australia,Western Australia (Montebello Islands),-20.48196581,115.5421943,0.018872517,None
1320,2135,Black Rat,Rattus rattus,Rodent,null,Good,1999,1999,Unknown pre-status,Whole Island,Toxicant,NA,NA,Aerial Broadcast,NA,Brodifacoum,NA,Burbidge; A.A.,Department of Conservation and Land Management; Aus,null,332348,Renewal,Indian Ocean - East,Australia,Western Australia (Montebello Islands),-20.46828793,115.5472672,0.483090588,None
1321,2136,Black Rat,Rattus rattus,Rodent,null,Satisfactory,2001,2001,Unknown pre-status,Whole Island,Toxicant,NA,NA,Aerial Broadcast,NA,Brodifacoum,NA,Burbidge; A.A.,Department of Conservation and Land Management; Aus,null,332348,Renewal,Indian Ocean - East,Australia,Western Australia (Montebello Islands),-20.46828793,115.5472672,0.483090588,None
1683,2601,Black Rat,Rattus rattus,Rodent,null,Good,1995,1995,Trial or Research only,Whole Island,Toxicant,NA,NA,Bait Station,NA,Brodifacoum,NA,null,null,null,332348,Renewal,Indian Ocean - East,Australia,Western Australia (Montebello Islands),-20.46828793,115.5472672,0.483090588,None
1684,2602,Black Rat,Rattus rattus,Rodent,null,Good,1996,1996,Successful,Whole Island,Toxicant,NA,NA,Bait Station,NA,Brodifacoum,NA,null,null,null,332348,Renewal,Indian Ocean - East,Australia,Western Australia (Montebello Islands),-20.46828793,115.5472672,0.483090588,None
1266,2006,Polynesian Rat,Rattus exulans,Rodent,null,Good,2008,2008,Successful,Whole Island,Toxicant,NA,NA,Hand Broadcast,Bait Station,Brodifacoum,NA,Pascal; Michel,Equipe Gestion des Populations Invasives; INRA; Station SCRIBE; Campus de Beaulieu,null,334586,Double,Pacific Ocean - South West,New Caledonia,New Caledonia Islands,-20.46763608,164.1285128,0.093656081,None
280,361,Black Rat,Rattus rattus,Rodent,null,Good,1999,1999,Failed,Whole Island,Toxicant,NA,NA,Aerial Broadcast,NA,Brodifacoum,NA,Burbidge; A.A.,Department of Conservation and Land Management; Aus,null,332089,Hermite,Indian Ocean - East,Australia,Western Australia (Montebello Islands),-20.46480236,115.5288074,9.543756801,None
282,363,Black Rat,Rattus rattus,Rodent,null,Good,1996,1996,Failed,Whole Island,Toxicant,NA,NA,Bait Station,Other,Brodifacoum,NA,Burbidge; A.A.,Department of Conservation and Land Management; Aus,null,332089,Hermite,Indian Ocean - East,Australia,Western Australia (Montebello Islands),-20.46480236,115.5288074,9.543756801,None
404,524,Black Rat,Rattus rattus,Rodent,null,Good,2001,2001,Successful,Whole Island,Toxicant,NA,NA,Aerial Broadcast,NA,Brodifacoum,NA,Burbidge; A.A.,Department of Conservation and Land Management; Aus,null,332089,Hermite,Indian Ocean - East,Australia,Western Australia (Montebello Islands),-20.46480236,115.5288074,9.543756801,None
1832,2777,Black Rat,Rattus rattus,Rodent,null,Good,null,1996,Successful,Whole Island,Toxicant,NA,NA,Bait Station,NA,Brodifacoum,NA,Burbidge; A.A.,Department of Conservation and Land Management; Aus,null,453837,Flag,Indian Ocean - East,Australia,Western Australia (Montebello Islands),-20.45863891,115.5806206,0.057434994,None
1843,2788,Black Rat,Rattus rattus,Rodent,null,Good,null,1996,Successful,Whole Island,Toxicant,NA,NA,Bait Station,NA,Brodifacoum,NA,Burbidge; A.A.,Department of Conservation and Land Management; Aus,null,331872,Marigold,Indian Ocean - East,Australia,Western Australia (Montebello Islands),-20.45743611,115.5558731,0.033484064,None
1834,2779,Black Rat,Rattus rattus,Rodent,null,Good,null,1996,Successful,Whole Island,Toxicant,NA,NA,Bait Station,NA,Brodifacoum,NA,Burbidge; A.A.,Department of Conservation and Land Management; Aus,null,88888063,Gannet,Indian Ocean - East,Australia,Western Australia (Montebello Islands),-20.44686247,115.56861,0.005925957,None
1831,2776,Black Rat,Rattus rattus,Rodent,null,Good,null,1996,Successful,Whole Island,Toxicant,NA,NA,Bait Station,NA,Brodifacoum,NA,Burbidge; A.A.,Department of Conservation and Land Management; Aus,null,88888062,Epsilon,Indian Ocean - East,Australia,Western Australia (Montebello Islands),-20.4446749,115.5808466,0.039520021,None
286,367,Black Rat,Rattus rattus,Rodent,null,Good,1999,1999,Successful,Whole Island,Toxicant,NA,NA,Bait Station,NA,Brodifacoum,NA,Burbidge; A.A.,Department of Conservation and Land Management; Aus,null,464055,Delta,Indian Ocean - East,Australia,Western Australia (Montebello Islands),-20.44207163,115.5479196,0.427025519,None
413,540,Black Rat,Rattus rattus,Rodent,null,Good,1996,1996,Successful (Reinvaded),Whole Island,Toxicant,NA,NA,Bait Station,NA,Brodifacoum,NA,Burbidge; A.A.,Department of Conservation and Land Management; Aus,null,464055,Delta,Indian Ocean - East,Australia,Western Australia (Montebello Islands),-20.44207163,115.5479196,0.427025519,None
1691,2608,Black Rat,Rattus rattus,Rodent,null,Good,1999,1999,Unknown pre-status,Whole Island,Toxicant,NA,NA,Aerial Broadcast,NA,Brodifacoum,NA,null,null,null,464055,Delta,Indian Ocean - East,Australia,Western Australia (Montebello Islands),-20.44207163,115.5479196,0.427025519,None
1692,2609,Black Rat,Rattus rattus,Rodent,null,Good,2001,2001,Unknown pre-status,Whole Island,Toxicant,NA,NA,Aerial Broadcast,NA,Brodifacoum,NA,null,null,null,464055,Delta,Indian Ocean - East,Australia,Western Australia (Montebello Islands),-20.44207163,115.5479196,0.427025519,None
1829,2774,Black Rat,Rattus rattus,Rodent,null,Good,null,1996,Successful,Whole Island,Toxicant,NA,NA,Bait Station,NA,Brodifacoum,NA,Burbidge; A.A.,Department of Conservation and Land Management; Aus,null,88888061,Daisy,Indian Ocean - East,Australia,Western Australia (Montebello Islands),-20.43941784,115.5803775,0.016882584,None
1840,2785,Black Rat,Rattus rattus,Rodent,null,Good,null,1996,Successful,Whole Island,Toxicant,NA,NA,Bait Station,NA,Brodifacoum,NA,Burbidge; A.A.,Department of Conservation and Land Management; Aus,null,88888049,Karangi,Indian Ocean - East,Australia,Western Australia (Montebello Islands),-20.43378533,115.6031199,0.026047611,None
407,528,Black Rat,Rattus rattus,Rodent,null,Good,1996,1996,Successful,Whole Island,Toxicant,NA,NA,Bait Station,NA,Brodifacoum,NA,Burbidge; A.A.,Department of Conservation and Land Management; Aus,null,331986,Brooke,Indian Ocean - East,Australia,Western Australia (Montebello Islands),-20.43357061,115.5044046,0.109035301,None
1114,1758,Black Rat,Rattus rattus,Rodent,null,Good,2001,2001,Unknown pre-status,Whole Island,Toxicant,NA,NA,Aerial Broadcast,NA,Brodifacoum,NA,Burbidge; A.A.,Department of Conservation and Land Management; Aus,null,331986,Brooke,Indian Ocean - East,Australia,Western Australia (Montebello Islands),-20.43357061,115.5044046,0.109035301,None
1830,2775,Black Rat,Rattus rattus,Rodent,null,Good,null,1996,Successful,Whole Island,Toxicant,NA,NA,Bait Station,NA,Brodifacoum,NA,null,null,null,88888043,Dandelion,Indian Ocean - East,Australia,Western Australia (Montebello Islands),-20.43242769,115.5795874,0.012019826,None
1826,2771,Black Rat,Rattus rattus,Rodent,null,Good,null,1996,Successful,Whole Island,Toxicant,NA,NA,Bait Station,NA,Brodifacoum,NA,Burbidge; A.A.,Department of Conservation and Land Management; Aus,null,88888050,Aster,Indian Ocean - East,Australia,Western Australia (Montebello Islands),-20.43038019,115.5789847,0.006479329,None
283,364,Black Rat,Rattus rattus,Rodent,null,Good,1996,1996,Successful (Reinvaded),Whole Island,Toxicant,NA,NA,Bait Station,NA,Brodifacoum,NA,Burbidge; A.A.,Department of Conservation and Land Management; Aus,null,332141,Campbell,Indian Ocean - East,Australia,Western Australia (Montebello Islands),-20.42895299,115.5446614,0.305262357,None
406,527,Black Rat,Rattus rattus,Rodent,null,Good,1999,1999,Successful,Whole Island,Toxicant,NA,NA,Bait Station,NA,Brodifacoum,NA,Burbidge; A.A.,Department of Conservation and Land Management; Aus,null,332141,Campbell,Indian Ocean - East,Australia,Western Australia (Montebello Islands),-20.42895299,115.5446614,0.305262357,None
1687,2606,Black Rat,Rattus rattus,Rodent,null,Good,1999,1999,Unknown pre-status,Whole Island,Toxicant,NA,NA,Aerial Broadcast,NA,Brodifacoum,NA,null,null,null,332141,Campbell,Indian Ocean - East,Australia,Western Australia (Montebello Islands),-20.42895299,115.5446614,0.305262357,None
1690,2607,Black Rat,Rattus rattus,Rodent,null,Good,2001,2001,Unknown pre-status,Whole Island,Toxicant,NA,NA,Aerial Broadcast,NA,Brodifacoum,NA,null,null,null,332141,Campbell,Indian Ocean - East,Australia,Western Australia (Montebello Islands),-20.42895299,115.5446614,0.305262357,None
1828,2773,Black Rat,Rattus rattus,Rodent,null,Good,null,1996,Successful,Whole Island,Toxicant,NA,NA,Bait Station,NA,Brodifacoum,NA,Burbidge; A.A.,Department of Conservation and Land Management; Aus,null,88888044,Dahlia,Indian Ocean - East,Australia,Western Australia (Montebello Islands),-20.4289418,115.5784767,0.020491372,None
288,369,Black Rat,Rattus rattus,Rodent,null,Good,1996,1996,Successful,Whole Island,Toxicant,NA,NA,Bait Station,NA,Brodifacoum,NA,Burbidge; A.A.,Department of Conservation and Land Management; Aus,null,331672,South East,Indian Ocean - East,Australia,Western Australia (Montebello Islands),-20.42413308,115.5912296,0.14947943,None
1292,2098,Black Rat,Rattus rattus,Rodent,null,Good,2001,2001,Unknown pre-status,Whole Island,Toxicant,NA,NA,Aerial Broadcast,NA,Brodifacoum,NA,Burbidge; A.A.,Department of Conservation and Land Management; Aus,null,331672,South East,Indian Ocean - East,Australia,Western Australia (Montebello Islands),-20.42413308,115.5912296,0.14947943,None
287,368,Black Rat,Rattus rattus,Rodent,null,Good,1996,1996,Failed,Whole Island,Toxicant,NA,NA,Bait Station,NA,Brodifacoum,NA,Burbidge; A.A.,Department of Conservation and Land Management; Aus,null,331987,Crocus,Indian Ocean - East,Australia,Western Australia (Montebello Islands),-20.42250036,115.5257361,0.336516995,None
1078,1708,Black Rat,Rattus rattus,Rodent,null,Good,2001,2001,Unknown pre-status,Whole Island,Toxicant,NA,NA,Aerial Broadcast,NA,Brodifacoum,NA,Burbidge; A.A.,Department of Conservation and Land Management; Aus,null,331987,Crocus,Indian Ocean - East,Australia,Western Australia (Montebello Islands),-20.42250036,115.5257361,0.336516995,None
1819,2764,Black Rat,Rattus rattus,Rodent,null,Good,1997,1997,Successful,Whole Island,Toxicant,NA,NA,Bait Station,NA,Brodifacoum,NA,null,null,null,331987,Crocus,Indian Ocean - East,Australia,Western Australia (Montebello Islands),-20.42250036,115.5257361,0.336516995,None
1842,2787,Black Rat,Rattus rattus,Rodent,null,Good,null,1996,Successful,Whole Island,Toxicant,NA,NA,Bait Station,NA,Brodifacoum,NA,Burbidge; A.A.,Department of Conservation and Land Management; Aus,null,110000225,Lily,Indian Ocean - East,Australia,Western Australia (Montebello Islands),-20.41959724,115.5863956,0.002018653,None
295,382,Black Rat,Rattus rattus,Rodent,null,Satisfactory,1987,1992,Successful,Whole Island,Toxicant,NA,NA,Bait Station,NA,Brodifacoum,NA,Merton; D.,NZ Dept. of Conservation,pestoff.co.nz,19363,Ile aux Aigrettes,Indian Ocean - West,Mauritius,Mauritius Islands,-20.41948159,57.73363991,0.262033171,1-Oct
1359,2196,Black Rat,Rattus rattus,Rodent,null,Good,2009,2009,Successful,Incursion Response,Toxicant,NA,NA,Bait Station,NA,Brodifacoum,NA,null,null,null,19363,Ile aux Aigrettes,Indian Ocean - West,Mauritius,Mauritius Islands,-20.41948159,57.73363991,0.262033171,1-Oct
1837,2782,Black Rat,Rattus rattus,Rodent,null,Good,null,1996,Successful,Whole Island,Toxicant,NA,NA,Bait Station,NA,Brodifacoum,NA,null,null,null,88888055,How,Indian Ocean - East,Australia,Western Australia (Montebello Islands),-20.41943892,115.5536775,0.00115138,None
938,3110,Polynesian Rat,Rattus exulans,Rodent,null,Satisfactory,2015,2015,Failed,Whole Island,Toxicant,NA,NA,Hand Broadcast,NA,Brodifacoum,NA,Boudjelas S.,Pacific Invasives Initiative,http://www.pacificinvasivesinitiative.org/,339099,Beautemps Beaupre,Pacific Ocean - South West,New Caledonia,New Caledonia (Loyalty Islands),-20.40949462,166.1402973,0.536697784,Unknown
2073,3111,Polynesian Rat,Rattus exulans,Rodent,null,Satisfactory,null,null,Planned,Whole Island,Unknown,Unknown,Unknown,Unknown,Unknown,Unknown,Unknown,Boudjelas S.,Pacific Invasives Initiative,http://www.pacificinvasivesinitiative.org/,339099,Beautemps Beaupre,Pacific Ocean - South West,New Caledonia,New Caledonia (Loyalty Islands),-20.40949462,166.1402973,0.536697784,Unknown
405,526,Black Rat,Rattus rattus,Rodent,null,Good,2001,2001,Successful,Whole Island,Toxicant,NA,NA,Aerial Broadcast,NA,Brodifacoum,NA,Burbidge; A.A.,Department of Conservation and Land Management; Aus,null,332140,Alpha,Indian Ocean - East,Australia,Western Australia (Montebello Islands),-20.40935637,115.5266734,0.971357203,None
654,845,Black Rat,Rattus rattus,Rodent,null,Good,1996,1996,Successful (Reinvaded),Whole Island,Toxicant,NA,NA,Bait Station,NA,Brodifacoum,NA,Burbidge; A.A.,Department of Conservation and Land Management; Aus,null,332140,Alpha,Indian Ocean - East,Australia,Western Australia (Montebello Islands),-20.40935637,115.5266734,0.971357203,None
1073,1701,Black Rat,Rattus rattus,Rodent,null,Good,1999,1999,Successful (Reinvaded),Whole Island,Toxicant,NA,NA,Aerial Broadcast,NA,Brodifacoum,NA,Burbidge; A.A.,Department of Conservation and Land Management; Aus,null,332140,Alpha,Indian Ocean - East,Australia,Western Australia (Montebello Islands),-20.40935637,115.5266734,0.971357203,None
1267,2007,Polynesian Rat,Rattus exulans,Rodent,null,Good,2008,2008,Successful,Whole Island,Toxicant,NA,NA,Hand Broadcast,Bait Station,Brodifacoum,NA,Pascal; Michel,Equipe Gestion des Populations Invasives; INRA; Station SCRIBE; Campus de Beaulieu,null,334587,Tiam'bouene,Pacific Ocean - South West,New Caledonia,New Caledonia Islands,-20.4054581,164.0361772,0.217366015,None
1839,2784,Black Rat,Rattus rattus,Rodent,null,Good,null,1996,Successful,Whole Island,Toxicant,NA,NA,Bait Station,NA,Brodifacoum,NA,null,null,null,88888054,Jonquil,Indian Ocean - East,Australia,Western Australia (Montebello Islands),-20.39734573,115.5325269,0.005041271,None
1054,1681,Black Rat,Rattus rattus,Rodent,null,Good,1996,1996,Successful,Whole Island,Toxicant,NA,NA,Bait Station,NA,Brodifacoum,NA,Burbidge; A.A.,Department of Conservation and Land Management; Aus,null,331014,Trimouille,Indian Ocean - East,Australia,Western Australia (Montebello Islands),-20.39645599,115.5666887,4.79261792,None
281,362,Black Rat,Rattus rattus,Rodent,null,Good,2001,2001,Successful,Whole Island,Toxicant,NA,NA,Aerial Broadcast,NA,Brodifacoum,NA,Burbidge; A.A.,Department of Conservation and Land Management; Aus,null,331193,Bluebell,Indian Ocean - East,Australia,Western Australia (Montebello Islands),-20.39611355,115.5217035,0.568006442,None
403,519,Black Rat,Rattus rattus,Rodent,null,Good,1996,1996,Successful (Reinvaded),Whole Island,Toxicant,NA,NA,Bait Station,NA,Brodifacoum,NA,Burbidge; A.A.,Department of Conservation and Land Management; Aus,null,331193,Bluebell,Indian Ocean - East,Australia,Western Australia (Montebello Islands),-20.39611355,115.5217035,0.568006442,None
1068,1696,Black Rat,Rattus rattus,Rodent,null,Good,1999,1999,Successful (Reinvaded),Whole Island,Toxicant,NA,NA,Aerial Broadcast,NA,Brodifacoum,NA,Burbidge; A.A.,Department of Conservation and Land Management; Aus,null,331193,Bluebell,Indian Ocean - East,Australia,Western Australia (Montebello Islands),-20.39611355,115.5217035,0.568006442,None
1841,2786,Black Rat,Rattus rattus,Rodent,null,Good,null,1996,Successful,Whole Island,Toxicant,NA,NA,Bait Station,NA,Brodifacoum,NA,Burbidge; A.A.,Department of Conservation and Land Management; Aus,null,88888087,Kingcup,Indian Ocean - East,Australia,Western Australia (Montebello Islands),-20.39078573,115.5317673,0.056153124,None
1845,2790,Black Rat,Rattus rattus,Rodent,null,Good,null,1996,Successful,Whole Island,Toxicant,NA,NA,Bait Station,NA,Brodifacoum,NA,Burbidge; A.A.,Department of Conservation and Land Management; Aus,null,88888045,Violet,Indian Ocean - East,Australia,Western Australia (Montebello Islands),-20.3895794,115.5789179,0.003539854,None
1937,2931,Black Rat,Rattus rattus,Rodent,null,Poor,2008,2008,Successful (Reinvaded),Whole Island,Unknown,Unknown,Unknown,Unknown,Unknown,Unknown,Unknown,null,null,null,110000708,Île aux Singes,Indian Ocean - West,Mauritius,Mauritius Islands,-20.38321768,57.71431355,0.00422929,None
1094,1731,Black Rat,Rattus rattus,Rodent,null,Good,2001,2001,Unknown pre-status,Whole Island,Toxicant,NA,NA,Aerial Broadcast,NA,Brodifacoum,NA,Burbidge; A.A.,Department of Conservation and Land Management; Aus,null,88888046,Gardenia,Indian Ocean - East,Australia,Western Australia (Montebello Islands),-20.38314252,115.5285357,0.125136448,None
1095,1732,Black Rat,Rattus rattus,Rodent,null,Good,1996,1996,Successful,Whole Island,Toxicant,NA,NA,Bait Station,NA,Brodifacoum,NA,Burbidge; A.A.,Department of Conservation and Land Management; Aus,null,88888046,Gardenia,Indian Ocean - East,Australia,Western Australia (Montebello Islands),-20.38314252,115.5285357,0.125136448,None
1108,1748,Black Rat,Rattus rattus,Rodent,null,Good,2001,2001,Unknown pre-status,Whole Island,Toxicant,NA,NA,Aerial Broadcast,NA,Brodifacoum,NA,Burbidge; A.A.,Department of Conservation and Land Management; Aus,null,88888047,Carnation,Indian Ocean - East,Australia,Western Australia (Montebello Islands),-20.37896478,115.5218691,0.089896083,None
1109,1749,Black Rat,Rattus rattus,Rodent,null,Good,1996,1996,Successful,Whole Island,Toxicant,NA,NA,Bait Station,NA,Brodifacoum,NA,Burbidge; A.A.,Department of Conservation and Land Management; Aus,null,88888047,Carnation,Indian Ocean - East,Australia,Western Australia (Montebello Islands),-20.37896478,115.5218691,0.089896083,None
1836,2781,Black Rat,Rattus rattus,Rodent,null,Good,null,1996,Successful,Whole Island,Toxicant,NA,NA,Bait Station,NA,Brodifacoum,NA,null,null,null,88888103,Hollyhock,Indian Ocean - East,Australia,Western Australia (Montebello Islands),-20.37759657,115.5472561,0.007531762,None
1844,2789,Black Rat,Rattus rattus,Rodent,null,Good,null,1996,Successful,Whole Island,Toxicant,NA,NA,Bait Station,NA,Brodifacoum,NA,Burbidge; A.A.,Department of Conservation and Land Management; Aus,null,464148,Pansy,Indian Ocean - East,Australia,Western Australia (Montebello Islands),-20.37280613,115.5449811,0.040328633,None
285,366,Black Rat,Rattus rattus,Rodent,null,Good,1996,1996,Failed,Whole Island,Toxicant,NA,NA,Bait Station,NA,Brodifacoum,NA,Burbidge; A.A.,Department of Conservation and Land Management; Aus,null,331192,Primrose,Indian Ocean - East,Australia,Western Australia (Montebello Islands),-20.37210406,115.5170679,0.354323958,None
1685,2604,Black Rat,Rattus rattus,Rodent,null,Good,2001,2001,Unknown pre-status,Whole Island,Toxicant,NA,NA,Aerial Broadcast,NA,Brodifacoum,NA,null,null,null,331192,Primrose,Indian Ocean - East,Australia,Western Australia (Montebello Islands),-20.37210406,115.5170679,0.354323958,None
1686,2605,Black Rat,Rattus rattus,Rodent,null,Good,1997,1997,Successful,Whole Island,Toxicant,NA,NA,Bait Station,NA,Brodifacoum,NA,null,null,null,331192,Primrose,Indian Ocean - East,Australia,Western Australia (Montebello Islands),-20.37210406,115.5170679,0.354323958,None
409,531,Black Rat,Rattus rattus,Rodent,null,Satisfactory,1996,1996,Successful,Whole Island,Toxicant,NA,NA,Bait Station,NA,Brodifacoum,NA,Burbidge; A.A.,Department of Conservation and Land Management; Aus,null,331194,North West,Indian Ocean - East,Australia,Western Australia (Montebello Islands),-20.36441215,115.5265395,1.148261803,None
639,828,Brown / Norway Rat,Rattus norvegicus,Rodent,null,Good,1995,1995,Successful,Whole Island,Toxicant,NA,NA,Hand Broadcast,NA,Brodifacoum,Bromadiolone,Bell; Brian,Wildlife Management Int'l Limited,null,19344,Gunner's Quoin,Indian Ocean - West,Mauritius,Mauritius Islands,-19.9411923,57.62128042,0.670504589,None
638,827,Black Rat,Rattus rattus,Rodent,null,Good,1995,1995,Successful,Whole Island,Toxicant,NA,NA,Hand Broadcast,NA,Brodifacoum,Bromadiolone,Bell; Brian,Wildlife Management Int'l Limited,null,19347,Gabriel,Indian Ocean - West,Mauritius,Mauritius Islands,-19.88493462,57.67260896,0.338497502,None
636,825,Black Rat,Rattus rattus,Rodent,null,Good,1998,1998,Successful,Whole Island,Toxicant,NA,NA,Hand Broadcast,Bait Station,Brodifacoum,NA,Bell; Brian,Wildlife Management Int'l Limited,null,19345,Flat,Indian Ocean - West,Mauritius,Mauritius Islands,-19.87612683,57.65748488,2.431373191,None
637,826,House Mouse,Mus musculus,Rodent,null,Good,1998,1998,Successful,Whole Island,Toxicant,NA,NA,Bait Station,NA,Brodifacoum,NA,Bell; Brian,Wildlife Management Int'l Limited,null,19345,Flat,Indian Ocean - West,Mauritius,Mauritius Islands,-19.87612683,57.65748488,2.431373191,None
1744,2671,House Mouse,Mus musculus,Rodent,null,Poor,1995,1995,Successful,Whole Island,Unknown,Unknown,Unknown,Unknown,Unknown,Unknown,Unknown,null,null,null,19352,Cat,Indian Ocean - West,Mauritius,Rodrigues,-19.77444269,63.43501176,0.354794635,None
1742,2669,House Mouse,Mus musculus,Rodent,null,Poor,1995,1995,Successful,Whole Island,Unknown,Unknown,Unknown,Unknown,Unknown,Unknown,Unknown,null,null,null,19351,Crab,Indian Ocean - West,Mauritius,Rodrigues,-19.77024762,63.36233592,0.434757138,1-Oct
1743,2670,House Mouse,Mus musculus,Rodent,null,Poor,1995,1995,Successful,Whole Island,Unknown,Unknown,Unknown,Unknown,Unknown,Unknown,Unknown,null,null,null,19350,Gombrani,Indian Ocean - West,Mauritius,Rodrigues,-19.7693548,63.41778598,0.356014311,None
1745,2672,House Mouse,Mus musculus,Rodent,null,Poor,1995,1995,Successful,Whole Island,Unknown,Unknown,Unknown,Unknown,Unknown,Unknown,Unknown,null,null,null,19397,Guineafowl,Indian Ocean - West,Mauritius,Rodrigues,-19.76348972,63.39898583,0.035459581,None
1746,2673,House Mouse,Mus musculus,Rodent,null,Poor,1995,1995,Successful,Whole Island,Unknown,Unknown,Unknown,Unknown,Unknown,Unknown,Unknown,null,null,null,19386,Catherine,Indian Ocean - West,Mauritius,Rodrigues,-19.74954784,63.32257305,0.022837252,None
365,476,House Mouse,Mus musculus,Rodent,null,Good,1995,1995,Successful,Whole Island,Toxicant,NA,NA,Bait Station,Hand Broadcast,Brodifacoum,NA,Bell; Brian,Wildlife Management Int'l Limited,null,19361,Cocos,Indian Ocean - West,Mauritius,Rodrigues,-19.72223837,63.29991522,0.210716113,None
366,477,House Mouse,Mus musculus,Rodent,null,Good,1995,1995,Successful,Whole Island,Toxicant,NA,NA,Bait Station,Hand Broadcast,Brodifacoum,NA,Bell; Brian,Wildlife Management Int'l Limited,null,19362,Sables,Indian Ocean - West,Mauritius,Rodrigues,-19.70255079,63.30578529,0.050509146,None
642,831,Black Rat,Rattus rattus,Rodent,null,Good,1981,1981,Successful,Whole Island,Toxicant,NA,NA,Bait Station,NA,Pindone,NA,Burbidge; A.A.,Department of Conservation and Land Management; Aus,null,464131,Bedout,Indian Ocean - East,Australia,Western Australia,-19.58923625,119.0998719,0.301240884,None
1264,2003,Polynesian Rat,Rattus exulans,Rodent,null,Satisfactory,null,2002,Successful (Reinvaded),Whole Island,Toxicant,NA,NA,Bait Station,NA,Brodifacoum,NA,null,null,null,360507,Maninita,Pacific Ocean - South East,Tonga,Vava'u group (Otu Motu Lalo),-18.85736096,-173.9953591,0.056861979,None
1262,2001,Polynesian Rat,Rattus exulans,Rodent,null,Poor,null,2002,Unknown,Whole Island,Toxicant,NA,NA,Bait Station,NA,Brodifacoum,NA,null,null,null,354488,Taula,Pacific Ocean - South East,Tonga,Vava'u group (Otu Motu Lalo),-18.84753284,-174.0106991,0.068116151,None
1271,2011,Polynesian Rat,Rattus exulans,Rodent,null,Poor,2002,2002,To Be Confirmed,Whole Island,Toxicant,NA,NA,Bait Station,NA,Brodifacoum,NA,null,null,null,354489,Lua Loli,Pacific Ocean - South East,Tonga,Vava'u group,-18.83756259,-174.0100462,0.006888928,None
1861,2852,Polynesian Rat,Rattus exulans,Rodent,null,Satisfactory,2016,2016,To Be Confirmed,Whole Island,Toxicant,NA,NA,Hand Broadcast,NA,Brodifacoum,NA,Griffiths; Richard,Island Conservation,null,360492,Fangasito,Pacific Ocean - South East,Tonga,Vava'u group (Otu Motu Lalo),-18.81904119,-174.0807198,0.087059414,None
1862,2853,Polynesian Rat,Rattus exulans,Rodent,null,Satisfactory,2016,2016,To Be Confirmed,Whole Island,Toxicant,NA,NA,Hand Broadcast,NA,Brodifacoum,NA,Griffiths; Richard,Island Conservation,null,360587,Luahiapo,Pacific Ocean - South East,Tonga,Vava'u group (Otu Motu Lalo),-18.79933335,-174.0402551,0.021667486,None
241,304,House Mouse,Mus musculus,Rodent,1890,Good,2005,2005,Successful,Whole Island,Toxicant,Trapping,NA,Bait Station,NA,Bromadiolone,NA,Pascal; Michel,Equipe Gestion des Populations Invasives; INRA; Station SCRIBE; Campus de Beaulieu,null,334428,Surprise,Pacific Ocean - South West,New Caledonia,New Caledonia Islands,-18.4813456,163.0863698,0.230005118,None
242,305,Black Rat,Rattus rattus,Rodent,1890,Good,2005,2005,Successful,Whole Island,Toxicant,Trapping,NA,Bait Station,NA,Bromadiolone,NA,Pascal; Michel,Equipe Gestion des Populations Invasives; INRA; Station SCRIBE; Campus de Beaulieu,null,334428,Surprise,Pacific Ocean - South West,New Caledonia,New Caledonia Islands,-18.4813456,163.0863698,0.230005118,None
864,1121,Polynesian Rat,Rattus exulans,Rodent,null,Good,2008,2008,Successful,Whole Island,Toxicant,NA,NA,Hand Broadcast,NA,Brodifacoum,NA,Seniloli; Elenoa,BirdLife International - Fiji Programme,null,336160,Mabualau,Pacific Ocean - South West,Fiji,Viti Levu Group,-17.97247327,178.7563624,0.051770687,None
1009,1278,Polynesian Rat,Rattus exulans,Rodent,null,Good,2006,2006,Successful (Reinvaded),Whole Island,Toxicant,NA,NA,Bait Station,Hand Broadcast,Brodifacoum,NA,null,null,null,335806,Viwa (Verata),Pacific Ocean - South West,Fiji,Tailevu Province,-17.94113218,178.6159459,0.746294377,101 - 1000
1110,1750,Black Rat,Rattus rattus,Rodent,null,Poor,null,2000,Successful,Whole Island,Unknown,Unknown,Unknown,Unknown,Unknown,Unknown,Unknown,Burbidge; A.A.,Department of Conservation and Land Management; Aus,null,333284,Sister,Pacific Ocean - South West,Australia,Queensland Islands,-17.74540556,146.1611724,0.084395545,None
1079,1711,Black Rat,Rattus rattus,Rodent,null,Poor,null,2000,Successful,Whole Island,Unknown,Unknown,Unknown,Unknown,Unknown,Unknown,Unknown,Burbidge; A.A.,Department of Conservation and Land Management; Aus,null,333101,Stephens,Pacific Ocean - South West,Australia,Queensland Islands,-17.73806421,146.1600742,0.176027852,None
2113,3131,Black Rat,Rattus rattus,Rodent,null,Good,2018,null,In Progress,Whole Island,Toxicant,Unknown,Unknown,Aerial Broadcast,Unknown,Unknown,Unknown,null,null,null,333118,Kent,Pacific Ocean - South West,Australia,Queensland Islands (North Barnard Islands),-17.67611872,146.1794345,0.154772445,Unknown
2111,3129,Black Rat,Rattus rattus,Rodent,null,Good,2018,null,In Progress,Whole Island,Toxicant,Unknown,Unknown,Aerial Broadcast,Unknown,Unknown,Unknown,null,null,null,333330,Hutchinson,Pacific Ocean - South West,Australia,Queensland Islands (North Barnard Islands),-17.67382201,146.1689955,0.074520959,None
2112,3130,Black Rat,Rattus rattus,Rodent,null,Good,2018,null,In Progress,Whole Island,Toxicant,Unknown,Unknown,Aerial Broadcast,Unknown,Unknown,Unknown,null,null,null,333331,Jessie,Pacific Ocean - South West,Australia,Queensland Islands (North Barnard Islands),-17.67296484,146.1737263,0.032517757,None
2110,3128,Black Rat,Rattus rattus,Rodent,null,Good,2018,null,In Progress,Whole Island,Toxicant,Unknown,Unknown,Aerial Broadcast,Unknown,Unknown,Unknown,null,null,null,333631,Bresnahan,Pacific Ocean - South West,Australia,Queensland Islands (North Barnard Islands),-17.66712584,146.1683861,0.013339466,None
2114,3132,Black Rat,Rattus rattus,Rodent,null,Good,2018,null,In Progress,Whole Island,Toxicant,Unknown,Unknown,Aerial Broadcast,Unknown,Unknown,Unknown,null,null,null,333429,Lindquist,Pacific Ocean - South West,Australia,Queensland Islands (North Barnard Islands),-17.65409647,146.158047,0.083761374,None
1013,1282,Polynesian Rat,Rattus exulans,Rodent,null,Good,2011,2011,Successful,Whole Island,Toxicant,NA,NA,Aerial Broadcast,NA,Unknown,Unknown,Cranwell; Steve,Birdlife Pacific,null,335844,Monuriki,Pacific Ocean - South West,Fiji,Mamanuca Group,-17.60955535,177.0341259,0.437684846,None
1012,1281,Polynesian Rat,Rattus exulans,Rodent,null,Satisfactory,2011,2011,Successful,Whole Island,Toxicant,NA,NA,Aerial Broadcast,NA,Unknown,Unknown,Cranwell; Steve,Birdlife Pacific,null,335852,Kadomo,Pacific Ocean - South West,Fiji,Mamanuca Group,-17.49261296,177.0524494,0.287969535,None
2101,3124,Black Rat,Rattus rattus,Rodent,null,Good,2018,null,In Progress,Whole Island,Toxicant,NA,NA,Aerial Broadcast,NA,Unknown,Unknown,null,null,null,333195,Russell,Pacific Ocean - South West,Australia,Queensland Islands (Frankland Islands),-17.22756978,146.0937474,0.158888111,Unknown
2104,3127,Black Rat,Rattus rattus,Rodent,null,Good,2018,null,In Progress,Whole Island,Toxicant,Unknown,Unknown,Aerial Broadcast,Unknown,Unknown,Unknown,null,null,null,333573,East Russell,Pacific Ocean - South West,Australia,Queensland Islands (Frankland Islands),-17.22284505,146.0938973,0.032390608,None
2100,3123,Black Rat,Rattus rattus,Rodent,null,Good,2018,null,In Progress,Whole Island,Toxicant,Unknown,Unknown,Aerial Broadcast,Unknown,Unknown,Unknown,null,null,null,453873,Round,Pacific Ocean - South West,Australia,Queensland Islands (Frankland Islands),-17.21710021,146.0893974,0.012734628,None
2103,3126,Black Rat,Rattus rattus,Rodent,null,Good,2018,null,In Progress,Whole Island,Toxicant,Unknown,Unknown,Aerial Broadcast,Unknown,Unknown,Unknown,null,null,null,333514,Mabel,Pacific Ocean - South West,Australia,Queensland Islands (Frankland Islands),-17.20991957,146.0787107,0.027490576,None
2102,3125,Black Rat,Rattus rattus,Rodent,null,Good,2018,null,In Progress,Whole Island,Toxicant,Unknown,Unknown,Aerial Broadcast,Unknown,Unknown,Unknown,null,null,null,333321,Normanby,Pacific Ocean - South West,Australia,Queensland Islands (Frankland Islands),-17.20597276,146.0762039,0.071906489,None
1088,1722,Black Rat,Rattus rattus,Rodent,null,Good,2009,2009,Failed,Whole Island,Toxicant,NA,NA,Bait Station,Hand Broadcast,Brodifacoum,NA,null,null,null,359790,Onetahi,Pacific Ocean - South East,French Polynesia,Society Islands,-17.0186367,-149.5912563,0.721688984,None
1261,2000,Polynesian Rat,Rattus exulans,Rodent,null,Good,2009,2009,Failed,Whole Island,Toxicant,NA,NA,Bait Station,Hand Broadcast,Brodifacoum,NA,null,null,null,359790,Onetahi,Pacific Ocean - South East,French Polynesia,Society Islands,-17.0186367,-149.5912563,0.721688984,None
1064,1692,Black Rat,Rattus rattus,Rodent,null,Good,2010,2010,Trial or Research only,Whole Island,Trapping,NA,NA,NA,NA,NA,NA,null,null,null,364628,Tetiaroa Atoll (Honuea),Pacific Ocean - South East,French Polynesia,Society Islands,-17.00926361,-149.5849878,0.274241157,None
1248,1985,Polynesian Rat,Rattus exulans,Rodent,null,Good,2010,2010,Trial or Research only,Whole Island,Trapping,NA,NA,NA,NA,NA,NA,null,null,null,364628,Tetiaroa Atoll (Honuea),Pacific Ocean - South East,French Polynesia,Society Islands,-17.00926361,-149.5849878,0.274241157,None
1350,2187,Black Rat,Rattus rattus,Rodent,null,Good,2011,2011,Successful,Whole Island,Toxicant,NA,NA,Hand Broadcast,Other,Brodifacoum,NA,Island Conservation,Island Conservation,www.islandconservation.org,359163,Toreauta (Tahanea Atoll),Pacific Ocean - South East,French Polynesia,Tuamotu Archipelago,-16.97742876,-144.7017545,0.072031264,None
1132,1804,Black Rat,Rattus rattus,Rodent,null,Satisfactory,1985,1991,Successful,Whole Island,Toxicant,NA,NA,Bait Station,NA,Bromadiolone,Brodifacoum,null,null,null,333981,SW Coringa Islet,Pacific Ocean - South West,Australia,Coringa-Herald Cays (Coringa Islets),-16.9683032,149.9086007,0.19656274,None
289,371,Black Rat,Rattus rattus,Rodent,null,Satisfactory,null,1986,Successful,Whole Island,Toxicant,NA,NA,Bait Station,NA,Pindone,NA,Burbidge; A.A.,Department of Conservation and Land Management; Aus,null,464199,Sandy,Indian Ocean - East,Australia,Lacepede Islands,-16.88118556,122.1695768,0.071598908,None
27,37,Black Rat,Rattus rattus,Rodent,null,Satisfactory,null,1986,Successful,Whole Island,Toxicant,NA,NA,Bait Station,NA,Pindone,NA,Burbidge; A.A.,Department of Conservation and Land Management; Aus,null,464040,Middle Lacepede,Indian Ocean - East,Australia,Lacepede Islands,-16.85551662,122.1367045,0.745973157,None
1067,1695,Black Rat,Rattus rattus,Rodent,null,Satisfactory,null,1986,Successful,Whole Island,Toxicant,NA,NA,Bait Station,NA,Pindone,NA,Burbidge; A.A.,Department of Conservation and Land Management; Aus,null,464022,West Lacepede,Indian Ocean - East,Australia,Western Australia (Kimberly coast),-16.85472573,122.110913,0.909650627,None
1263,2002,Polynesian Rat,Rattus exulans,Rodent,null,Good,null,2008,Successful,Whole Island,Toxicant,NA,NA,Aerial Broadcast,NA,Brodifacoum,NA,null,null,null,352108,Nukusemanu,Pacific Ocean - South East,Fiji,Ringgold Islands,-16.33427909,-179.4175874,0.021105215,None
1269,2009,Polynesian Rat,Rattus exulans,Rodent,null,Good,null,2008,Successful,Whole Island,Toxicant,NA,NA,Aerial Broadcast,NA,Brodifacoum,NA,null,null,null,352120,Nukupureti,Pacific Ocean - South East,Fiji,Ringgold Islands,-16.31018067,-179.2687275,0.040898636,None
1260,1999,Polynesian Rat,Rattus exulans,Rodent,null,Good,null,2008,Successful,Whole Island,Toxicant,NA,NA,Aerial Broadcast,NA,Brodifacoum,NA,null,null,null,352121,Nukubasaga,Pacific Ocean - South East,Fiji,Ringgold Islands,-16.30248731,-179.2521176,0.214993246,None
1251,1988,Polynesian Rat,Rattus exulans,Rodent,null,Good,null,2008,Successful,Whole Island,Toxicant,NA,NA,Aerial Broadcast,NA,Brodifacoum,NA,null,null,null,352122,Qelelevu (Naqelelevu),Pacific Ocean - South East,Fiji,Ringgold Islands (Qelelevu),-16.08989402,-179.1610064,1.459546946,Unknown
1265,2004,Polynesian Rat,Rattus exulans,Rodent,null,Good,null,2008,Successful,Whole Island,Toxicant,NA,NA,Aerial Broadcast,NA,Brodifacoum,NA,null,null,null,352123,Tuinibeka,Pacific Ocean - South East,Fiji,Ringgold Islands (Qelelevu),-16.08374066,-179.1675751,0.035034527,None
1259,1998,Polynesian Rat,Rattus exulans,Rodent,null,Good,null,2008,Successful,Whole Island,Toxicant,NA,NA,Aerial Broadcast,NA,Brodifacoum,NA,null,null,null,352124,Tauraria,Pacific Ocean - South East,Fiji,Ringgold Islands (Qelelevu),-16.08243771,-179.1804231,0.140319823,None
1270,2010,Polynesian Rat,Rattus exulans,Rodent,null,Good,null,2008,Successful,Whole Island,Toxicant,NA,NA,Aerial Broadcast,NA,Brodifacoum,NA,null,null,null,352125,Vetauua (Korotuna),Pacific Ocean - South East,Fiji,Ringgold Islands,-15.95239162,-179.4083837,0.416247149,None
1150,1843,Brown / Norway Rat,Rattus norvegicus,Rodent,null,Good,2005,2005,Successful,Whole Island,Toxicant,NA,NA,Hand Broadcast,NA,Bromadiolone,NA,Dervaux; Antoine,Department of Conservation of Natural Heritage  French Southern and Antarctic Lands,null,15372,Tromelin,Indian Ocean - West,French Southern Territories,îles Éparses,-15.89166704,54.52304526,0.881645806,1-Oct
1232,1962,House Mouse,Mus musculus,Rodent,null,Satisfactory,2005,2005,Failed,Whole Island,Toxicant,NA,NA,Hand Broadcast,Bait Station,Brodifacoum,NA,Dervaux; Antoine,Department of Conservation of Natural Heritage  French Southern and Antarctic Lands,null,15372,Tromelin,Indian Ocean - West,French Southern Territories,îles Éparses,-15.89166704,54.52304526,0.881645806,1-Oct
309,401,Polynesian Rat,Rattus exulans,Rodent,null,Satisfactory,2005,2005,Failed,Whole Island,Toxicant,NA,NA,Hand Broadcast,NA,Bromadiolone,NA,Burbidge; A.A.,Department of Conservation and Land Management; Aus,null,457957,Adele,Indian Ocean - East,Australia,Western Australia (Kimberly coast),-15.52384454,123.1574734,3.533866885,None
1360,2197,Polynesian Rat,Rattus exulans,Rodent,null,Good,2011,2011,Failed,Whole Island,Toxicant,NA,NA,Bait Station,Hand Broadcast,Brodifacoum,NA,null,null,null,457957,Adele,Indian Ocean - East,Australia,Western Australia (Kimberly coast),-15.52384454,123.1574734,3.533866885,None
1362,2201,Polynesian Rat,Rattus exulans,Rodent,null,Satisfactory,2013,2013,Failed,Whole Island,Toxicant,NA,NA,Aerial Broadcast,NA,Brodifacoum,NA,null,null,null,457957,Adele,Indian Ocean - East,Australia,Western Australia (Kimberly coast),-15.52384454,123.1574734,3.533866885,None
2088,3168,Polynesian Rat,Rattus exulans,Rodent,null,Satisfactory,2002,2002,Failed,Whole Island,Toxicant,NA,NA,Unknown,Unknown,Bromadiolone,NA,null,null,null,457957,Adele,Indian Ocean - East,Australia,Western Australia (Kimberly coast),-15.52384454,123.1574734,3.533866885,None
1322,2137,Black Rat,Rattus rattus,Rodent,null,Satisfactory,2008,2008,Successful (Reinvaded),Whole Island,Toxicant,NA,NA,Hand Broadcast,NA,Brodifacoum,NA,null,null,null,358802,Hiveu,Pacific Ocean - South East,French Polynesia,Tuamotu Archipelago (Rangiroa),-15.2079536,-147.79947,0.049752033,None
1475,2360,Black Rat,Rattus rattus,Rodent,null,Satisfactory,2007,2007,Successful (Reinvaded),Whole Island,Toxicant,Unknown,Unknown,Hand Broadcast,Unknown,Brodifacoum,Unknown,null,null,null,358802,Hiveu,Pacific Ocean - South East,French Polynesia,Tuamotu Archipelago (Rangiroa),-15.2079536,-147.79947,0.049752033,None
1323,2138,Black Rat,Rattus rattus,Rodent,null,Satisfactory,2008,2008,Successful (Reinvaded),Whole Island,Toxicant,NA,NA,Hand Broadcast,NA,Brodifacoum,NA,null,null,null,358798,Hiuveru,Pacific Ocean - South East,French Polynesia,Tuamotu Archipelago (Rangiroa),-15.20760904,-147.7964808,0.030148856,None
1244,1981,Black Rat,Rattus rattus,Rodent,null,Satisfactory,2008,2008,Successful (Reinvaded),Whole Island,Toxicant,NA,NA,Hand Broadcast,NA,Brodifacoum,NA,null,null,null,358805,Tiarao,Pacific Ocean - South East,French Polynesia,Tuamotu Archipelago (Rangiroa),-15.20575533,-147.8002877,0.041932766,None
1476,2361,Black Rat,Rattus rattus,Rodent,null,Satisfactory,2007,2007,Successful (Reinvaded),Whole Island,Toxicant,Unknown,Unknown,Hand Broadcast,Unknown,Unknown,Unknown,null,null,null,358805,Tiarao,Pacific Ocean - South East,French Polynesia,Tuamotu Archipelago (Rangiroa),-15.20575533,-147.8002877,0.041932766,None
137,166,Polynesian Rat,Rattus exulans,Rodent,null,Satisfactory,2005,2005,Successful,Whole Island,Toxicant,NA,NA,Hand Broadcast,NA,Brodifacoum,NA,Ghestemme Thomas,SOP Manu,null,358833,Taere'ere,Pacific Ocean - South East,French Polynesia,Tuamotu Archipelago (Rangiroa),-15.1946095,-147.8403966,0.036568409,None
338,439,Polynesian Rat,Rattus exulans,Rodent,null,Satisfactory,1990,1992,Successful,Whole Island,Toxicant,Trapping,NA,Bait Station,NA,Brodifacoum,Bromethalin,Murphy; Jim,USDA,null,350646,Rose Atoll,Pacific Ocean - South East,American Samoa,Samoan Islands (American),-14.54684639,-168.1443273,0.058905843,None
1257,1996,Polynesian Rat,Rattus exulans,Rodent,null,Satisfactory,2009,2009,Successful,Whole Island,Toxicant,NA,NA,Aerial Broadcast,Hand Broadcast,Brodifacoum,NA,null,null,null,355636,Nu'ulua,Pacific Ocean - South East,Samoa,Samoan Islands (Western (Aleipata Islands)),-14.07295418,-171.4102425,0.250047219,None
1253,1991,Polynesian Rat,Rattus exulans,Rodent,null,Poor,2009,2009,Failed,Whole Island,Toxicant,NA,NA,Aerial Broadcast,Hand Broadcast,Brodifacoum,NA,null,null,null,355617,Nu'utele,Pacific Ocean - South East,Samoa,Samoan Islands (Western (Aleipata Islands)),-14.0633339,-171.4228217,1.081368148,None
860,3172,Polynesian Rat,Rattus exulans,Rodent,null,Satisfactory,2018,2018,To Be Confirmed,Whole Island,Toxicant,NA,Hunting ,Bait Station,NA,Unknown,Unknown,null,null,null,351944,Motu Kena,Pacific Ocean - South East,Cook Islands,Cook Islands (Suwarrow Atoll),-13.27803148,-163.1928336,0.016490997,None
1439,2318,Polynesian Rat,Rattus exulans,Rodent,null,Satisfactory,2013,2013,Successful (Reinvaded),Whole Island,Toxicant,NA,NA,Bait Station,NA,Unknown,NA,null,null,null,351944,Motu Kena,Pacific Ocean - South East,Cook Islands,Cook Islands (Suwarrow Atoll),-13.27803148,-163.1928336,0.016490997,None
1438,2317,Polynesian Rat,Rattus exulans,Rodent,null,Satisfactory,2013,2013,Successful (Reinvaded),Whole Island,Toxicant,NA,NA,Unknown,NA,Unknown,NA,null,null,null,110000234,Motu Kena Iti,Pacific Ocean - South East,Cook Islands,Cook Islands (Suwarrow Atoll),-13.27736257,-163.1940939,0.007173633,None
2017,3173,Polynesian Rat,Rattus exulans,Rodent,null,Satisfactory,2018,2018,To Be Confirmed,Whole Island,Toxicant,Unknown,Unknown,Bait Station,Unknown,Unknown,Unknown,null,null,null,110000234,Motu Kena Iti,Pacific Ocean - South East,Cook Islands,Cook Islands (Suwarrow Atoll),-13.27736257,-163.1940939,0.007173633,None
1300,2111,Polynesian Rat,Rattus exulans,Rodent,null,Satisfactory,2018,2018,To Be Confirmed,Whole Island,Toxicant,NA,NA,Unknown,NA,Unknown,NA,null,null,null,351945,Motu To'u,Pacific Ocean - South East,Cook Islands,Cook Islands (Suwarrow Atoll),-13.27300025,-163.1980955,0.241544823,None
1456,3174,Polynesian Rat,Rattus exulans,Rodent,null,Satisfactory,2013,2013,Failed,Whole Island,Toxicant,Unknown,Unknown,Bait Station,Unknown,Unknown,Unknown,null,null,null,351945,Motu To'u,Pacific Ocean - South East,Cook Islands,Cook Islands (Suwarrow Atoll),-13.27300025,-163.1980955,0.241544823,None
2099,3175,Polynesian Rat,Rattus exulans,Rodent,null,Satisfactory,2003,2003,Failed,Whole Island,Toxicant,NA,NA,Hand Broadcast,Bait Station,Brodifacoum,NA,null,null,null,351945,Motu To'u,Pacific Ocean - South East,Cook Islands,Cook Islands (Suwarrow Atoll),-13.27300025,-163.1980955,0.241544823,None
229,290,Polynesian Rat,Rattus exulans,Rodent,null,Good,2003,2003,Successful (Reinvaded),Whole Island,Toxicant,NA,NA,Hand Broadcast,Bait Station,Brodifacoum,NA,Wragg; Graham,Pacific Expeditions Ltd.,null,356333,Anchorage,Pacific Ocean - South East,Cook Islands,Cook Islands (Suwarrow Atoll),-13.24796221,-163.1043232,0.147475022,None
1436,2314,Polynesian Rat,Rattus exulans,Rodent,null,Satisfactory,2013,2013,Successful,Whole Island,Toxicant,NA,NA,Unknown,NA,Unknown,NA,null,null,null,356333,Anchorage,Pacific Ocean - South East,Cook Islands,Cook Islands (Suwarrow Atoll),-13.24796221,-163.1043232,0.147475022,None
1093,1730,Black Rat,Rattus rattus,Rodent,null,Good,2005,2006,Successful (Reinvaded),Whole Island,Toxicant,Trapping,NA,Hand Broadcast,NA,Brodifacoum,NA,Rocamora; Gérard,Island Conservation Society,http://www.islandconservationseychelles.com/,19411,Pengoua,Indian Ocean - West,Mayotte,Mayotte Islands (Ilots d'Hajangoua),-12.83902612,45.24637689,0.069503928,None
1818,2762,Black Rat,Rattus rattus,Rodent,null,Good,2009,2010,Successful,Whole Island,Toxicant,Trapping,NA,Hand Broadcast,NA,Brodifacoum,NA,Rocamora; Gérard,Island Conservation Society,http://www.islandconservationseychelles.com/,19411,Pengoua,Indian Ocean - West,Mayotte,Mayotte Islands (Ilots d'Hajangoua),-12.83902612,45.24637689,0.069503928,None
1097,1734,Black Rat,Rattus rattus,Rodent,null,Good,2005,2006,Successful (Reinvaded),Whole Island,Toxicant,Trapping,NA,Hand Broadcast,NA,Brodifacoum,NA,Rocamora; Gérard,Island Conservation Society,http://www.islandconservationseychelles.com/,19414,Kola Issa,Indian Ocean - West,Mayotte,Mayotte Islands (Ilots d'Hajangoua),-12.83799282,45.23493657,0.060630368,None
1816,2760,Black Rat,Rattus rattus,Rodent,null,Good,2008,2010,Successful,Whole Island,Toxicant,Trapping,NA,Hand Broadcast,NA,Brodifacoum,NA,Rocamora; Gérard,Island Conservation Society,http://www.islandconservationseychelles.com/,19414,Kola Issa,Indian Ocean - West,Mayotte,Mayotte Islands (Ilots d'Hajangoua),-12.83799282,45.23493657,0.060630368,None
1115,1759,Black Rat,Rattus rattus,Rodent,null,Good,2005,2006,Successful (Reinvaded),Whole Island,Trapping,NA,NA,NA,NA,NA,NA,Rocamora; Gérard,Island Conservation Society,http://www.islandconservationseychelles.com/,88888023,Pouhou,Indian Ocean - West,Mayotte,Mayotte Islands,-12.82765992,45.25331897,0.008669675,None
1817,2761,Black Rat,Rattus rattus,Rodent,null,Good,2009,2010,Successful,Whole Island,Trapping,NA,NA,NA,NA,NA,NA,Rocamora; Gérard,Island Conservation Society,http://www.islandconservationseychelles.com/,88888023,Pouhou,Indian Ocean - West,Mayotte,Mayotte Islands,-12.82765992,45.25331897,0.008669675,None
1133,1808,Black Rat,Rattus rattus,Rodent,null,Good,2009,2010,Successful,Whole Island,Toxicant,NA,NA,Hand Broadcast,NA,Brodifacoum,NA,null,null,null,19419,Gombe Ndroumbe,Indian Ocean - West,Mayotte,Mayotte Islands,-12.74969561,45.26998557,0.012870086,None
1071,1699,Black Rat,Rattus rattus,Rodent,null,Satisfactory,null,1980,Successful,Whole Island,Toxicant,NA,NA,Unknown,NA,Unknown,NA,Burbidge; A.A.,Department of Conservation and Land Management; Aus,null,330931,West Islet,Indian Ocean - East,Australia,Ashmore Reef,-12.24242905,122.9665913,0.293587182,None
2087,3167,Black Rat,Rattus rattus,Rodent,1825,Good,2011,2011,Successful,Whole Island,Toxicant,NA,NA,Bait Station,Hand Broadcast,Brodifacoum,NA,null,null,null,334236,Direction,Indian Ocean - East,Cocos (Keeling) Islands,Cocos (Keeling) Islands,-12.08964244,96.88335174,0.297769967,None
1120,1776,Black Rat,Rattus rattus,Rodent,null,Satisfactory,2003,2003,Successful,Whole Island,Toxicant,NA,NA,Hand Broadcast,NA,Bromadiolone,NA,Dervaux; Antoine,Department of Conservation of Natural Heritage  French Southern and Antarctic Lands,null,15371,Ile du Lys,Indian Ocean - West,French Southern Territories,Glorioso,-11.51683495,47.3768806,0.206953955,None
2005,3018,Polynesian Rat,Rattus exulans,Rodent,null,Satisfactory,2019,null,Planned,Whole Island,Toxicant,NA,NA,Aerial Broadcast,Unknown,Unknown,Unknown,Cranwell; Steve,Birdlife Pacific,null,358309,Mohotani,Pacific Ocean - South East,French Polynesia,Marquesas,-9.984474252,-138.8271045,12.59390798,None
1630,2537,House Mouse,Mus musculus,Rodent,null,Poor,null,2013,To Be Confirmed,Whole Island,Toxicant,NA,NA,Bait Station,NA,Unknown,NA,null,null,null,110000224,Mer (Murray),Pacific Ocean - South West,Australia,Queensland Islands (Torres Strait),-9.916731427,144.0514009,4.908707207,101 - 1000
1633,2538,Black Rat,Rattus rattus,Rodent,null,Poor,null,2013,To Be Confirmed,Whole Island,Toxicant,NA,NA,Bait Station,NA,Unknown,NA,null,null,null,110000224,Mer (Murray),Pacific Ocean - South West,Australia,Queensland Islands (Torres Strait),-9.916731427,144.0514009,4.908707207,101 - 1000
1061,1689,Black Rat,Rattus rattus,Rodent,null,Good,2007,2007,Successful,Whole Island,Toxicant,NA,NA,Aerial Broadcast,NA,Brodifacoum,NA,Rocamora; Gérard,Island Conservation Society,http://www.islandconservationseychelles.com/,19650,Grande Ile (Wizard),Indian Ocean - West,Seychelles,Cosmoledo Atoll,-9.748939294,47.64727578,1.563342954,None
1344,2179,Black Rat,Rattus rattus,Rodent,null,Good,2007,2007,Successful,Whole Island,Toxicant,NA,NA,Aerial Broadcast,NA,Brodifacoum,NA,Rocamora; Gérard,Island Conservation Society,http://www.islandconservationseychelles.com/,110000700,Petit Polyte,Indian Ocean - West,Seychelles,Cosmoledo Atoll,-9.729486289,47.65696241,0.017666835,None
1077,1707,Black Rat,Rattus rattus,Rodent,null,Good,2007,2007,Successful,Whole Island,Toxicant,NA,NA,Aerial Broadcast,NA,Brodifacoum,NA,Rocamora; Gérard,Island Conservation Society,http://www.islandconservationseychelles.com/,88888026,Grande Polyte,Indian Ocean - West,Seychelles,Cosmoledo Atoll,-9.719122176,47.65649257,0.326097344,None
1258,1997,Polynesian Rat,Rattus exulans,Rodent,null,Satisfactory,2019,null,Planned,Whole Island,Toxicant,Unknown,Unknown,Aerial Broadcast,Unknown,Brodifacoum,Unknown,Cranwell; Steve,Birdlife Pacific,null,365135,Motu Oa,Pacific Ocean - South East,French Polynesia,Marquesas (Ua Pou group),-9.479683513,-140.0470206,0.367055362,None
2007,3020,Polynesian Rat,Rattus exulans,Rodent,null,Satisfactory,2019,null,Planned,Whole Island,Toxicant,Unknown,NA,Aerial Broadcast,Unknown,Unknown,Unknown,Cranwell; Steve,Birdlife Pacific,null,365136,Motu Takahe,Pacific Ocean - South East,French Polynesia,Marquesas (Ua Pou Group),-9.46637508,-140.0726063,0.062924567,None
2124,3148,Polynesian Rat,Rattus exulans,Rodent,null,Satisfactory,2019,null,Planned,Whole Island,Toxicant,NA,NA,Aerial Broadcast,Aerial Broadcast,Unknown,Unknown,null,null,null,364901,Fatu Huku,Pacific Ocean - South East,French Polynesia,Marquesas,-9.436772654,-138.9260018,0.568367677,None
15,22,Black Rat,Rattus rattus,Rodent,1978,Poor,1986,1988,Failed,Whole Island,Toxicant,Burrow Fumigation,NA,Unknown,NA,Brodifacoum,Chlorophacinone,null,null,null,364591,Teuaua (Ua-Uka),Pacific Ocean - South East,French Polynesia,Marquesas,-8.954210196,-139.5931222,0.052543486,None
16,23,Polynesian Rat,Rattus exulans,Rodent,null,Good,1986,1988,Failed,Whole Island,Toxicant,NA,NA,Unknown,NA,Brodifacoum,Chlorophacinone,null,null,null,364591,Teuaua (Ua-Uka),Pacific Ocean - South East,French Polynesia,Marquesas,-8.954210196,-139.5931222,0.052543486,None
239,301,Polynesian Rat,Rattus exulans,Rodent,null,Good,2009,2009,Failed,Whole Island,Toxicant,NA,NA,Hand Broadcast,NA,Brodifacoum,NA,Cranwell; Steve,Birdlife Pacific,null,364591,Teuaua (Ua-Uka),Pacific Ocean - South East,French Polynesia,Marquesas,-8.954210196,-139.5931222,0.052543486,None
1771,2934,Polynesian Rat,Rattus exulans,Rodent,null,Good,2017,2017,Successful,Whole Island,Toxicant,Toxicant,NA,Hand Broadcast,NA,Brodifacoum,NA,Griffiths; Richard,Island Conservation,null,364591,Teuaua (Ua-Uka),Pacific Ocean - South East,French Polynesia,Marquesas,-8.954210196,-139.5931222,0.052543486,None
1268,2008,Polynesian Rat,Rattus exulans,Rodent,null,Satisfactory,2019,null,Planned,Whole Island,Toxicant,NA,NA,Aerial Broadcast,NA,Unknown,NA,null,null,null,364900,Hatu Iti (Motu Iti),Pacific Ocean - South East,French Polynesia,Marquesas,-8.676328902,-140.6181303,0.135797628,None
2008,3021,Polynesian Rat,Rattus exulans,Rodent,null,Satisfactory,2019,null,Planned,Whole Island,Unknown,Unknown,Unknown,Unknown,Unknown,Unknown,Unknown,Cranwell; Steve,Birdlife Pacific,null,358230,Hatuta'a (Hatuuta),Pacific Ocean - South East,French Polynesia,Marquesas,-7.91708564,-140.5711251,6.778302967,None
813,1048,Black Rat,Rattus rattus,Rodent,1904,Good,1997,1997,Successful,Whole Island,Toxicant,NA,NA,Bait Station,NA,Brodifacoum,NA,Kloiber; Ulli,Chumbe Island Coral Park (CHICOP),www.chumbeisland.com,14433,Chumbe,Indian Ocean - West,Tanzania United Republic of,Zanzibar Islands,-6.278396501,39.1775159,0.176406131,Unknown
1875,2900,Black Rat,Rattus rattus,Rodent,1786,Good,2014,2014,Successful,Whole Island,Toxicant,NA,NA,Hand Broadcast,Bait Station,Brodifacoum,NA,Pitman Helen,Director Chagos Conservation Trust,null,22735,Vache Marine,Indian Ocean - West,British Indian Ocean Territory,Chagos Archipelago,-6.234797712,71.29491808,0.198277699,None
1059,1687,Black Rat,Rattus rattus,Rodent,null,Satisfactory,2006,2006,Failed,Whole Island,Toxicant,NA,NA,Bait Station,NA,Brodifacoum,NA,null,null,null,22736,Eagle,Indian Ocean - West,British Indian Ocean Territory,Chagos Archipelago,-6.187955223,71.32853826,2.504312643,None
1353,2190,Brown / Norway Rat,Rattus norvegicus,Rodent,null,Satisfactory,2003,2003,Successful,Whole Island,Toxicant,NA,NA,Unknown,NA,Brodifacoum,NA,Climo; G.,Island Owner,null,19654,D'Arros,Indian Ocean - West,Seychelles,Amirantes Islands,-5.415900014,53.29853999,1.637765005,11 - 100
1693,2610,House Mouse,Mus musculus,Rodent,null,Satisfactory,2003,2003,Failed,Whole Island,Toxicant,NA,NA,Unknown,NA,Brodifacoum,NA,null,null,null,19654,D'Arros,Indian Ocean - West,Seychelles,Amirantes Islands,-5.415900014,53.29853999,1.637765005,11 - 100
1926,2927,Black Rat,Rattus rattus,Rodent,null,Good,2014,2014,Successful,Whole Island,Toxicant,NA,NA,Hand Broadcast,Bait Station,Brodifacoum,NA,Carr Pete,Chagos Conservation Trust,http://chagos-trust.org/,22751,Ile du Sel,Indian Ocean - West,British Indian Ocean Territory,Chagos Archipelago (Salomon Islands),-5.354667024,72.22720644,0.01729034,None
1934,2928,Black Rat,Rattus rattus,Rodent,null,Good,2014,2014,Successful,Whole Island,Toxicant,NA,NA,Hand Broadcast,Bait Station,Brodifacoum,NA,Carr Pete,Chagos Conservation Trust,http://chagos-trust.org/,22725,Jacobin,Indian Ocean - West,British Indian Ocean Territory,Chagos Archipelago (Salomon Islands),-5.349780059,72.24593583,0.022298239,None
1457,2336,Black Rat,Rattus rattus,Rodent,null,Good,2005,2006,Successful,Whole Island,Toxicant,NA,NA,Hand Broadcast,NA,Brodifacoum,NA,Rocamora; Gérard,Island Conservation Society,http://www.islandconservationseychelles.com/,110000705,Ile aux Rats,Indian Ocean - West,Seychelles,Seychelles,-4.668975736,55.53519976,0.008817824,None
1107,1747,Black Rat,Rattus rattus,Rodent,null,Good,2005,2006,Successful,Whole Island,Toxicant,Trapping,NA,Bait Station,NA,Brodifacoum,NA,Rocamora; Gérard,Island Conservation Society,http://www.islandconservationseychelles.com/,464134,Anonyme,Indian Ocean - West,Seychelles,Seychelles,-4.6636749,55.52452998,0.105913368,Unknown
1339,2169,Black Rat,Rattus rattus,Rodent,null,Good,2003,2003,Successful (Reinvaded),Whole Island,Toxicant,Trapping,NA,Bait Station,NA,Brodifacoum,NA,Rocamora; Gérard,Island Conservation Society,http://www.islandconservationseychelles.com/,464134,Anonyme,Indian Ocean - West,Seychelles,Seychelles,-4.6636749,55.52452998,0.105913368,Unknown
1075,1705,Brown / Norway Rat,Rattus norvegicus,Rodent,null,Good,2007,2007,Successful,Whole Island,Toxicant,NA,NA,Aerial Broadcast,NA,Brodifacoum,NA,Rocamora; Gérard,Island Conservation Society,http://www.islandconservationseychelles.com/,19672,Conception,Indian Ocean - West,Seychelles,Seychelles,-4.66363302,55.36636899,0.58919345,None
10,14,Brown / Norway Rat,Rattus norvegicus,Rodent,null,Good,1995,1996,Failed,Whole Island,Toxicant,Trapping,NA,Bait Station,Hand Broadcast,Difenacoum,Brodifacoum,null,null,null,19647,Fregate,Indian Ocean - West,Seychelles,Seychelles,-4.585436726,55.9415527,2.00108525,101 - 1000
346,449,House Mouse,Mus musculus,Rodent,null,Good,2000,2000,Successful,Whole Island,Toxicant,NA,NA,Aerial Broadcast,NA,Brodifacoum,NA,Merton; Don,Seychelles Ministry of Environment,null,19647,Fregate,Indian Ocean - West,Seychelles,Seychelles,-4.585436726,55.9415527,2.00108525,101 - 1000
347,450,Brown / Norway Rat,Rattus norvegicus,Rodent,null,Good,2000,2000,Successful,Whole Island,Toxicant,NA,NA,Aerial Broadcast,NA,Brodifacoum,NA,Merton; Don,Seychelles Ministry of Environment,null,19647,Fregate,Indian Ocean - West,Seychelles,Seychelles,-4.585436726,55.9415527,2.00108525,101 - 1000
2125,3149,Polynesian Rat,Rattus exulans,Rodent,null,Good,2009,2009,Trial or Research only,Whole Island,Trapping,NA,NA,NA,NA,NA,NA,Pierce; Ray,Eco Oceania Pty Ltd,http://raypierce.marinenz.org.nz/,357153,Orona,Pacific Ocean - South East,Kiribati,Phoenix Islands,-4.521594582,-172.2023242,4.627850352,None
344,447,Black Rat,Rattus rattus,Rodent,null,Good,2003,2003,Successful (Reinvaded),Whole Island,Toxicant,NA,NA,Aerial Broadcast,Hand Broadcast,Brodifacoum,NA,Climo; G.,Island Owner,null,19651,North,Indian Ocean - West,Seychelles,Seychelles,-4.39222232,55.24490282,1.950852103,101 - 1000
1062,1690,Black Rat,Rattus rattus,Rodent,null,Good,2005,2005,Successful,Whole Island,Toxicant,NA,NA,Aerial Broadcast,NA,Brodifacoum,NA,Rocamora; Gérard,Island Conservation Society,http://www.islandconservationseychelles.com/,19651,North,Indian Ocean - West,Seychelles,Seychelles,-4.39222232,55.24490282,1.950852103,101 - 1000
1347,2184,Black Rat,Rattus rattus,Rodent,null,Good,2010,2010,Successful,Whole Island,Toxicant,NA,NA,Aerial Broadcast,NA,Brodifacoum,NA,Rocamora; Gérard,Island Conservation Society,http://www.islandconservationseychelles.com/,19660,Grande Soeur,Indian Ocean - West,Seychelles,Seychelles,-4.288905026,55.86934716,0.730482923,Unknown
1348,2185,Black Rat,Rattus rattus,Rodent,null,Good,2010,2010,Successful,Whole Island,Toxicant,NA,NA,Aerial Broadcast,NA,Brodifacoum,NA,Rocamora; Gérard,Island Conservation Society,http://www.islandconservationseychelles.com/,19676,Petite Soeur,Indian Ocean - West,Seychelles,Seychelles,-4.287741713,55.85548118,0.34309808,None
120,141,Black Rat,Rattus rattus,Rodent,null,Good,2000,2000,Successful (Reinvaded),Whole Island,Toxicant,NA,NA,Aerial Broadcast,NA,Brodifacoum,NA,Merton; D.,NZ Dept. of Conservation,pestoff.co.nz,19644,Curieuse,Indian Ocean - West,Seychelles,Seychelles,-4.282829418,55.72550979,2.907248395,1-Oct
1230,1960,House Mouse,Mus musculus,Rodent,null,Good,2000,2000,Failed,Whole Island,Toxicant,NA,NA,Aerial Broadcast,NA,Brodifacoum,NA,null,null,null,19644,Curieuse,Indian Ocean - West,Seychelles,Seychelles,-4.282829418,55.72550979,2.907248395,1-Oct
2003,3016,Black Rat,Rattus rattus,Rodent,null,Good,2017,null,Trial or Research only,Whole Island,Toxicant,Trapping,NA,Hand Broadcast,Bait Station,Brodifacoum,Unknown,Russell; J.,NZ Dept. of Conservation,null,453967,Ilha do Meio,Atlantic Ocean - South,Brazil,Fernando de Noronha,-3.819965483,-32.39241301,0.169067143,None
121,142,Black Rat,Rattus rattus,Rodent,null,Good,2000,2000,Successful (Reinvaded),Whole Island,Toxicant,NA,NA,Aerial Broadcast,NA,Brodifacoum,NA,Merton; D.,NZ Dept. of Conservation,pestoff.co.nz,19656,Denis,Indian Ocean - West,Seychelles,Seychelles,-3.805198508,55.6669783,1.276332878,101 - 1000
345,448,Black Rat,Rattus rattus,Rodent,null,Good,2002,2002,Successful,Whole Island,Toxicant,NA,NA,Bait Station,NA,Brodifacoum,NA,Climo; G.,Island Owner,null,19656,Denis,Indian Ocean - West,Seychelles,Seychelles,-3.805198508,55.6669783,1.276332878,101 - 1000
1231,1961,House Mouse,Mus musculus,Rodent,null,Satisfactory,null,2000,Failed,Whole Island,Toxicant,NA,NA,Aerial Broadcast,NA,Brodifacoum,NA,Climo; G.,Island Owner,null,19656,Denis,Indian Ocean - West,Seychelles,Seychelles,-3.805198508,55.6669783,1.276332878,101 - 1000
1468,2349,House Mouse,Mus musculus,Rodent,null,Good,2002,2002,Successful,Whole Island,Toxicant,NA,NA,Bait Station,NA,Brodifacoum,NA,Climo; G.,Island Owner,null,19656,Denis,Indian Ocean - West,Seychelles,Seychelles,-3.805198508,55.6669783,1.276332878,101 - 1000
296,383,Black Rat,Rattus rattus,Rodent,1970,Good,1996,1997,Successful,Whole Island,Toxicant,NA,NA,Bait Station,Hand Broadcast,Brodifacoum,NA,Merton; D.,NZ Dept. of Conservation,pestoff.co.nz,19662,Bird,Indian Ocean - West,Seychelles,Seychelles,-3.719388162,55.20568274,0.990884741,11 - 100
1290,2074,House Mouse,Mus musculus,Rodent,null,Good,1996,1996,Failed,Whole Island,Toxicant,NA,NA,Bait Station,Hand Broadcast,Brodifacoum,NA,Merton; D.,NZ Dept. of Conservation,pestoff.co.nz,19662,Bird,Indian Ocean - West,Seychelles,Seychelles,-3.719388162,55.20568274,0.990884741,11 - 100
63,77,Asian House Rat,Rattus tanezumi,Rodent,2000,Good,2008,2008,Successful,Whole Island,Toxicant,NA,NA,Hand Broadcast,Bait Station,Brodifacoum,NA,Thorson; Mike,NZ Dept. of Conservation,null,357148,McKean,Pacific Ocean - South East,Kiribati,Phoenix Islands,-3.595269526,-174.1226022,0.564452738,None
1256,1995,Polynesian Rat,Rattus exulans,Rodent,null,Good,2011,2011,Successful,Whole Island,Toxicant,NA,NA,Aerial Broadcast,Hand Broadcast,Brodifacoum,NA,null,null,null,352270,Birnie,Pacific Ocean - South East,Kiribati,Phoenix Islands,-3.584535484,-171.5168628,0.505801155,None
1243,1980,Polynesian Rat,Rattus exulans,Rodent,null,Good,2011,2011,Failed,Whole Island,Toxicant,NA,NA,Aerial Broadcast,NA,Brodifacoum,NA,null,null,null,352271,Enderbury,Pacific Ocean - South East,Kiribati,Phoenix Islands,-3.127287662,-171.0849796,6.104082699,None
964,3147,Polynesian Rat,Rattus exulans,Rodent,null,Good,null,null,Planned,Whole Island,Toxicant,Unknown,Unknown,Unknown,Unknown,Brodifacoum,Unknown,Pierce; Ray,Eco Oceania Pty Ltd,http://raypierce.marinenz.org.nz/,352272,Channel,Pacific Ocean - South East,Kiribati,Phoenix Islands (Kanton),-2.811425671,-171.7120867,0.052924671,None
2116,3134,House Mouse,Mus musculus,Rodent,null,Good,null,null,Planned,Whole Island,Toxicant,Unknown,Unknown,Unknown,Unknown,Unknown,Unknown,Island Conservation,Island Conservation,www.islandconservation.org,356491,Floreana,Pacific Ocean - North East,Ecuador,Galapagos Islands,-1.293963978,-90.43505189,172.3342803,101 - 1000
2117,3135,Black Rat,Rattus rattus,Rodent,null,Good,null,null,Planned,Whole Island,Unknown,Unknown,Unknown,Unknown,Unknown,Unknown,Unknown,Island Conservation,Island Conservation,www.islandconservation.org,356491,Floreana,Pacific Ocean - North East,Ecuador,Galapagos Islands,-1.293963978,-90.43505189,172.3342803,101 - 1000
9,13,Black Rat,Rattus rattus,Rodent,1600,Satisfactory,null,2002,Failed,Whole Island,Toxicant,Trapping,NA,Bait Station,NA,Brodifacoum,NA,null,null,null,356542,Lobos,Pacific Ocean - North East,Ecuador,Galapagos Islands,-0.856468883,-89.56619659,0.073323227,None
645,835,Black Rat,Rattus rattus,Rodent,1983,Satisfactory,1989,1989,Successful,Whole Island,Toxicant,Trapping,NA,Hand Broadcast,NA,1080,NA,null,null,null,356483,Pitt,Pacific Ocean - North East,Ecuador,Galapagos Islands,-0.703678387,-89.24724045,0.008418364,None
240,302,Black Rat,Rattus rattus,Rodent,1600,Satisfactory,1988,1989,Failed,Whole Island,Toxicant,NA,NA,Bait Station,Hand Broadcast,Coumatetralyl,Brodifacoum,null,null,null,356524,Pinzón,Pacific Ocean - North East,Ecuador,Galapagos Islands,-0.610869147,-90.66589399,17.82866978,None
1369,2213,Black Rat,Rattus rattus,Rodent,null,Good,2012,2012,Successful,Whole Island,Toxicant,NA,NA,Aerial Broadcast,NA,Brodifacoum,NA,Island Conservation,Island Conservation,www.islandconservation.org,356524,Pinzón,Pacific Ocean - North East,Ecuador,Galapagos Islands,-0.610869147,-90.66589399,17.82866978,None
8,12,Black Rat,Rattus rattus,Rodent,null,Satisfactory,2004,2004,Successful (Reinvaded),Whole Island,Toxicant,NA,NA,Bait Station,NA,Brodifacoum,Coumatetralyl,Carrion; Victor,Galapagos National Park Service,null,362253,Marielas Sur,Pacific Ocean - North East,Ecuador,Galapagos Islands,-0.599271767,-91.09055959,0.012435199,None
1520,2417,Black Rat,Rattus rattus,Rodent,1600,Satisfactory,1988,1999,Successful (Reinvaded),Whole Island,Toxicant,NA,NA,Bait Station,NA,Brodifacoum,NA,null,null,null,362253,Marielas Sur,Pacific Ocean - North East,Ecuador,Galapagos Islands,-0.599271767,-91.09055959,0.012435199,None
2108,3121,Black Rat,Rattus rattus,Rodent,null,Satisfactory,2013,2014,Successful,Whole Island,Toxicant,NA,NA,Hand Broadcast,NA,Brodifacoum,NA,Carrion; Victor,Galapagos National Park Service,null,362253,Marielas Sur,Pacific Ocean - North East,Ecuador,Galapagos Islands,-0.599271767,-91.09055959,0.012435199,None
1521,2418,Black Rat,Rattus rattus,Rodent,1600,Good,1988,1999,Successful (Reinvaded),Whole Island,Toxicant,NA,NA,Bait Station,NA,Brodifacoum,NA,Carrion; Victor,Galapagos National Park Service,null,362273,Marielas Norte,Pacific Ocean - North East,Ecuador,Galapagos Islands,-0.595941497,-91.09092703,0.004864921,None
2107,3120,Black Rat,Rattus rattus,Rodent,null,Good,2004,2004,Successful,Whole Island,Toxicant,NA,NA,Bait Station,NA,Brodifacoum,NA,Carrion; Victor,Galapagos National Park Service,null,362273,Marielas Norte,Pacific Ocean - North East,Ecuador,Galapagos Islands,-0.595941497,-91.09092703,0.004864921,None
806,2807,Black Rat,Rattus rattus,Rodent,null,Good,2004,2004,Successful,Whole Island,Toxicant,NA,NA,Bait Station,NA,Brodifacoum,NA,Carrion; Victor,Galapagos National Park Service,null,362274,Marielas Este,Pacific Ocean - North East,Ecuador,Galapagos Islands,-0.594654923,-91.09036355,0.001473745,None
2106,3119,Black Rat,Rattus rattus,Rodent,null,Good,1998,1999,Successful (Reinvaded),Whole Island,Toxicant,NA,NA,Bait Station,NA,Brodifacoum,NA,Carrion; Victor,Galapagos National Park Service,null,362274,Marielas Este,Pacific Ocean - North East,Ecuador,Galapagos Islands,-0.594654923,-91.09036355,0.001473745,None
1370,2214,House Mouse,Mus musculus,Rodent,null,Good,2012,2012,Successful,Whole Island,Toxicant,NA,NA,Aerial Broadcast,NA,Brodifacoum,NA,Island Conservation,Island Conservation,www.islandconservation.org,362268,Plaza Sur,Pacific Ocean - North East,Ecuador,Galapagos Islands,-0.583451758,-90.16354332,0.132735595,None
1237,1971,House Mouse,Mus musculus,Rodent,null,Satisfactory,2011,2011,Successful,Whole Island,Toxicant,NA,NA,Aerial Broadcast,NA,Brodifacoum,NA,Island Conservation,Island Conservation,www.islandconservation.org,362269,Plaza Norte,Pacific Ocean - North East,Ecuador,Galapagos Islands,-0.580049412,-90.16125524,0.087056555,None
989,1258,Black Rat,Rattus rattus,Rodent,1600,Poor,null,1980,Failed,Whole Island,Unknown,Unknown,Unknown,Unknown,Unknown,Unknown,Unknown,null,null,null,463610,Venecia,Pacific Ocean - North East,Ecuador,Galapagos Islands,-0.518408857,-90.4757509,0.158747201,None
1289,2062,House Mouse,Mus musculus,Rodent,null,Satisfactory,null,1980,Failed,Whole Island,Toxicant,NA,NA,Unknown,NA,Brodifacoum,Coumatetralyl,null,null,null,463610,Venecia,Pacific Ocean - North East,Ecuador,Galapagos Islands,-0.518408857,-90.4757509,0.158747201,None
1112,1755,Black Rat,Rattus rattus,Rodent,null,Satisfactory,2011,2011,Successful,Whole Island,Toxicant,NA,NA,Aerial Broadcast,NA,Brodifacoum,NA,Island Conservation,Island Conservation,www.islandconservation.org,362219,Roca Beagle Sur,Pacific Ocean - North East,Ecuador,Galapagos Islands,-0.418442415,-90.62935922,0.076102735,None
1119,1775,Black Rat,Rattus rattus,Rodent,null,Satisfactory,2011,2011,Unknown pre-status,Whole Island,Toxicant,NA,NA,Aerial Broadcast,NA,Brodifacoum,NA,Island Conservation,Island Conservation,www.islandconservation.org,110000300,Beagle Oeste,Pacific Ocean - North East,Ecuador,Galapagos Islands,-0.416618713,-90.63152006,0.033769274,None
1326,2142,Black Rat,Rattus rattus,Rodent,null,Satisfactory,2011,2011,Successful,Whole Island,Toxicant,NA,NA,Aerial Broadcast,NA,Brodifacoum,NA,Island Conservation,Island Conservation,www.islandconservation.org,362220,Roca Beagle Norte,Pacific Ocean - North East,Ecuador,Galapagos Islands,-0.414218724,-90.62782087,0.011115423,None
1145,1837,Brown / Norway Rat,Rattus norvegicus,Rodent,null,Good,2011,2011,Successful,Whole Island,Toxicant,NA,NA,Aerial Broadcast,NA,Brodifacoum,NA,Island Conservation,Island Conservation,www.islandconservation.org,356526,Rábida,Pacific Ocean - North East,Ecuador,Galapagos Islands,-0.413861509,-90.70867487,4.979813862,None
986,1254,Black Rat,Rattus rattus,Rodent,1600,Satisfactory,null,2007,Successful,Whole Island,Toxicant,NA,NA,Bait Station,NA,Brodifacoum,1080,null,null,null,356540,Mosquera,Pacific Ocean - North East,Ecuador,Galapagos Islands,-0.404960503,-90.27772006,0.060148643,None
1522,2419,Black Rat,Rattus rattus,Rodent,1600,Satisfactory,null,1980,Failed,Whole Island,Unknown,Unknown,Unknown,Unknown,Unknown,Unknown,Unknown,null,null,null,356540,Mosquera,Pacific Ocean - North East,Ecuador,Galapagos Islands,-0.404960503,-90.27772006,0.060148643,None
987,1255,Black Rat,Rattus rattus,Rodent,1600,Good,2007,2007,Successful (Reinvaded),Whole Island,Toxicant,Trapping,NA,Bait Station,NA,Brodifacoum,NA,Carrion; Victor,Galapagos National Park Service,null,356541,Seymour Norte,Pacific Ocean - North East,Ecuador,Galapagos Islands,-0.395017292,-90.2849004,1.849817373,None
1932,3138,Black Rat,Rattus rattus,Rodent,null,Satisfactory,null,null,Planned,Whole Island,Toxicant,Unknown,Trapping,Aerial Broadcast,Unknown,Unknown,Unknown,Carrion; Victor,Galapagos National Park Service,null,356541,Seymour Norte,Pacific Ocean - North East,Ecuador,Galapagos Islands,-0.395017292,-90.2849004,1.849817373,None
2091,3139,Brown / Norway Rat,Rattus norvegicus,Rodent,null,Satisfactory,null,null,Planned,Whole Island,Toxicant,Unknown,Unknown,Aerial Broadcast,Unknown,Unknown,Unknown,Carrion; Victor,Galapagos National Park Service,null,356541,Seymour Norte,Pacific Ocean - North East,Ecuador,Galapagos Islands,-0.395017292,-90.2849004,1.849817373,None
1083,1717,Black Rat,Rattus rattus,Rodent,null,Poor,2011,2011,Unknown,Whole Island,Toxicant,NA,NA,Aerial Broadcast,NA,Brodifacoum,NA,Island Conservation,Island Conservation,www.islandconservation.org,362229,Sombrero Chino,Pacific Ocean - North East,Ecuador,Galapagos Islands,-0.370320789,-90.58331963,0.200572978,None
1121,1779,Black Rat,Rattus rattus,Rodent,null,Satisfactory,2011,2011,Unknown pre-status,Whole Island,Toxicant,NA,NA,Aerial Broadcast,NA,Brodifacoum,NA,Island Conservation,Island Conservation,www.islandconservation.org,362230,Bainbridge - 6,Pacific Ocean - North East,Ecuador,Galapagos Islands,-0.368006764,-90.570288,0.041345986,None
1122,1780,Black Rat,Rattus rattus,Rodent,null,Satisfactory,2011,2011,Unknown pre-status,Whole Island,Toxicant,NA,NA,Aerial Broadcast,NA,Brodifacoum,NA,Island Conservation,Island Conservation,www.islandconservation.org,362231,Bainbridge - 5,Pacific Ocean - North East,Ecuador,Galapagos Islands,-0.364662085,-90.56643696,0.03985046,None
729,2805,Black Rat,Rattus rattus,Rodent,null,Poor,null,null,Successful,Whole Island,Unknown,Unknown,Unknown,Unknown,Unknown,Unknown,Unknown,Phillips RB,null,null,362232,Bainbridge - 4,Pacific Ocean - North East,Ecuador,Galapagos Islands,-0.359298923,-90.56430998,0.047387162,None
1084,1718,Black Rat,Rattus rattus,Rodent,null,Satisfactory,2011,2011,Successful,Whole Island,Toxicant,NA,NA,Aerial Broadcast,NA,Brodifacoum,NA,Keitt; Brad,Island Conservation,www.islandconservation.org,362233,Bainbridge - 3,Pacific Ocean - North East,Ecuador,Galapagos Islands,-0.351330041,-90.56610087,0.204708477,None
665,862,Black Rat,Rattus rattus,Rodent,null,Satisfactory,2002,2002,Successful,Whole Island,Toxicant,NA,NA,Hand Broadcast,NA,Brodifacoum,NA,null,null,null,362234,Bainbridge - 2,Pacific Ocean - North East,Ecuador,Galapagos Islands,-0.348447432,-90.55846518,0.023438502,None
664,861,Black Rat,Rattus rattus,Rodent,1600,Satisfactory,2002,2002,Failed,Whole Island,Toxicant,NA,NA,Hand Broadcast,NA,Brodifacoum,NA,null,null,null,362235,Bainbridge - 1,Pacific Ocean - North East,Ecuador,Galapagos Islands,-0.343556724,-90.55892297,0.089372782,None
1099,1736,Black Rat,Rattus rattus,Rodent,null,Good,2011,2011,Successful,Whole Island,Toxicant,NA,NA,Aerial Broadcast,NA,Brodifacoum,NA,Island Conservation,Island Conservation,www.islandconservation.org,362235,Bainbridge - 1,Pacific Ocean - North East,Ecuador,Galapagos Islands,-0.343556724,-90.55892297,0.089372782,None
1327,2144,Black Rat,Rattus rattus,Rodent,null,Satisfactory,2011,2011,Unknown pre-status,Whole Island,Toxicant,NA,NA,Aerial Broadcast,NA,Brodifacoum,NA,Island Conservation,Island Conservation,www.islandconservation.org,463609,Islote Gran Felipe,Pacific Ocean - North East,Ecuador,Galapagos Islands,-0.291192307,-90.55406447,0.000962564,None
1325,2141,Black Rat,Rattus rattus,Rodent,null,Good,2011,2011,Successful (Reinvaded),Whole Island,Toxicant,NA,NA,Aerial Broadcast,NA,Brodifacoum,NA,Island Conservation,Island Conservation,www.islandconservation.org,356533,Bartolomé,Pacific Ocean - North East,Ecuador,Galapagos Islands,-0.285256054,-90.54928144,1.252478356,None
1278,2023,Black Rat,Rattus rattus,Rodent,null,Poor,null,null,Successful,Whole Island,Unknown,Unknown,Unknown,Unknown,Unknown,Unknown,Unknown,null,null,null,110000301,Logie (Lougie),Pacific Ocean - North East,Ecuador,Galapagos Islands,-0.254561722,-90.57770813,0.002944456,None
1287,2047,Black Rat,Rattus rattus,Rodent,null,Poor,1980,null,Failed,Whole Island,Toxicant,NA,NA,Unknown,NA,Brodifacoum,Coumatetralyl,null,null,null,356534,Cousin Rock,Pacific Ocean - North East,Ecuador,Galapagos Islands,-0.235563127,-90.57458004,0.007376007,None
1561,2461,Polynesian Rat,Rattus exulans,Rodent,null,Good,2012,2012,Successful,Whole Island,Toxicant,NA,NA,Hand Broadcast,NA,Brodifacoum,NA,Pierce; Ray,Eco Oceania Pty Ltd,http://raypierce.marinenz.org.nz/,110000271,Oasis 1 (East),Pacific Ocean - North East,Kiribati,Line Islands (Kiritimati),1.807356774,-157.3654855,0.022295673,None
1562,2462,Polynesian Rat,Rattus exulans,Rodent,null,Good,2012,2012,Successful,Whole Island,Toxicant,NA,NA,Hand Broadcast,NA,Brodifacoum,NA,Pierce; Ray,Eco Oceania Pty Ltd,http://raypierce.marinenz.org.nz/,110000272,Oasis 2,Pacific Ocean - North East,Kiribati,Line Islands (Kiritimati),1.808720522,-157.3684912,0.025662115,None
1563,2463,Polynesian Rat,Rattus exulans,Rodent,null,Good,2012,2012,Successful,Whole Island,Toxicant,NA,NA,Hand Broadcast,NA,Brodifacoum,NA,Pierce; Ray,Eco Oceania Pty Ltd,http://raypierce.marinenz.org.nz/,110000273,Oasis 3,Pacific Ocean - North East,Kiribati,Line Islands (Kiritimati),1.809555237,-157.3703833,0.015022466,None
1555,2455,Polynesian Rat,Rattus exulans,Rodent,null,Good,2009,2009,Successful,Whole Island,Toxicant,NA,NA,Hand Broadcast,NA,Brodifacoum,NA,Pierce; Ray,Eco Oceania Pty Ltd,http://raypierce.marinenz.org.nz/,110000261,SW motu Koil,Pacific Ocean - North East,Kiribati,Line Islands (Kiritimati),1.817092649,-157.362508,0.037279729,None
1556,2456,Polynesian Rat,Rattus exulans,Rodent,null,Good,2009,2009,Successful,Whole Island,Toxicant,NA,NA,Hand Broadcast,NA,Brodifacoum,NA,Pierce; Ray,Eco Oceania Pty Ltd,http://raypierce.marinenz.org.nz/,110000262,SW Islet Koil,Pacific Ocean - North East,Kiribati,Line Islands (Kiritimati),1.81985022,-157.365017,0.005531946,None
1559,2459,Polynesian Rat,Rattus exulans,Rodent,null,Poor,2011,2011,Failed,Whole Island,Toxicant,NA,NA,Hand Broadcast,NA,Brodifacoum,NA,Pierce; Ray,Eco Oceania Pty Ltd,http://raypierce.marinenz.org.nz/,110000265,Frigatebird,Pacific Ocean - North East,Kiribati,Line Islands (Kiritimati),1.821075062,-157.3563251,0.147530355,None
1565,2465,Polynesian Rat,Rattus exulans,Rodent,null,Good,2009,2009,Successful,Whole Island,Toxicant,NA,NA,Hand Broadcast,NA,Brodifacoum,NA,Pierce; Ray,Eco Oceania Pty Ltd,http://raypierce.marinenz.org.nz/,110000267,S Nimroona 1,Pacific Ocean - North East,Kiribati,Line Islands (Kiritimati),1.822085741,-157.4201684,0.029733428,None
1566,2466,Polynesian Rat,Rattus exulans,Rodent,null,Good,2009,2009,Successful,Whole Island,Toxicant,NA,NA,Hand Broadcast,NA,Brodifacoum,NA,Pierce; Ray,Eco Oceania Pty Ltd,http://raypierce.marinenz.org.nz/,110000268,S Nimroona 2,Pacific Ocean - North East,Kiribati,Line Islands (Kiritimati),1.822236094,-157.4221347,0.00407719,None
1554,2454,Polynesian Rat,Rattus exulans,Rodent,null,Good,2009,2009,Successful,Whole Island,Toxicant,NA,NA,Hand Broadcast,NA,Brodifacoum,NA,Pierce; Ray,Eco Oceania Pty Ltd,http://raypierce.marinenz.org.nz/,110000260,Isles Lagoon 23,Pacific Ocean - North East,Kiribati,Line Islands (Kiritimati),1.822258047,-157.3747339,0.019692856,None
1567,2467,Polynesian Rat,Rattus exulans,Rodent,null,Good,2009,2009,Successful,Whole Island,Toxicant,NA,NA,Hand Broadcast,NA,Brodifacoum,NA,Pierce; Ray,Eco Oceania Pty Ltd,http://raypierce.marinenz.org.nz/,110000269,S Nimroona 3,Pacific Ocean - North East,Kiribati,Line Islands (Kiritimati),1.823517979,-157.4187383,0.007311579,None
1553,2453,Polynesian Rat,Rattus exulans,Rodent,null,Good,2009,2009,Successful,Whole Island,Toxicant,NA,NA,Hand Broadcast,NA,Brodifacoum,NA,Pierce; Ray,Eco Oceania Pty Ltd,http://raypierce.marinenz.org.nz/,110000259,Isles Lagoon 22,Pacific Ocean - North East,Kiribati,Line Islands (Kiritimati),1.825368703,-157.3735991,0.017380339,None
1550,2450,Polynesian Rat,Rattus exulans,Rodent,null,Good,2009,2009,Successful,Whole Island,Toxicant,NA,NA,Hand Broadcast,NA,Brodifacoum,NA,Pierce; Ray,Eco Oceania Pty Ltd,http://raypierce.marinenz.org.nz/,110000256,Isles Lagoon 13,Pacific Ocean - North East,Kiribati,Line Islands (Kiritimati),1.827210397,-157.3667423,0.014756481,None
1552,2452,Polynesian Rat,Rattus exulans,Rodent,null,Good,2009,2009,Successful,Whole Island,Toxicant,NA,NA,Hand Broadcast,NA,Brodifacoum,NA,Pierce; Ray,Eco Oceania Pty Ltd,http://raypierce.marinenz.org.nz/,110000258,Isles Lagoon 21,Pacific Ocean - North East,Kiribati,Line Islands (Kiritimati),1.827494669,-157.3764015,0.018377374,None
1539,2440,Polynesian Rat,Rattus exulans,Rodent,null,Good,2009,2009,Successful (Reinvaded),Whole Island,Toxicant,NA,NA,Hand Broadcast,NA,Brodifacoum,NA,Pierce; Ray,Eco Oceania Pty Ltd,http://raypierce.marinenz.org.nz/,110000248,SW Nimroona,Pacific Ocean - North East,Kiribati,Line Islands (Kiritimati),1.827989866,-157.4279831,0.044620096,None
1551,2451,Polynesian Rat,Rattus exulans,Rodent,null,Good,2009,2009,Successful,Whole Island,Toxicant,NA,NA,Hand Broadcast,NA,Brodifacoum,NA,Pierce; Ray,Eco Oceania Pty Ltd,http://raypierce.marinenz.org.nz/,110000257,Isles Lagoon 16,Pacific Ocean - North East,Kiribati,Line Islands (Kiritimati),1.829493798,-157.36939,0.051318771,None
1536,2437,Polynesian Rat,Rattus exulans,Rodent,null,Good,2009,2009,Successful (Reinvaded),Whole Island,Toxicant,NA,NA,Hand Broadcast,NA,Brodifacoum,NA,Pierce; Ray,Eco Oceania Pty Ltd,http://raypierce.marinenz.org.nz/,110000246,Big Nimroona,Pacific Ocean - North East,Kiribati,Line Islands (Kiritimati),1.830097698,-157.4243272,0.067609224,None
1538,2439,Polynesian Rat,Rattus exulans,Rodent,null,Good,2009,2009,Successful,Whole Island,Toxicant,NA,NA,Hand Broadcast,NA,Brodifacoum,NA,Pierce; Ray,Eco Oceania Pty Ltd,http://raypierce.marinenz.org.nz/,110000247,NW Nimroona,Pacific Ocean - North East,Kiribati,Line Islands (Kiritimati),1.830788205,-157.4278704,0.008656411,None
1535,2436,Polynesian Rat,Rattus exulans,Rodent,null,Good,2009,2009,Successful (Reinvaded),Whole Island,Toxicant,NA,NA,Hand Broadcast,NA,Brodifacoum,NA,Pierce; Ray,Eco Oceania Pty Ltd,http://raypierce.marinenz.org.nz/,110000245,East Drum,Pacific Ocean - North East,Kiribati,Line Islands (Kiritimati),1.837206379,-157.3881468,0.012814767,None
1547,2447,Polynesian Rat,Rattus exulans,Rodent,null,Good,2009,2009,Successful,Whole Island,Toxicant,NA,NA,Hand Broadcast,NA,Brodifacoum,NA,Pierce; Ray,Eco Oceania Pty Ltd,http://raypierce.marinenz.org.nz/,110000253,Isles Lagoon 3,Pacific Ocean - North East,Kiribati,Line Islands (Kiritimati),1.83771416,-157.3605134,0.006686344,None
1549,2449,Polynesian Rat,Rattus exulans,Rodent,null,Good,2009,2009,Successful,Whole Island,Toxicant,NA,NA,Hand Broadcast,NA,Brodifacoum,NA,Pierce; Ray,Eco Oceania Pty Ltd,http://raypierce.marinenz.org.nz/,110000255,Isles Lagoon 5,Pacific Ocean - North East,Kiribati,Line Islands (Kiritimati),1.838095398,-157.3648998,0.0039735,None
1558,2458,Polynesian Rat,Rattus exulans,Rodent,null,Good,2009,2009,Successful,Whole Island,Toxicant,NA,NA,Hand Broadcast,NA,Brodifacoum,NA,Pierce; Ray,Eco Oceania Pty Ltd,http://raypierce.marinenz.org.nz/,110000264,Big Ambo,Pacific Ocean - North East,Kiribati,Line Islands (Kiritimati),1.838159457,-157.4321447,0.018058854,None
1533,2434,Polynesian Rat,Rattus exulans,Rodent,null,Good,2009,2009,Successful,Whole Island,Toxicant,NA,NA,Hand Broadcast,NA,Brodifacoum,NA,Pierce; Ray,Eco Oceania Pty Ltd,http://raypierce.marinenz.org.nz/,110000243,Drum,Pacific Ocean - North East,Kiribati,Line Islands (Kiritimati),1.838304651,-157.3921183,0.06146041,None
1548,2448,Polynesian Rat,Rattus exulans,Rodent,null,Good,2009,2009,Successful,Whole Island,Toxicant,NA,NA,Hand Broadcast,NA,Brodifacoum,NA,Pierce; Ray,Eco Oceania Pty Ltd,http://raypierce.marinenz.org.nz/,110000254,Isles Lagoon 4,Pacific Ocean - North East,Kiribati,Line Islands (Kiritimati),1.838492062,-157.3630581,0.017771905,None
1546,2446,Polynesian Rat,Rattus exulans,Rodent,null,Good,2009,2009,Successful,Whole Island,Toxicant,NA,NA,Hand Broadcast,NA,Brodifacoum,NA,Pierce; Ray,Eco Oceania Pty Ltd,http://raypierce.marinenz.org.nz/,110000252,Isles Lagoon 2,Pacific Ocean - North East,Kiribati,Line Islands (Kiritimati),1.840368301,-157.3632883,0.004036222,None
1534,2435,Polynesian Rat,Rattus exulans,Rodent,null,Good,2009,2009,Successful,Whole Island,Toxicant,NA,NA,Hand Broadcast,NA,Brodifacoum,NA,Pierce; Ray,Eco Oceania Pty Ltd,http://raypierce.marinenz.org.nz/,110000244,North Drum,Pacific Ocean - North East,Kiribati,Line Islands (Kiritimati),1.841577017,-157.3904481,0.028571645,None
1560,2460,Polynesian Rat,Rattus exulans,Rodent,null,Good,2012,2012,Successful,Whole Island,Toxicant,NA,NA,Hand Broadcast,NA,Brodifacoum,NA,Pierce; Ray,Eco Oceania Pty Ltd,http://raypierce.marinenz.org.nz/,110000266,Big Tibo,Pacific Ocean - North East,Kiribati,Line Islands (Kiritimati),1.842800604,-157.4393497,0.046864003,None
1541,2442,Polynesian Rat,Rattus exulans,Rodent,null,Good,2009,2009,Successful,Whole Island,Toxicant,NA,NA,Hand Broadcast,NA,Brodifacoum,NA,Pierce; Ray,Eco Oceania Pty Ltd,http://raypierce.marinenz.org.nz/,110000250,SE Fred/Tonga,Pacific Ocean - North East,Kiribati,Line Islands (Kiritimati),1.84454756,-157.4135181,0.015414758,None
1557,2457,Polynesian Rat,Rattus exulans,Rodent,null,Good,2009,2009,Successful,Whole Island,Toxicant,NA,NA,Hand Broadcast,NA,Brodifacoum,NA,Pierce; Ray,Eco Oceania Pty Ltd,http://raypierce.marinenz.org.nz/,110000263,NW Tibo,Pacific Ocean - North East,Kiribati,Line Islands (Kiritimati),1.8459442,-157.4401423,0.012160082,None
1540,2441,Polynesian Rat,Rattus exulans,Rodent,null,Good,2009,2009,Successful,Whole Island,Toxicant,NA,NA,Hand Broadcast,NA,Brodifacoum,NA,Pierce; Ray,Eco Oceania Pty Ltd,http://raypierce.marinenz.org.nz/,110000249,Big Fred/Tonga,Pacific Ocean - North East,Kiribati,Line Islands (Kiritimati),1.846677037,-157.4153966,0.049764689,None
1542,2443,Polynesian Rat,Rattus exulans,Rodent,null,Good,2009,2009,Successful,Whole Island,Toxicant,NA,NA,Hand Broadcast,NA,Brodifacoum,NA,Pierce; Ray,Eco Oceania Pty Ltd,http://raypierce.marinenz.org.nz/,110000251,NW Fred/Tonga,Pacific Ocean - North East,Kiribati,Line Islands (Kiritimati),1.849226906,-157.4171991,0.012427834,None
1544,2445,Polynesian Rat,Rattus exulans,Rodent,null,Good,2009,2009,Successful,Whole Island,Toxicant,NA,NA,Hand Broadcast,NA,Brodifacoum,NA,Pierce; Ray,Eco Oceania Pty Ltd,http://raypierce.marinenz.org.nz/,110000270,E isle,Pacific Ocean - North East,Kiribati,Line Islands (Kiritimati),1.957195754,-157.3209235,0.015897683,None
1564,2464,Polynesian Rat,Rattus exulans,Rodent,null,Poor,null,null,Failed,Whole Island,Unknown,Unknown,Unknown,Unknown,Unknown,Unknown,Unknown,Pierce; Ray,Eco Oceania Pty Ltd,http://raypierce.marinenz.org.nz/,110000241,Motu Upua,Pacific Ocean - North East,Kiribati,Line Islands (Kirimatiti),1.997845012,-157.4491628,0.388498056,None
692,899,Black Rat,Rattus rattus,Rodent,null,Satisfactory,2003,2003,Successful,Whole Island,Toxicant,NA,NA,Bait Station,NA,Brodifacoum,NA,null,null,null,464183,Sangalaki,Nusantarian Sea,Indonesia,Derawan Islands,2.085544862,118.3996879,0.181106762,Unknown
1124,1788,Black Rat,Rattus rattus,Rodent,null,Good,2001,2001,Successful,Whole Island,Toxicant,NA,NA,Hand Broadcast,NA,Brodifacoum,NA,null,null,null,456097,Helen,Pacific Ocean - North West,Palau,Southwest Islands,2.972818389,131.8121684,0.160499884,1-Oct
1255,1994,Polynesian Rat,Rattus exulans,Rodent,null,Good,2009,2009,Failed,Whole Island,Toxicant,NA,NA,Hand Broadcast,NA,Brodifacoum,NA,null,null,null,345359,Fanna,Pacific Ocean - North West,Palau,Southwest Islands,5.354440372,132.227609,0.495119667,None
687,890,Black Rat,Rattus rattus,Rodent,null,Satisfactory,null,2001,Failed,Whole Island,Toxicant,NA,NA,Bait Station,NA,Brodifacoum,NA,Island Conservation,Island Conservation,www.islandconservation.org,354623,Palmyra,Pacific Ocean - North East,United States Minor Outlying Islands,Line Islands,5.883944632,-162.0777883,2.566938776,11 - 100
1048,1321,Black Rat,Rattus rattus,Rodent,null,Good,2011,2011,Successful,Whole Island,Toxicant,NA,NA,Aerial Broadcast,Hand Broadcast,Brodifacoum,NA,Island Conservation,Island Conservation,www.islandconservation.org,354623,Palmyra,Pacific Ocean - North East,United States Minor Outlying Islands,Line Islands,5.883944632,-162.0777883,2.566938776,11 - 100
1096,1733,Black Rat,Rattus rattus,Rodent,null,Good,2007,2007,Successful,Whole Island,Toxicant,NA,NA,Hand Broadcast,Other,Brodifacoum,NA,null,null,null,346587,Pein Mal,Pacific Ocean - North West,Micronesia Federated States of,Pohnpei,6.829262573,158.322124,0.05611192,None
1117,1767,Black Rat,Rattus rattus,Rodent,null,Good,2007,2007,Successful,Whole Island,Toxicant,NA,NA,Bait Station,NA,Brodifacoum,NA,null,null,null,346525,Nahkapw,Pacific Ocean - North West,Micronesia Federated States of,Pohnpei,6.843881955,158.3442351,0.016428683,None
1250,1987,Polynesian Rat,Rattus exulans,Rodent,null,Good,2007,2007,Successful,Whole Island,Toxicant,NA,NA,Hand Broadcast,Other,Brodifacoum,NA,null,null,null,346359,Dekehtik,Pacific Ocean - North West,Micronesia Federated States of,Pohnpei,6.848369374,158.3481393,0.024743517,None
2109,3122,Asian House Rat,Rattus tanezumi,Rodent,null,Good,2017,2017,Successful,Whole Island,Toxicant,NA,NA,Hand Broadcast,NA,Brodifacoum,NA,Hall Tommy,Island Conservation,null,349969,Ngeanges,Pacific Ocean - North West,Palau,Rock Islands,7.20819425,134.3728683,0.111232693,None
1756,2691,Black Rat,Rattus rattus,Rodent,null,Satisfactory,2011,2011,Successful,Whole Island,Toxicant,NA,NA,Hand Broadcast,Bait Station,Brodifacoum,NA,null,null,null,350253,Orak,Pacific Ocean - North West,Palau,Kayangel Atoll,8.03991554,134.6939706,0.010978194,None
1755,2687,Brown / Norway Rat,Rattus norvegicus,Rodent,null,Satisfactory,2011,2011,Successful,Whole Island,Toxicant,NA,NA,Hand Broadcast,Bait Station,Brodifacoum,NA,null,null,null,350254,Ngerebelas,Pacific Ocean - North West,Palau,Kayangel Atoll,8.042511082,134.69963,0.086651546,None
1754,2684,Black Rat,Rattus rattus,Rodent,null,Satisfactory,2011,2011,Successful,Whole Island,Toxicant,NA,NA,Hand Broadcast,Bait Station,Brodifacoum,NA,null,null,null,350252,Ngeriungs,Pacific Ocean - North West,Palau,Kayangel Atoll,8.058650668,134.7111281,0.358839974,None
1288,2055,Polynesian Rat,Rattus exulans,Rodent,null,Good,2011,2012,Failed,Whole Island,Toxicant,NA,NA,Hand Broadcast,Bait Station,Brodifacoum,NA,Cranwell; Steve,Birdlife Pacific,null,350251,Kayangel,Pacific Ocean - North West,Palau,Kayangel Atoll,8.083189208,134.7177708,1.261626567,101 - 1000
1356,2193,Asian House Rat,Rattus tanezumi,Rodent,null,Good,2011,2012,Failed,Whole Island,Toxicant,NA,NA,Hand Broadcast,Bait Station,Brodifacoum,NA,Cranwell; Steve,Birdlife Pacific,null,350251,Kayangel,Pacific Ocean - North West,Palau,Kayangel Atoll,8.083189208,134.7177708,1.261626567,101 - 1000
1990,3158,Asian House Rat,Rattus tanezumi,Rodent,null,Good,2018,2018,To Be Confirmed,Whole Island,Toxicant,NA,NA,Hand Broadcast,Bait Station,Brodifacoum,NA,Island Conservation,Island Conservation,www.islandconservation.org,350251,Kayangel,Pacific Ocean - North West,Palau,Kayangel Atoll,8.083189208,134.7177708,1.261626567,101 - 1000
2115,3133,Polynesian Rat,Rattus exulans,Rodent,null,Good,2018,2018,To Be Confirmed,Whole Island,Toxicant,Trapping,NA,Hand Broadcast,NA,Brodifacoum,NA,Island Conservation,Island Conservation,www.islandconservation.org,350251,Kayangel,Pacific Ocean - North West,Palau,Kayangel Atoll,8.083189208,134.7177708,1.261626567,101 - 1000
2077,3153,Asian House Rat,Rattus tanezumi,Rodent,null,Good,null,null,Planned,Whole Island,Toxicant,Unknown,Unknown,Unknown,Unknown,Unknown,Unknown,Hall Tommy,Island Conservation,null,346930,Loosiep,Pacific Ocean - North West,Micronesia Federated States of,Ulithi Islands,9.917051536,139.848417,0.317618888,None
2023,3078,Black Rat,Rattus rattus,Rodent,null,Good,2013,2013,Successful,Whole Island,Toxicant,NA,NA,Bait Station,Hand Broadcast,Brodifacoum,NA,Daltry; Jenny,Flora and Fauna International,null,386737,Culpepper,Caribbean,Barbados,Lesser Antilles (Barbados),13.16582995,-59.44335641,0.003271108,None
676,876,Polynesian Rat,Rattus exulans,Rodent,null,Satisfactory,2009,2009,Successful,Whole Island,Toxicant,Trapping,NA,Bait Station,Hand Broadcast,Diphacinone,Brodifacoum,null,null,null,352141,Cocos,Pacific Ocean - North West,Guam,Mariana Islands,13.23791283,144.6515132,0.311482057,None
1236,1968,House Mouse,Mus musculus,Rodent,null,Satisfactory,2009,2009,Successful,Whole Island,Toxicant,Trapping,NA,Bait Station,Hand Broadcast,Brodifacoum,Diphacinone,null,null,null,352141,Cocos,Pacific Ocean - North West,Guam,Mariana Islands,13.23791283,144.6515132,0.311482057,None
814,1049,Black Rat,Rattus rattus,Rodent,null,Satisfactory,2000,2000,Successful (Reinvaded),Whole Island,Toxicant,NA,NA,Bait Station,NA,Brodifacoum,NA,Daltry; Jenny,Flora and Fauna International,null,389594,Praslin,Caribbean,Saint Lucia,Lesser Antilles (St. Lucia Islands),13.87521385,-60.88956899,0.009459483,None
815,1050,Black Rat,Rattus rattus,Rodent,null,Satisfactory,1993,1993,Successful (Reinvaded),Whole Island,Toxicant,NA,NA,Bait Station,NA,Brodifacoum,NA,Varnham; Karen,Antiguan Racer Conservation Project; Island Resources Foundation,www.irf.org,389594,Praslin,Caribbean,Saint Lucia,Lesser Antilles (St. Lucia Islands),13.87521385,-60.88956899,0.009459483,None
1495,2382,Black Rat,Rattus rattus,Rodent,null,Satisfactory,2011,2011,Successful,Whole Island,Toxicant,NA,NA,Bait Station,Hand Broadcast,Brodifacoum,NA,null,null,null,389594,Praslin,Caribbean,Saint Lucia,Lesser Antilles (St. Lucia Islands),13.87521385,-60.88956899,0.009459483,None
1343,2178,Brown / Norway Rat,Rattus norvegicus,Rodent,null,Good,2005,2005,Successful,Whole Island,Toxicant,NA,NA,Bait Station,Hand Broadcast,Brodifacoum,NA,null,null,null,389580,Dennery,Caribbean,Saint Lucia,Lesser Antilles (St. Lucia Islands),13.90917268,-60.88430043,0.032508583,None
1342,2177,Black Rat,Rattus rattus,Rodent,null,Good,2005,2005,Successful,Whole Island,Toxicant,NA,NA,Bait Station,Hand Broadcast,Brodifacoum,NA,null,null,null,389578,Rat,Caribbean,Saint Lucia,Lesser Antilles (St. Lucia Islands),14.03369203,-60.98153058,0.012506879,None
201,250,Black Rat,Rattus rattus,Rodent,1650,Good,1999,1999,Failed,Whole Island,Trapping,Toxicant,NA,Bait Station,NA,Bromadiolone,NA,Lorvelec; O.,Equipe Gestion des Populations Invasives; INRA; Station SCRIBE; Campus de Beaulieu,null,395226,Poirier,Caribbean,Martinique,Lesser Antilles (îlets de Sainte-Anne),14.4107875,-60.83292263,0.02108237,None
1092,1729,Black Rat,Rattus rattus,Rodent,null,Good,2002,2002,Successful (Reinvaded),Whole Island,Trapping,Toxicant,NA,Bait Station,NA,Bromadiolone,NA,Lorvelec; O.,Equipe Gestion des Populations Invasives; INRA; Station SCRIBE; Campus de Beaulieu,null,395226,Poirier,Caribbean,Martinique,Lesser Antilles (îlets de Sainte-Anne),14.4107875,-60.83292263,0.02108237,None
816,1051,Black Rat,Rattus rattus,Rodent,null,Good,2002,2002,Successful,Whole Island,Trapping,Toxicant,NA,Bait Station,NA,Bromadiolone,NA,Lorvelec; O.,Equipe Gestion des Populations Invasives; INRA; Station SCRIBE; Campus de Beaulieu,null,395260,Burgaux,Caribbean,Martinique,Lesser Antilles (îlets de Sainte-Anne),14.41253263,-60.83230287,0.006099243,None
1126,1790,Black Rat,Rattus rattus,Rodent,null,Good,1999,1999,Failed,Whole Island,Trapping,Toxicant,NA,Bait Station,NA,Bromadiolone,NA,Lorvelec; O.,Equipe Gestion des Populations Invasives; INRA; Station SCRIBE; Campus de Beaulieu,null,395260,Burgaux,Caribbean,Martinique,Lesser Antilles (îlets de Sainte-Anne),14.41253263,-60.83230287,0.006099243,None
1333,2152,Black Rat,Rattus rattus,Rodent,null,Good,2001,2001,Failed,Whole Island,Trapping,Toxicant,NA,Bait Station,NA,Bromadiolone,NA,Lorvelec; O.,Equipe Gestion des Populations Invasives; INRA; Station SCRIBE; Campus de Beaulieu,null,395260,Burgaux,Caribbean,Martinique,Lesser Antilles (îlets de Sainte-Anne),14.41253263,-60.83230287,0.006099243,None
817,1052,Black Rat,Rattus rattus,Rodent,1650,Good,1999,1999,Successful (Reinvaded),Whole Island,Trapping,Toxicant,NA,Bait Station,NA,Bromadiolone,NA,Lorvelec; O.,Equipe Gestion des Populations Invasives; INRA; Station SCRIBE; Campus de Beaulieu,null,395259,Percé,Caribbean,Martinique,Lesser Antilles (îlets de Sainte-Anne),14.4131951,-60.83353762,0.004554231,None
1331,2150,Black Rat,Rattus rattus,Rodent,null,Good,1999,1999,Successful (Reinvaded),Whole Island,Trapping,Toxicant,NA,Bait Station,NA,Bromadiolone,NA,Lorvelec; O.,Equipe Gestion des Populations Invasives; INRA; Station SCRIBE; Campus de Beaulieu,null,395228,Hardy,Caribbean,Martinique,Lesser Antilles (îlets de Sainte-Anne),14.41730907,-60.83158832,0.024980252,None
1332,2151,Black Rat,Rattus rattus,Rodent,null,Good,2001,2007,Successful,Whole Island,Trapping,Toxicant,NA,Bait Station,NA,Bromadiolone,NA,Lorvelec; O.,Equipe Gestion des Populations Invasives; INRA; Station SCRIBE; Campus de Beaulieu,null,395228,Hardy,Caribbean,Martinique,Lesser Antilles (îlets de Sainte-Anne),14.41730907,-60.83158832,0.024980252,None
2079,3155,Black Rat,Rattus rattus,Rodent,null,Satisfactory,2008,2008,Trial or Research only,Whole Island,Trapping,NA,NA,NA,NA,NA,NA,Louges C.,Office National des Forets,onf.fr,395204,Rocher de Diamant,Caribbean,Martinique,Lesser Antilles (Diamant),14.44334921,-61.03898434,0.06455364,None
1526,2427,Black Rat,Rattus rattus,Rodent,null,Poor,2013,2013,Unknown,Whole Island,Trapping,Toxicant,NA,Bait Station,NA,Bromadiolone,NA,null,null,null,395235,Boisseau,Caribbean,Martinique,Lesser Antilles (Robert Islets),14.67400092,-60.88030022,0.005487132,None
2078,3154,Black Rat,Rattus rattus,Rodent,null,Satisfactory,2006,2006,Failed,Whole Island,Trapping,Toxicant,NA,Bait Station,NA,Unknown,Unknown,Louges C.,Office National des Forets,onf.fr,395235,Boisseau,Caribbean,Martinique,Lesser Antilles (Robert Islets),14.67400092,-60.88030022,0.005487132,None
1524,2425,Black Rat,Rattus rattus,Rodent,null,Poor,2013,2013,Unknown,Whole Island,Trapping,Toxicant,NA,Bait Station,NA,Unknown,NA,null,null,null,395233,Petit Piton,Caribbean,Martinique,Lesser Antilles (Robert Islets),14.68456736,-60.88043008,0.007492715,None
1525,2426,Black Rat,Rattus rattus,Rodent,null,Poor,2013,2013,Unknown,Whole Island,Trapping,Toxicant,NA,Bait Station,NA,Unknown,NA,null,null,null,395224,La Grotte,Caribbean,Martinique,Lesser Antilles (Robert Islets),14.68789698,-60.88339634,0.056584701,Unknown
1528,2429,Black Rat,Rattus rattus,Rodent,null,Poor,2013,2013,Unknown,Whole Island,Trapping,Toxicant,NA,Bait Station,NA,Unknown,NA,null,null,null,395219,Sainte-Marie,Caribbean,Martinique,Lesser Antilles (Commune de Sainte-Marie),14.78768293,-60.98902806,0.045282085,None
354,3105,Black Rat,Rattus rattus,Rodent,null,Good,2003,2004,Successful,Whole Island,Toxicant,NA,NA,Bait Station,NA,Brodifacoum,NA,Liske-Clark J.,null,null,357901,Managaha,Pacific Ocean - North West,Northern Mariana Islands,Mariana Islands,15.24142794,145.7123116,0.06507454,None
200,248,Black Rat,Rattus rattus,Rodent,1650,Good,2002,2002,Failed,Whole Island,Trapping,Toxicant,NA,Bait Station,NA,Bromadiolone,NA,Lorvelec; O.,Equipe Gestion des Populations Invasives; INRA; Station SCRIBE; Campus de Beaulieu,null,389411,Fajou,Caribbean,Guadeloupe,Lesser Antilles (Guadeloupe Main Islands),16.34833373,-61.58689242,1.157237258,None
202,254,House Mouse,Mus musculus,Rodent,null,Good,2001,2001,Trial or Research only,Whole Island,Trapping,Toxicant,NA,Hand Broadcast,NA,Bromadiolone,NA,Lorvelec; O.,Equipe Gestion des Populations Invasives; INRA; Station SCRIBE; Campus de Beaulieu,null,389411,Fajou,Caribbean,Guadeloupe,Lesser Antilles (Guadeloupe Main Islands),16.34833373,-61.58689242,1.157237258,None
1330,2149,Black Rat,Rattus rattus,Rodent,null,Good,2001,2001,Failed,Whole Island,Trapping,Toxicant,NA,Bait Station,NA,Bromadiolone,NA,Lorvelec; O.,Equipe Gestion des Populations Invasives; INRA; Station SCRIBE; Campus de Beaulieu,null,389411,Fajou,Caribbean,Guadeloupe,Lesser Antilles (Guadeloupe Main Islands),16.34833373,-61.58689242,1.157237258,None
1884,2857,Black Rat,Rattus rattus,Rodent,null,Good,2017,2017,To Be Confirmed,Whole Island,Toxicant,NA,NA,Bait Station,Hand Broadcast,Brodifacoum,Unknown,null,null,null,386017,Redonda,Caribbean,Antigua and Barbuda,Lesser Antilles (Antigua and Barbuda Islands),16.93826956,-62.34547402,0.631649695,None
2019,3074,Black Rat,Rattus rattus,Rodent,null,Satisfactory,null,null,Planned,Whole Island,Toxicant,NA,NA,Bait Station,Hand Broadcast,Brodifacoum,NA,Daltry; Jenny,Flora and Fauna International,null,386043,Smith,Caribbean,Antigua and Barbuda,Lesser Antilles (Antigua and Barbuda Islands),17.04094043,-61.68010666,0.012019615,None
330,430,Black Rat,Rattus rattus,Rodent,null,Good,2006,2006,Successful,Whole Island,Toxicant,NA,NA,Bait Station,Hand Broadcast,Brodifacoum,NA,Varnham; Karen,Antiguan Racer Conservation Project; Island Resources Foundation,www.irf.org,386026,York,Caribbean,Antigua and Barbuda,Lesser Antilles (Antigua and Barbuda Islands),17.05324639,-61.66916667,0.07164771,None
2021,3076,Black Rat,Rattus rattus,Rodent,null,Satisfactory,2014,2014,Successful,Incursion Response,Toxicant,NA,NA,Bait Station,Hand Broadcast,Brodifacoum,NA,Daltry; Jenny,Flora and Fauna International,null,386026,York,Caribbean,Antigua and Barbuda,Lesser Antilles (Antigua and Barbuda Islands),17.05324639,-61.66916667,0.07164771,None
1074,1704,Black Rat,Rattus rattus,Rodent,null,Good,2006,2006,Successful (Reinvaded),Whole Island,Toxicant,NA,NA,Bait Station,Hand Broadcast,Brodifacoum,NA,Daltry; Jenny,Flora and Fauna International,null,386021,Green,Caribbean,Antigua and Barbuda,Lesser Antilles (Antigua and Barbuda Islands),17.07002294,-61.66645633,0.469678566,None
1336,2155,Black Rat,Rattus rattus,Rodent,null,Good,2001,2001,Successful (Reinvaded),Whole Island,Toxicant,NA,NA,Bait Station,Hand Broadcast,Brodifacoum,NA,null,null,null,386021,Green,Caribbean,Antigua and Barbuda,Lesser Antilles (Antigua and Barbuda Islands),17.07002294,-61.66645633,0.469678566,None
2070,3071,Black Rat,Rattus rattus,Rodent,null,Good,2012,2012,Successful (Reinvaded),Whole Island,Toxicant,NA,NA,Bait Station,Hand Broadcast,Brodifacoum,NA,Daltry; Jenny,Flora and Fauna International,null,386021,Green,Caribbean,Antigua and Barbuda,Lesser Antilles (Antigua and Barbuda Islands),17.07002294,-61.66645633,0.469678566,None
2071,3072,Black Rat,Rattus rattus,Rodent,null,Satisfactory,null,null,Planned,Whole Island,Toxicant,NA,NA,Bait Station,Hand Broadcast,Brodifacoum,NA,Daltry; Jenny,Flora and Fauna International,null,386021,Green,Caribbean,Antigua and Barbuda,Lesser Antilles (Antigua and Barbuda Islands),17.07002294,-61.66645633,0.469678566,None
331,431,Black Rat,Rattus rattus,Rodent,null,Satisfactory,1998,1998,Successful (Reinvaded),Whole Island,Toxicant,NA,NA,Bait Station,Hand Broadcast,Brodifacoum,NA,Varnham; Karen,Antiguan Racer Conservation Project; Island Resources Foundation,www.irf.org,463148,West Maiden,Caribbean,Antigua and Barbuda,Lesser Antilles (Antigua and Barbuda Islands),17.09574388,-61.88732187,0.011169358,1-Oct
2020,3075,Black Rat,Rattus rattus,Rodent,null,Satisfactory,2018,null,Planned,Whole Island,Toxicant,NA,NA,Bait Station,Hand Broadcast,Brodifacoum,NA,Daltry; Jenny,Flora and Fauna International,null,463148,West Maiden,Caribbean,Antigua and Barbuda,Lesser Antilles (Antigua and Barbuda Islands),17.09574388,-61.88732187,0.011169358,1-Oct
2036,3092,Black Rat,Rattus rattus,Rodent,null,Good,2014,2014,Successful,Whole Island,Toxicant,NA,NA,Bait Station,Hand Broadcast,Brodifacoum,NA,Daltry; Jenny,Flora and Fauna International,null,386031,Guardhouse,Caribbean,Antigua and Barbuda,Lesser Antilles (Antigua and Barbuda Islands),17.10166736,-61.70786049,0.007544853,None
332,432,Black Rat,Rattus rattus,Rodent,null,Good,1998,1998,Successful (Reinvaded),Whole Island,Toxicant,NA,NA,Bait Station,Hand Broadcast,Brodifacoum,NA,Varnham; Karen,Antiguan Racer Conservation Project; Island Resources Foundation,www.irf.org,386032,Codrington,Caribbean,Antigua and Barbuda,Lesser Antilles (Antigua and Barbuda Islands),17.10246724,-61.706008,0.045720603,None
2068,3069,Black Rat,Rattus rattus,Rodent,null,Good,2014,2014,Successful (Reinvaded),Whole Island,Toxicant,NA,NA,Bait Station,Hand Broadcast,Brodifacoum,NA,Daltry; Jenny,Flora and Fauna International,null,386032,Codrington,Caribbean,Antigua and Barbuda,Lesser Antilles (Antigua and Barbuda Islands),17.10246724,-61.706008,0.045720603,None
1859,2849,Black Rat,Rattus rattus,Rodent,null,Good,2014,2014,Successful (Reinvaded),Whole Island,Toxicant,NA,NA,Bait Station,Hand Broadcast,Brodifacoum,NA,Daltry; Jenny,Flora and Fauna International,null,386033,Pelican,Caribbean,Antigua and Barbuda,Lesser Antilles (Antigua and Barbuda Islands),17.10600787,-61.70492477,0.142199605,1-Oct
818,1053,Black Rat,Rattus rattus,Rodent,null,Good,1998,1998,Successful,Whole Island,Toxicant,NA,NA,Bait Station,Hand Broadcast,Brodifacoum,NA,Varnham; Karen,Antiguan Racer Conservation Project; Island Resources Foundation,www.irf.org,386060,Lobster,Caribbean,Antigua and Barbuda,Lesser Antilles (Antigua and Barbuda Islands),17.13375054,-61.72978234,0.003695977,None
1481,2368,Black Rat,Rattus rattus,Rodent,null,Good,1998,1998,Successful,Whole Island,Toxicant,NA,NA,Bait Station,Hand Broadcast,Brodifacoum,NA,null,null,null,110000101,Little Lobster,Caribbean,Antigua and Barbuda,Lesser Antilles (Antigua and Barbuda Islands),17.1350651,-61.72887082,0.000495069,None
819,1054,Black Rat,Rattus rattus,Rodent,null,Good,1998,1998,Successful,Whole Island,Toxicant,NA,NA,Bait Station,Hand Broadcast,Brodifacoum,NA,Varnham; Karen,Antiguan Racer Conservation Project; Island Resources Foundation,www.irf.org,386061,Rabbit,Caribbean,Antigua and Barbuda,Lesser Antilles (Antigua and Barbuda Islands),17.135922,-61.73112685,0.022530672,None
820,1055,Black Rat,Rattus rattus,Rodent,null,Good,1998,1998,Successful,Whole Island,Toxicant,NA,NA,Bait Station,Hand Broadcast,Brodifacoum,NA,Varnham; Karen,Antiguan Racer Conservation Project; Island Resources Foundation,www.irf.org,386059,Redhead,Caribbean,Antigua and Barbuda,Lesser Antilles (Antigua and Barbuda Islands),17.13790349,-61.72833704,0.008683815,None
943,1210,Black Rat,Rattus rattus,Rodent,null,Good,1995,1995,Successful,Whole Island,Toxicant,NA,NA,Bait Station,Hand Broadcast,Brodifacoum,NA,Daltry; Jenny,Flora and Fauna International,null,386054,Galley Minor,Caribbean,Antigua and Barbuda,Lesser Antilles (Antigua and Barbuda Islands),17.14299771,-61.72757599,0.00202988,None
944,1211,Black Rat,Rattus rattus,Rodent,null,Good,1995,1995,Successful,Whole Island,Toxicant,NA,NA,Bait Station,Hand Broadcast,Brodifacoum,NA,Daltry; Jenny,Flora and Fauna International,null,386053,Galley Major,Caribbean,Antigua and Barbuda,Lesser Antilles (Antigua and Barbuda Islands),17.14334837,-61.72631782,0.005974373,None
333,433,Black Rat,Rattus rattus,Rodent,null,Good,1999,1999,Successful (Reinvaded),Whole Island,Toxicant,NA,NA,Bait Station,Hand Broadcast,Brodifacoum,NA,Varnham; Karen,Antiguan Racer Conservation Project; Island Resources Foundation,www.irf.org,386027,East Maiden,Caribbean,Antigua and Barbuda,Lesser Antilles (Antigua and Barbuda Islands),17.14510388,-61.76338762,0.091139948,None
156,190,Black Rat,Rattus rattus,Rodent,null,Good,1995,1995,Successful,Whole Island,Toxicant,NA,NA,Bait Station,Hand Broadcast,Brodifacoum,NA,Daltry; Jenny,Flora and Fauna International,null,386024,Great Bird,Caribbean,Antigua and Barbuda,Lesser Antilles (Antigua and Barbuda Islands),17.14556982,-61.72491686,0.080138756,None
157,191,Black Rat,Rattus rattus,Rodent,null,Good,2001,2001,Successful,Incursion Response,Toxicant,NA,NA,Bait Station,Hand Broadcast,Brodifacoum,NA,Daltry; Jenny,Flora and Fauna International,null,386024,Great Bird,Caribbean,Antigua and Barbuda,Lesser Antilles (Antigua and Barbuda Islands),17.14556982,-61.72491686,0.080138756,None
1494,2381,Black Rat,Rattus rattus,Rodent,null,Satisfactory,2006,2007,Failed,Whole Island,Trapping,NA,NA,NA,NA,NA,NA,Lombard; Claudia,USFWS,null,390589,Ruth Cay,Caribbean,Virgin Islands U.S.,Lesser Antilles (US Virgin Islands (St. Croix Islands)),17.68409107,-64.76171728,0.103989336,None
401,515,Black Rat,Rattus rattus,Rodent,null,Satisfactory,1999,2000,Successful (Reinvaded),Whole Island,Trapping,NA,NA,NA,NA,NA,NA,Lombard; Claudia,USFWS,null,390596,Green Cay,Caribbean,Virgin Islands U.S.,Lesser Antilles (US Virgin Islands (St. Croix Islands)),17.76674582,-64.66576483,0.044858175,None
1338,2168,Black Rat,Rattus rattus,Rodent,null,Good,2006,2007,Failed,Whole Island,Trapping,NA,NA,NA,NA,NA,NA,Lombard; Claudia,USFWS,null,390596,Green Cay,Caribbean,Virgin Islands U.S.,Lesser Antilles (US Virgin Islands (St. Croix Islands)),17.76674582,-64.66576483,0.044858175,None
1545,3232,Black Rat,Rattus rattus,Rodent,null,Satisfactory,null,2019,To Be Confirmed,Whole Island,Toxicant,NA,NA,Bait Station,NA,Diphacinone,NA,null,null,null,390596,Green Cay,Caribbean,Virgin Islands U.S.,Lesser Antilles (US Virgin Islands (St. Croix Islands)),17.76674582,-64.66576483,0.044858175,None
1072,1700,Black Rat,Rattus rattus,Rodent,null,Good,1999,2000,Successful,Whole Island,Toxicant,NA,NA,Bait Station,Hand Broadcast,Diphacinone,NA,Witmer; Gary,USDA-NWRC,null,390597,Buck,Caribbean,Virgin Islands U.S.,Lesser Antilles (US Virgin Islands (St. Croix Islands)),17.78714983,-64.62090151,0.693343999,None
1669,2578,House Mouse,Mus musculus,Rodent,null,Good,1999,2000,Failed,Whole Island,Toxicant,NA,NA,Bait Station,NA,Diphacinone,NA,null,null,null,390597,Buck,Caribbean,Virgin Islands U.S.,Lesser Antilles (US Virgin Islands (St. Croix Islands)),17.78714983,-64.62090151,0.693343999,None
1485,2372,Black Rat,Rattus rattus,Rodent,null,Satisfactory,2012,2013,Failed,Whole Island,Toxicant,NA,NA,Bait Station,NA,Unknown,NA,null,null,null,389765,Cayo Berberia,Caribbean,Puerto Rico,Greater Antilles (Puerto Rican Islands),17.92880328,-66.4561898,0.296525517,None
1380,2251,Black Rat,Rattus rattus,Rodent,null,Satisfactory,2008,2009,Successful (Reinvaded),Whole Island,Toxicant,NA,NA,Bait Station,NA,Brodifacoum,NA,Ventosa; Eddie,Puerto Rico Department of Natural and Environmental Resources,null,420318,Cayo Don Luis,Caribbean,Puerto Rico,Greater Antilles (Puerto Rican Islands; Parguera Islands),17.94918238,-66.98898136,0.625890476,None
1492,2379,Black Rat,Rattus rattus,Rodent,null,Satisfactory,2011,2011,Failed,Whole Island,Toxicant,NA,NA,Bait Station,NA,Brodifacoum,NA,Ventosa; Eddie,Puerto Rico Department of Natural and Environmental Resources,null,420318,Cayo Don Luis,Caribbean,Puerto Rico,Greater Antilles (Puerto Rican Islands; Parguera Islands),17.94918238,-66.98898136,0.625890476,None
2083,3163,Black Rat,Rattus rattus,Rodent,null,Good,2010,2010,Successful,Whole Island,Toxicant,NA,NA,Bait Station,NA,Brodifacoum,NA,Ventosa; Eddie,Puerto Rico Department of Natural and Environmental Resources,null,425278,Ratones,Caribbean,Puerto Rico,Greater Antilles (Puerto Rican Islands; Ponce Islands),17.95274119,-66.68133496,0.053128672,None
1379,2250,Black Rat,Rattus rattus,Rodent,null,Satisfactory,2010,2010,Successful,Whole Island,Toxicant,NA,NA,Bait Station,NA,Brodifacoum,NA,Ventosa; Eddie,Puerto Rico Department of Natural and Environmental Resources,null,420075,Cardona,Caribbean,Puerto Rico,Greater Antilles (Puerto Rican Islands; Ponce Islands),17.95694812,-66.63516582,0.030620975,None
1394,3159,Black Rat,Rattus rattus,Rodent,null,Satisfactory,2011,2011,Successful,Whole Island,Toxicant,NA,NA,Bait Station,NA,Brodifacoum,NA,Ventosa; Eddie,Puerto Rico Department of Natural and Environmental Resources,null,110000118,Tijeretas II,Caribbean,Puerto Rico,Greater Antilles (Puerto Rican Islands; Parguera Islands),17.96243737,-67.0705494,0.013694772,None
1501,2388,Black Rat,Rattus rattus,Rodent,null,Satisfactory,2011,2011,Successful,Whole Island,Toxicant,NA,NA,Bait Station,NA,Brodifacoum,NA,Ventosa; Eddie,Puerto Rico Department of Natural and Environmental Resources,null,110000117,Tijeretas I,Caribbean,Puerto Rico,Greater Antilles (Puerto Rican Islands; Parguera Islands),17.96433357,-67.07104446,0.014986499,None
1496,2383,Black Rat,Rattus rattus,Rodent,null,Satisfactory,null,2015,To Be Confirmed,Whole Island,Toxicant,NA,NA,Bait Station,NA,Unknown,NA,null,null,null,420305,Cayo Frio,Caribbean,Puerto Rico,Greater Antilles (Puerto Rican Islands),17.96548878,-66.99798864,0.00166853,None
2089,3116,Black Rat,Rattus rattus,Rodent,null,Good,2013,2015,Successful,Whole Island,Trapping,NA,NA,NA,NA,NA,NA,null,null,null,420300,Cayo Maria Langa,Caribbean,Puerto Rico,Greater Antilles (Puerto Rican Islands),17.96576225,-66.75140258,0.059836997,None
327,425,Black Rat,Rattus rattus,Rodent,null,Good,1998,1999,Successful,Whole Island,Toxicant,NA,NA,Bait Station,NA,Brodifacoum,NA,Garcia; M.A.,Bureau of Fisheries and Wildlife; Puerto Rico Dept. of Natural and Environmental Resources,null,420046,Monito,Caribbean,Puerto Rico,Greater Antilles (Puerto Rican Islands),18.1596361,-67.94899162,0.145848324,None
671,869,Black Rat,Rattus rattus,Rodent,null,Good,1992,1993,Incomplete,Whole Island,Toxicant,NA,NA,Bait Station,NA,Bromadiolone,NA,Garcia; M.A.,Bureau of Fisheries and Wildlife; Puerto Rico Dept. of Natural and Environmental Resources,null,420046,Monito,Caribbean,Puerto Rico,Greater Antilles (Puerto Rican Islands),18.1596361,-67.94899162,0.145848324,None
2064,3065,Brown / Norway Rat,Rattus norvegicus,Rodent,null,Satisfactory,2018,2018,To Be Confirmed,Whole Island,Toxicant,NA,NA,Bait Station,NA,Brodifacoum,NA,Daltry; Jenny,Flora and Fauna International,null,410588,Prickly Pear East,Caribbean,Anguilla,Lesser Antilles (Anguilla Islands),18.26343445,-63.17207993,0.29890224,None
2066,3067,Brown / Norway Rat,Rattus norvegicus,Rodent,null,Satisfactory,2018,2018,To Be Confirmed,Whole Island,Toxicant,NA,NA,Bait Station,NA,Brodifacoum,NA,Daltry; Jenny,Flora and Fauna International,null,410591,Prickly Pear West,Caribbean,Anguilla,Lesser Antilles (Anguilla Islands),18.2669087,-63.18548246,0.301394064,None
1091,1728,Black Rat,Rattus rattus,Rodent,null,Good,2005,2005,Successful,Whole Island,Toxicant,NA,NA,Bait Station,NA,Diphacinone,NA,Pierce; Judy,USVI Ministry of Environment,null,420481,Capella,Caribbean,Virgin Islands U.S.,Lesser Antilles (US Virgin Islands (St. Thomas Islands)),18.27544365,-64.88755818,0.087873253,None
1493,2380,Brown / Norway Rat,Rattus norvegicus,Rodent,null,Good,2005,2005,Successful,Whole Island,Toxicant,NA,NA,Bait Station,NA,Diphacinone,NA,Pierce; Judy,USVI Ministry of Environment,null,420481,Capella,Caribbean,Virgin Islands U.S.,Lesser Antilles (US Virgin Islands (St. Thomas Islands)),18.27544365,-64.88755818,0.087873253,None
1154,1849,Brown / Norway Rat,Rattus norvegicus,Rodent,null,Good,2005,2005,Successful,Whole Island,Toxicant,NA,NA,Bait Station,Hand Broadcast,Diphacinone,NA,Lombard; Claudia,USFWS,null,420479,Buck,Caribbean,Virgin Islands U.S.,Lesser Antilles (US Virgin Islands (St. Thomas Islands)),18.27707682,-64.89402929,0.17066962,None
1337,2156,Black Rat,Rattus rattus,Rodent,null,Good,2005,2005,Successful,Whole Island,Toxicant,NA,NA,Bait Station,Hand Broadcast,Diphacinone,NA,Lombard; Claudia,USFWS,null,420479,Buck,Caribbean,Virgin Islands U.S.,Lesser Antilles (US Virgin Islands (St. Thomas Islands)),18.27707682,-64.89402929,0.17066962,None
1060,1688,Black Rat,Rattus rattus,Rodent,null,Good,2012,2012,Successful,Whole Island,Toxicant,NA,NA,Bait Station,NA,Brodifacoum,NA,Daltry; Jenny,Flora and Fauna International,null,410593,Dog,Caribbean,Anguilla,Lesser Antilles (Anguilla Islands),18.27870161,-63.25116181,1.95307166,None
2062,3063,Black Rat,Rattus rattus,Rodent,null,Good,2011,2012,Successful,Whole Island,Toxicant,NA,NA,Bait Station,NA,Brodifacoum,NA,Daltry; Jenny,Flora and Fauna International,null,410594,East Cay,Caribbean,Anguilla,Lesser Antilles (Anguilla Islands),18.28495695,-63.23648902,0.016556609,None
2063,3064,Black Rat,Rattus rattus,Rodent,null,Good,2011,2012,Successful,Whole Island,Toxicant,NA,NA,Bait Station,NA,Brodifacoum,NA,Daltry; Jenny,Flora and Fauna International,null,410595,Mid Cay,Caribbean,Anguilla,Lesser Antilles (Anguilla Islands),18.2869414,-63.26108932,0.020104066,None
1098,1735,Black Rat,Rattus rattus,Rodent,null,Satisfactory,null,1983,Successful,Whole Island,Toxicant,NA,NA,Bait Station,NA,Diphacinone,NA,Pierce; Judy,USVI Ministry of Environment,null,420536,Dog,Caribbean,Virgin Islands U.S.,Lesser Antilles (US Virgin Islands (St. Thomas Islands)),18.29576351,-64.81624357,0.055095518,None
1090,1727,Black Rat,Rattus rattus,Rodent,null,Good,2003,2003,Successful,Whole Island,Toxicant,NA,NA,Bait Station,NA,Diphacinone,NA,Pierce; Judy,USVI Ministry of Environment,null,420520,Saba,Caribbean,Virgin Islands U.S.,Lesser Antilles (US Virgin Islands (St. Thomas Islands)),18.30523023,-65.00004629,0.12551122,None
1381,2254,Brown / Norway Rat,Rattus norvegicus,Rodent,null,Good,2003,2003,Successful,Whole Island,Toxicant,NA,NA,Bait Station,NA,Diphacinone,NA,Pierce; Judy,USVI Ministry of Environment,null,420520,Saba,Caribbean,Virgin Islands U.S.,Lesser Antilles (US Virgin Islands (St. Thomas Islands)),18.30523023,-65.00004629,0.12551122,None
1604,3233,Black Rat,Rattus rattus,Rodent,null,Poor,null,2019,To Be Confirmed,Whole Island,Unknown,NA,NA,Unknown,NA,NA,NA,null,null,null,420044,Cayo Lobo,Caribbean,Puerto Rico,Greater Antilles (Puerto Rican Islands),18.324297,-65.377247,0.155928,None
1340,2170,Black Rat,Rattus rattus,Rodent,null,Satisfactory,null,1984,Successful,Whole Island,Toxicant,NA,NA,Hand Broadcast,NA,Diphacinone,NA,Pierce; Judy,USVI Ministry of Environment,null,420569,Stevens Cay,Caribbean,Virgin Islands U.S.,Lesser Antilles (US Virgin Islands),18.33021888,-64.80732836,0.016781484,None
1118,1768,Black Rat,Rattus rattus,Rodent,null,Satisfactory,null,1982,Successful,Whole Island,Toxicant,NA,NA,Bait Station,NA,Diphacinone,NA,Pierce; Judy,USVI Ministry of Environment,null,420570,Kalkun Cay,Caribbean,Virgin Islands U.S.,Lesser Antilles (US Virgin Islands (St. Thomas Islands)),18.35032527,-65.0576566,0.029685054,None
1378,2248,Black Rat,Rattus rattus,Rodent,null,Satisfactory,null,1980,Successful,Whole Island,Toxicant,NA,NA,Bait Station,NA,Unknown,NA,null,null,null,420068,Cayo Diablo,Caribbean,Puerto Rico,Greater Antilles (Puerto Rican Islands),18.36252153,-65.53024825,0.073022366,None
1086,1720,Black Rat,Rattus rattus,Rodent,null,Good,2006,2006,Failed,Whole Island,Toxicant,NA,NA,Hand Broadcast,NA,Brodifacoum,NA,Pierce; Judy,USVI Ministry of Environment,null,420510,Congo Cay,Caribbean,Virgin Islands U.S.,Lesser Antilles (US Virgin Islands),18.36767804,-64.80303422,0.074028239,None
1087,1721,Black Rat,Rattus rattus,Rodent,null,Good,2004,2004,Failed,Whole Island,Toxicant,NA,NA,Bait Station,NA,Diphacinone,NA,Pierce; Judy,USVI Ministry of Environment,null,420510,Congo Cay,Caribbean,Virgin Islands U.S.,Lesser Antilles (US Virgin Islands),18.36767804,-64.80303422,0.074028239,None
1328,2145,Black Rat,Rattus rattus,Rodent,null,Good,1990,1991,Failed,Whole Island,Toxicant,NA,NA,Bait Station,Other,Brodifacoum,NA,null,null,null,420510,Congo Cay,Caribbean,Virgin Islands U.S.,Lesser Antilles (US Virgin Islands),18.36767804,-64.80303422,0.074028239,None
1089,1726,Black Rat,Rattus rattus,Rodent,null,Good,2004,2004,Successful,Whole Island,Toxicant,NA,NA,Bait Station,NA,Diphacinone,NA,Pierce; Judy,USVI Ministry of Environment,null,420512,Dutchcap Cay,Caribbean,Virgin Islands U.S.,Lesser Antilles (US Virgin Islands),18.38000948,-65.06176091,0.142779574,None
1382,2255,Brown / Norway Rat,Rattus norvegicus,Rodent,null,Good,2004,2004,Successful,Whole Island,Toxicant,NA,NA,Bait Station,NA,Diphacinone,NA,Pierce; Judy,USVI Ministry of Environment,null,420512,Dutchcap Cay,Caribbean,Virgin Islands U.S.,Lesser Antilles (US Virgin Islands),18.38000948,-65.06176091,0.142779574,None
1105,1746,Black Rat,Rattus rattus,Rodent,null,Good,1991,1991,Successful,Whole Island,Toxicant,NA,NA,Bait Piles,NA,Bromadiolone,NA,Tolson; Peter,Todelo Zoo,null,420098,Cayo Ratones,Caribbean,Puerto Rico,Greater Antilles (Puerto Rican Islands),18.38208075,-65.58008896,0.046689607,None
400,514,Black Rat,Rattus rattus,Rodent,null,Good,2012,2012,Failed,Whole Island,Toxicant,NA,NA,Aerial Broadcast,Bait Station,Brodifacoum,NA,Swinnerton; Kirsty,Island Conservation,www.islandconservation.org,425054,Desecheo,Caribbean,Puerto Rico,Greater Antilles (Puerto Rican Islands),18.38416819,-67.48055711,1.479418394,None
1597,2825,Black Rat,Rattus rattus,Rodent,null,Good,2016,2016,Successful,Whole Island,Toxicant,NA,NA,Aerial Broadcast,Bait Station,Brodifacoum,NA,Will;David,Island Conservation,null,425054,Desecheo,Caribbean,Puerto Rico,Greater Antilles (Puerto Rican Islands),18.38416819,-67.48055711,1.479418394,None
218,273,Black Rat,Rattus rattus,Rodent,null,Good,2002,2002,Successful,Whole Island,Toxicant,NA,NA,Bait Station,Hand Broadcast,Brodifacoum,NA,Varnham; Karen,Antiguan Racer Conservation Project; Island Resources Foundation,www.irf.org,420441,Sandy (White),Caribbean,Virgin Islands British,Lesser Antilles (British Virgin Islands),18.43614768,-64.70941168,0.058788578,None
1907,2884,Black Rat,Rattus rattus,Rodent,null,Good,null,null,Planned,Whole Island,Toxicant,Trapping,Unknown,Bait Station,Unknown,Bromadiolone,Unknown,null,null,null,420437,Green Cay,Caribbean,Virgin Islands British,Lesser Antilles (British Virgin Islands),18.45358692,-64.70859891,0.059663413,None
1902,2879,Black Rat,Rattus rattus,Rodent,null,Good,null,null,Planned,Whole Island,Trapping,Trapping,Unknown,Unknown,Unknown,Unknown,Unknown,null,null,null,425504,East Seal Dog,Caribbean,Virgin Islands British,Lesser Antilles (British Virgin Islands),18.50686564,-64.43242825,0.009261932,None
1901,2878,Black Rat,Rattus rattus,Rodent,null,Good,null,null,Planned,Whole Island,Toxicant,Trapping,Unknown,Unknown,Unknown,Brodifacoum,NA,null,null,null,425502,West Seal Dog,Caribbean,Virgin Islands British,Lesser Antilles (British Virgin Islands),18.50703164,-64.43471229,0.017083881,None
1747,2674,Black Rat,Rattus rattus,Rodent,null,Good,2013,2013,Successful,Whole Island,Toxicant,Toxicant,NA,Aerial Broadcast,Hand Broadcast,Brodifacoum,Unknown,Latofski Mariam,Grupo de Ecología y Conservación de Islas A.C.,http://www.islas.org.mx,394955,Cayo Centro,Caribbean,Mexico,Banco Chinchorro,18.58666374,-87.31998635,5.406436083,11 - 100
2067,3068,House Mouse,Mus musculus,Rodent,null,Satisfactory,null,null,Planned,Whole Island,Toxicant,NA,NA,Bait Station,NA,Brodifacoum,NA,Daltry; Jenny,Flora and Fauna International,null,410583,Sombrero,Caribbean,Anguilla,Lesser Antilles (Anguilla Islands),18.58885748,-63.42574921,0.398066967,None
1352,2189,Black Rat,Rattus rattus,Rodent,null,Good,2012,2012,Successful,Whole Island,Toxicant,NA,NA,Aerial Broadcast,Bait Station,Brodifacoum,NA,Samaniego; Araceli,Grupo de Ecologia y Conservacion de Islas,www.islas.org.mx,110000104,Cayo Norte Menor,Caribbean,Mexico,Banco Chinchorro,18.73956472,-87.3050048,0.134619509,None
1351,2188,Black Rat,Rattus rattus,Rodent,null,Good,2012,2012,Successful,Whole Island,Toxicant,NA,NA,Aerial Broadcast,Bait Station,Brodifacoum,NA,Samaniego; Araceli,Grupo de Ecologia y Conservacion de Islas,www.islas.org.mx,398579,Cayo Norte Mayor,Caribbean,Mexico,Banco Chinchorro,18.74836401,-87.30138215,0.246653752,1-Oct
710,926,Polynesian Rat,Rattus exulans,Rodent,null,Poor,2007,2008,Successful,Whole Island,Toxicant,NA,NA,Hand Broadcast,NA,Diphacinone,NA,Swenson; Chris,Hawaii Department of Land and Natural Resources,null,464157,Alau,Pacific Ocean - North East,United States,Hawaiian Islands,20.72846654,-155.9773521,0.025568278,None
709,925,Polynesian Rat,Rattus exulans,Rodent,null,Good,2007,2008,Successful,Whole Island,Toxicant,NA,NA,Aerial Broadcast,NA,Diphacinone,NA,Swenson; Chris,Hawaii Department of Land and Natural Resources,null,400114,Mokapu,Pacific Ocean - North East,United States,Hawaiian Islands,21.18337192,-156.9237871,0.033681043,None
154,188,Black Rat,Rattus rattus,Rodent,null,Poor,2002,2002,Successful,Whole Island,Toxicant,Trapping,NA,Bait Station,NA,Diphacinone,NA,null,null,null,400130,Mokolii,Pacific Ocean - North East,United States,Hawaiian Islands,21.50960099,-157.82944,0.019328324,None
1490,2377,Brown / Norway Rat,Rattus norvegicus,Rodent,null,Poor,null,1992,Successful (Reinvaded),Whole Island,Toxicant,NA,NA,Bait Piles,NA,Brodifacoum,NA,null,null,null,420384,McCartney Cay,Caribbean,Turks and Caicos Islands,Bahamas (Turks and Caicos),21.62721953,-71.48615652,2.581374382,None
730,2806,Black Rat,Rattus rattus,Rodent,null,Good,2011,2012,Successful,Whole Island,Toxicant,Trapping,NA,Bait Station,NA,Diphacinone,NA,null,null,null,110000228,Moku'auia (Goat Island),Pacific Ocean - North East,United States,Hawaiian Islands,21.66281095,-157.9227435,0.05352803,None
1576,2477,Polynesian Rat,Rattus exulans,Rodent,null,Satisfactory,2000,2000,Successful,Whole Island,Toxicant,Trapping,NA,Bait Station,NA,Diphacinone,NA,null,null,null,110000228,Moku'auia (Goat Island),Pacific Ocean - North East,United States,Hawaiian Islands,21.66281095,-157.9227435,0.05352803,None
1577,2478,Black Rat,Rattus rattus,Rodent,2004,Satisfactory,2006,2006,Successful (Reinvaded),Whole Island,Toxicant,Trapping,NA,Bait Station,NA,Diphacinone,NA,null,null,null,110000228,Moku'auia (Goat Island),Pacific Ocean - North East,United States,Hawaiian Islands,21.66281095,-157.9227435,0.05352803,None
1688,2834,Black Rat,Rattus rattus,Rodent,1967,Satisfactory,1990,1990,Successful (Reinvaded),Whole Island,Toxicant,Trapping,NA,Bait Station,NA,Diphacinone,NA,null,null,null,110000228,Moku'auia (Goat Island),Pacific Ocean - North East,United States,Hawaiian Islands,21.66281095,-157.9227435,0.05352803,None
895,1158,Black Rat,Rattus rattus,Rodent,null,Satisfactory,2001,2002,Successful,Whole Island,Toxicant,NA,NA,Bait Station,NA,Brodifacoum,NA,Gerber; Glen,San Diego Zoo Institute for Conservatino Research,http://www.sandiegozoo.org/conservation/,77777135,Sim Cay,Caribbean,Turks and Caicos Islands,Bahamas (Turks and Caicos (Five Cays)),21.73615793,-72.26501071,0.008602071,None
896,1159,Black Rat,Rattus rattus,Rodent,null,Satisfactory,2001,2002,Successful,Whole Island,Toxicant,NA,NA,Bait Station,NA,Brodifacoum,NA,Gerber; Glen,San Diego Zoo Institute for Conservatino Research,http://www.sandiegozoo.org/conservation/,77777134,Pusey Cay,Caribbean,Turks and Caicos Islands,Bahamas (Turks and Caicos (Five Cays)),21.73676847,-72.26781937,0.006358959,None
897,1160,Black Rat,Rattus rattus,Rodent,null,Satisfactory,2001,2002,Successful,Whole Island,Toxicant,NA,NA,Bait Station,NA,Brodifacoum,NA,Gerber; Glen,San Diego Zoo Institute for Conservatino Research,http://www.sandiegozoo.org/conservation/,464194,William Dean Cay,Caribbean,Turks and Caicos Islands,Bahamas (Turks and Caicos (Five Cays)),21.73726684,-72.27120354,0.005963988,None
669,867,Black Rat,Rattus rattus,Rodent,1930,Good,1995,1995,Failed,Whole Island,Toxicant,NA,NA,Bait Station,NA,Brodifacoum,NA,Rodriguez; Cristina,UNAM,null,394782,Isabel,Pacific Ocean - North East,Mexico,null,21.8477553,-105.8849697,0.774556897,11 - 100
1042,1315,Black Rat,Rattus rattus,Rodent,null,Good,2009,2009,Successful,Whole Island,Toxicant,NA,NA,Aerial Broadcast,NA,Brodifacoum,NA,Samaniego; Araceli,Grupo de Ecologia y Conservacion de Islas,www.islas.org.mx,394782,Isabel,Pacific Ocean - North East,Mexico,null,21.8477553,-105.8849697,0.774556897,11 - 100
2090,3117,Black Rat,Rattus rattus,Rodent,null,Good,null,null,Planned,Whole Island,Toxicant,NA,NA,Bait Station,NA,Brodifacoum,NA,null,null,null,420372,Pine Cay,Caribbean,Turks and Caicos Islands,Bahamas (Turks and Caicos),21.86456678,-72.10418668,6.619883807,11 - 100
1050,1675,Black Rat,Rattus rattus,Rodent,null,Satisfactory,2001,2002,Successful,Whole Island,Toxicant,NA,NA,Bait Station,NA,Brodifacoum,NA,Gerber; Glen,San Diego Zoo Institute for Conservatino Research,http://www.sandiegozoo.org/conservation/,420365,Bay Cay,Caribbean,Turks and Caicos Islands,Bahamas (Turks and Caicos),21.91559291,-71.89012768,0.307169156,None
328,426,Polynesian Rat,Rattus exulans,Rodent,null,Good,2009,2009,Failed,Whole Island,Toxicant,NA,NA,Aerial Broadcast,NA,Diphacinone,NA,Swift; Katie,US Fish and Wildlife Service,null,395516,Lehua,Pacific Ocean - North East,United States,Hawaiian Islands,22.02012695,-160.0955965,1.110313385,None
1632,3107,Polynesian Rat,Rattus exulans,Rodent,null,Good,2017,2017,To Be Confirmed,Whole Island,Toxicant,NA,NA,Aerial Broadcast,Hand Broadcast,Diphacinone,NA,Baiao Patty,Island Conservation,null,395516,Lehua,Pacific Ocean - North East,United States,Hawaiian Islands,22.02012695,-160.0955965,1.110313385,None
1435,2313,House Mouse,Mus musculus,Rodent,null,Good,2011,2011,Successful,Whole Island,Toxicant,NA,NA,Hand Broadcast,NA,Brodifacoum,NA,Samaniego; Araceli,Grupo de Ecologia y Conservacion de Islas,www.islas.org.mx,398542,Pájaros,Caribbean,Mexico,Gulf of Mexico (Arrecife Alacranes),22.37147313,-89.65836946,0.043373285,None
1349,2186,Black Rat,Rattus rattus,Rodent,null,Good,2011,2011,Successful,Whole Island,Toxicant,NA,NA,Hand Broadcast,NA,Brodifacoum,NA,Samaniego; Araceli,Grupo de Ecologia y Conservacion de Islas,www.islas.org.mx,398417,Pérez,Caribbean,Mexico,Gulf of Mexico (Arrecife Alacranes),22.38379107,-89.68356538,0.208123339,1-Oct
1434,2312,House Mouse,Mus musculus,Rodent,null,Good,2011,2011,Successful,Whole Island,Toxicant,NA,NA,Hand Broadcast,NA,Brodifacoum,NA,Samaniego; Araceli,Grupo de Ecologia y Conservacion de Islas,www.islas.org.mx,398418,Muertos,Caribbean,Mexico,Gulf of Mexico (Arrecife Alacranes),22.41999513,-89.71586294,0.172228789,None
197,244,Black Rat,Rattus rattus,Rodent,null,Good,1998,1998,Successful,Whole Island,Toxicant,NA,NA,Bait Station,NA,Brodifacoum,NA,Hayes; William,null,null,464093,White (Sandy) Cay,Caribbean,Bahamas,Bahamas (Exuma Islands),23.40296039,-75.43474395,0.158033188,None
222,280,House Mouse,Mus musculus,Rodent,null,Satisfactory,1998,1998,Successful,Whole Island,Toxicant,NA,NA,Bait Station,NA,Brodifacoum,NA,null,null,null,464093,White (Sandy) Cay,Caribbean,Bahamas,Bahamas (Exuma Islands),23.40296039,-75.43474395,0.158033188,None
1101,1741,Black Rat,Rattus rattus,Rodent,null,Good,1999,1999,Failed,Whole Island,Toxicant,NA,NA,Bait Station,NA,Brodifacoum,NA,null,null,null,415830,Low Cay,Caribbean,Bahamas,Bahamas (San Salvador Bank),23.93850609,-74.4813696,0.114480426,None
1102,1742,Black Rat,Rattus rattus,Rodent,null,Good,2000,2000,Successful,Whole Island,Toxicant,NA,NA,Bait Station,NA,Brodifacoum,NA,null,null,null,415830,Low Cay,Caribbean,Bahamas,Bahamas (San Salvador Bank),23.93850609,-74.4813696,0.114480426,None
2076,3151,Black Rat,Rattus rattus,Rodent,null,Good,2019,null,Planned,Whole Island,Toxicant,Unknown,Unknown,Unknown,Unknown,Unknown,Unknown,Newbold Rochelle,Island Conservation,null,402714,Pasture Cay,Caribbean,Bahamas,Bahamas (Exuma Islands),24.31815966,-76.55969179,0.060591087,None
1355,2192,House Mouse,Mus musculus,Rodent,null,Good,2012,2012,Successful,Whole Island,Toxicant,NA,NA,Hand Broadcast,NA,Brodifacoum,NA,Island Conservation,Island Conservation,www.islandconservation.org,403236,Allen Cay,Caribbean,Bahamas,Bahamas (Exuma Islands),24.75012353,-76.83955188,0.077896427,None
1578,2490,Gambian Rat,Cricetomys gambianus,Rodent,null,Good,2006,2009,Failed,Whole Island,Toxicant,Trapping,NA,Bait Station,NA,Unknown,NA,null,null,null,404372,Grassy Key,Caribbean,United States,Florida Keys,24.75067791,-80.97765031,7.20654862,101 - 1000
1041,1314,Black Rat,Rattus rattus,Rodent,null,Good,2007,2007,Successful,Whole Island,Toxicant,NA,NA,Aerial Broadcast,Hand Broadcast,Brodifacoum,NA,Samaniego; Araceli,Grupo de Ecologia y Conservacion de Islas,www.islas.org.mx,463745,Farallón de San Ignacio,Pacific Ocean - North East,Mexico,Gulf of California,25.43666799,-109.3775956,0.184239135,None
1870,2894,Brown Country Rat,Rattus losea,Rodent,null,Poor,2011,null,Unknown,Whole Island,Trapping,Toxicant,NA,Bait Station,NA,Flocoumafen,NA,Hung Chung-Hang,null,null,46963,Jongdao (Zhong Dao) 1,Pacific Ocean - North West,Taiwan Province of China,Matsu Archipelago,26.25819392,119.9921548,0.010477321,None
1871,2895,Brown Country Rat,Rattus losea,Rodent,null,Poor,2011,2016,Failed,Whole Island,Trapping,Toxicant,NA,Bait Station,NA,Flocoumafen,NA,Hung Chung-Hang,null,null,46516,Tiejien (Tiejian) Islet,Pacific Ocean - North West,Taiwan Province of China,Matsu Archipelago,26.27273795,119.9766659,0.008492554,None
1890,2866,Black Rat,Rattus rattus,Rodent,null,Satisfactory,2012,2012,Failed,Whole Island,Toxicant,Unknown,Unknown,Hand Broadcast,Unknown,Diphacinone,NA,Broome; Keith,NZ Dept. of Conservation,null,105079,Minamijima,Pacific Ocean - North West,Japan,Ogasawara Islands (Chichijima Group),27.03820685,142.1751211,0.292505867,None
1888,2863,Black Rat,Rattus rattus,Rodent,null,Satisfactory,2011,2011,Successful,Whole Island,Toxicant,Unknown,Unknown,Aerial Broadcast,Unknown,Diphacinone,NA,Broome; Keith,NZ Dept. of Conservation,null,11288,Tatsumi-jima,Pacific Ocean - North West,Japan,Ogasawara Islands (Chichijima Group),27.04646821,142.2402234,0.048109191,None
1082,1714,Black Rat,Rattus rattus,Rodent,null,Good,2008,2008,Successful,Whole Island,Toxicant,NA,NA,Aerial Broadcast,NA,Diphacinone,NA,null,null,null,109098,Higashijima,Pacific Ocean - North West,Japan,Ogasawara Islands (Chichijima Group),27.0933394,142.2450993,0.245804092,None
313,405,Black Rat,Rattus rattus,Rodent,null,Satisfactory,2007,2007,Successful (Reinvaded),Whole Island,Toxicant,NA,NA,Bait Station,NA,Diphacinone,NA,Yabe; Tatsu,null,null,107387,Nishijima,Pacific Ocean - North West,Japan,Ogasawara Islands (Chichijima Group),27.11713842,142.1668615,0.483599277,None
1291,2096,Black Rat,Rattus rattus,Rodent,null,Poor,2010,2011,Failed,Whole Island,Toxicant,NA,NA,Aerial Broadcast,NA,Diphacinone,NA,null,null,null,107387,Nishijima,Pacific Ocean - North West,Japan,Ogasawara Islands (Chichijima Group),27.11713842,142.1668615,0.483599277,None
1889,2865,Black Rat,Rattus rattus,Rodent,null,Poor,2011,2011,Failed,Whole Island,Toxicant,Unknown,Unknown,Aerial Broadcast,Unknown,Diphacinone,NA,Broome; Keith,NZ Dept. of Conservation,null,113329,Hitomarujima,Pacific Ocean - North West,Japan,Ogasawara Islands (Chichijima Group),27.11731018,142.1863413,0.053055997,None
1051,1677,Black Rat,Rattus rattus,Rodent,null,Satisfactory,2010,2011,Failed,Whole Island,Toxicant,NA,NA,Aerial Broadcast,NA,Diphacinone,NA,null,null,null,100224,Anijima,Pacific Ocean - North West,Japan,Ogasawara Islands (Chichijima Group),27.12242876,142.2096992,7.879084967,None
2121,3144,Black Rat,Rattus rattus,Rodent,null,Poor,2011,2011,Failed,Whole Island,Toxicant,Unknown,NA,Aerial Broadcast,Unknown,Diphacinone,NA,Broome; Keith,NZ Dept. of Conservation,null,113397,Hyotanjima,Pacific Ocean - North West,Japan,Ogasawara Islands (Chichijima Group),27.12812641,142.1791242,0.060396901,None
634,823,Black Rat,Rattus rattus,Rodent,null,Good,1994,1995,Successful,Whole Island,Toxicant,NA,NA,Bait Station,Hand Broadcast,Brodifacoum,Bromethalin,Samaniego; Araceli,Grupo de Ecologia y Conservacion de Islas,www.islas.org.mx,8406,San Roque,Pacific Ocean - North East,Mexico,Pacific Coast Baja California Peninsula,27.14690418,-114.3770111,0.40435311,None
1053,1679,Black Rat,Rattus rattus,Rodent,null,Satisfactory,2010,2011,Failed,Whole Island,Toxicant,NA,NA,Aerial Broadcast,NA,Diphacinone,NA,null,null,null,100925,Otoutojima,Pacific Ocean - North West,Japan,Ogasawara Islands (Chichijima Group),27.16628846,142.1908281,5.195606226,None
1886,2861,Black Rat,Rattus rattus,Rodent,null,Satisfactory,null,2011,Successful,Whole Island,Toxicant,NA,NA,Aerial Broadcast,Unknown,Diphacinone,NA,Broome; Keith,NZ Dept. of Conservation,null,100935,Magojima,Pacific Ocean - North West,Japan,Ogasawara Islands (Chichijima Group),27.1948531,142.1957883,0.122986288,None
1066,1694,Black Rat,Rattus rattus,Rodent,null,Satisfactory,2009,2009,Successful,Whole Island,Toxicant,NA,NA,Bait Station,Hand Broadcast,Diphacinone,NA,Witmer; Gary,USDA-NWRC,null,4902,Egmont Cay,Caribbean,United States,Tampa Bay Islands,27.59086105,-82.76127187,1.185554904,None
1113,1756,Black Rat,Rattus rattus,Rodent,null,Poor,null,2008,Failed,Whole Island,Toxicant,NA,NA,Aerial Broadcast,NA,Diphacinone,NA,null,null,null,116624,Torishima,Pacific Ocean - North West,Japan,Ogasawara Islands (Mukojima Group),27.62451662,142.1715733,0.033854488,None
1887,2862,Black Rat,Rattus rattus,Rodent,null,Satisfactory,null,2011,Successful,Whole Island,Toxicant,Unknown,Unknown,Aerial Broadcast,Unknown,Diphacinone,NA,Broome; Keith,NZ Dept. of Conservation,null,116624,Torishima,Pacific Ocean - North West,Japan,Ogasawara Islands (Mukojima Group),27.62451662,142.1715733,0.033854488,None
1891,2867,Black Rat,Rattus rattus,Rodent,null,Poor,2011,null,Unknown,Whole Island,Toxicant,Unknown,Unknown,Aerial Broadcast,Aerial Broadcast,Diphacinone,Unknown,Broome; Keith,NZ Dept. of Conservation,null,109286,Harino-iwa,Pacific Ocean - North West,Japan,Ogasawara Islands (Mukojima Group),27.65993239,142.1580932,0.110293392,None
1057,1685,Black Rat,Rattus rattus,Rodent,null,Good,2010,2011,Successful,Whole Island,Toxicant,NA,NA,Aerial Broadcast,NA,Diphacinone,NA,null,null,null,102117,Mukojima,Pacific Ocean - North West,Japan,Ogasawara Islands (Mukojima Group),27.68095793,142.1389193,2.557402484,None
1058,1686,Black Rat,Rattus rattus,Rodent,null,Satisfactory,2008,2008,Failed,Whole Island,Toxicant,NA,NA,Aerial Broadcast,NA,Diphacinone,NA,null,null,null,102117,Mukojima,Pacific Ocean - North West,Japan,Ogasawara Islands (Mukojima Group),27.68095793,142.1389193,2.557402484,None
150,184,Black Rat,Rattus rattus,Rodent,1940,Good,1994,1997,Successful,Whole Island,Toxicant,Trapping,NA,Bait Station,Other,Brodifacoum,Bromethalin,Flint; Beth,US Fish and Wildlife Service,null,31194,Sand,Pacific Ocean - North East,United States,Hawaiian Islands (Midway Atoll),28.20777515,-177.378933,4.443869838,11 - 100
2095,3118,House Mouse,Mus musculus,Rodent,null,Good,null,null,Planned,Whole Island,Toxicant,Trapping,Unknown,Aerial Broadcast,Hand Broadcast,Brodifacoum,Unknown,Klavitter John,US Fish & Wildlife Service,fws.gov,31194,Sand,Pacific Ocean - North East,United States,Hawaiian Islands (Midway Atoll),28.20777515,-177.378933,4.443869838,11 - 100
151,185,Black Rat,Rattus rattus,Rodent,1940,Satisfactory,1993,1994,Successful,Whole Island,Toxicant,Trapping,NA,Bait Station,Other,Brodifacoum,Bromethalin,Flint; Beth,US Fish and Wildlife Service,null,27090,Eastern,Pacific Ocean - North East,United States,Hawaiian Islands (Midway Atoll),28.20955113,-177.3314535,1.376023979,None
1449,2329,Cactus Mouse,Peromyscus eremicus,Rodent,2006,Satisfactory,2013,2013,Successful,Whole Island,Toxicant,NA,NA,Aerial Broadcast,NA,Brodifacoum,NA,Aguirre; Alfonso,Groupo de Ecologia y Conservacion de Islas,null,458848,San Benito Oeste,Pacific Ocean - North East,Mexico,Pacific Coast Baja California Peninsula (San Benitos Islands),28.30765498,-115.5859919,5.461219164,11 - 100
1043,1316,Black Rat,Rattus rattus,Rodent,null,Good,2007,2007,Successful,Whole Island,Toxicant,NA,NA,Aerial Broadcast,Hand Broadcast,Brodifacoum,NA,Samaniego; Araceli,Grupo de Ecologia y Conservacion de Islas,www.islas.org.mx,30455,San Pedro Mártir,Pacific Ocean - North East,Mexico,Gulf of California (Midriff Islands),28.38145886,-112.3066361,2.739483138,None
153,187,Polynesian Rat,Rattus exulans,Rodent,null,Satisfactory,null,1993,Successful,Whole Island,Toxicant,Trapping,NA,Hand Broadcast,NA,Brodifacoum,Bromethalin,Murphy; Jim,USDA,null,31119,Green,Pacific Ocean - North East,United States,Hawaiian Islands (Kure Atoll),28.39295589,-178.2940816,0.913816285,None
367,478,House Mouse,Mus musculus,Rodent,1900,Good,1995,1996,Successful,Whole Island,Toxicant,Trapping,NA,Bait Station,NA,Brodifacoum,NA,Velarde; Enriqueta,UNAM,null,30458,Rasa,Pacific Ocean - North East,Mexico,Gulf of California (Midriff Islands),28.82381016,-112.9798053,0.479103375,None
368,479,Black Rat,Rattus rattus,Rodent,1900,Good,1995,1996,Successful,Whole Island,Toxicant,Trapping,NA,Bait Station,NA,Brodifacoum,NA,Velarde; Enriqueta,UNAM,null,30458,Rasa,Pacific Ocean - North East,Mexico,Gulf of California (Midriff Islands),28.82381016,-112.9798053,0.479103375,None
160,197,House Mouse,Mus musculus,Rodent,null,Good,2001,2003,Successful,Whole Island,Toxicant,NA,NA,Bait Station,Hand Broadcast,Brodifacoum,NA,null,null,null,36467,Selvagem Grande,Atlantic Ocean - North,Portugal,Salvage Islands,30.14594709,-15.86536736,2.431062827,None
337,438,Black Rat,Rattus rattus,Rodent,null,Good,2000,2002,Successful,Whole Island,Toxicant,NA,NA,Bait Station,NA,Diphacinone,NA,Samaniego; Araceli,Grupo de Ecologia y Conservacion de Islas,www.islas.org.mx,36426,San Jorge Oeste,Pacific Ocean - North East,Mexico,Gulf of California,31.00632429,-113.2431372,0.024567331,None
336,437,Black Rat,Rattus rattus,Rodent,null,Good,2000,2002,Successful,Whole Island,Toxicant,NA,NA,Bait Station,Hand Broadcast,Brodifacoum,NA,Samaniego; Araceli,Grupo de Ecologia y Conservacion de Islas,www.islas.org.mx,36427,San Jorge Medio,Pacific Ocean - North East,Mexico,Gulf of California,31.01222994,-113.2440806,0.140256346,None
164,205,Black Rat,Rattus rattus,Rodent,null,Good,2000,2002,Successful,Whole Island,Toxicant,NA,NA,Bait Station,NA,Cholecalciferol,NA,Samaniego; Araceli,Grupo de Ecologia y Conservacion de Islas,www.islas.org.mx,110000401,San Jorge Este,Pacific Ocean - North East,Mexico,Gulf of California,31.01793412,-113.2482091,0.009906497,None
2128,3178,Black Rat,Rattus rattus,Rodent,null,Satisfactory,1990,1999,Successful,Whole Island,Toxicant,NA,NA,Unknown,Unknown,Warfarin,NA,null,null,null,35096,Horn Rock,Atlantic Ocean - North,Bermuda,Bermuda (Castle Islands),32.34328463,-64.66621141,0.003362413,None
2133,3184,Brown / Norway Rat,Rattus norvegicus,Rodent,null,Satisfactory,1990,1999,Successful,Whole Island,Toxicant,NA,NA,Unknown,Unknown,Warfarin,NA,null,null,null,35096,Horn Rock,Atlantic Ocean - North,Bermuda,Bermuda (Castle Islands),32.34328463,-64.66621141,0.003362413,None
2135,3186,Brown / Norway Rat,Rattus norvegicus,Rodent,null,Satisfactory,1990,1999,Successful,Whole Island,Toxicant,Unknown,Unknown,Unknown,Unknown,Warfarin,NA,null,null,null,35099,Green Rock,Atlantic Ocean - North,Bermuda,Bermuda (Castle Islands),32.34452035,-64.66098877,0.002313885,None
2136,3187,Black Rat,Rattus rattus,Rodent,null,Satisfactory,1990,1999,Successful,Whole Island,Toxicant,Trapping,Unknown,Unknown,Unknown,Warfarin,NA,null,null,null,35099,Green Rock,Atlantic Ocean - North,Bermuda,Bermuda (Castle Islands),32.34452035,-64.66098877,0.002313885,None
210,263,Black Rat,Rattus rattus,Rodent,null,Satisfactory,2005,2005,Successful,Incursion Response,Toxicant,NA,NA,Bait Station,NA,Unknown,NA,null,null,null,35020,Nonsuch ,Atlantic Ocean - North,Bermuda,Bermuda (Castle Islands),32.34736416,-64.66284194,0.070258988,1-Oct
212,265,Black Rat,Rattus rattus,Rodent,null,Satisfactory,null,1985,Successful,Whole Island,Toxicant,NA,NA,Bait Station,NA,Warfarin,Diphacinone,null,null,null,35020,Nonsuch ,Atlantic Ocean - North,Bermuda,Bermuda (Castle Islands),32.34736416,-64.66284194,0.070258988,1-Oct
213,266,Brown / Norway Rat,Rattus norvegicus,Rodent,null,Satisfactory,null,1985,Successful,Whole Island,Toxicant,NA,NA,Bait Station,NA,Warfarin,Diphacinone,null,null,null,35020,Nonsuch ,Atlantic Ocean - North,Bermuda,Bermuda (Castle Islands),32.34736416,-64.66284194,0.070258988,1-Oct
1789,2730,Black Rat,Rattus rattus,Rodent,null,Satisfactory,2008,2008,Successful,Incursion Response,Toxicant,NA,NA,Bait Station,NA,Unknown,NA,null,null,null,35020,Nonsuch ,Atlantic Ocean - North,Bermuda,Bermuda (Castle Islands),32.34736416,-64.66284194,0.070258988,1-Oct
2131,3182,Black Rat,Rattus rattus,Rodent,null,Satisfactory,1990,1999,Successful,Whole Island,Toxicant,NA,NA,Unknown,Unknown,Warfarin,NA,null,null,null,35100,Outer Pear Rock,Atlantic Ocean - North,Bermuda,Bermuda (Long Bay),32.34867089,-64.65070699,0.002951129,None
2132,3183,Brown / Norway Rat,Rattus norvegicus,Rodent,null,Satisfactory,1990,1999,Successful,Whole Island,Toxicant,NA,NA,Unknown,Unknown,Warfarin,NA,null,null,null,35100,Outer Pear Rock,Atlantic Ocean - North,Bermuda,Bermuda (Long Bay),32.34867089,-64.65070699,0.002951129,None
2129,3180,Brown / Norway Rat,Rattus norvegicus,Rodent,null,Good,1990,1999,Successful,Whole Island,Toxicant,NA,NA,Unknown,Unknown,Warfarin,NA,null,null,null,35101,Inner Pear Rock,Atlantic Ocean - North,Bermuda,Bermuda (Long Bay),32.350659,-64.65250525,0.005654728,None
2130,3181,Black Rat,Rattus rattus,Rodent,null,Satisfactory,1990,1999,Successful,Whole Island,Toxicant,NA,NA,Unknown,Unknown,Warfarin,NA,null,null,null,35101,Inner Pear Rock,Atlantic Ocean - North,Bermuda,Bermuda (Long Bay),32.350659,-64.65250525,0.005654728,None
1595,2823,Black Rat,Rattus rattus,Rodent,null,Satisfactory,1990,1999,Successful (Reinvaded),Whole Island,Toxicant,NA,NA,Unknown,Unknown,Unknown,Unknown,null,null,null,35084,Long Rock,Atlantic Ocean - North,Bermuda,Bermuda (Ruth's Bay),32.35723525,-64.65470183,0.006243349,None
1596,2824,Black Rat,Rattus rattus,Rodent,null,Satisfactory,2008,2008,Successful,Incursion Response,Toxicant,NA,NA,Unknown,Unknown,Unknown,Unknown,null,null,null,35084,Long Rock,Atlantic Ocean - North,Bermuda,Bermuda (Ruth's Bay),32.35723525,-64.65470183,0.006243349,None
2134,3185,Brown / Norway Rat,Rattus norvegicus,Rodent,null,Satisfactory,1990,1999,Successful,Whole Island,Toxicant,Unknown,Unknown,Unknown,Unknown,Warfarin,NA,null,null,null,35084,Long Rock,Atlantic Ocean - North,Bermuda,Bermuda (Ruth's Bay),32.35723525,-64.65470183,0.006243349,None
165,206,House Mouse,Mus musculus,Rodent,null,Good,2007,2008,Successful,Whole Island,Toxicant,NA,NA,Hand Broadcast,Aerial Broadcast,Brodifacoum,NA,null,null,null,36465,Bugio,Atlantic Ocean - North,Portugal,Madeira Islands (Desertas Islands),32.42963312,-16.48358302,3.320912632,None
1284,2040,House Mouse,Mus musculus,Rodent,null,Good,null,1996,Failed,Whole Island,Toxicant,NA,NA,Bait Station,Aerial Broadcast,Brodifacoum,NA,null,null,null,36464,Deserta Grande,Atlantic Ocean - North,Portugal,Madeira Islands (Desertas Islands),32.52907221,-16.51566337,10.16869775,Unknown
1472,2355,House Mouse,Mus musculus,Rodent,null,Satisfactory,1996,1996,Successful (Reinvaded),Whole Island,Toxicant,NA,NA,Bait Piles,NA,Brodifacoum,NA,null,null,null,36470,Chao,Atlantic Ocean - North,Portugal,Madeira Islands (Desertas Islands),32.58534663,-16.54443012,0.390603074,None
1473,2356,House Mouse,Mus musculus,Rodent,null,Satisfactory,2014,null,Planned,Whole Island,Unknown,Unknown,Unknown,Unknown,Unknown,Unknown,Unknown,Oliveira; Paulo,Serviço do Parque Natural da Madeira,http://www.pnm.pt,36470,Chao,Atlantic Ocean - North,Portugal,Madeira Islands (Desertas Islands),32.58534663,-16.54443012,0.390603074,None
1470,2353,House Mouse,Mus musculus,Rodent,null,Good,2012,2015,Successful,Whole Island,Toxicant,NA,NA,Hand Broadcast,NA,Brodifacoum,NA,null,null,null,36468,Cal,Atlantic Ocean - North,Portugal,Madeira Islands (Porto Santo Islands),33.00727933,-16.38595385,1.503126044,None
821,1056,Black Rat,Rattus rattus,Rodent,null,Good,2001,2002,Successful,Whole Island,Toxicant,NA,NA,Aerial Broadcast,Hand Broadcast,Brodifacoum,NA,Island Conservation,Island Conservation,www.islandconservation.org,39759,Anacapa Middle,Pacific Ocean - North East,United States,Channel Islands,34.00581062,-119.3931864,0.633290801,None
302,391,Black Rat,Rattus rattus,Rodent,null,Good,2001,2002,Successful,Whole Island,Toxicant,NA,NA,Aerial Broadcast,Hand Broadcast,Brodifacoum,NA,Island Conservation,Island Conservation,www.islandconservation.org,34693,Anacapa West,Pacific Ocean - North East,United States,Channel Islands,34.01100568,-119.4256841,1.817038165,None
303,392,Black Rat,Rattus rattus,Rodent,null,Good,2001,2002,Successful,Whole Island,Toxicant,NA,NA,Aerial Broadcast,Hand Broadcast,Brodifacoum,NA,Island Conservation,Island Conservation,www.islandconservation.org,38057,Anacapa East,Pacific Ocean - North East,United States,Channel Islands,34.01469286,-119.3674569,0.451866486,1-Oct
1358,2195,Black Rat,Rattus rattus,Rodent,null,Satisfactory,null,1990,Failed,Whole Island,Toxicant,Trapping,NA,Bait Station,NA,Warfarin,NA,Howald; Gregg,Island Conservation,www.islandconservation.org,38057,Anacapa East,Pacific Ocean - North East,United States,Channel Islands,34.01469286,-119.3674569,0.451866486,1-Oct
1792,2737,Black Rat,Rattus rattus,Rodent,null,Poor,null,null,To Be Confirmed,Whole Island,Unknown,Unknown,Unknown,Unknown,Unknown,Unknown,Unknown,null,null,null,457560,Congreso,Mediterranean,Spain,Chafarinas Archipelago,35.17880104,-2.44095164,0.197781054,None
68,83,Black Rat,Rattus rattus,Rodent,null,Good,1992,1992,Successful (Reinvaded),Whole Island,Toxicant,NA,NA,Bait Station,NA,Brodifacoum,NA,null,null,null,457562,Rey Francisco,Mediterranean,Spain,Chafarinas Archipelago,35.18082813,-2.42223863,0.117059991,None
211,264,Black Rat,Rattus rattus,Rodent,null,Good,1999,2000,Successful (Reinvaded),Whole Island,Toxicant,NA,NA,Bait Station,Aerial Broadcast,Brodifacoum,Bromadiolone,null,null,null,457562,Rey Francisco,Mediterranean,Spain,Chafarinas Archipelago,35.18082813,-2.42223863,0.117059991,None
1791,2736,Black Rat,Rattus rattus,Rodent,null,Poor,null,null,To Be Confirmed,Whole Island,Unknown,Unknown,Unknown,Unknown,Unknown,Unknown,Unknown,null,null,null,457562,Rey Francisco,Mediterranean,Spain,Chafarinas Archipelago,35.18082813,-2.42223863,0.117059991,None
1879,2939,Black Rat,Rattus rattus,Rodent,null,Good,2016,2017,To Be Confirmed,Whole Island,Toxicant,NA,NA,Bait Station,NA,Unknown,Unknown,Fric Jakob,Nature Conservation Consultants Ltd,http://www.lifefalcoeleonorae.gr/en/,243538,Gianysada,Mediterranean,Greece,Crete Islands (Dionysades),35.32774185,26.17400149,2.142946588,None
1880,2940,Black Rat,Rattus rattus,Rodent,null,Good,2016,2017,To Be Confirmed,Whole Island,Toxicant,NA,NA,Bait Station,NA,Unknown,NA,Fric Jakob,Nature Conservation Consultants Ltd,http://www.lifefalcoeleonorae.gr/en/,243529,Dragonada,Mediterranean,Greece,Crete Islands (Dionysades),35.3452876,26.17795756,2.816554226,None
1941,2942,Black Rat,Rattus rattus,Rodent,null,Good,2016,2017,To Be Confirmed,Whole Island,Toxicant,NA,NA,Bait Station,NA,Unknown,NA,Fric Jakob,Nature Conservation Consultants Ltd,http://www.lifefalcoeleonorae.gr/en/,243905,Paximadaki,Mediterranean,Greece,Crete Islands (Dionysades),35.35807444,26.17851191,0.044486722,None
1881,2941,Black Rat,Rattus rattus,Rodent,null,Good,2016,2017,To Be Confirmed,Whole Island,Toxicant,NA,NA,Bait Station,NA,Unknown,NA,Fric Jakob,Nature Conservation Consultants Ltd,http://www.lifefalcoeleonorae.gr/en/,243575,Paximada,Mediterranean,Greece,Crete Islands (Dionysades),35.37739423,26.17416792,0.285477509,None
1894,2870,Black Rat,Rattus rattus,Rodent,null,Satisfactory,2016,2017,To Be Confirmed,Whole Island,Toxicant,NA,NA,Bait Station,NA,Difenacoum,Brodifacoum,null,null,null,239688,Linosa,Mediterranean,Italy,Sicilian Islands (Pelagie Islands),35.86543979,12.8679632,5.604782325,101 - 1000
1329,2146,Black Rat,Rattus rattus,Rodent,500,Good,2009,2009,Successful,Whole Island,Trapping,Toxicant,NA,Bait Station,NA,Brodifacoum,NA,null,null,null,240597,Zembrettina,Mediterranean,Tunisia,Zembra Archipelago,37.10631307,10.8706948,0.004872295,None
1345,2181,Black Rat,Rattus rattus,Rodent,null,Good,2009,2009,Successful,Whole Island,Toxicant,NA,NA,Bait Station,NA,Brodifacoum,NA,null,null,null,240595,Zembretta,Mediterranean,Tunisia,Zembra Archipelago,37.10638927,10.87463778,0.066019738,None
181,223,Brown / Norway Rat,Rattus norvegicus,Rodent,null,Satisfactory,2006,2009,Successful,Whole Island,Toxicant,NA,NA,Bait Station,NA,Unknown,NA,null,null,null,239823,Isola delle Femmine,Mediterranean,Italy,Sicilian Islands,38.21012614,13.2359258,0.137266791,None
704,913,Black Rat,Rattus rattus,Rodent,2003,Good,2006,2007,Successful,Whole Island,Trapping,NA,NA,NA,NA,NA,NA,null,null,null,464201,Feno Islet (Mina),Atlantic Ocean - North,Portugal,Azores Islands (Central Group),38.64919032,-27.07368888,0.020425955,None
1803,2745,Black Rat,Rattus rattus,Rodent,null,Satisfactory,2008,2008,Failed,Unknown,Toxicant,NA,NA,Bait Station,NA,Unknown,Unknown,null,null,null,235942,Espalmador,Mediterranean,Spain,Balearic Islands (Fomentera Group),38.78603441,1.42473033,1.450794039,1-Oct
2139,3195,Woodmouse,Apodemus sylvaticus,Rodent,null,Satisfactory,2008,2008,Failed,Unknown,Toxicant,NA,NA,Bait Station,NA,Unknown,Unknown,McMinn M.,null,null,235942,Espalmador,Mediterranean,Spain,Balearic Islands (Fomentera Group),38.78603441,1.42473033,1.450794039,1-Oct
1795,2742,Black Rat,Rattus rattus,Rodent,null,Poor,1999,1999,Trial or Research only,Unknown,Toxicant,NA,NA,Bait Station,NA,Chlorophacinone,NA,null,null,null,235953,Vedrá,Mediterranean,Spain,Balearic Islands (Ibiza Group),38.86687297,1.1974562,0.61633884,None
1796,2743,Black Rat,Rattus rattus,Rodent,null,Poor,1999,1999,Trial or Research only,Unknown,Toxicant,NA,NA,Bait Station,NA,Chlorophacinone,NA,null,null,null,235952,Vedranell,Mediterranean,Spain,Balearic Islands (Ibiza Group),38.86832562,1.21166264,0.167325422,None
1797,2744,Black Rat,Rattus rattus,Rodent,null,Satisfactory,2008,2008,Successful,Whole Island,Toxicant,NA,NA,Bait Station,NA,Unknown,Unknown,null,null,null,236245,Bosc,Mediterranean,Spain,Balearic Islands (Ibiza Group),38.96898284,1.21695843,0.174594375,None
1814,2757,Black Rat,Rattus rattus,Rodent,null,Satisfactory,null,1999,Successful,Whole Island,Toxicant,NA,NA,Unknown,Unknown,Unknown,Unknown,null,null,null,235945,Conillis (Conillera),Mediterranean,Spain,Balearic Islands (Ibiza Group),38.9852825,1.21197903,1.067899856,None
2144,3200,Black Rat,Rattus rattus,Rodent,null,Satisfactory,null,null,Planned,Whole Island,Unknown,Unknown,Unknown,Unknown,Unknown,Unknown,Unknown,McMinn M.,null,null,235965,Tagomago,Mediterranean,Spain,Balearic Islands (Ibiza Group),39.03650039,1.64393908,0.604953383,11 - 100
894,1154,Black Rat,Rattus rattus,Rodent,null,Satisfactory,2005,2005,Successful,Whole Island,Toxicant,NA,NA,Bait Station,NA,Brodifacoum,NA,Unknown,Unknown,Unknown,237512,Polemika,Mediterranean,Greece,Lagofitonisia,39.10145506,24.10022045,0.092149406,None
161,201,Black Rat,Rattus rattus,Rodent,null,Good,2005,2005,Successful,Whole Island,Toxicant,NA,NA,Bait Station,NA,Brodifacoum,NA,null,null,null,237607,Kasidis,Mediterranean,Greece,Lagofitonisia,39.10632273,24.09189981,0.002887697,None
1414,2289,Unspecified Rodent,Rodentia spp.,Rodent,null,Poor,null,null,Successful,Whole Island,Unknown,Unknown,Unknown,Unknown,Unknown,Unknown,Unknown,null,null,null,236375,Estell de Fora,Mediterranean,Spain,Balearic Islands (Cabrera Group),39.12093792,2.94012777,0.001648751,None
1419,2295,Unspecified Rodent,Rodentia spp.,Rodent,null,Poor,null,null,Successful,Whole Island,Unknown,Unknown,Unknown,Unknown,Unknown,Unknown,Unknown,null,null,null,236374,Estell des Coll,Mediterranean,Spain,Balearic Islands (Cabrera Group),39.12200367,2.93617003,0.004794312,None
1805,2747,Black Rat,Rattus rattus,Rodent,null,Satisfactory,2006,2008,Successful,Whole Island,Toxicant,NA,NA,Hand Broadcast,NA,Bromadiolone,NA,McMinn M.,null,null,236369,Estell Xapat,Mediterranean,Spain,Balearic Islands (Cabrera Group),39.12526414,2.93953539,0.01222046,None
1411,2285,Black Rat,Rattus rattus,Rodent,null,Satisfactory,2006,2008,Successful,Whole Island,Toxicant,NA,NA,Hand Broadcast,Bait Station,Bromadiolone,NA,null,null,null,236134,Imperial,Mediterranean,Spain,Balearic Islands (Cabrera Group),39.12548191,2.95905404,0.027658198,None
1417,2293,Black Rat,Rattus rattus,Rodent,null,Satisfactory,2006,2008,Successful,Whole Island,Toxicant,NA,NA,Hand Broadcast,NA,Bromadiolone,NA,null,null,null,236376,Esclata-sang,Mediterranean,Spain,Balearic Islands (Cabrera Group),39.1257243,2.94315685,0.007273517,None
1418,2294,Black Rat,Rattus rattus,Rodent,null,Satisfactory,2006,2008,Successful (Reinvaded),Whole Island,Toxicant,NA,NA,Bait Station,Hand Broadcast,Bromadiolone,NA,null,null,null,236371,Rates,Mediterranean,Spain,Balearic Islands (Cabrera Group),39.13268704,2.92313107,0.003590359,None
2142,3198,Black Rat,Rattus rattus,Rodent,null,Satisfactory,2009,2010,Successful,Whole Island,Toxicant,NA,NA,Unknown,Unknown,Unknown,Unknown,McMinn M.,null,null,236371,Rates,Mediterranean,Spain,Balearic Islands (Cabrera Group),39.13268704,2.92313107,0.003590359,None
1415,2290,Unspecified Rodent,Rodentia spp.,Rodent,null,Poor,null,null,Successful,Whole Island,Unknown,Unknown,Unknown,Unknown,Unknown,Unknown,Unknown,McMinn M.,null,null,236372,Ses Bledes,Mediterranean,Spain,Balearic Islands (Cabrera Group),39.13843323,2.96177547,0.00593703,None
1395,3188,Black Rat,Rattus rattus,Rodent,null,Poor,null,null,Successful,Whole Island,Unknown,Unknown,Unknown,Unknown,Unknown,Unknown,Unknown,McMinn M.,null,null,235930,Cabrera Gran,Mediterranean,Spain,Balearic Islands (Cabrera Group),39.14509784,2.9435009,12.03367126,11 - 100
1396,3189,House Mouse,Mus musculus,Rodent,null,Poor,null,null,Successful,Whole Island,Unknown,Unknown,Unknown,Unknown,Unknown,Unknown,Unknown,McMinn M.,null,null,235930,Cabrera Gran,Mediterranean,Spain,Balearic Islands (Cabrera Group),39.14509784,2.9435009,12.03367126,11 - 100
1413,2288,Black Rat,Rattus rattus,Rodent,null,Satisfactory,2006,2008,Successful,Whole Island,Toxicant,NA,NA,Bait Station,NA,Bromadiolone,NA,McMinn M.,null,null,236373,Fonoll,Mediterranean,Spain,Balearic Islands (Cabrera Group),39.14828851,2.96372256,0.003890054,None
1412,2286,Black Rat,Rattus rattus,Rodent,null,Satisfactory,2006,2008,Successful,Whole Island,Toxicant,NA,NA,Bait Station,Hand Broadcast,Bromadiolone,NA,McMinn M.,null,null,236012,Redona,Mediterranean,Spain,Balearic Islands (Cabrera Group),39.1680677,2.97639342,0.117055945,None
1804,2746,Black Rat,Rattus rattus,Rodent,null,Satisfactory,2006,2007,Successful,Whole Island,Toxicant,NA,NA,Hand Broadcast,NA,Bromadiolone,NA,McMinn M.,null,null,235941,Conills (Conillera),Mediterranean,Spain,Balearic Islands (Cabrera Group),39.18349561,2.96416321,1.412355699,None
1876,2901,Black Rat,Rattus rattus,Rodent,null,Satisfactory,1999,1999,Successful (Reinvaded),Whole Island,Toxicant,NA,NA,Unknown,Unknown,Unknown,Unknown,null,null,null,235941,Conills (Conillera),Mediterranean,Spain,Balearic Islands (Cabrera Group),39.18349561,2.96416321,1.412355699,None
1815,2758,Unspecified Rodent,Rodentia spp.,Rodent,null,Poor,null,null,Successful,Whole Island,Unknown,Unknown,Unknown,Unknown,Unknown,Unknown,Unknown,McMinn M.,null,null,236368,Esponja,Mediterranean,Spain,Balearic Islands (Cabrera Group),39.19505862,2.965439952,0.003761243,None
1421,2298,Unspecified Rodent,Rodentia spp.,Rodent,null,Poor,null,null,Successful,Whole Island,Unknown,Unknown,Unknown,Unknown,Unknown,Unknown,Unknown,null,null,null,236242,Illot Pla,Mediterranean,Spain,Balearic Islands (Cabrera Group) Balearic Islands (Cabrera Group),39.20228784,2.97655605,0.006282735,None
1416,2292,Unspecified Rodent,Rodentia spp.,Rodent,null,Poor,null,null,Successful,Whole Island,Unknown,Unknown,Unknown,Unknown,Unknown,Unknown,Unknown,null,null,null,236224,Illot de Na Foradada,Mediterranean,Spain,Balearic Islands (Cabrera Group),39.20489429,2.97920909,0.002957979,None
822,1058,Black Rat,Rattus rattus,Rodent,null,Satisfactory,2006,2006,Successful,Whole Island,Toxicant,NA,NA,Bait Station,NA,Brodifacoum,NA,null,null,null,110000602,Kastronisia - 1,Mediterranean,Greece,Sporades Islands,39.21167242,23.46181345,0.008036576,None
857,1114,Brown / Norway Rat,Rattus norvegicus,Rodent,null,Satisfactory,2006,2006,Successful,Whole Island,Toxicant,NA,NA,Bait Station,NA,Brodifacoum,NA,null,null,null,110000602,Kastronisia - 1,Mediterranean,Greece,Sporades Islands,39.21167242,23.46181345,0.008036576,None
162,202,Black Rat,Rattus rattus,Rodent,null,Satisfactory,2006,2006,Successful,Whole Island,Toxicant,NA,NA,Bait Station,NA,Brodifacoum,NA,null,null,null,243378,Kastronisia - 2,Mediterranean,Greece,Sporades Islands,39.2135604,23.4618503,0.010681126,None
163,204,Brown / Norway Rat,Rattus norvegicus,Rodent,null,Satisfactory,2006,2006,Successful,Whole Island,Toxicant,NA,NA,Bait Station,NA,Brodifacoum,NA,null,null,null,243378,Kastronisia - 2,Mediterranean,Greece,Sporades Islands,39.2135604,23.4618503,0.010681126,None
1958,3024,Black Rat,Rattus rattus,Rodent,null,Good,2016,2016,Successful,Whole Island,Toxicant,Unknown,Unknown,Bait Station,Unknown,Brodifacoum,NA,null,null,null,240442,Berlenga Grande,Atlantic Ocean - North,Portugal,Berlengas Islands,39.41517529,-9.50999848,0.832565317,11 - 100
1793,2739,Black Rat,Rattus rattus,Rodent,null,Satisfactory,2007,2009,Successful,Whole Island,Toxicant,NA,NA,Hand Broadcast,NA,Bromadiolone,NA,null,null,null,236005,Malgrat gran,Mediterranean,Spain,Balearic Islands (Mallorca Group),39.49819358,2.45062981,0.081653296,None
1794,2740,Black Rat,Rattus rattus,Rodent,null,Satisfactory,2007,2009,Successful,Whole Island,Toxicant,NA,NA,Hand Broadcast,NA,Bromadiolone,NA,null,null,null,236227,Malgrat petit,Mediterranean,Spain,Balearic Islands (Mallorca Group),39.50237199,2.45579876,0.010770954,None
1334,2153,Black Rat,Rattus rattus,Rodent,null,Good,2011,2011,Successful,Whole Island,Toxicant,NA,NA,Aerial Broadcast,Hand Broadcast,Brodifacoum,NA,null,null,null,235938,Dragonera,Mediterranean,Spain,Balearic Islands (Mallorca Group),39.5843818,2.319859,2.732221434,None
1364,2204,House Mouse,Mus musculus,Rodent,null,Good,2011,2011,Successful,Whole Island,Toxicant,NA,NA,Aerial Broadcast,NA,Brodifacoum,NA,McMinn M.,null,null,235938,Dragonera,Mediterranean,Spain,Balearic Islands (Mallorca Group),39.5843818,2.319859,2.732221434,None
1806,2748,Black Rat,Rattus rattus,Rodent,null,Poor,1999,1999,Trial or Research only,Unknown,Toxicant,NA,NA,Bait Station,NA,Chlorophacinone,NA,null,null,null,235958,Colom,Mediterranean,Spain,Balearic Islands (Menorca Group),39.96053247,4.2777272,0.609779603,Unknown
1897,2873,Black Rat,Rattus rattus,Rodent,null,Satisfactory,null,2018,To Be Confirmed,Whole Island,Toxicant,NA,NA,Bait Station,NA,Brodifacoum,NA,null,null,null,239708,Ventotene,Mediterranean,Italy,Pontine Islands,40.79314465,13.42433655,1.358536421,101 - 1000
1367,2208,Black Rat,Rattus rattus,Rodent,null,Satisfactory,2009,2010,Successful (Reinvaded),Whole Island,Toxicant,NA,NA,Bait Station,NA,Brodifacoum,NA,Sposimo; Paolo,null,null,240087,Proratora,Mediterranean,Italy,Sardinian Islands,40.8464801,9.723123782,0.043664838,None
1732,2656,House Mouse,Mus musculus,Rodent,null,Satisfactory,2009,2010,Incomplete,Whole Island,Toxicant,NA,NA,Hand Broadcast,NA,Brodifacoum,NA,null,null,null,240087,Proratora,Mediterranean,Italy,Sardinian Islands,40.8464801,9.723123782,0.043664838,None
2158,3221,Black Rat,Rattus rattus,Rodent,null,Satisfactory,null,2008,Successful,Whole Island,Toxicant,NA,NA,Bait Station,NA,Brodifacoum,NA,null,null,null,240087,Proratora,Mediterranean,Italy,Sardinian Islands,40.8464801,9.723123782,0.043664838,None
299,388,Black Rat,Rattus rattus,Rodent,null,Good,2008,2008,Successful (Reinvaded),Whole Island,Toxicant,NA,NA,Aerial Broadcast,NA,Brodifacoum,NA,Sposimo; Paolo,null,null,239703,Molara,Mediterranean,Italy,Sardinian Islands,40.86870561,9.72760314,3.477322007,1-Oct
1908,2885,House Mouse,Mus musculus,Rodent,null,Satisfactory,2010,2010,Incomplete,Whole Island,Toxicant,Unknown,Unknown,Unknown,Unknown,Unknown,Unknown,null,null,null,240069,Reulino (Rosso),Mediterranean,Italy,Sardinian Islands,40.87771873,9.67156194,0.021137231,None
1366,2206,Black Rat,Rattus rattus,Rodent,null,Satisfactory,2009,2010,Successful,Whole Island,Toxicant,NA,NA,Bait Station,NA,Brodifacoum,NA,Sposimo; Paolo,null,null,240091,Cavalli,Mediterranean,Italy,Sardinian Islands,40.88545601,9.64029431,0.025908736,None
1733,2657,House Mouse,Mus musculus,Rodent,null,Satisfactory,2009,2010,Incomplete,Whole Island,Toxicant,NA,NA,Bait Station,NA,Brodifacoum,NA,null,null,null,240091,Cavalli,Mediterranean,Italy,Sardinian Islands,40.88545601,9.64029431,0.025908736,None
1893,2869,Black Rat,Rattus rattus,Rodent,null,Satisfactory,2012,2012,Successful,Incursion Response,Toxicant,Unknown,Unknown,Unknown,Unknown,Unknown,Unknown,null,null,null,240091,Cavalli,Mediterranean,Italy,Sardinian Islands,40.88545601,9.64029431,0.025908736,None
1368,2210,Black Rat,Rattus rattus,Rodent,null,Good,2009,2010,Successful,Whole Island,Toxicant,NA,NA,Bait Station,NA,Brodifacoum,NA,Sposimo; Paolo,null,null,240072,Piana,Mediterranean,Italy,Sardinian Islands,40.8881109,9.65101208,0.140216565,None
1734,2658,House Mouse,Mus musculus,Rodent,null,Satisfactory,2009,2010,Incomplete,Whole Island,Toxicant,NA,NA,Hand Broadcast,NA,Brodifacoum,NA,null,null,null,240072,Piana,Mediterranean,Italy,Sardinian Islands,40.8881109,9.65101208,0.140216565,None
939,3202,House Mouse,Mus musculus,Rodent,null,Good,2017,2017,Successful,Whole Island,Toxicant,NA,NA,Aerial Broadcast,Hand Broadcast,Brodifacoum,NA,null,null,null,239683,Tavolara,Mediterranean,Italy,Sardinian Islands,40.90549087,9.7125437,5.924218601,11 - 100
1895,2871,Black Rat,Rattus rattus,Rodent,null,Good,2017,2017,Successful,Whole Island,Toxicant,Trapping,NA,Aerial Broadcast,Hand Broadcast,Brodifacoum,NA,null,null,null,239683,Tavolara,Mediterranean,Italy,Sardinian Islands,40.90549087,9.7125437,5.924218601,11 - 100
1896,2872,Black Rat,Rattus rattus,Rodent,null,Satisfactory,null,2018,To Be Confirmed,Whole Island,Toxicant,NA,NA,Bait Station,NA,Brodifacoum,NA,null,null,null,239707,Palmarola,Mediterranean,Italy,Pontine Islands,40.93667554,12.85717333,1.199793249,11 - 100
300,389,Black Rat,Rattus rattus,Rodent,null,Satisfactory,2007,2007,Successful,Whole Island,Toxicant,NA,NA,Bait Station,NA,Brodifacoum,NA,null,null,null,239719,Zannone,Mediterranean,Italy,Pontine Islands,40.96868508,13.05487082,1.057376391,1-Oct
1319,2134,Black Rat,Rattus rattus,Rodent,null,Good,2000,2000,Successful,Whole Island,Trapping,Toxicant,NA,Bait Station,NA,Bromadiolone,NA,Lorvelec; O.,Equipe Gestion des Populations Invasives; INRA; Station SCRIBE; Campus de Beaulieu,null,88888124,Lavezzu Islets - 18 total,Mediterranean,France,Lavezzi Archipelago,41.33789,9.24453,0.007814168,None
189,231,Black Rat,Rattus rattus,Rodent,1400,Good,2000,2000,Successful,Whole Island,Trapping,Toxicant,NA,Bait Station,NA,Bromadiolone,NA,Lorvelec; O.,Equipe Gestion des Populations Invasives; INRA; Station SCRIBE; Campus de Beaulieu,null,236500,Lavezzu,Mediterranean,France,Lavezzi Archipelago,41.34056962,9.25586421,0.64713025,None
208,261,Black Rat,Rattus rattus,Rodent,null,Poor,1990,1991,Successful,Whole Island,Toxicant,NA,NA,Hand Broadcast,NA,Unknown,NA,Thibault; Jean-Claude,null,null,236425,Toro,Mediterranean,France,Corsican Islands (Cerbicale Islands),41.50799769,9.37998942,0.011683548,None
1125,1789,Black Rat,Rattus rattus,Rodent,null,Poor,null,1991,Successful,Whole Island,Toxicant,Trapping,NA,Bait Station,NA,Coumatetralyl,NA,null,null,null,236533,Toro Piccolo,Mediterranean,France,Corsican Islands (Cerbicale Islands),41.50918354,9.3815918,0.020431062,None
171,214,Black Rat,Rattus rattus,Rodent,null,Satisfactory,2001,2001,Successful,Whole Island,Trapping,Toxicant,NA,Bait Station,NA,Bromadiolone,NA,Lorvelec; O.,Equipe Gestion des Populations Invasives; INRA; Station SCRIBE; Campus de Beaulieu,null,464225,Folaca,Mediterranean,France,Corsican Islands,41.54840143,9.31497223,0.016399811,None
823,1059,Black Rat,Rattus rattus,Rodent,null,Poor,null,2001,Incomplete,Whole Island,Toxicant,Trapping,NA,Hand Broadcast,NA,Bromadiolone,NA,Lorvelec; O.,Equipe Gestion des Populations Invasives; INRA; Station SCRIBE; Campus de Beaulieu,null,88888125,Folachedda,Mediterranean,France,Corsican Islands (Cerbicale Islands),41.55054134,9.31589,0.00218095,None
1104,1744,Black Rat,Rattus rattus,Rodent,null,Poor,null,1991,Successful,Whole Island,Toxicant,Trapping,NA,Bait Station,NA,Coumatetralyl,NA,null,null,null,236401,3 islets,Mediterranean,France,Corsican Islands (Cerbicale Islands),41.55548763,9.366370879,0.023980637,None
1673,2586,Black Rat,Rattus rattus,Rodent,null,Good,2017,2017,To Be Confirmed,Whole Island,Toxicant,Unknown,Unknown,Bait Station,Unknown,Brodifacoum,Bromadiolone,null,null,null,239763,Pianosa,Mediterranean,Italy,Tuscan Islands,42.22502273,15.74741661,0.120402635,11 - 100
261,341,Black Rat,Rattus rattus,Rodent,null,Satisfactory,2005,2006,Successful,Whole Island,Toxicant,NA,NA,Bait Station,NA,Brodifacoum,NA,null,null,null,239705,Giannutri,Mediterranean,Italy,Tuscan Islands,42.25079084,11.10430845,2.395232594,11 - 100
1311,2124,Black Rat,Rattus rattus,Rodent,null,Good,2012,2012,Successful,Whole Island,Toxicant,NA,NA,Aerial Broadcast,NA,Brodifacoum,NA,Sposimo; Paolo,null,null,239664,Montecristo,Mediterranean,Italy,Tuscan Islands,42.33229226,10.30908051,10.49815725,1-Oct
217,272,Black Rat,Rattus rattus,Rodent,null,Satisfactory,null,1999,Successful (Reinvaded),Whole Island,Toxicant,NA,NA,Bait Station,NA,Bromadiolone,Brodifacoum,null,null,null,239853,Isolotto di Porto Ercole,Mediterranean,Italy,Tuscan Islands,42.38095495,11.2112332,0.060140742,None
220,275,Black Rat,Rattus rattus,Rodent,null,Satisfactory,2000,2001,Successful (Reinvaded),Whole Island,Toxicant,NA,NA,Bait Station,NA,Bromadiolone,Brodifacoum,null,null,null,240134,La Scola,Mediterranean,Italy,Tuscan Islands,42.58379163,10.1062938,0.015112669,None
807,2808,Black Rat,Rattus rattus,Rodent,2005,Satisfactory,null,2005,Successful,Incursion Response,Toxicant,NA,NA,Unknown,Unknown,Unknown,Unknown,Sposimo; Paolo,null,null,240134,La Scola,Mediterranean,Italy,Tuscan Islands,42.58379163,10.1062938,0.015112669,None
911,2809,Black Rat,Rattus rattus,Rodent,2009,Satisfactory,null,2009,Successful,Incursion Response,Unknown,Unknown,Unknown,Unknown,Unknown,Unknown,Unknown,Sposimo; Paolo,null,null,240134,La Scola,Mediterranean,Italy,Tuscan Islands,42.58379163,10.1062938,0.015112669,None
912,2810,Black Rat,Rattus rattus,Rodent,2011,Satisfactory,null,2011,Successful,Incursion Response,Unknown,Unknown,Unknown,Unknown,Unknown,Unknown,Unknown,Sposimo; Paolo,null,null,240134,La Scola,Mediterranean,Italy,Tuscan Islands,42.58379163,10.1062938,0.015112669,None
657,851,Black Rat,Rattus rattus,Rodent,null,Satisfactory,null,1999,Successful (Reinvaded),Whole Island,Toxicant,NA,NA,Bait Station,NA,Bromadiolone,Brodifacoum,null,null,null,240097,Gemini Alta,Mediterranean,Italy,Tuscan Islands,42.71734238,10.37283916,0.011888401,None
658,852,Black Rat,Rattus rattus,Rodent,null,Satisfactory,null,1999,Successful (Reinvaded),Whole Island,Toxicant,NA,NA,Bait Station,NA,Bromadiolone,Brodifacoum,null,null,null,240098,Gemini Bassa,Mediterranean,Italy,Tuscan Islands,42.71849469,10.37428876,0.013181624,None
1922,2923,Black Rat,Rattus rattus,Rodent,null,Satisfactory,null,1999,Successful,Whole Island,Toxicant,NA,NA,Bait Station,NA,Bromadiolone,Brodifacoum,null,null,null,249321,Palmaiola,Mediterranean,Italy,Tuscan Islands,42.86566825,10.47454057,0.081813582,None
216,270,Black Rat,Rattus rattus,Rodent,null,Satisfactory,null,1999,Successful (Reinvaded),Whole Island,Toxicant,NA,NA,Bait Station,NA,Bromadiolone,Brodifacoum,null,null,null,249510,Isola dei Topi,Mediterranean,Italy,Tuscan Islands,42.87080966,10.42352475,0.009270495,None
1774,2711,Black Rat,Rattus rattus,Rodent,null,Good,2011,2011,To Be Confirmed,Whole Island,Trapping,Toxicant,NA,Bait Station,NA,Bromadiolone,NA,null,null,null,242043,Bagaud,Mediterranean,France,Hyeres Islands,43.01229145,6.36323557,0.576119426,None
215,269,Black Rat,Rattus rattus,Rodent,null,Satisfactory,null,1999,Successful (Reinvaded),Whole Island,Toxicant,NA,NA,Bait Station,NA,Bromadiolone,Brodifacoum,null,null,null,245098,Peraiola,Mediterranean,Italy,Tuscan Islands,43.03189855,9.79696095,0.012116199,None
922,1187,Black Rat,Rattus rattus,Rodent,null,Satisfactory,null,1995,Failed,Whole Island,Toxicant,Unknown,Unknown,Unknown,Unknown,Unknown,Unknown,Unknown,Unknown,Unknown,246033,Grand Congloue,Mediterranean,France,Marseille Islands (Riou Archipelago),43.17597691,5.40131815,0.019865018,None
923,1188,Black Rat,Rattus rattus,Rodent,null,Satisfactory,1998,1998,Successful,Whole Island,Trapping,Toxicant,NA,Unknown,NA,Bromadiolone,NA,Unknown,Unknown,Unknown,246033,Grand Congloue,Mediterranean,France,Marseille Islands (Riou Archipelago),43.17597691,5.40131815,0.019865018,None
924,1189,Black Rat,Rattus rattus,Rodent,null,Satisfactory,2005,2005,Successful,Whole Island,Trapping,Toxicant,NA,Unknown,NA,Chlorophacinone,Bromadiolone,Unknown,Unknown,Unknown,246070,Petit Congloue,Mediterranean,France,Marseille Islands (Riou Archipelago),43.17895978,5.39611226,0.004341596,None
925,1190,Black Rat,Rattus rattus,Rodent,null,Satisfactory,1998,1999,Successful (Reinvaded),Whole Island,Trapping,Toxicant,NA,Unknown,NA,Bromadiolone,NA,Unknown,Unknown,Unknown,246070,Petit Congloue,Mediterranean,France,Marseille Islands (Riou Archipelago),43.17895978,5.39611226,0.004341596,None
131,154,Black Rat,Rattus rattus,Rodent,null,Good,null,2005,Successful,Whole Island,Trapping,Toxicant,NA,Hand Broadcast,NA,Chlorophacinone,Bromadiolone,null,null,null,242063,Plane (Caleseragne),Mediterranean,France,Marseille Islands (Riou Archipelago),43.18782186,5.38582425,0.151753954,None
1354,2191,Black Rat,Rattus rattus,Rodent,null,Good,null,2012,Successful,Whole Island,Trapping,Toxicant,NA,Bait Station,NA,Difenacoum,Bromadiolone,null,null,null,246048,Tiboulen de Maire,Mediterranean,France,Marseille Islands (Riou Archipelago),43.21405977,5.32678818,0.02402522,None
1168,1865,Brown / Norway Rat,Rattus norvegicus,Rodent,null,Good,2002,2002,Successful,Whole Island,Trapping,Toxicant,NA,Bait Station,NA,Bromadiolone,NA,null,null,null,241721,Chevaux,Atlantic Ocean - North,France,Houat-Hoëdic,47.35669969,-2.970718351,0.080683398,None
1432,2310,Brown / Norway Rat,Rattus norvegicus,Rodent,null,Poor,2018,null,Planned,Whole Island,Unknown,Unknown,Unknown,Unknown,Unknown,Unknown,Unknown,null,null,null,241734,Oeufs,Atlantic Ocean - North,France,Golfe du Morbihan,47.55768099,-2.7864083,0.004473587,1-Oct
1431,2309,Brown / Norway Rat,Rattus norvegicus,Rodent,null,Poor,2017,null,Planned,Whole Island,Unknown,Unknown,Unknown,Unknown,Unknown,Unknown,Unknown,null,null,null,241736,Huric,Atlantic Ocean - North,France,Golfe du Morbihan,47.56388744,-2.79239698,0.097428909,Unknown
1429,2307,Brown / Norway Rat,Rattus norvegicus,Rodent,null,Poor,2013,null,Planned,Whole Island,Unknown,Unknown,Unknown,Unknown,Unknown,Unknown,Unknown,null,null,null,241739,Ilur,Atlantic Ocean - North,France,Golfe du Morbihan,47.57355318,-2.79072193,0.419418461,Unknown
905,1171,Brown / Norway Rat,Rattus norvegicus,Rodent,1700,Good,2003,2003,Failed,Whole Island,Trapping,Toxicant,NA,Bait Station,NA,Bromadiolone,NA,Lorvelec; O.,Equipe Gestion des Populations Invasives; INRA; Station SCRIBE; Campus de Beaulieu,null,241478,Le Loc'h,Atlantic Ocean - North,France,Archipel de Glenan,47.70554754,-3.9965682,0.589400571,11 - 100
929,1196,Brown / Norway Rat,Rattus norvegicus,Rodent,null,Satisfactory,null,2005,Failed,Whole Island,Trapping,Toxicant,NA,Unknown,NA,Unknown,NA,Unknown,Unknown,Unknown,241604,Morts,Atlantic Ocean - North,France,Bay of Roscanvel,48.30309,-4.53721591,0.054602387,None
928,1195,Brown / Norway Rat,Rattus norvegicus,Rodent,null,Satisfactory,null,2005,Failed,Whole Island,Trapping,Toxicant,NA,Unknown,NA,Unknown,NA,Unknown,Unknown,Unknown,241700,Trébéron,Atlantic Ocean - North,France,null,48.30486275,-4.5303404,0.065727818,None
205,257,Brown / Norway Rat,Rattus norvegicus,Rodent,1908,Good,1996,1996,Successful,Whole Island,Trapping,Toxicant,NA,Bait Station,NA,Chlorophacinone,NA,Lorvelec; O.,Equipe Gestion des Populations Invasives; INRA; Station SCRIBE; Campus de Beaulieu,null,241496,Trielen,Atlantic Ocean - North,France,Molène Archipelago,48.37264584,-4.93825292,0.155685895,None
988,1257,Brown / Norway Rat,Rattus norvegicus,Rodent,null,Good,null,1996,Successful,Whole Island,Trapping,Toxicant,NA,Bait Station,NA,Chlorophacinone,NA,null,null,null,241716,Chretien,Atlantic Ocean - North,France,Molene Archipelago,48.37888199,-4.938677378,0.008998164,None
1900,2877,Black Rat,Rattus rattus,Rodent,null,Poor,2000,2000,Successful,Whole Island,Unknown,Unknown,Unknown,Unknown,Unknown,Unknown,Unknown,null,null,null,241659,Notre Dame,Atlantic Ocean - North,France,Saint Jouan des Guérets,48.62804236,-2.02681236,0.004827884,None
136,162,Black Rat,Rattus rattus,Rodent,null,Good,null,2004,Failed,Whole Island,Toxicant,Trapping,NA,Bait Station,NA,Unknown,NA,null,null,null,241517,Cézembre,Atlantic Ocean - North,France,null,48.67653629,-2.07172033,0.131458668,None
206,259,Brown / Norway Rat,Rattus norvegicus,Rodent,1700,Good,null,1994,Successful,Whole Island,Trapping,Toxicant,NA,Bait Station,NA,Chlorophacinone,NA,Lorvelec; O.,Equipe Gestion des Populations Invasives; INRA; Station SCRIBE; Campus de Beaulieu,null,246164,Chatellier,Atlantic Ocean - North,France,Rimains Islands,48.67913887,-1.83104883,0.031585954,None
221,278,Brown / Norway Rat,Rattus norvegicus,Rodent,1700,Good,null,1994,Successful (Reinvaded),Whole Island,Trapping,Toxicant,NA,Bait Station,NA,Chlorophacinone,NA,Lorvelec; O.,Equipe Gestion des Populations Invasives; INRA; Station SCRIBE; Campus de Beaulieu,null,246077,Rimains,Atlantic Ocean - North,France,Rimains Islands,48.68195642,-1.82675434,0.015147007,1-Oct
1899,2876,Black Rat,Rattus rattus,Rodent,null,Poor,1979,1979,Successful,Whole Island,Unknown,Unknown,Unknown,Unknown,Unknown,Unknown,Unknown,null,null,null,241964,Dames,Atlantic Ocean - North,France,Bay of Morlaix,48.68612618,-3.88400035,0.018083142,None
188,230,Brown / Norway Rat,Rattus norvegicus,Rodent,1700,Good,null,2000,Failed,Whole Island,Trapping,Toxicant,NA,Bait Station,NA,Chlorophacinone,NA,Lorvelec; O.,Equipe Gestion des Populations Invasives; INRA; Station SCRIBE; Campus de Beaulieu,null,241530,Saint-Riom,Atlantic Ocean - North,France,Saint-Riom Islands,48.79794092,-2.981828739,0.114783025,Unknown
858,1115,Brown / Norway Rat,Rattus norvegicus,Rodent,1700,Good,null,2000,Failed,Whole Island,Trapping,Toxicant,NA,Bait Station,NA,Chlorophacinone,NA,Lorvelec; O.,Equipe Gestion des Populations Invasives; INRA; Station SCRIBE; Campus de Beaulieu,null,241532,Saint-Riom (6 islets),Atlantic Ocean - North,France,Saint-Riom Islands,48.80517882,-2.9836496,0.004159731,None
190,233,Brown / Norway Rat,Rattus norvegicus,Rodent,null,Good,2002,2002,Successful,Whole Island,Trapping,Toxicant,NA,Bait Station,NA,Bromadiolone,NA,Lorvelec; O.,Equipe Gestion des Populations Invasives; INRA; Station SCRIBE; Campus de Beaulieu,null,241488,Tomé,Atlantic Ocean - North,France,Brittany,48.83668591,-3.40799924,0.355071373,None
199,247,Brown / Norway Rat,Rattus norvegicus,Rodent,1700,Good,1994,1994,Successful,Whole Island,Trapping,Toxicant,NA,Bait Station,NA,Bromadiolone,NA,Lorvelec; O.,Equipe Gestion des Populations Invasives; INRA; Station SCRIBE; Campus de Beaulieu,null,241494,Moines,Atlantic Ocean - North,France,Sept îles Archipelago,48.87863924,-3.491644497,0.094380401,None
1341,2175,Brown / Norway Rat,Rattus norvegicus,Rodent,null,Good,1994,1994,Successful,Whole Island,Trapping,Toxicant,NA,Bait Station,NA,Bromadiolone,NA,null,null,null,110000506,Les Mottes,Atlantic Ocean - North,France,Sept îles Archipelago,48.88034757,-3.487435821,0.002990379,None
204,256,Brown / Norway Rat,Rattus norvegicus,Rodent,1700,Good,1994,1994,Successful,Whole Island,Trapping,Toxicant,NA,Bait Station,NA,Bromadiolone,NA,Lorvelec; O.,Equipe Gestion des Populations Invasives; INRA; Station SCRIBE; Campus de Beaulieu,null,241495,Bono,Atlantic Ocean - North,France,Sept îles Archipelago,48.882881,-3.480987181,0.25553878,None
203,255,Brown / Norway Rat,Rattus norvegicus,Rodent,1700,Good,1994,1994,Successful,Whole Island,Trapping,Toxicant,NA,Bait Station,NA,Bromadiolone,NA,Lorvelec; O.,Equipe Gestion des Populations Invasives; INRA; Station SCRIBE; Campus de Beaulieu,null,241595,Plate,Atlantic Ocean - North,France,Sept îles Archipelago,48.88291191,-3.497948221,0.060458952,None
900,1164,Brown / Norway Rat,Rattus norvegicus,Rodent,1700,Good,1994,1994,Successful,Whole Island,Trapping,Toxicant,NA,Bait Station,NA,Bromadiolone,NA,Lorvelec; O.,Equipe Gestion des Populations Invasives; INRA; Station SCRIBE; Campus de Beaulieu,null,88888120,Rats,Atlantic Ocean - North,France,Sept îles Archipelago,48.88725737,-3.500302599,0.043521868,None
1447,2326,Brown / Norway Rat,Rattus norvegicus,Rodent,null,Satisfactory,null,1994,Successful,Whole Island,Trapping,Toxicant,NA,Bait Station,NA,Bromadiolone,NA,Lorvelec; O.,Equipe Gestion des Populations Invasives; INRA; Station SCRIBE; Campus de Beaulieu,null,241729,Malban,Atlantic Ocean - North,France,Sept îles Archipelago,48.89188715,-3.465167138,0.195372151,None
207,260,Brown / Norway Rat,Rattus norvegicus,Rodent,1900,Good,null,1951,Successful,Whole Island,Toxicant,NA,NA,Hand Broadcast,NA,Strychnine,NA,null,null,null,241817,Rouzic (Rougic),Atlantic Ocean - North,France,Sept îles Archipelago,48.89915691,-3.437560012,0.108435949,None
1372,2216,Brown / Norway Rat,Rattus norvegicus,Rodent,null,Good,2013,2014,Successful,Whole Island,Toxicant,NA,NA,Bait Station,NA,Bromadiolone,NA,Bell; Biz,National Trust; RSPB; English Nature; Wildlife Management International Limited,null,242222,Saint Agnes,Atlantic Ocean - North,United Kingdom,Isles of Scilly,49.89107422,-6.34430217,1.331080331,11 - 100
1373,2217,Brown / Norway Rat,Rattus norvegicus,Rodent,null,Good,2013,2014,Successful,Whole Island,Toxicant,NA,NA,Bait Station,NA,Bromadiolone,NA,Bell; Biz,National Trust; RSPB; English Nature; Wildlife Management International Limited,null,242261,Gugh,Atlantic Ocean - North,United Kingdom,Isles of Scilly,49.89373835,-6.33195332,0.424589427,1-Oct
1433,2311,Brown / Norway Rat,Rattus norvegicus,Rodent,null,Poor,null,2004,Successful,Incursion Response,Unknown,Unknown,Unknown,Unknown,Unknown,Unknown,Unknown,null,null,null,242264,Annet,Atlantic Ocean - North,United Kingdom,Isles of Scilly,49.89570146,-6.3720306,0.413286463,None
2161,3228,Brown / Norway Rat,Rattus norvegicus,Rodent,null,Satisfactory,null,2006,Successful,Whole Island,Toxicant,NA,Hunting ,Unknown,Unknown,Unknown,Unknown,null,null,null,242505,Looe,Atlantic Ocean - North,United Kingdom,English Channel,50.33696417,-4.450452876,0.089726,1-Oct
2162,3229,Brown / Norway Rat,Rattus norvegicus,Rodent,null,Poor,null,2009,Successful,Incursion Response,Unknown,Unknown,Unknown,Unknown,Unknown,Unknown,Unknown,null,null,null,242505,Looe,Atlantic Ocean - North,United Kingdom,English Channel,50.33696417,-4.450452876,0.089726,1-Oct
152,186,Black Rat,Rattus rattus,Rodent,null,Good,2002,2004,Successful,Whole Island,Toxicant,NA,NA,Bait Station,NA,Difenacoum,Bromadiolone,Bell; Biz,National Trust; RSPB; English Nature; Wildlife Management International Limited,null,242171,Lundy,Atlantic Ocean - North,United Kingdom,Bristol Channel,51.17794887,-4.66958038,4.315785295,11 - 100
191,235,Brown / Norway Rat,Rattus norvegicus,Rodent,null,Good,2002,2004,Successful,Whole Island,Toxicant,NA,NA,Bait Station,NA,Difenacoum,Bromadiolone,Bell; Biz,National Trust; RSPB; English Nature; Wildlife Management International Limited,null,242171,Lundy,Atlantic Ocean - North,United Kingdom,Bristol Channel,51.17794887,-4.66958038,4.315785295,11 - 100
2098,3225,Brown / Norway Rat,Rattus norvegicus,Rodent,null,Satisfactory,null,1985,Successful,Whole Island,Toxicant,NA,NA,Bait Station,NA,Unknown,Unknown,null,null,null,242269,Flat Holm,Atlantic Ocean - North,United Kingdom,Bristol Channel,51.37748955,-3.12086531,0.348819,1-Oct
2164,3231,Brown / Norway Rat,Rattus norvegicus,Rodent,null,Satisfactory,null,2016,In Progress,Whole Island,Toxicant,NA,NA,Unknown,Unknown,Unknown,Unknown,null,null,null,242216,Caldey,Atlantic Ocean - North,United Kingdom,Bristol Channel,51.636918,-4.690882,1.853144,11 - 100
1660,2947,Brown / Norway Rat,Rattus norvegicus,Rodent,null,Good,2003,2005,Trial or Research only,Whole Island,Toxicant,NA,NA,Bait Station,Hand Broadcast,Diphacinone,NA,null,null,null,159997,Adak,Pacific Ocean - North East,United States,Aleutian Islands,51.78900503,-176.6949862,713.1271567,101 - 1000
1183,1893,Brown / Norway Rat,Rattus norvegicus,Rodent,null,Good,2003,2004,Trial or Research only,Whole Island,Toxicant,NA,NA,Bait Station,NA,Diphacinone,NA,AMNWR,Alaska Maritime National Wildlife Refuge,http://alaskamaritime.fws.gov,160725,Ina,Pacific Ocean - North East,United States,Aleutian Islands (Adak Island (Bay of Islands)),51.79897735,-176.7559322,0.037868029,None
315,407,Brown / Norway Rat,Rattus norvegicus,Rodent,1780,Good,2008,2008,Successful,Whole Island,Toxicant,NA,NA,Aerial Broadcast,Hand Broadcast,Brodifacoum,NA,Island Conservation,Island Conservation,www.islandconservation.org,100878,Hawadax,Pacific Ocean - North West,United States,Aleutian Islands,51.80061592,178.300665,27.22355835,None
2040,3098,Brown / Norway Rat,Rattus norvegicus,Rodent,null,Good,2004,2004,Trial or Research only,Whole Island,Toxicant,NA,NA,Bait Station,NA,Diphacinone,NA,AMNWR,Alaska Maritime National Wildlife Refuge,http://alaskamaritime.fws.gov,163797,Duh,Pacific Ocean - North East,United States,Aleutian Islands (Adak Island (Bay of Islands)),51.80256065,-176.7584939,0.00121559,None
2039,3097,Brown / Norway Rat,Rattus norvegicus,Rodent,null,Good,2004,2004,Trial or Research only,Whole Island,Toxicant,NA,NA,Bait Station,NA,Diphacinone,NA,AMNWR,Alaska Maritime National Wildlife Refuge,http://alaskamaritime.fws.gov,163798,Aureola,Pacific Ocean - North East,United States,Aleutian Islands (Adak Island (Bay of Islands)),51.80279098,-176.7597608,0.005662476,None
2037,3095,Brown / Norway Rat,Rattus norvegicus,Rodent,null,Good,2004,2004,Trial or Research only,Whole Island,Toxicant,NA,NA,Bait Station,NA,Diphacinone,NA,AMNWR,Alaska Maritime National Wildlife Refuge,http://alaskamaritime.fws.gov,160680,Black,Pacific Ocean - North East,United States,Aleutian Islands (Adak Island (Bay of Islands)),51.80693471,-176.8172691,0.008187788,None
2038,3096,Brown / Norway Rat,Rattus norvegicus,Rodent,null,Good,2004,2004,Trial or Research only,Whole Island,Toxicant,NA,NA,Bait Station,NA,Diphacinone,NA,AMNWR,Alaska Maritime National Wildlife Refuge,http://alaskamaritime.fws.gov,160681,Sweet,Pacific Ocean - North East,United States,Aleutian Islands (Adak Island (Bay of Islands)),51.80745812,-176.8235747,0.000810245,None
1166,3094,Brown / Norway Rat,Rattus norvegicus,Rodent,null,Good,2004,2004,Trial or Research only,Whole Island,Toxicant,NA,NA,Bait Station,NA,Diphacinone,NA,AMNWR,Alaska Maritime National Wildlife Refuge,http://alaskamaritime.fws.gov,163759,Camouflage,Pacific Ocean - North East,United States,Aleutian Islands (Adak Island (Bay of Islands)),51.80812556,-176.8298438,0.026786899,None
1167,1863,Brown / Norway Rat,Rattus norvegicus,Rodent,null,Good,2003,2004,Trial or Research only,Whole Island,Toxicant,NA,NA,Bait Station,NA,Diphacinone,NA,AMNWR,Alaska Maritime National Wildlife Refuge,http://alaskamaritime.fws.gov,163663,Cormorant,Pacific Ocean - North East,United States,Aleutian Islands (Adak Island (Bay of Islands)),51.81025253,-176.8091166,0.024837787,None
2123,3146,Brown / Norway Rat,Rattus norvegicus,Rodent,null,Good,2004,2004,Trial or Research only,Whole Island,Toxicant,NA,NA,Bait Station,NA,Diphacinone,NA,AMNWR,Alaska Maritime National Wildlife Refuge,http://alaskamaritime.fws.gov,163703,Channel 4,Pacific Ocean - North East,United States,Aleutian Islands (Adak Island (Bay of Islands-Channel Islands Group)),51.8111058,-176.8189221,0.003743804,None
2122,3145,Brown / Norway Rat,Rattus norvegicus,Rodent,null,Good,2004,2004,Trial or Research only,Whole Island,Toxicant,NA,NA,Bait Station,NA,Diphacinone,NA,AMNWR,Alaska Maritime National Wildlife Refuge,http://alaskamaritime.fws.gov,110000411,Channel 1,Pacific Ocean - North East,United States,Aleutian Islands (Adak Island (Bay of Islands-Channel Islands Group)),51.81273212,-176.8151918,0.004029297,None
1155,1850,Brown / Norway Rat,Rattus norvegicus,Rodent,null,Good,2003,2004,Trial or Research only,Whole Island,Toxicant,NA,NA,Bait Station,NA,Diphacinone,NA,AMNWR,Alaska Maritime National Wildlife Refuge,http://alaskamaritime.fws.gov,163456,Green,Pacific Ocean - North East,United States,Aleutian Islands (Adak Island (Bay of Islands)),51.81316092,-176.8353723,0.169126831,None
2041,3099,Brown / Norway Rat,Rattus norvegicus,Rodent,null,Good,2004,2004,Trial or Research only,Whole Island,Toxicant,NA,NA,Bait Station,NA,Diphacinone,NA,AMNWR,Alaska Maritime National Wildlife Refuge,http://alaskamaritime.fws.gov,110000404,Earl,Pacific Ocean - North East,United States,Aleutian Islands (Adak Island (Bay of Islands)),51.81436043,-176.7796994,0.062006285,None
1165,3093,Brown / Norway Rat,Rattus norvegicus,Rodent,null,Good,2004,2004,Trial or Research only,Whole Island,Toxicant,NA,NA,Bait Station,NA,Diphacinone,NA,AMNWR,Alaska Maritime National Wildlife Refuge,http://alaskamaritime.fws.gov,163705,North-Western Chain,Pacific Ocean - North East,United States,Aleutian Islands (Adak Island (Bay of Islands-Channel Islands Group)),51.81462733,-176.8239477,0.033310341,None
2042,3100,Brown / Norway Rat,Rattus norvegicus,Rodent,null,Good,2004,2004,Trial or Research only,Whole Island,Toxicant,NA,NA,Bait Station,NA,Diphacinone,NA,AMNWR,Alaska Maritime National Wildlife Refuge,http://alaskamaritime.fws.gov,110000406,Bubba,Pacific Ocean - North East,United States,Aleutian Islands (Adak Island (Bay of Islands)),51.81921807,-176.7799829,0.001655857,None
1159,1856,Brown / Norway Rat,Rattus norvegicus,Rodent,null,Good,2003,2004,Trial or Research only,Whole Island,Toxicant,NA,NA,Bait Station,NA,Diphacinone,NA,AMNWR,Alaska Maritime National Wildlife Refuge,http://alaskamaritime.fws.gov,163538,South,Pacific Ocean - North East,United States,Aleutian Islands (Adak Island (Bay of Islands)),51.82092992,-176.8006095,0.089110516,None
2043,3101,Brown / Norway Rat,Rattus norvegicus,Rodent,null,Good,2004,2004,Trial or Research only,Whole Island,Toxicant,NA,NA,Bait Station,NA,Diphacinone,NA,AMNWR,Alaska Maritime National Wildlife Refuge,http://alaskamaritime.fws.gov,163540,North Rocks,Pacific Ocean - North East,United States,Aleutian Islands (Adak Island (Bay of Islands)),51.82731695,-176.7975933,0.009156942,None
192,236,Brown / Norway Rat,Rattus norvegicus,Rodent,null,Good,1999,2000,Successful,Whole Island,Toxicant,NA,NA,Bait Station,NA,Difenacoum,NA,Bell; Biz,National Trust; RSPB; English Nature; Wildlife Management International Limited,null,242176,Ramsey,Atlantic Ocean - North,United Kingdom,Pembrokeshire,51.86630023,-5.34022689,2.431057119,1-Oct
1929,3057,Brown / Norway Rat,Rattus norvegicus,Rodent,null,Good,1996,1998,Successful,Whole Island,Toxicant,NA,NA,Bait Station,NA,Brodifacoum,NA,Irvine R.,Parks Canada,https://www.pc.gc.ca/en/index,177050,St. James,Pacific Ocean - North East,Canada,British Columbia (Haida Gwaii),51.93711216,-131.0174373,0.166508469,None
158,193,Brown / Norway Rat,Rattus norvegicus,Rodent,1934,Satisfactory,1968,1968,Successful,Whole Island,Toxicant,NA,NA,Hand Broadcast,NA,Warfarin,NA,null,null,null,242376,Cardigan,Atlantic Ocean - North,United Kingdom,null,52.13179327,-4.68945477,0.140214642,None
1296,2107,Brown / Norway Rat,Rattus norvegicus,Rodent,null,Good,2011,2011,Successful,Whole Island,Toxicant,NA,NA,Bait Station,NA,Brodifacoum,NA,Parks Canada,Parks Canada,null,179555,Arichika,Pacific Ocean - North East,Canada,British Columbia (Haida Gwaii),52.47166577,-131.3412837,0.150202935,None
1297,2108,Brown / Norway Rat,Rattus norvegicus,Rodent,null,Satisfactory,2011,2011,Successful (Reinvaded),Whole Island,Toxicant,NA,NA,Bait Station,NA,Brodifacoum,NA,Parks Canada,Parks Canada,null,173922,Bischof,Pacific Ocean - North East,Canada,British Columbia (Haida Gwaii),52.57874545,-131.5664526,0.468783995,None
1503,2391,Black Rat,Rattus rattus,Rodent,null,Good,2013,2013,Successful,Whole Island,Toxicant,NA,NA,Aerial Broadcast,NA,Brodifacoum,NA,Wein; Laurie,Parks Canada,null,183728,Murchison,Pacific Ocean - North East,Canada,British Columbia (Haida Gwaii),52.59349111,-131.4590144,3.999052632,None
1504,2392,Black Rat,Rattus rattus,Rodent,null,Good,2013,2013,Successful,Whole Island,Toxicant,NA,NA,Aerial Broadcast,NA,Brodifacoum,NA,Wein; Laurie,Parks Canada,null,183720,Murchison Passage,Pacific Ocean - North East,Canada,British Columbia (Haida Gwaii),52.59691859,-131.4672777,0.090117572,None
1507,2395,Black Rat,Rattus rattus,Rodent,null,Good,2013,2013,Successful,Whole Island,Toxicant,NA,NA,Aerial Broadcast,NA,Brodifacoum,NA,Wein; Laurie,Parks Canada,null,183724,East Murchison,Pacific Ocean - North East,Canada,British Columbia (Haida Gwaii),52.60013813,-131.4334429,0.177867277,None
1505,2393,Black Rat,Rattus rattus,Rodent,null,Good,2013,2013,Successful,Whole Island,Toxicant,NA,NA,Aerial Broadcast,NA,Brodifacoum,NA,Wein; Laurie,Parks Canada,null,173926,Faraday,Pacific Ocean - North East,Canada,British Columbia (Haida Gwaii),52.60554761,-131.488335,3.158618849,None
1506,2394,Black Rat,Rattus rattus,Rodent,null,Good,2013,2013,Successful,Whole Island,Toxicant,NA,NA,Aerial Broadcast,NA,Brodifacoum,NA,Wein; Laurie,Parks Canada,null,183727,Little Faraday,Pacific Ocean - North East,Canada,British Columbia (Haida Gwaii),52.61362123,-131.464924,0.025489738,None
186,228,Brown / Norway Rat,Rattus norvegicus,Rodent,null,Satisfactory,null,1998,Successful,Whole Island,Toxicant,NA,NA,Hand Broadcast,NA,Warfarin,Difenacoum,null,null,null,242275,Puffin,Atlantic Ocean - North,United Kingdom,null,53.31864642,-4.02681091,0.210896698,None
804,1040,Nutria,Myocastor coypus,Rodent,1920,Good,1981,1989,Successful,Restricted Range,Trapping,NA,NA,NA,NA,NA,NA,Gosling; L.M.,null,null,458490,Great Britain,Atlantic Ocean - North,United Kingdom,null,53.94372497,-2.52234432,218739.9869,> 10000
2163,3230,Brown / Norway Rat,Rattus norvegicus,Rodent,null,Poor,null,null,Failed,Whole Island,Toxicant,NA,NA,Bait Station,NA,NA,NA,null,null,null,242194,Calf of Man,Atlantic Ocean - North,United Kingdom,Irish Sea,54.05341867,-4.81489421,2.4640171,1-Oct
660,854,Brown / Norway Rat,Rattus norvegicus,Rodent,null,Good,1995,1995,Successful,Whole Island,Toxicant,NA,NA,Bait Station,NA,Brodifacoum,NA,Parks Canada,Parks Canada,null,181382,Lucy,Pacific Ocean - North East,Canada,British Columbia (Haida Gwaii),54.18265672,-132.9845764,0.372029512,None
1357,2194,Brown / Norway Rat,Rattus norvegicus,Rodent,null,Good,null,1994,Trial or Research only,Whole Island,Toxicant,NA,NA,Bait Station,NA,Warfarin,NA,Parks Canada,Parks Canada,null,181382,Lucy,Pacific Ocean - North East,Canada,British Columbia (Haida Gwaii),54.18265672,-132.9845764,0.372029512,None
661,855,Brown / Norway Rat,Rattus norvegicus,Rodent,null,Good,null,1995,Successful,Whole Island,Toxicant,NA,NA,Bait Station,NA,Brodifacoum,NA,Parks Canada,Parks Canada,null,181396,Cox,Pacific Ocean - North East,Canada,British Columbia (Haida Gwaii),54.20481528,-133.0140796,0.116742735,None
659,853,Brown / Norway Rat,Rattus norvegicus,Rodent,null,Good,1995,1995,Successful (Reinvaded),Whole Island,Toxicant,NA,NA,Bait Station,NA,Brodifacoum,NA,Parks Canada,Parks Canada,null,181444,Langara,Pacific Ocean - North East,Canada,British Columbia (Haida Gwaii),54.22971545,-133.0177907,31.36060341,1-Oct
2105,3137,Brown / Norway Rat,Rattus norvegicus,Rodent,null,Poor,null,null,In Progress,Whole Island,Unknown,Unknown,Unknown,Unknown,Unknown,Unknown,Unknown,null,null,null,181444,Langara,Pacific Ocean - North East,Canada,British Columbia (Haida Gwaii),54.22971545,-133.0177907,31.36060341,1-Oct
2,4,Brown / Norway Rat,Rattus norvegicus,Rodent,1889,Good,1991,1992,Successful,Whole Island,Toxicant,NA,NA,Bait Piles,Hand Broadcast,Warfarin,NA,null,null,null,242232,Ailsa Craig,Atlantic Ocean - North,United Kingdom,Scotland Islands,55.25203188,-5.116667628,1.00515022,None
1149,1842,Brown / Norway Rat,Rattus norvegicus,Rodent,1889,Satisfactory,1924,1925,Failed,Whole Island,Toxicant,NA,NA,Unknown,NA,Unknown,NA,null,null,null,242232,Ailsa Craig,Atlantic Ocean - North,United Kingdom,Scotland Islands,55.25203188,-5.116667628,1.00515022,None
2159,3226,Unspecified Rats,Rattus spp.,Rodent,null,Poor,null,1990,Successful,Whole Island,Toxicant,NA,NA,Bait Piles,NA,Bromadiolone,NA,null,null,null,242453,Inchgarvie,Atlantic Ocean - North,United Kingdom,Firth of Forth,56.000912,-3.386431,0.007535,None
711,928,Brown / Norway Rat,Rattus norvegicus,Rodent,null,Good,2005,2006,Successful,Whole Island,Toxicant,NA,NA,Bait Station,NA,Diphacinone,Bromadiolone,null,null,null,251593,Canna,Atlantic Ocean - North,United Kingdom,Scotland Islands (Inner Hebrides),57.05673038,-6.55100045,12.94851979,11 - 100
2059,3060,Black Rat,Rattus rattus,Rodent,1800,Good,2015,2016,Successful,Whole Island,Toxicant,NA,NA,Bait Station,NA,Bromadiolone,Coumatetralyl,Bambini L.,he Royal Society for the Protection of Birds,https://www.rspb.org.uk/#1bUlWq5dk6hZA5CZ.99,252216,Eilean an Tighe,Atlantic Ocean - North,United Kingdom,Scotland Islands (Shiant Isles),57.88861537,-6.353067755,0.539135247,None
1882,2855,Black Rat,Rattus rattus,Rodent,1800,Good,2015,2016,Successful,Whole Island,Toxicant,Trapping,NA,Bait Station,NA,Bromadiolone,Coumatetralyl,Bambini L.,he Royal Society for the Protection of Birds,https://www.rspb.org.uk/#1bUlWq5dk6hZA5CZ.99,252228,Garbh Eilean,Atlantic Ocean - North,United Kingdom,Scotland Islands (Shiant Isles),57.90040348,-6.366044729,0.87183776,None
1927,3054,Black Rat,Rattus rattus,Rodent,1800,Good,2015,2016,Successful,Whole Island,Toxicant,NA,NA,Bait Station,NA,Bromadiolone,Coumatetralyl,Bambini L.,he Royal Society for the Protection of Birds,https://www.rspb.org.uk/#1bUlWq5dk6hZA5CZ.99,252452,Eilean Mhuire,Atlantic Ocean - North,United Kingdom,Scotland Islands (Shiant Isles),57.90224788,-6.334769474,0.321316694,None
2148,3205,Brown / Norway Rat,Rattus norvegicus,Rodent,null,Satisfactory,1997,1997,Successful (Reinvaded),Whole Island,Toxicant,NA,NA,Hand Broadcast,NA,Warfarin,NA,null,null,null,252904,Handa,Atlantic Ocean - North,United Kingdom,Scotland Islands,58.38076152,-5.18759093,3.37209487,1-Oct
2160,3227,Black Rat,Rattus rattus,Rodent,null,Satisfactory,null,1998,Successful,Whole Island,Toxicant,NA,NA,Bait Station,NA,Unknown,Unknown,null,null,null,252371,Eynhallow,Atlantic Ocean - North,United Kingdom,Scotland Islands (Orkney Islands),59.14407477,-3.12029052,0.726837217,None
56,70,House Mouse,Mus musculus,Rodent,1800,Satisfactory,1971,1971,Successful (Reinvaded),Whole Island,Toxicant,NA,NA,Bait Station,NA,Warfarin,NA,null,null,null,235579,Flatey,Atlantic Ocean - North,Iceland,null,65.3753527,-22.91189441,0.470986929,Unknown
57,71,Brown / Norway Rat,Rattus norvegicus,Rodent,null,Satisfactory,null,1971,Successful,Whole Island,Toxicant,NA,NA,Unknown,NA,Warfarin,NA,null,null,null,235579,Flatey,Atlantic Ocean - North,Iceland,null,65.3753527,-22.91189441,0.470986929,Unknown
1294,2101,Polynesian Rat,Rattus exulans,Rodent,null,Good,2012,2012,Failed,Whole Island,Toxicant,NA,NA,Aerial Broadcast,Hand Broadcast,Brodifacoum,NA,Island Conservation,Island Conservation,www.islandconservation.org,457757,Wake ,Pacific Ocean - North West,United States Minor Outlying Islands,Wake Atoll (Wake Wilkes Peale),19.28833449,166.6421844,5.476717121,101 - 1000
1295,2102,Asian House Rat,Rattus tanezumi,Rodent,null,Good,2012,2012,Successful,Whole Island,Toxicant,NA,NA,Aerial Broadcast,Hand Broadcast,Brodifacoum,NA,Island Conservation,Island Conservation,www.islandconservation.org,457757,Wake ,Pacific Ocean - North West,United States Minor Outlying Islands,Wake Atoll (Wake Wilkes Peale),19.28833449,166.6421844,5.476717121,101 - 1000
1527,2428,Black Rat,Rattus rattus,Rodent,null,Poor,2013,2013,Unknown,Whole Island,Trapping,Toxicant,NA,Bait Station,NA,Unknown,NA,null,null,null,395234,Madame,Caribbean,Martinique,Lesser Antilles (Robert Islets),14.670217450100001,-60.88269319,0.028467892,Unknown
1040,1313,Polynesian Rat,Rattus exulans,Rodent,null,Good,2006,2006,Successful,Whole Island,Toxicant,NA,NA,Hand Broadcast,NA,Brodifacoum,NA,Masibalavu; Vilikesa,Birdlife Pacific Partnership 11 Ma'afu Street,GPO Box 18332,336045,Vatu-i-Ra,Pacific Ocean - South West,Fiji,Viti Levu Group,-17.3148988,178.4666492,0.02376541,None
