scientificName,Article,Article_secondary_same_data,Evidence_category,Evidence_effect,Evidence_method,Study_rodent_final,Exclude_row,Sample_size_greater_than_1,Predation_type,Sample_size_nests_monitored,Hypothesis_supported,Percent_nests_or_individuals_predated,Predator_and_prey_population_data,Experiment_control_site_or_spatial_variation,Note_experiment_sample_size,Experiment_confounding_variables_included,Experiment_BACI,Study_location,Latitude,Longitude,Island_name,Archipelago,Region,Country,Study_notes,Study_ID,Reported_study_rodent,Study_rodent_notes,key
Acrocephalus caffer,"Thibault, J.C., Martin, J.L., Penloup, A. and Meyer, J.Y., 2002. Understanding the decline and extinction of monarchs (Aves) in Polynesian Islands. Biological conservation, 108(2), pp.161-174.",NA,Population,Abundance,Timing,Rattus rattus,,1,NA,NA,0,,1,1,9 islands,1,0,Eastern Polynesia,-10.490500000000001,-138.6489,fatu hiva,Marquesas,Pacific Ocean - South East,French Polynesia,"""There was no significant effect in the GLM analysis of any of the introduced species on the distribution and abundance of Polynesian warblers.""",3,"Rattus rattus, Rattus exulans",,Acrocephalus caffer_Rattus rattus
Acrocephalus caffer,"Thibault, J.C., Martin, J.L., Penloup, A. and Meyer, J.Y., 2002. Understanding the decline and extinction of monarchs (Aves) in Polynesian Islands. Biological conservation, 108(2), pp.161-174.",NA,Population,Abundance,Timing,Rattus exulans,,1,NA,NA,0,,1,1,9 islands,1,0,Eastern Polynesia,-10.490500000000001,-138.6489,fatu hiva,Marquesas,Pacific Ocean - South East,French Polynesia,"""There was no significant effect in the GLM analysis of any of the introduced species on the distribution and abundance of Polynesian warblers.""",3,"Rattus rattus, Rattus exulans",,Acrocephalus caffer_Rattus exulans
Alectroenas payandeei,BirdLife International. 2017. Alectroenas payandeei (amended version of 2016 assessment). The IUCN Red List of Threatened Species 2017: e.T62759683A119206636. https://dx.doi.org/10.2305/IUCN.UK.2017-3.RLTS.T62759683A119206636.en. Accessed on 28 November 2023.,NA,Population,Abundance,Timing,Rattus rattus,,,NA,NA,1,,0,NA,NA,NA,NA,Rodrigues,-19.724499999999999,63.427199999999999,rodrigues,Rodrigues,Indian Ocean - West,Mauritius,"""The island was used as a refurbishment station for shipping from at least 1601, presumably leading to the arrival of rats, which were noted to be present in large numbers in 1691-1693 (Leguat 1708, in Hume and Walters 2012) and likely drove the species to extinction.""",18,Rattus rattus,,Alectroenas payandeei_Rattus rattus
Amazona vittata,"Engeman, R., Whisson, D., Quinn, J., Cano, F., Quiñones, P. and White Jr, T.H., 2006. Monitoring invasive mammalian predator populations sharing habitat with the critically endangered Puerto Rican parrot Amazona vittata. Oryx, 40(1), pp.95-102.",NA,Predation,Predation,Predation,Rattus rattus,,,Unknown,NA,1,,0,NA,NA,NA,NA,Caribbean National Forest,18.295100000000001,-65.8,puerto rico,Greater Antilles (Puerto Rican Islands),Caribbean,Puerto Rico,"""Since 2000 there have been 3–5 active nests, with fledg- ling production ranging from two to eight (Table 2). Rats and mongooses have each been implicated in losses of young, with annual losses to mongooses of up to 50% of wild-produced fledglings, and an undetermined number of rat-induced nest, egg or chick failures (Table 2)."" ""Rat predation was indicated in 2002 at one nesting cavity""",24,Rattus rattus,,Amazona vittata_Rattus rattus
Apalopteron familiare,BirdLife International. 2016. Apalopteron familiare. The IUCN Red List of Threatened Species 2016: e.T22704125A93953867. https://dx.doi.org/10.2305/IUCN.UK.2016-3.RLTS.T22704125A93953867.en. Accessed on 10 November 2023.,NA,Predation,Predation,Predation,Rattus rattus,,,Unknown,NA,1,,0,NA,NA,NA,NA,Hahajima,26.673500000000001,142.1541,hahajima,Ogasawara Islands (Hahajima Group),Pacific Ocean - North West,Japan,"Nest predation by introduced black rats may be a threat on Hahajima (Kawakami in litt. 2012), but rats do not currently seem to be affecting the population.",32,Rattus rattus,,Apalopteron familiare_Rattus rattus
Apalopteron familiare,BirdLife International. 2016. Apalopteron familiare. The IUCN Red List of Threatened Species 2016: e.T22704125A93953867. https://dx.doi.org/10.2305/IUCN.UK.2016-3.RLTS.T22704125A93953867.en. Accessed on 10 November 2023.,NA,Population,Abundance,Temporal,Rattus rattus,,,NA,NA,0,,0,NA,NA,NA,NA,Hahajima,26.673500000000001,142.1541,hahajima,Ogasawara Islands (Hahajima Group),Pacific Ocean - North West,Japan,"Nest predation by introduced black rats may be a threat on Hahajima (Kawakami in litt. 2012), but rats do not currently seem to be affecting the population.",33,Rattus rattus,,Apalopteron familiare_Rattus rattus
Aplonis fusca,BirdLife International. 2016. Aplonis fusca. The IUCN Red List of Threatened Species 2016: e.T22710511A94249210. https://dx.doi.org/10.2305/IUCN.UK.2016-3.RLTS.T22710511A94249210.en. Accessed on 10 November 2023.,NA,Population,Abundance,Timing,Rattus rattus,,,NA,NA,1,,0,NA,NA,NA,NA,Lord Howe Island,-31.555299999999999,159.0821,lord howe,Lord Howe Islands,Pacific Ocean - South West,Australia,"""The extinction of the Lord Howe Island population was probably due to the arrival of black rat Rattus rattus on the island in 1918""",37,Rattus rattus,,Aplonis fusca_Rattus rattus
Aplonis fusca,BirdLife International. 2016. Aplonis fusca. The IUCN Red List of Threatened Species 2016: e.T22710511A94249210. https://dx.doi.org/10.2305/IUCN.UK.2016-3.RLTS.T22710511A94249210.en. Accessed on 10 November 2023.,NA,Population,Abundance,Timing,Rattus rattus,,,NA,NA,0,,0,NA,NA,NA,NA,Norfolk Island,-29.040800000000001,167.9547,norfolk,Norfolk Islands,Pacific Ocean - South West,Australia,"""The last record was of the nominate subspecies on Norfolk Island in 1923"" ""The reasons for the extinction of the Norfolk Island population are less clear cut because R. rattus did not reach the island until the 1940s.""",38,Rattus rattus,,Aplonis fusca_Rattus rattus
Aplonis ulietensis,BirdLife International. 2017. Aplonis ulietensis (amended version of 2016 assessment). The IUCN Red List of Threatened Species 2017: e.T22734867A119212332. https://dx.doi.org/10.2305/IUCN.UK.2017-3.RLTS.T22734867A119212332.en. Accessed on 28 November 2023.,NA,Population,Abundance,Timing,Rattus norvegicus,,,NA,NA,1,,0,NA,NA,NA,NA,Raiatea,-16.816400000000002,-151.45519999999999,raiatea,Society Islands,Pacific Ocean - South East,French Polynesia,"""This Extinct species is known only from a 1774 painting of the type specimen, contemporary descriptions and a few field notes. It occurred on Raiatea (French Polynesia). An expedition to the island in 1850 failed to find the species, and it likely became extinct between 1774-1850 following the arrival of rats on the island.""",42,Rattus norvegicus,,Aplonis ulietensis_Rattus norvegicus
Ardenna carneipes,"Gaze, P., 2000. The response of a colony of sooty shearwater (Puffinus griseus) and flesh‐footed shearwater (P. carneipes) to the cessation of harvesting and the eradication of Norway rats (Rattus norvegicus). New Zealand Journal of Zoology, 27(4), pp.375-379.",NA,Population,Abundance,Timing,Rattus norvegicus,,,NA,NA,0,,0,NA,NA,NA,NA,Titi Island,-38.720199999999998,77.518900000000002,saint-paul,Amsterdam and St. Paul Islands,Indian Ocean - West,French Southern Territories,"""The apparent decline of this breeding colony prompted the cessation of harvesting in 1960 and the eradication of Norway rats during the 1970s. An increase in the colony was expected, and there have been attempts to measure this by counting the number of active burrows...from 1987 to 1998. No change was detected over this period."" ""The number of active shearwater burrows in each plot were counted (Table 1). Regression analysis indicated no significant trend in the number of active burrows over this period (R = 0.28, F = 2.33, DF =l,P=0.17).""",45,Rattus norvegicus,,Ardenna carneipes_Rattus norvegicus
Ardenna carneipes,"Barbraud, C., Delord, K., Le Bouard, F., Harivel, R., Demay, J., Chaigne, A. and Micol, T., 2021. Seabird population changes following mammal eradication at oceanic Saint-Paul Island, Indian Ocean. Journal for Nature Conservation, 63, p.126049.",NA,Population,Abundance,Timing,Rattus rattus,,,NA,NA,1,,0,NA,NA,NA,NA,Saint-Paul Island,-41.391199999999998,174.5222,titi,Marlborough Sound,Pacific Ocean - South West,New Zealand,"Tables 2,3. ""Estimated from a total number of burrows with signs of occupation obtained from adaptive cluster sampling (i.e. 74) and entire sampling (i.e. 1928). Note that the [1985 pre-eradication] estimate does not account for burrow detection probability. λ estimated using the observed number of burrows in 2018 (1484, i.e. without correction for detection probability) was 1.03"". Due to data discrepency and ""estimations"" defined as no data.",46,Rattus rattus,,Ardenna carneipes_Rattus rattus
Ardenna grisea,"Miskelly, C.M., Bishop, C.R., Greene, T.C., Rickett, J.E.N.N.Y., Taylor, G.A. and Tennyson, A.J., 2020. Breeding petrels of Breaksea and Dusky Sounds, Fiordland; responses to three decades of predator control. Notornis, 67, pp.543-557.",NA,Population,Abundance,Timing,Rattus norvegicus,,,NA,NA,1,,0,NA,NA,NA,NA,Hāwea Island,-45.591299999999997,166.64410000000001,hawea,Breaksea Sound,Pacific Ocean - South West,New Zealand,"""Rat eradication is also expected to lead to increased colony size (and reduced clustering) of remnant petrel colonies that survived the presence of rats (Jones 2010; Buxton et al. 2016). This was most apparent on Hāwea Island, where the 40–100 sooty shearwater burrows estimated in April 1986 (G. Taylor pers. obs.) had increased more than 50-fold to an estimated 5,400 burrows in 2019. Population modelling indicates that this large increase over the 33 years since rat eradication could potentially have occurred with minimal immigration, provided productivity and survival rates were close to the maximum recorded for petrel populations in the absence of predation (c. 50% of eggs producing breeding adults recruiting to their natal population, with 90% of pairs persisting between years; authors’ unpubl. data).""",48,Rattus norvegicus,,Ardenna grisea_Rattus norvegicus
Branta sandvicensis,"VanderWerf, E. A. 2012. Hawaiian Bird Conservation Action Plan: NWHI Passerines. Honolulu, Hawaii http://large.stanford.edu/courses/2017/ph241/lewis1/docs/HBCAP_complete1.pdf",BirdLife International. 2021. Branta sandvicensis. The IUCN Red List of Threatened Species 2021: e.T22679929A194369606. https://dx.doi.org/10.2305/IUCN.UK.2021-3.RLTS.T22679929A194369606.en. Accessed on 10 February 2024.,Predation,Predation,Predation,Rattus rattus,,,"Eggs, chicks, adults",NA,1,,0,NA,NA,NA,NA,Hawaii,19.898700000000002,-155.66589999999999,hawaiʻi,Hawaiian Islands,Pacific Ocean - North East,United States,"""Predators known to take Nēnē eggs, goslings, or adults include dogs (Canis familiaris), feral pigs (Sus scrofa), feral cats (Felis catus), small Indian mongooses (Herpestes auropunctatus), and black, Norway, and Pacific rats (R. rattus, norvegicus, and exulans, respectively) (Hoshide et al. 1990, Baker and Baker 1996)."" + ""Eggs are also predated by Black, Norway and Pacific Rats (USFWS 2004).""",52,"Rattus rattus, Rattus norvegicus, Rattus exulans",,Branta sandvicensis_Rattus rattus
Branta sandvicensis,"VanderWerf, E. A. 2012. Hawaiian Bird Conservation Action Plan: NWHI Passerines. Honolulu, Hawaii http://large.stanford.edu/courses/2017/ph241/lewis1/docs/HBCAP_complete1.pdf",BirdLife International. 2021. Branta sandvicensis. The IUCN Red List of Threatened Species 2021: e.T22679929A194369606. https://dx.doi.org/10.2305/IUCN.UK.2021-3.RLTS.T22679929A194369606.en. Accessed on 10 February 2024.,Predation,Predation,Predation,Rattus norvegicus,,,"Eggs, chicks, adults",NA,1,,0,NA,NA,NA,NA,Hawaii,19.898700000000002,-155.66589999999999,hawaiʻi,Hawaiian Islands,Pacific Ocean - North East,United States,"""Predators known to take Nēnē eggs, goslings, or adults include dogs (Canis familiaris), feral pigs (Sus scrofa), feral cats (Felis catus), small Indian mongooses (Herpestes auropunctatus), and black, Norway, and Pacific rats (R. rattus, norvegicus, and exulans, respectively) (Hoshide et al. 1990, Baker and Baker 1996)."" + ""Eggs are also predated by Black, Norway and Pacific Rats (USFWS 2004).""",52,"Rattus rattus, Rattus norvegicus, Rattus exulans",,Branta sandvicensis_Rattus norvegicus
Branta sandvicensis,"VanderWerf, E. A. 2012. Hawaiian Bird Conservation Action Plan: NWHI Passerines. Honolulu, Hawaii http://large.stanford.edu/courses/2017/ph241/lewis1/docs/HBCAP_complete1.pdf",BirdLife International. 2021. Branta sandvicensis. The IUCN Red List of Threatened Species 2021: e.T22679929A194369606. https://dx.doi.org/10.2305/IUCN.UK.2021-3.RLTS.T22679929A194369606.en. Accessed on 10 February 2024.,Predation,Predation,Predation,Rattus exulans,,,"Eggs, chicks, adults",NA,1,,0,NA,NA,NA,NA,Hawaii,19.898700000000002,-155.66589999999999,hawaiʻi,Hawaiian Islands,Pacific Ocean - North East,United States,"""Predators known to take Nēnē eggs, goslings, or adults include dogs (Canis familiaris), feral pigs (Sus scrofa), feral cats (Felis catus), small Indian mongooses (Herpestes auropunctatus), and black, Norway, and Pacific rats (R. rattus, norvegicus, and exulans, respectively) (Hoshide et al. 1990, Baker and Baker 1996)."" + ""Eggs are also predated by Black, Norway and Pacific Rats (USFWS 2004).""",52,"Rattus rattus, Rattus norvegicus, Rattus exulans",,Branta sandvicensis_Rattus exulans
Callaeas cinereus,"Flux, I., Bradfield, P. and Innes, J., 2006. Breeding biology of North Island kokako (Callaeas cinerea wilsoni) at Mapara wildlife management reserve, King Country, New Zealand. Notornis, 53(2), p.199.",NA,Predation,Predation,Predation,Rattus rattus,,,"Eggs, chicks",NA,1,,0,NA,NA,NA,NA,Mapara,-38.7425,175.62860000000001,north,Lake Rotomahana,Pacific Ocean - South West,New Zealand,"Only abstract located online ""Predation of eggs and chicks by ship rats (Rattus rattus) and brush-tailed possums (Trichosurus vulpecula) was the main cause of nest failure, whereas deaths of nesting adult females mostly caused be stoats (Mustela erminea).""",55,Rattus rattus,,Callaeas cinereus_Rattus rattus
Callaeas cinereus,"Innes, J., Hay, R., Flux, I., Bradfield, P., Speed, H. and Jansen, P., 1999. Successful recovery of North Island kokako Callaeas cinerea wilsoni populations, by adaptive management. Biological conservation, 87(2), pp.201-214.",NA,Population,Abundance,Spatiotemporal,Rattus rattus,,1,NA,NA,1,,1,1,4 sites,1,0,Mapara,-38.7425,175.62860000000001,north,Lake Rotomahana,Pacific Ocean - South West,New Zealand,"Fig 3,5,7,9",56,Rattus rattus,,Callaeas cinereus_Rattus rattus
Callaeas cinereus,"Innes, J., Hay, R., Flux, I., Bradfield, P., Speed, H. and Jansen, P., 1999. Successful recovery of North Island kokako Callaeas cinerea wilsoni populations, by adaptive management. Biological conservation, 87(2), pp.201-214.",NA,Predation,Predation,Predation,Rattus rattus,,,Unknown,181,1,,NA,NA,NA,NA,NA,Mapara,-38.7425,175.62860000000001,north,Lake Rotomahana,Pacific Ocean - South West,New Zealand,"Fig 6 ""fates of kokako nesting attempts"" includes failures to rats. Percentages provided in pie chart",57,Rattus rattus,,Callaeas cinereus_Rattus rattus
Catharus bicknelli,"Townsend, J. M., Rimmer, C. C., Brocca, J., McFarland, K. P. and Townsend, A. K. (2009) Predation of a wintering migratory songbird by introduced rats: can nocturnal roosting behavior serve as predator avoidance? Condor 111: 565–569.",NA,Predation,Predation,Predation,Rattus rattus,,,Adults,53,1,9,0,NA,NA,NA,NA,"Pueblo Viejo and Loma La Canela, Dominican Republic",18.401,-70.765900000000002,dominican republic,Greater Antilles,Caribbean,Dominican Republic,"""Depredation by introduced rats was the only cause of mortality among 53 radio-tagged individuals monitored between January and March over multiple years; five (9%) marked individuals were depredated.""",63,"Rattus rattus, Rattus norvegicus",,Catharus bicknelli_Rattus rattus
Catharus bicknelli,"Townsend, J. M., Rimmer, C. C., Brocca, J., McFarland, K. P. and Townsend, A. K. (2009) Predation of a wintering migratory songbird by introduced rats: can nocturnal roosting behavior serve as predator avoidance? Condor 111: 565–569.",NA,Predation,Predation,Predation,Rattus norvegicus,,,Adults,53,1,9,0,NA,NA,NA,NA,"Pueblo Viejo and Loma La Canela, Dominican Republic",18.401,-70.765900000000002,dominican republic,Greater Antilles,Caribbean,Dominican Republic,"""Depredation by introduced rats was the only cause of mortality among 53 radio-tagged individuals monitored between January and March over multiple years; five (9%) marked individuals were depredated.""",63,"Rattus rattus, Rattus norvegicus",,Catharus bicknelli_Rattus norvegicus
Charadrius obscurus,"Dowding, J.E. and Murphy, E.C., 1993. Decline of the Stewart Island population of the New Zealand dotterel. Notornis, 40(1), p.1ò14.",NA,Population,Abundance,Timing,Rattus rattus,,,NA,NA,0,,0,NA,NA,NA,NA,Stewart Island,-37.583199999999998,176.0428,matakana,Bay of Plenty,Pacific Ocean - South West,New Zealand,"""Why predation is having such an impact now is not clear. Cats (and rats) have probably been on Stewart Island for 150 years or more; if they had been killing dotterels at the present rate for long, the population should have disappeared many years ago.""",65,Rattus rattus,,Charadrius obscurus_Rattus rattus
Charadrius obscurus,"Wills, D.E., 2003. Impact of management on the breeding success of the northern New Zealand Dotterel (Charadrius obscurus aquilonius) on Matakana Island, Bay of Plenty. Notornis, 50, pp.1-10.",NA,Population,Reproductive success,Temporal,Rattus norvegicus,,0,NA,NA,0,,1,0,1,1,0,Matakana Island,-37.583199999999998,176.0428,matakana,Bay of Plenty,Pacific Ocean - South West,New Zealand,Tables 2-4. No statistical analysis provided,66,Rattus norvegicus,,Charadrius obscurus_Rattus norvegicus
Charadrius obscurus,"Wills, D.E., 2003. Impact of management on the breeding success of the northern New Zealand Dotterel (Charadrius obscurus aquilonius) on Matakana Island, Bay of Plenty. Notornis, 50, pp.1-10.",NA,Predation,Predation,Predation,Rattus norvegicus,,,"Eggs, chicks",276,1,2.9,NA,NA,NA,NA,NA,Matakana Island,-47.010300000000001,167.8272,stewart (rakiura),Stewart Islands,Pacific Ocean - South West,New Zealand,"Tables 5 ""cause of breeding failure"" includes Norway rats",67,Rattus norvegicus,,Charadrius obscurus_Rattus norvegicus
Charadrius sanctaehelenae,"Burns, F., McCulloch, N., Székely, T. and Bolton, M., 2013. The impact of introduced predators on an island endemic, the St Helena Plover, Charadrius sanctaehelenae. Bird Conservation International, 23(2), pp.125-135.",NA,Predation,Predation,Predation,Rattus rattus,,,Eggs,29,1,10.3,0,NA,NA,NA,NA,Saint Helena Island,-27.385200000000001,153.2345,saint helena,Queensland Islands,Pacific Ocean - South West,Australia,Figure 1,68,"Rattus rattus, Rattus norvegicus",,Charadrius sanctaehelenae_Rattus rattus
Charadrius sanctaehelenae,"Burns, F., McCulloch, N., Székely, T. and Bolton, M., 2013. The impact of introduced predators on an island endemic, the St Helena Plover, Charadrius sanctaehelenae. Bird Conservation International, 23(2), pp.125-135.",NA,Predation,Predation,Predation,Rattus norvegicus,,,Eggs,29,1,10.3,0,NA,NA,NA,NA,Saint Helena Island,-27.385200000000001,153.2345,saint helena,Queensland Islands,Pacific Ocean - South West,Australia,Figure 1,68,"Rattus rattus, Rattus norvegicus",,Charadrius sanctaehelenae_Rattus norvegicus
Charadrius sanctaehelenae,"Oppel, S., Burns, F., Vickery, J., George, K., Ellick, G., Leo, D. and Hillman, J.C., 2014. Habitat‐specific effectiveness of feral cat control for the conservation of an endemic ground‐nesting bird species. Journal of Applied Ecology, 51(5), pp.1246-1254.",NA,Population,Reproductive success,Spatiotemporal,Rattus rattus,,,NA,NA,0,,1,NA,NA,NA,NA,Saint Helena Island,-27.385200000000001,153.2345,saint helena,Queensland Islands,Pacific Ocean - South West,Australia,"Figure 1, 2",69,"Rattus rattus, Rattus norvegicus",,Charadrius sanctaehelenae_Rattus rattus
Charadrius sanctaehelenae,"Oppel, S., Burns, F., Vickery, J., George, K., Ellick, G., Leo, D. and Hillman, J.C., 2014. Habitat‐specific effectiveness of feral cat control for the conservation of an endemic ground‐nesting bird species. Journal of Applied Ecology, 51(5), pp.1246-1254.",NA,Population,Reproductive success,Spatiotemporal,Rattus norvegicus,,,NA,NA,0,,1,NA,NA,NA,NA,Saint Helena Island,-27.385200000000001,153.2345,saint helena,Queensland Islands,Pacific Ocean - South West,Australia,"Figure 1, 2",69,"Rattus rattus, Rattus norvegicus",,Charadrius sanctaehelenae_Rattus norvegicus
Chasiempis ibidis,"Banko, P.C., Jaenecke, K.A., Peck, R.W. and Brinck, K.W., 2019. Increased nesting success of Hawaii Elepaio in response to the removal of invasive black rats. The Condor, 121(2), p.duz003.",NA,Population,Reproductive success,Spatiotemporal,Rattus rattus,,1,NA,NA,1,,1,1,2 pairs of sites,1,1,O’ahu,21.4389,-158.0001,o‘ahu,Hawaiian Islands,Pacific Ocean - North East,United States,"""We assessed the response of Hawaii Elepaio to reduced [rat] abundance using a before-after-control-impact (BACI) study design to compare nest success and nest daily survival rates"" ""The daily survival rate (DSR) of nests (n = 191) was greater on treated plots after rodenticide application (mean ± SE = 0.980 ± 0.004 treatment; 0.964 ± 0.004 nontreatment), mod- eled nest success increased from 29% to 50%, and apparent nest success (number of successful nests per total nests) increased from 37% to 52%.""",72,Rattus rattus,,Chasiempis ibidis_Rattus rattus
Chasiempis ibidis,"Banko, P.C., Jaenecke, K.A., Peck, R.W. and Brinck, K.W., 2019. Increased nesting success of Hawaii Elepaio in response to the removal of invasive black rats. The Condor, 121(2), p.duz003.","VanderWerf, E. A. 2012. Hawaiian Bird Conservation Action Plan: NWHI Passerines. Honolulu, Hawaii http://large.stanford.edu/courses/2017/ph241/lewis1/docs/HBCAP_complete1.pdf",Predation,Predation,Predation,Rattus rattus,,,"Eggs, chicks, adults",191,1,24,0,NA,NA,NA,NA,O’ahu,21.4389,-158.0001,o‘ahu,Hawaiian Islands,Pacific Ocean - North East,United States,"""We considered the cause of nest failure to be rat predation at 46 (24%) of 191 nests, based on evidence from in-person nest checks and surveillance cameras"". Second REF: ""The most serious threat to the species is predation on nests by alien rats, which take eggs, chicks, and even incubating females""",73,Rattus rattus,,Chasiempis ibidis_Rattus rattus
Chasiempis ibidis,"Vanderwerf, E.A., 2009. Importance of nest predation by alien rodents and avian poxvirus in conservation of Oahu Elepaio. The Journal of Wildlife Management, 73(5), pp.737-746.","Vanderwerf, E.A. and Smith, D.G., 2002. Effects of alien rodent control on demography of the O'ahu'Elepaio, an endangered Hawaiian forest bird. Pacific Conservation Biology, 8(2), pp.73-81.",Population,Abundance,Timing,Rattus rattus,,,NA,NA,1,,0,NA,NA,NA,NA,O’ahu,21.4389,-158.0001,o‘ahu,Hawaiian Islands,Pacific Ocean - North East,United States,"""Introduced predators including feral cats, Polynesian rat Rattus exulans and possibly black rat R. rattus were present on the island at the time of the species's demise, and may have contributed to declines""",74,Rattus rattus,,Chasiempis ibidis_Rattus rattus
Chasiempis ibidis,"VanderWerf, E.A., Mosher, S.M., Burt, M.D., Taylor, P.E. and Sailer, D., 2011. Variable efficacy of rat control in conserving O ‘ahu ‘Elepaio populations. In Proceedings of the Island Invasives: Eradication and Management Conference.",NA,Population,Reproductive success,Spatiotemporal,Rattus rattus,,1,NA,NA,1,,1,1,7 sites,0,1,O’ahu,21.4389,-158.0001,o‘ahu,Hawaiian Islands,Pacific Ocean - North East,United States,"""Rat control resulted in overall improvements in elepaio fecundity (50%), female survival (10%), and population growth (18%), but efficacy varied among sites, and performance was related to effort. Elepaio continued to decline at some sites despite rat control.""",75,Rattus rattus,,Chasiempis ibidis_Rattus rattus
Chasiempis sclateri,"Hammond, R.L., 2016. Daily survival rate of nests is lower in fruiting than non-fruiting tree species for a Hawaiian forest bird, the Kaua̒i ̒elepaio (Chasiempis sclateri). The Wilson Journal of Ornithology, 128(3), pp.584-592.",NA,Predation,Predation,Predation,Rattus rattus,,,NA,NA,0,,0,NA,NA,NA,NA,Kauai,22.096399999999999,-159.52610000000001,kauai,Hawaiian Islands,Pacific Ocean - North East,United States,"""My results support the hypothesis that tree reproductive strategy may contribute to the variability in DSR, but I did not have evidence (e.g., pictures) that the non-native black rat (Rattus rattus) was the primary predator in this study.""",76,Rattus rattus,,Chasiempis sclateri_Rattus rattus
Chlidonias albostriatus,"Bell, M., 2017. Population size, breeding success and predators of black-fronted tern (Chlidonias albostriatus) in the Upper Clarence River catchment, New Zealand. Notornis, 64(3), pp.154-161.",NA,Predation,Predation,Predation,Rattus rattus,,,Eggs,1510,1,4.78,0,NA,NA,NA,NA,Clarence River,-42.10389,172.71610999999999,south,Nelson Islands,Pacific Ocean - South West,New Zealand,"""A total of 1,510 breeding attempts were followed""…""37.6% of nests preyed upon""… Of predated nests (110 sample) 12.7% were black rats (0 Norway rats) Table 3",78,Rattus rattus,,Chlidonias albostriatus_Rattus rattus
Chlidonias albostriatus,"Bell, M., 2017. Population size, breeding success and predators of black-fronted tern (Chlidonias albostriatus) in the Upper Clarence River catchment, New Zealand. Notornis, 64(3), pp.154-161.",NA,Predation,Predation,Predation,Rattus norvegicus,,,Eggs,1510,0,0,0,NA,NA,NA,NA,Clarence River,-42.10389,172.71610999999999,south,Nelson Islands,Pacific Ocean - South West,New Zealand,"""A total of 1,510 breeding attempts were followed""…""37.6% of nests preyed upon""… Of predated nests (110 sample) 12.7% were black rats (0 Norway rats) Table 3",79,Rattus norvegicus,,Chlidonias albostriatus_Rattus norvegicus
Chlidonias albostriatus,"Steffens, K.E., Sanders, M.D., Gleenson, D.M., Pullen, K.M. and Stowe, C.J., 2012. Identification of predators at black-fronted tern Chlidonias albostriatus nests, using mtDNA analysis and digital video recorders. New Zealand Journal of Ecology, pp.48-55.",NA,Predation,Predation,Predation,Rattus rattus,,,Eggs,85,1,2.35,0,NA,NA,NA,NA,Wairau,-44.328883840000003,170.17864589999999,south,Lake Hawea,Pacific Ocean - South West,New Zealand,"""digital video surveillance of 85 nests...ship rats (Rattus rattus; 2/19)",80,Rattus rattus,,Chlidonias albostriatus_Rattus rattus
Chlidonias albostriatus,"Keedwell, R.J., 2005. Breeding biology of Black-fronted Terns (Sterna albostriata) and the effects of predation. Emu-Austral Ornithology, 105(1), pp.39-47.",NA,Predation,Predation,Predation,Rattus norvegicus,,,Unknown,1022,0,0,0,NA,NA,NA,NA,Ohau River,-44.328883840000003,170.17864589999999,south,Lake Hawea,Pacific Ocean - South West,New Zealand,"""1022 nests…"" rats not identified among predators",81,Rattus norvegicus,,Chlidonias albostriatus_Rattus norvegicus
Chlidonias albostriatus,"Keedwell, R.J., Sanders, M.D., Alley, M. and Twentyman, C., 2002. Causes of mortality of black-fronted terns Sterna albostriata on the Ohau River, South Island, New Zealand. Pacific Conservation Biology, 8(3), pp.170-176.",NA,Predation,Predation,Predation,Rattus norvegicus,,,"Chicks, adult",NA,1,,0,NA,NA,NA,NA,Ohau River,-41.565300000000001,173.52860000000001,south,Nelson Islands,Pacific Ocean - South West,New Zealand,"""Norway Rats were not observed killing terns. However, on four occasions over two-thirds of the chicks and some juveniles in a colony dizappeared in less than a week, coinciding with the appearance of rat-eaten remains (Keedwell 2002). The remains of 36 terns were classified as possible rat predations based on the location of and evidence on the carcass, and the presence of Norway Rat faecal pellets.""",82,Rattus norvegicus,,Chlidonias albostriatus_Rattus norvegicus
Cinclodes antarcticus,"Tabak, M.A., Poncet, S., Passfield, K., Goheen, J.R. and Martinez del Rio, C., 2016. The ghost of invasives past: rat eradication and the community composition and energy flow of island bird communities. Ecosphere, 7(8), p.e01442.",NA,Population,Abundance,Spatiotemporal,Rattus norvegicus,,1,NA,NA,1,,1,1,"35, 57, 67 islands",0,1,Falkland Islands,-51.796300000000002,-59.523600000000002,falkland,Falkland Islands (High Cliff Island Group),Atlantic Ocean - South,Falkland Islands (Malvinas),"Islands without rats have the most cinclodes, then islands where rats were eradicated and lastly islands with rats. Sample size of islands is high (35-67 per category) AND positive correlation between time since eradication and cinclodes abundance.",84,Rattus norvegicus,,Cinclodes antarcticus_Rattus norvegicus
Cinclodes antarcticus,"Tabak, M.A., Poncet, S., Passfield, K., Goheen, J.R. and Martinez del Rio, C., 2015. Rat eradication and the resistance and resilience of passerine bird assemblages in the Falkland Islands. Journal of Animal Ecology, 84(3), pp.755-764.","Tabak, M.A., Poncet, S., Passfield, K. and Martinez del Rio, C., 2014. Invasive species and land bird diversity on remote South Atlantic islands. Biological Invasions, 16, pp.341-352.",Population,Abundance,Spatial,Rattus norvegicus,,1,NA,NA,1,,1,1,"37, 85, 108 islands",1,1,Falkland Islands,-51.796300000000002,-59.523600000000002,falkland,Falkland Islands (High Cliff Island Group),Atlantic Ocean - South,Falkland Islands (Malvinas),Probability of occupancy positively associated with island size mostly where rats were absent or eradicated but weak relationship where rats were present. This pattern was not consistent with other passerines studied,85,Rattus norvegicus,,Cinclodes antarcticus_Rattus norvegicus
Coenocorypha iredalei,BirdLife International. 2016. Coenocorypha iredalei. The IUCN Red List of Threatened Species 2016: e.T22727515A94951415. https://dx.doi.org/10.2305/IUCN.UK.2016-3.RLTS.T22727515A94951415.en. Accessed on 13 November 2023.,NA,Population,Abundance,Timing,Rattus rattus,,,NA,NA,1,,0,NA,NA,NA,NA,Stewart Island,-47.010300000000001,167.8272,stewart (rakiura),Stewart Islands,Pacific Ocean - South West,New Zealand,"""The accidental introduction of black rats Rattus rattus onto Stewart Island in 1964 presumably brought about the extinction of C. iredalei.""",97,Rattus rattus,,Coenocorypha iredalei_Rattus rattus
Columba junoniae,"Hernandez, M.A., Martín, A. and Nogales, M., 1999. Breeding success and predation on artificial nests of the endemic pigeons Bolle's Laurel Pigeon Columba bollii and White‐tailed Laurel Pigeon Columba junoniae in the laurel forest of Tenerife (Canary Islands). Ibis, 141(1), pp.52-59.",NA,Predation,Predation,Predation,Rattus rattus,,,Eggs,NA,1,,0,NA,NA,NA,NA,Tenerife,28.291599999999999,-16.629100000000001,tenerife,Canary Islands,Atlantic Ocean - North,Spain,"""Nest predation was the more important cause of nesting failure of both species (880/0), but principally affecting the White-tailed Laurel Pigeon… Predators identified by automatic cameras showed that Black Rat Rattus rattus was the major nest predator of both pigeons""",99,Rattus rattus,,Columba junoniae_Rattus rattus
Copsychus sechellarum,BirdLife International. 2021. Copsychus sechellarum. The IUCN Red List of Threatened Species 2021: e.T22709978A179276878. https://dx.doi.org/10.2305/IUCN.UK.2021-3.RLTS.T22709978A179276878.en. Accessed on 28 January 2024.,"Thorsen, M., Shorten, R., Lucking, R. and Lucking, V., 2000. Norway rats (Rattus norvegicus) on Fregate Island, Seychelles: the invasion; subsequent eradication attempts and implications for the island's fauna. Biological Conservation, 96(2), pp.133-138.",Population,Abundance,Timing,Rattus norvegicus,,,NA,NA,0,,0,NA,NA,NA,NA,Fregate Island,-4.5837000000000003,55.938600000000001,fregate,Seychelles,Indian Ocean - West,Seychelles,Rats established on Fregate Island in 1995 but this bird was chategorised critically endangered in 1994 and threatened in 1988,102,Rattus norvegicus,,Copsychus sechellarum_Rattus norvegicus
Coturnix novaezelandiae,"Worthy, T.H. and Holdaway, R.N., 1996. Quaternary fossil faunas, overlapping taphonomies, and palaeofaunal reconstruction in North Canterbury, South Island, New Zealand. Journal of the Royal Society of New Zealand, 26(3), pp.275-361.",NA,Population,Abundance,Timing,Rattus exulans,,,NA,NA,0,,0,NA,NA,NA,NA,"North Canterbury, South Island, New Zealand",-43.754199999999997,171.16370000000001,south,Canterbury Islands,Pacific Ocean - South West,New Zealand,"""The marked increase in abundance of these birds after the arrival of kiore reflects the increased presence of shrublands in the area following human arrival and anthropogenic burning.""",105,Rattus exulans,,Coturnix novaezelandiae_Rattus exulans
Cyanoramphus auriceps,"O'Donnell, C.F. and Hoare, J.M., 2012. Quantifying the benefits of long-term integrated pest control for forest bird populations in a New Zealand temperate rainforest. New Zealand Journal of Ecology, pp.131-140.",NA,Population,Abundance,Temporal,Rattus rattus,,0,NA,NA,0,,1,0,1,1,0,Landsborough Valley,-43.9711,169.46780000000001,south,Lake Hawea,Pacific Ocean - South West,New Zealand,"Figure 3,4",109,Rattus rattus,,Cyanoramphus auriceps_Rattus rattus
Dendrocygna arborea,"Daltry, J.C., James, K.J., Andrea, O.T.T.O. and Toby, N., 2012. Evidence that eradicating black rats has boosted the recovery of rare reptiles and seabirds on Antiguan islands. Biodiversité Insulaire, 146.",NA,Population,Abundance,Temporal,Rattus rattus,,1,NA,NA,0,,1,0,3,0,0,Antigua,17.0747,-61.817500000000003,antigua,Lesser Antilles (Antigua and Barbuda Islands),Caribbean,Antigua and Barbuda,"Tables 2-4 ""Number of breeding pairs of birds recorded on [three island groups]"" after rats were eradicated. There is no data on number of breeding pairs before eradication.",112,Rattus rattus,,Dendrocygna arborea_Rattus rattus
Dicrurus aldabranus,BirdLife International. 2016. Dicrurus aldabranus. The IUCN Red List of Threatened Species 2016: e.T22706943A94098323. https://dx.doi.org/10.2305/IUCN.UK.2016-3.RLTS.T22706943A94098323.en. Accessed on 10 November 2023.,NA,Predation,Predation,Predation,Rattus rattus,,,Eggs,NA,1,,0,NA,NA,NA,NA,Aldabra,-9.4237000000000002,46.343299999999999,aladabra,Aldabra Atoll,Indian Ocean - West,Seychelles,"""Up to 8/10 studied nests are predated at the egg stage, mainly by crows Corvus spp., rats, coucals and bulbuls (Pycnonotidae), as observed or suggested by nest monitoring (SIF unpublished data)""",113,Rattus,"Authors reported rodent as 'Rattus'. Based on REF, this must have been Rattus rattus",Dicrurus aldabranus_Rattus rattus
Diomedea dabbenena,"Cuthbert, R., Sommer, E., Ryan, P., Cooper, J. and Hilton, G., 2004. Demography and conservation of the Tristan albatross Diomedea [exulans] dabbenena. Biological Conservation, 117(5), pp.471-481.","Cuthbert, R. and Hilton, G., 2004. Introduced house mice Mus musculus: a significant predator of threatened and endemic birds on Gough Island, South Atlantic Ocean?. Biological conservation, 117(5), pp.483-489; Jones, M.G.W. and Ryan, P.G., 2010. Evidence of mouse attacks on albatross chicks on sub-Antarctic Marion Island. Antarctic Science, 22(1), pp.39-42; Cuthbert, R.J., Wanless, R.M., Angel, A., Burle, M.H., Hilton, G.M., Louw, H., Visser, P., Wilson, J.W. and Ryan, P.G., 2016. Drivers of predatory behavior and extreme size in house mice Mus musculus on Gough Island. Journal of Mammalogy, 97(2), pp.533-544.",Predation,Predation,Predation,Mus musculus,,,Chicks,NA,1,,0,NA,NA,NA,NA,Gough Island,-40.318600000000004,-9.9352999999999998,gough,Tristan da Cunha,Atlantic Ocean - South,Saint Helena,"""Wounds found on two live chicks and injuries found on Atlantic Pterodroma incerta petrel chicks strongly suggest that feral house mice Mus musculus are the most likely predator of Tristan albatross chicks (Cuthbert and Hilton, in press).""",116,Mus musculus,,Diomedea dabbenena_Mus musculus
Diomedea dabbenena,"Wanless, R.M., Angel, A., Cuthbert, R.J., Hilton, G.M. and Ryan, P.G., 2007. Can predation by invasive mice drive seabird extinctions?. Biology letters, 3(3), pp.241-244.",NA,Predation,Predation,Predation,Mus musculus,,,Chicks,256,1,39,0,NA,NA,NA,NA,Gough Island,-40.318600000000004,-9.9352999999999998,gough,Tristan da Cunha,Atlantic Ocean - South,Saint Helena,"""Mouse-induced mortality in 2004 was a significant cause of extremely poor breeding success for Tristan albatrosses, Diomedea dabbenena (0.27 fledglings/pair), and Atlantic petrels, Pterodroma incerta (0.33).""",117,Mus musculus,,Diomedea dabbenena_Mus musculus
Diomedea dabbenena,"Connan, M., Jones, C.W., Risi, M.M., Smyth, L.K., Oppel, S., Perold, V., Stevens, K.L., Daling, R. and Ryan, P.G., 2023. First evidence of mouse predation killing adult great albatrosses. Biological Invasions, pp.1-7.",NA,Predation,Predation,Predation,Mus musculus,,,Adults,NA,1,,0,NA,NA,NA,NA,Gough Island,-40.318600000000004,-9.9352999999999998,gough,Tristan da Cunha,Atlantic Ocean - South,Saint Helena,"""On Gough Island, three Tristan Albatrosses Diomedea dabbenena (Critically Endangered) brooding small chicks were observed with wounds typical of mouse attacks in March–April 2021; two likely abandoned their chick, causing breeding failure, and the third was found dead eight days after discovery with large blowfly larvae in the wound. On Marion Island, two wounded and eight dead adult Wandering Albatrosses D. exulans (Vulnerable) were found in April 2023. Inspection of the wounded individuals, as well as the injuries on the fresh carcasses strongly suggest that mouse predation was the cause of death.""",118,Mus musculus,,Diomedea dabbenena_Mus musculus
Diomedea dabbenena,"Oppel, S., Clark, B.L., Risi, M.M., Horswill, C., Converse, S.J., Jones, C.W., Osborne, A.M., Stevens, K., Perold, V., Bond, A.L. and Wanless, R.M., 2022. Cryptic population decrease due to invasive species predation in a long‐lived seabird supports need for eradication. Journal of Applied Ecology, 59(8), pp.2059-2070.",NA,Population,Abundance,Temporal,Mus musculus,,0,NA,NA,0,,1,0,1,0,0,Gough Island,-40.318600000000004,-9.9352999999999998,gough,Tristan da Cunha,Atlantic Ocean - South,Saint Helena,"""The adult breeding population remained stable between 2004 and 2021"" ""Mice have ... affected breeding success of seabirds since at least 2000 when the low breeding success was first noticed… Mice have recently been observed attacking adult albatrosses""",119,Mus musculus,,Diomedea dabbenena_Mus musculus
Diomedea dabbenena,"Oppel, S., Clark, B.L., Risi, M.M., Horswill, C., Converse, S.J., Jones, C.W., Osborne, A.M., Stevens, K., Perold, V., Bond, A.L. and Wanless, R.M., 2022. Cryptic population decrease due to invasive species predation in a long‐lived seabird supports need for eradication. Journal of Applied Ecology, 59(8), pp.2059-2070.",NA,Population,Abundance,Timing,Mus musculus,,,NA,NA,0,,0,NA,NA,NA,NA,Gough Island,-40.318600000000004,-9.9352999999999998,gough,Tristan da Cunha,Atlantic Ocean - South,Saint Helena,"""Mice have been present on Gough since the 19th century""",120,Mus musculus,,Diomedea dabbenena_Mus musculus
Diomedea dabbenena,"Davies, D., Dilley, B.J., Bond, A.L., Cuthbert, R.J. and Ryan, P.G., 2015. Trends and tactics of mouse predation on Tristan albatross Diomedea dabbenena chicks at Gough Island, South Atlantic Ocean. Avian Conservation & Ecology, 10(1).",NA,Predation,Predation,Predation,Mus musculus,,,Chicks,20,1,70,0,NA,NA,NA,NA,Gough Island,-40.318600000000004,-9.9352999999999998,gough,Tristan da Cunha,Atlantic Ocean - South,Saint Helena,"""We closely monitored the fates of 20 chicks... Only 5 of 20 chicks survived to fledge, and of the 15 failures, 14 (93%) were due to mouse predation.""",121,Mus musculus,,Diomedea dabbenena_Mus musculus
Diomedea dabbenena,"Bond, A.L., Carlson, C.J. and Burgio, K.R., 2019. Local extinctions of insular avifauna on the most remote inhabited island in the world. Journal of Ornithology, 160(1), pp.49-60.",NA,Population,Abundance,Timing,Rattus rattus,,,NA,NA,0,,0,NA,NA,NA,NA,Tristan da Cunha,-37.105200000000004,-12.277699999999999,tristan da cunha,Tristan da Cunha,Atlantic Ocean - South,Saint Helena,"""We estimate that all three species were likely extirpated from Tristan between 1869 and 1880 following a period of significant habitat alteration and human overexploitation, and only the albatross had a high probability of persistence when Black Rats (Rattus rattus) arrived in 1882, the previously assumed cause of extinction for all three species."" ""The Tristan Albatross likely went extinct on the main island of Tristan by 1880, in part owing to human persecution""",122,Rattus rattus,,Diomedea dabbenena_Rattus rattus
Diomedea exulans,"Connan, M., Jones, C.W., Risi, M.M., Smyth, L.K., Oppel, S., Perold, V., Stevens, K.L., Daling, R. and Ryan, P.G., 2023. First evidence of mouse predation killing adult great albatrosses. Biological Invasions, pp.1-7.",NA,Predation,Predation,Predation,Mus musculus,,,Adults,NA,1,,0,NA,NA,NA,NA,Marion Island,-46.912500000000001,37.743611000000001,marion,Prince Edward Islands,Indian Ocean - West,South Africa,"""On Gough Island, three Tristan Albatrosses Diomedea dabbenena (Critically Endangered) brooding small chicks were observed with wounds typical of mouse attacks in March–April 2021; two likely abandoned their chick, causing breeding failure, and the third was found dead eight days after discovery with large blowfly larvae in the wound. On Marion Island, two wounded and eight dead adult Wandering Albatrosses D. exulans (Vulnerable) were found in April 2023. Inspection of the wounded individuals, as well as the injuries on the fresh carcasses strongly suggest that mouse predation was the cause of death.""",123,Mus musculus,,Diomedea exulans_Mus musculus
Diomedea exulans,"Dilley, B.J., Schoombie, S., Schoombie, J. and Ryan, P.G., 2016. ‘Scalping’of albatross fledglings by introduced mice spreads rapidly at Marion Island. Antarctic Science, 28(2), pp.73-80.",NA,Predation,Predation,Predation,Mus musculus,,,Chicks,553,1,0.5,0,NA,NA,NA,NA,Marion Island,-46.912500000000001,37.743611000000001,marion,Prince Edward Islands,Indian Ocean - West,South Africa,"""The first mouse-injured wandering albatross (Diomedea exulans L.) chick was found in 2003 and since then attacks have continued at a low level affecting <1% of the population"" ""Remote cameras...confirmed that mice were responsible for wounds on [two] chicks"" ""The survey of chicks outside study colonies in June 2015 inspected 553 chicks (~ 70% of chicks outside study colonies), of which three (0.5%) had mouse wounds""",124,Mus musculus,,Diomedea exulans_Mus musculus
Diomedea exulans,"Dilley, B.J., Schoombie, S., Schoombie, J. and Ryan, P.G., 2016. ‘Scalping’of albatross fledglings by introduced mice spreads rapidly at Marion Island. Antarctic Science, 28(2), pp.73-80.",NA,Predation,Predation,Predation,Mus musculus,,,Chicks,268,1,0.56,0,NA,NA,NA,NA,Marion Island,-46.912500000000001,37.743611000000001,marion,Prince Edward Islands,Indian Ocean - West,South Africa,"""Since 2003, 21 wandering albatross chicks have been found with mouse wounds in the three study colonies (average 1.5 ± 1.6 per year, range 0–6, 268± 44 nests) monitored per year; Fig. 4)""",125,Mus musculus,,Diomedea exulans_Mus musculus
Diomedea exulans,"Jones, M.G.W. and Ryan, P.G., 2010. Evidence of mouse attacks on albatross chicks on sub-Antarctic Marion Island. Antarctic Science, 22(1), pp.39-42.",NA,Predation,Predation,Predation,Mus musculus,,,Chicks,1098,1,0.18,0,NA,NA,NA,NA,Marion Island,-46.912500000000001,37.743611000000001,marion,Prince Edward Islands,Indian Ocean - West,South Africa,"""We summarize evidence for mouse attacks on albatross chicks at sub-Antarctic Marion Island, where mice are also the only introduced mammal following the eradication of feral cats Felis catus in the early 1990s. Wounds consistent with mouse attacks have been found on wandering albatrosses Diomedea exulans since 2003 and dark-mantled sooty albatrosses Phoebetria fusca in 2009."" Data in Table 1",126,Mus musculus,,Diomedea exulans_Mus musculus
Ducula galeata,"Villard, P., De Visscher, M.N. and Balança, G., 2003. Population size, habitats and conservation of Marquesan Imperial Pigeon Ducula galeata. Bird Conservation International, 13(3), pp.189-197.",NA,Population,Reproductive success,Spatial,Rattus rattus,,,NA,NA,0,,0,NA,NA,NA,NA,Nuku Hiva,-8.8605,-140.1421,nuku hiva,Marquesas,Pacific Ocean - South East,French Polynesia,"""Introduced black rats Rattus rattus do not seem to be a threat for this bird"" ""The significant proportion of young pigeons observed during this study suggests that rats do not significantly jeopardize their breeding success"" ""Black rats Rattus rattus were present everywhere that Upe were found in our study and we even trapped them at the foot of several trees with an occupied nest.""",133,Rattus rattus,,Ducula galeata_Rattus rattus
Eudyptes moseleyi,"Barbraud, C., Delord, K., Le Bouard, F., Harivel, R., Demay, J., Chaigne, A. and Micol, T., 2021. Seabird population changes following mammal eradication at oceanic Saint-Paul Island, Indian Ocean. Journal for Nature Conservation, 63, p.126049.",NA,Population,Abundance,Timing,Rattus rattus,,,NA,NA,0,,0,NA,NA,NA,NA,Saint-Paul Island,-37.833199999999998,77.5505,amsterdam,Amsterdam and St. Paul Islands,Indian Ocean - West,French Southern Territories,"Northern rockhopper penguin were breeding on the island before and after rat eradication (Table 3). Number of breeding pairs or individuals were not provided, and number of chicks were recorded but not compared (Table 2)",140,Rattus rattus,,Eudyptes moseleyi_Rattus rattus
Eudyptes moseleyi,BirdLife International. 2020. Eudyptes moseleyi. The IUCN Red List of Threatened Species 2020: e.T22734408A184698049. https://dx.doi.org/10.2305/IUCN.UK.2020-3.RLTS.T22734408A184698049.en. Accessed on 06 February 2024.,NA,Predation,Predation,Predation,Mus musculus,,,NA,NA,0,,0,NA,NA,NA,NA,Gough Island,-40.318600000000004,-9.9352999999999998,gough,Tristan da Cunha,Atlantic Ocean - South,Saint Helena,"""Introduced house mice Mus musculus on Gough Island are known predators of seabirds but have not yet been recorded preying on penguins. The same applies to introduced rats Rattus norvegicus on Amsterdam Island and R. rattus on Tristan da Cunha.""",141,Mus musculus,,Eudyptes moseleyi_Mus musculus
Eudyptes moseleyi,BirdLife International. 2020. Eudyptes moseleyi. The IUCN Red List of Threatened Species 2020: e.T22734408A184698049. https://dx.doi.org/10.2305/IUCN.UK.2020-3.RLTS.T22734408A184698049.en. Accessed on 06 February 2024.,NA,Predation,Predation,Predation,Rattus norvegicus,,,NA,NA,0,,0,NA,NA,NA,NA,Amsterdam Island,-38.720199999999998,77.518900000000002,saint-paul,Amsterdam and St. Paul Islands,Indian Ocean - West,French Southern Territories,"""Introduced house mice Mus musculus on Gough Island are known predators of seabirds but have not yet been recorded preying on penguins. The same applies to introduced rats Rattus norvegicus on Amsterdam Island and R. rattus on Tristan da Cunha.""",142,Rattus norvegicus,,Eudyptes moseleyi_Rattus norvegicus
Eudyptes moseleyi,BirdLife International. 2020. Eudyptes moseleyi. The IUCN Red List of Threatened Species 2020: e.T22734408A184698049. https://dx.doi.org/10.2305/IUCN.UK.2020-3.RLTS.T22734408A184698049.en. Accessed on 06 February 2024.,NA,Predation,Predation,Predation,Rattus rattus,,,NA,NA,0,,0,NA,NA,NA,NA,Tristan da Cunha,-37.105200000000004,-12.277699999999999,tristan da cunha,Tristan da Cunha,Atlantic Ocean - South,Saint Helena,"""Introduced house mice Mus musculus on Gough Island are known predators of seabirds but have not yet been recorded preying on penguins. The same applies to introduced rats Rattus norvegicus on Amsterdam Island and R. rattus on Tristan da Cunha.""",143,Rattus rattus,,Eudyptes moseleyi_Rattus rattus
Eunymphicus cornutus,"Gula, R., Theuerkauf, J., Rouys, S. and Legault, A., 2010. An audio/video surveillance system for wildlife. European Journal of Wildlife Research, 56, pp.803-807.",NA,Predation,Predation,Predation,Rattus rattus,,,Unknown,NA,1,,0,NA,NA,NA,NA,New Caledonia,-20.904299999999999,165.61799999999999,new caledonia,New Caledonia Islands,Pacific Ocean - South West,New Caledonia,"A single predation event of parakeet by black rat recorded. Not stated whether the predation was of egg, chick or adult.",145,Rattus rattus,,Eunymphicus cornutus_Rattus rattus
Falco punctatus,"Cade, T.J. and Jones, C.G., 1993. Progress in restoration of the Mauritius kestrel. Conservation biology, 7(1), pp.169-175.",NA,Predation,Predation,Predation,Rattus rattus,,,"Eggs, chicks",NA,1,,0,NA,NA,NA,NA,Mauritius,-20.348400000000002,57.552199999999999,mauritius,Mauritius Islands,Indian Ocean - West,Mauritius,Mentions that rats are among predators of eggs and nestlings although mongooses seem more common predator,148,Rattus rattus,,Falco punctatus_Rattus rattus
Foudia aldabrana,BirdLife International. 2021. Foudia aldabrana. The IUCN Red List of Threatened Species 2021: e.T103811282A180471815. https://dx.doi.org/10.2305/IUCN.UK.2021-3.RLTS.T103811282A180471815.en. Accessed on 03 February 2024.,NA,Predation,Predation,Predation,Rattus rattus,,,"Eggs, chicks",NA,1,,0,NA,NA,NA,NA,"Aldabra Atoll, Seychelles",-9.4237000000000002,46.343299999999999,aladabra,Aldabra Atoll,Indian Ocean - West,Seychelles,"""Nest predators act across the island, and nesting success may be very low; with 48% of nestlings and 81% of eggs taken by predators such as Black Rats Rattus rattus (Safford 2013).""",150,Rattus rattus,,Foudia aldabrana_Rattus rattus
Foudia flavicans,BirdLife International. 2016. Foudia flavicans. The IUCN Red List of Threatened Species 2016: e.T22719159A94614670. https://dx.doi.org/10.2305/IUCN.UK.2016-3.RLTS.T22719159A94614670.en. Accessed on 11 November 2023.,NA,Population,Abundance,Timing,Rattus rattus,,,NA,NA,0,,0,NA,NA,NA,NA,Rodrigues,-19.724499999999999,63.427199999999999,rodrigues,Rodrigues,Indian Ocean - West,Mauritius,"""Black rat Rattus rattus is a predator of eggs and chicks, but F. flavicans has survived alongside it for hundreds of years.""",153,Rattus rattus,,Foudia flavicans_Rattus rattus
Foudia flavicans,BirdLife International. 2016. Foudia flavicans. The IUCN Red List of Threatened Species 2016: e.T22719159A94614670. https://dx.doi.org/10.2305/IUCN.UK.2016-3.RLTS.T22719159A94614670.en. Accessed on 11 November 2023.,NA,Predation,Predation,Predation,Rattus rattus,,,"Eggs, chicks",NA,1,,0,NA,NA,NA,NA,Rodrigues,-19.724499999999999,63.427199999999999,rodrigues,Rodrigues,Indian Ocean - West,Mauritius,"""Black rat Rattus rattus is a predator of eggs and chicks, but F. flavicans has survived alongside it for hundreds of years.""",154,Rattus rattus,,Foudia flavicans_Rattus rattus
Foudia rubra,"Safford, R.J., 1997. Nesting success of the Mauritius Fody Foudia rubra in relation to its use of exotic trees as nest sites. Ibis, 139(3), pp.555-559.","Safford, R.J., 1997. The destruction of source and sink habitats in the decline of the Mauritius Fody, Foudia rubra, an island-endemic bird. Biodiversity & Conservation, 6, pp.513-527.",Predation,Predation,Predation,Rattus rattus,,,Unknown,NA,1,,0,NA,NA,NA,NA,Mauritius,-20.348400000000002,57.552199999999999,mauritius,Mauritius Islands,Indian Ocean - West,Mauritius,"""Most nesting failure resulted from nest predation, apparently by exotic Black Rats Rattus rattus and Crab-eating Macaques""",155,Rattus rattus,,Foudia rubra_Rattus rattus
Fratercula arctica,"Lock, J., 2006. Eradication of brown rats Rattus norvegicus and black rats Rattus rattus to restore breeding seabird populations on Lundy Island, Devon, England. Conservation Evidence, 3(1), pp.111-113.",NA,Population,Abundance,Timing,Rattus rattus,,,NA,NA,1,,0,NA,NA,NA,NA,Lundy,51.178100000000001,-4.6673,lundy,Bristol Channel,Atlantic Ocean - North,United Kingdom,"""After the rats were removed, both Manx shearwaters and Atlantic puffins returned to Lundy to breed after an absence of many years.""",157,"Rattus rattus, Rattus norvegicus",,Fratercula arctica_Rattus rattus
Fratercula arctica,"Lock, J., 2006. Eradication of brown rats Rattus norvegicus and black rats Rattus rattus to restore breeding seabird populations on Lundy Island, Devon, England. Conservation Evidence, 3(1), pp.111-113.",NA,Population,Abundance,Timing,Rattus norvegicus,,,NA,NA,1,,0,NA,NA,NA,NA,Lundy,51.178100000000001,-4.6673,lundy,Bristol Channel,Atlantic Ocean - North,United Kingdom,"""After the rats were removed, both Manx shearwaters and Atlantic puffins returned to Lundy to breed after an absence of many years.""",157,"Rattus rattus, Rattus norvegicus",,Fratercula arctica_Rattus norvegicus
Fratercula arctica,"Brooke, M.D.L., Bonnaud, E., Dilley, B.J., Flint, E.N., Holmes, N.D., Jones, H.P., Provost, P., Rocamora, G., Ryan, P.G., Surman, C. and Buxton, R.T., 2018. Seabird population changes following mammal eradications on islands. Animal Conservation, 21(1), pp.3-12.",NA,Population,Abundance,Temporal,Rattus norvegicus,,1,NA,NA,1,,1,0,181 populations,1,0,"Ailsa Craig, Rouzic, Malban, Lundy",NA,NA,NA,NA,NA,NA,"Supplementary file provides ""lambda"" values relative to rat eradications. Three of 4 island eradications have lambda values >1 (population growth). The data is unpublished and raw data is not provided.",159,Rattus norvegicus,,Fratercula arctica_Rattus norvegicus
Gallinula comeri,"Bond, A.L., Carlson, C.J. and Burgio, K.R., 2019. Local extinctions of insular avifauna on the most remote inhabited island in the world. Journal of Ornithology, 160(1), pp.49-60.",NA,Population,Abundance,Timing,Rattus rattus,,,NA,NA,0,,1,NA,NA,NA,NA,Tristan da Cunha,-37.105200000000004,-12.277699999999999,tristan da cunha,Tristan da Cunha,Atlantic Ocean - South,Saint Helena,"""We used recently developed Bayesian methods, and sightings of mixed certainty compiled from historical documents, to estimate the extinction date of these three species from Tristan based on specimens. We estimate that all three species were likely extirpated from Tristan between 1869 and 1880 following a period of significant habitat alteration and human overexploitation, and only the albatross had a high probability of persistence when Black Rats (Rattus rattus) arrived in 1882, the previously assumed cause of extinction for all three species.""",164,Rattus rattus,,Gallinula comeri_Rattus rattus
Gallinula nesiotis,"Bond, A.L., Carlson, C.J. and Burgio, K.R., 2019. Local extinctions of insular avifauna on the most remote inhabited island in the world. Journal of Ornithology, 160(1), pp.49-60.",NA,Population,Abundance,Timing,Rattus rattus,,,NA,NA,0,,1,NA,NA,NA,0,Tristan da Cunha,-37.105200000000004,-12.277699999999999,tristan da cunha,Tristan da Cunha,Atlantic Ocean - South,Saint Helena,"""We estimate that all three species were likely extirpated from Tristan between 1869 and 1880 following a period of significant habitat alteration and human overexploitation, and only the albatross had a high probability of persistence when Black Rats (Rattus rattus) arrived in 1882, the previously assumed cause of extinction for all three species."" ""The Tristan Moorhen likely went extinct in 1874""",165,Rattus rattus,,Gallinula nesiotis_Rattus rattus
Hemignathus lucidus,BirdLife International. 2020. Hemignathus lucidus. The IUCN Red List of Threatened Species 2020: e.T103823595A181392751. https://dx.doi.org/10.2305/IUCN.UK.2020-3.RLTS.T103823595A181392751.en. Accessed on 04 February 2024.,NA,Population,Abundance,Timing,Rattus rattus,,,NA,NA,1,,0,NA,NA,NA,NA,O'hau,21.4389,-158.0001,o‘ahu,Hawaiian Islands,Pacific Ocean - North East,United States,"""This species went extinct sometime around the start of the 20th century… Multiple invasive species were already established on Oahu in the 19th century, with the arrival of Rattus rattus shortly followed by Small Indian Mongoose""",175,Rattus rattus,,Hemignathus lucidus_Rattus rattus
Hydrobates homochroa,"Newton, K.M., McKown, M., Wolf, C., Gellerman, H., Coonan, T., Richards, D., Harvey, A.L., Holmes, N., Howald, G., Faulkner, K. and Tershy, B.R., 2016. Response of native species 10 years after rat eradication on Anacapa Island, California. Journal of Fish and Wildlife Management, 7(1), pp.72-85.","Harvey, A.L., Mazurkiewicz, D.M., McKOWN, M.W., Barnes, K.W. and Parker, M.W., 2016. Changing breeding status of the ashy storm-petrel Oceanodroma homochroa on Anacapa Island, California. Marine Ornithology, 44, pp.93-97; Carter, H.R., Ainley, D.G., WOLF, S.G. and Weinstein, A.M., 2016. Range-wide conservation and science of the Ashy Storm-Petrel Oceanodroma homochroa. Marine Ornithology, 44, pp.53-62.",Population,Reproductive success,Timing,Rattus rattus,,,NA,NA,1,,0,NA,NA,NA,NA,Anacapa Island,34.004399999999997,-119.39960000000001,anacapa,Channel Islands,Pacific Ocean - North East,United States,"""No evidence of breeding ashy storm-petrels were found during sea cave searches pre- or post-eradication (2001 – 2010; Table 1) on Anacapa Island (Whitworth et al. 2012)."" ""We found one active nest containing a nearly fledged ASSP chick in 2011, representing the first breeding record for the island."" ""however, a small remnant population likely persisted in rat-inaccessible habitats before eradication, as judged from the 50 birds captured in mist nets in 1994 (Carter & Whitworth 2013)""",182,Rattus rattus,,Hydrobates homochroa_Rattus rattus
Hydrobates homochroa,"Newton, K.M., McKown, M., Wolf, C., Gellerman, H., Coonan, T., Richards, D., Harvey, A.L., Holmes, N., Howald, G., Faulkner, K. and Tershy, B.R., 2016. Response of native species 10 years after rat eradication on Anacapa Island, California. Journal of Fish and Wildlife Management, 7(1), pp.72-85.","Harvey, A.L., Mazurkiewicz, D.M., McKOWN, M.W., Barnes, K.W. and Parker, M.W., 2016. Changing breeding status of the ashy storm-petrel Oceanodroma homochroa on Anacapa Island, California. Marine Ornithology, 44, pp.93-97; Carter, H.R., Ainley, D.G., WOLF, S.G. and Weinstein, A.M., 2016. Range-wide conservation and science of the Ashy Storm-Petrel Oceanodroma homochroa. Marine Ornithology, 44, pp.53-62.",Predation,Predation,Predation,Mus musculus,,,NA,NA,1,,0,NA,NA,NA,NA,Farallon Islands,37.698599999999999,-123.0022,southeast farallon,Farallon Islands,Pacific Ocean - North East,United States,"""Mice were suspected of depredating… eggs and small chicks of the Ashy Storm-Petrel Oceanodroma homochroa on the Farallon Islands (Ainley et al. 1990)"" - Reference not online",183,Mus musculus,,Hydrobates homochroa_Mus musculus
Icterus oberi,"Allcorn, R.I., Hilton, G.M., Fenton, C., Atkinson, P.W., Bowden, C.G., Gray, G.A., Hulme, M., Madden, J., Mackley, E.K. and Oppel, S., 2012. Demography and breeding ecology of the critically endangered Montserrat Oriole. The Condor, 114(1), pp.227-235.",NA,Predation,Predation,Predation,Rattus rattus,,,Unknown,33,1,24,0,NA,NA,NA,NA,Montserrat,16.7425,-62.187399999999997,monserrat,Leeward Islands,Caribbean,British Overseas Territory,"""Both rats (n = 8) and Pearly-eyed Thrashers (n = 7) were recorded in similar proportions as nest predators.""",194,"Rattus rattus, Rattus norvegicus",,Icterus oberi_Rattus rattus
Icterus oberi,"Allcorn, R.I., Hilton, G.M., Fenton, C., Atkinson, P.W., Bowden, C.G., Gray, G.A., Hulme, M., Madden, J., Mackley, E.K. and Oppel, S., 2012. Demography and breeding ecology of the critically endangered Montserrat Oriole. The Condor, 114(1), pp.227-235.",NA,Predation,Predation,Predation,Rattus norvegicus,,,Unknown,33,1,24,0,NA,NA,NA,NA,Montserrat,16.7425,-62.187399999999997,monserrat,Leeward Islands,Caribbean,British Overseas Territory,"""Both rats (n = 8) and Pearly-eyed Thrashers (n = 7) were recorded in similar proportions as nest predators.""",194,"Rattus rattus, Rattus norvegicus",,Icterus oberi_Rattus norvegicus
Larus audouinii,"Prieto, J., González-Solís, J., Ruiz, X. and Jover, L., 2003. Can rats prey on gull eggs? An experimental approach. Biodiversity & Conservation, 12, pp.2477-2486.",NA,Predation,Predation,Predation,Rattus rattus,,,NA,NA,0,,0,NA,NA,NA,NA,Chafarinas Islands,35.179078199999999,-2.4466017999999998,congreso,Chafarinas Archipelago,Mediterranean,Spain,"""Rats inhabiting breeding areas of gulls can scavenge on broken eggs rolled out of the nest or on eggs with softened shells after nest desertion, but it is unlikely that they prey on natural gull nests guarded by parents. We suggest that introduced black rats on Mediterranean islands can only marginally affect the productivity of gulls owing to egg predation""",198,Rattus rattus,,Larus audouinii_Rattus rattus
Larus heermanni,"Bowen, T., Velarde, E., Anderson, D.W. and Marlett, S.A., 2015. Federico Craveri and changes in nesting seabirds on Isla Rasa, Gulf of California, since 1856. The Southwestern Naturalist, pp.1-5.",NA,Population,Abundance,Timing,Rattus rattus,,,NA,NA,1,,0,NA,NA,NA,NA,Isla Rasa,28.823599999999999,-112.98,rasa,Gulf of California (Midriff Islands),Pacific Ocean - North East,Mexico,"""Egg collecting gradually decreased after 1964 when Isla Rasa was made a Nature Reserve and Migratory Bird Refuge (Ezcurra et al., 2002), but black rats (Rattus rattus) and house mice (Mus musculus), probably introduced during the guano mining era, continued to impact the breeding success of seabirds on the island. Since the eradication of these two rodents in 1995, the breeding success of Heermann’s gulls in rocky areas, where rodents had their greatest impact, has doubled, and the elegant tern nesting population has more than tripled (E. Velarde, pers. observ.).""",201,"Rattus rattus, Mus musculus",,Larus heermanni_Rattus rattus
Larus heermanni,"Bowen, T., Velarde, E., Anderson, D.W. and Marlett, S.A., 2015. Federico Craveri and changes in nesting seabirds on Isla Rasa, Gulf of California, since 1856. The Southwestern Naturalist, pp.1-5.",NA,Population,Abundance,Timing,Mus musculus,,,NA,NA,1,,0,NA,NA,NA,NA,Isla Rasa,28.823599999999999,-112.98,rasa,Gulf of California (Midriff Islands),Pacific Ocean - North East,Mexico,"""Egg collecting gradually decreased after 1964 when Isla Rasa was made a Nature Reserve and Migratory Bird Refuge (Ezcurra et al., 2002), but black rats (Rattus rattus) and house mice (Mus musculus), probably introduced during the guano mining era, continued to impact the breeding success of seabirds on the island. Since the eradication of these two rodents in 1995, the breeding success of Heermann’s gulls in rocky areas, where rodents had their greatest impact, has doubled, and the elegant tern nesting population has more than tripled (E. Velarde, pers. observ.).""",201,"Rattus rattus, Mus musculus",,Larus heermanni_Mus musculus
Loxioides bailleui,"Banko, P.C., Oboyski, P.T., Slotterback, J.W., Dougill, S.J., Goltz, D.M., Johnson, L., Laut, M.E. and Murray, T.C., 2002. Availability of food resources, distribution of invasive species, and conservation of a Hawaiian bird along a gradient of elevation. Journal of Biogeography, 29(5‐6), pp.789-808.","Banko, P. C. and Farmer, C. 2014. Palila restoration research, 1996-2012. Hawai‘i Cooperative Studies Unit Technical Report HCSU-046. University of Hawai‘i at Hilo. Available at: http://www.uhh.hawaii.edu/hcsu/publications.php].",Population,Abundance,Temporal,Rattus rattus,,,NA,NA,0,,0,NA,NA,NA,NA,Mauna Kea Volcano,19.472100000000001,-155.59219999999999,hawaiʻi,Hawaiian Islands,Pacific Ocean - North East,United States,"""Rattus is rare in Loxioides habitat""",206,Rattus rattus,,Loxioides bailleui_Rattus rattus
Loxioides bailleui,"Banko, P. C. and Farmer, C. 2014. Palila restoration research, 1996-2012. Hawai‘i Cooperative Studies Unit Technical Report HCSU-046. University of Hawai‘i at Hilo. Available at: http://www.uhh.hawaii.edu/hcsu/publications.php].","VanderWerf, E. A. 2012. Hawaiian Bird Conservation Action Plan: NWHI Passerines. Honolulu, Hawaii http://large.stanford.edu/courses/2017/ph241/lewis1/docs/HBCAP_complete1.pdf",Predation,Predation,Predation,Rattus rattus,,,Unknown,NA,1,,0,NA,NA,NA,NA,Mauna Kea Volcano,19.472100000000001,-155.59219999999999,hawaiʻi,Hawaiian Islands,Pacific Ocean - North East,United States,"""Rats (Rattus rattus), which are more abundant where naio trees are co-dominant with māmane (Amarasekare 1994), also destroy some palila nests (Banko et al. 2002a).""",207,Rattus rattus,,Loxioides bailleui_Rattus rattus
Loxioides bailleui,"Amarasekare, P., 1994. Ecology of introduced small mammals on western Mauna Kea, Hawaii. Journal of Mammalogy, 75(1), pp.24-38.",NA,Population,Abundance,Spatial,Rattus rattus,,,NA,NA,0,,0,NA,NA,NA,NA,Mauna Kea Volcano,19.472100000000001,-155.59219999999999,hawaiʻi,Hawaiian Islands,Pacific Ocean - North East,United States,"""distributions of rats and palila, as well as their microhabitat preferences, appear to be independent. Absence of palila in the lower elevations, where rats are most abundant, is likely a result of habitat destruction by heavy grazing rather than predation. Rats attain their lowest densities in areas of highest abundance of palila, which is inconsistent with a predator-prey interaction but is well explained by elevational variation in availability of microhabitats.""",208,Rattus rattus,,Loxioides bailleui_Rattus rattus
Mimus trifasciatus,"Curry, R.L., 1986. Whatever happened to the Floreana mockingbird? Notícias de Galápagos 43: 13-15.",NA,Predation,Predation,Predation,Rattus rattus,,,Unknown,Unknown,1,30,0,NA,NA,NA,NA,Floreana Island,-1.3083,-90.431399999999996,floreana,Galapagos Islands,Pacific Ocean - North East,Ecuador,"""My studies on San Cristóbal in 1984 indicated that introduced black rats (Rattus rattus) can have a large detrimental impact on mockingbird nesting success. Clutches in at least 31% of the nests 1 studied at Cerro Brujo on San Cristóbal were destroyed by rats""",222,Rattus rattus,,Mimus trifasciatus_Rattus rattus
Mohoua ochrocephala,"O'Donnell, C.F. and Phillipson, S.M., 1996. Predicting the incidence of mohua predation from the seedfall, mouse, and predator fluctuations in beech forests. New Zealand Journal of Zoology, 23(3), pp.287-293.",NA,Population,Reproductive success,Temporal,Rattus rattus,,1,NA,NA,1,,1,0,2 sites,1,0,Arthur's Pass National Park,-42.936300000000003,171.7251,south,Motunau Islands,Pacific Ocean - South West,New Zealand,See Table 2,225,Rattus rattus,,Mohoua ochrocephala_Rattus rattus
Mohoua ochrocephala,"O'Donnell, C.F. and Hoare, J.M., 2012. Quantifying the benefits of long-term integrated pest control for forest bird populations in a New Zealand temperate rainforest. New Zealand Journal of Ecology, pp.131-140.",NA,Population,Abundance,Temporal,Rattus rattus,,0,NA,NA,0,,1,0,1,1,0,Landsborough Valley,-45.408499999999997,167.35910000000001,fiordland,Fiordland Islands,Pacific Ocean - South West,New Zealand,"Figure 3,4",226,Rattus rattus,,Mohoua ochrocephala_Rattus rattus
Mohoua ochrocephala,"Dilks, P., Willans, M., Pryde, M. and Fraser, I., 2003. Large scale stoat control to protect mohua (Mohoua ochrocephala) and kaka (Nestor meridionalis) in the Eglinton Valley, Fiordland, New Zealand. New Zealand Journal of Ecology, pp.1-9.",NA,Population,Abundance,Temporal,Rattus rattus,,0,NA,NA,1,,1,0,1,1,0,Fiordland,-43.9711,169.46780000000001,south,Lake Hawea,Pacific Ocean - South West,New Zealand,See Figure 2-4,227,Rattus rattus,,Mohoua ochrocephala_Rattus rattus
Mohoua ochrocephala,"Tilson, J. (2024) Breeding success and survival of mohua at Makarora during the 2023 rat plague, and implications for future management. Southern Lakes Sanctuary","Whitmore, N. (2021) An analysis of Makarora Mohua encounter rate 2011 -2020. Unpublished report for Central Otago Lakes Branch of Forest & Bird.; Whitmore, N. (2023a) An analysis of Mohua encounter rates at five South Island sites. Report for Department of Conservation.; Whitmore, N. (2023b) An analysis of Mohua encounter rates at Makarora 2011 – 2022. Southern Lakes Sanctuary unpublished report.",Population,Abundance,Temporal,Rattus rattus,,0,NA,NA,1,,1,0,1,0,0,Makarora,-44.231900000000003,169.2313,south,Lake Wanaka,Pacific Ocean - South West,New Zealand,"Fig 4, Table 3",228,Rattus rattus,,Mohoua ochrocephala_Rattus rattus
Myadestes palmeri,"Snetsinger, T.J., Herrmann, C.M., Holmes, D.E., Hayward, C.D. and Fancy, S.G., 2005. Breeding ecology of the Puaiohi (Myadestes palmeri). The Wilson Bulletin, 117(1), pp.72-84.",NA,Predation,Predation,Predation,Rattus rattus,,,"Eggs, chicks, adults",81,1,5,NA,NA,NA,NA,NA,Kauai,22.096399999999999,-159.52610000000001,kauai,Hawaiian Islands,Pacific Ocean - North East,United States,"""There was no evidence of rat predation at any of the nests with rat bait stations.""",235,Rattus rattus,,Myadestes palmeri_Rattus rattus
Myadestes palmeri,"Snetsinger, T.J., Herrmann, C.M., Holmes, D.E., Hayward, C.D. and Fancy, S.G., 2005. Breeding ecology of the Puaiohi (Myadestes palmeri). The Wilson Bulletin, 117(1), pp.72-84.",NA,Lethal program,Reproductive success,Spatial,Rattus rattus,,,NA,NA,1,,0,NA,NA,NA,NA,Kauai,22.096399999999999,-159.52610000000001,kauai,Hawaiian Islands,Pacific Ocean - North East,United States,"""Nest fate and nest protection with rat poison were not independent (x2 5 11.62, df 5 4, P 5 0.020). At protected nests, rat predation was 0%, owl or unknown predation was 3.7%, non-predation failure was 0%, unknown failure was 0%, and 96.3% fledged $1 young. At unprotected nests, rat predation was 7.4%, owl or unknown predation was 13.0%, non-predation failure was 16.7%, unknown failure was 1.9%, and 61.1% fledged $1 young. Nest failures confirmed to have been caused by rat predation increased from 0% in 1996 and 1997 to 36% (n 5 11 failures) in 1998, when eggs, nestlings, and an incubating female Puaiohi were depredated by rats. However, 8% of nests in 1996 and 3% of nests in 1997 failed due to unknown causes, at least a portion of which may have been caused by rat predation.",236,Rattus rattus,,Myadestes palmeri_Rattus rattus
Nesospiza acunhae,"Bond, A.L., Carlson, C.J. and Burgio, K.R., 2019. Local extinctions of insular avifauna on the most remote inhabited island in the world. Journal of Ornithology, 160(1), pp.49-60.",NA,Population,Abundance,Timing,Rattus rattus,,0,NA,NA,0,,1,0,1 island,1,NA,Tristan da Cunha,-37.105200000000004,-12.277699999999999,tristan da cunha,Tristan da Cunha,Atlantic Ocean - South,Saint Helena,"""We estimate that all three species were likely extirpated from Tristan between 1869 and 1880 following a period of significant habitat alteration and human overexploitation, and only the albatross had a high probability of persistence when Black Rats (Rattus rattus) arrived in 1882, the previously assumed cause of extinction for all three species."" ""The Inaccessible Finch likely went extinct in 1869.""",245,Rattus rattus,,Nesospiza acunhae_Rattus rattus
Notiomystis cincta,NA,NA,Population,Abundance,Timing,Rattus rattus,,,NA,NA,1,,0,NA,NA,NA,NA,North Island,-39.2378,175.60239999999999,north,Hawke's Bay,Pacific Ocean - South West,New Zealand,"""If predation was the cause, the black rat (Rattus rattus), an arboreal nest-predator, is most likely to have been responsible because its spread through the North Island in the 1870s (Atkinson 1973) coincided with the period of the Stitchbird's greatest decline.""",247,Rattus rattus,,Notiomystis cincta_Rattus rattus
Otus insularis,"Currie, D.; Fanchette, R.; Millett, J.; Hoareau, C.; Shah, N. J. 2004. The breeding biology of the critically endangered Seychelles Scops-owl Otus insularis: consequences for conservation and management. Bird Conservation International 14: 123-137.",NA,Predation,Predation,Predation,Rattus rattus,,,Unknown,8,1,25,0,NA,NA,NA,NA,"Mahé, Seychelles",-4.6826999999999996,55.480400000000003,mahé,Seychelles,Indian Ocean - West,Seychelles,"""The nesting success of study pairs was low. Of the eight nests found only two successfully fledged a chick. At least two nests, and probably a third, failed due to de-predation by a mammal, almost certainly Black Rat Rattus rattus.""",253,Rattus rattus,,Otus insularis_Rattus rattus
Pachyptila macgillivrayi,"Barbraud, C., Delord, K., Le Bouard, F., Harivel, R., Demay, J., Chaigne, A. and Micol, T., 2021. Seabird population changes following mammal eradication at oceanic Saint-Paul Island, Indian Ocean. Journal for Nature Conservation, 63, p.126049.",NA,Population,Abundance,Timing,Rattus rattus,,,NA,NA,1,,0,NA,NA,NA,NA,Saint-Paul Island,-40.318600000000004,-9.9352999999999998,gough,Tristan da Cunha,Atlantic Ocean - South,Saint Helena,"For two prion species combined: ""The most important population increases following eradication were for prions and flesh-footed shearwaters. This was particularly clear for prions which were not breeding on Saint-Paul prior to rat eradication due to rat predation. Although our population estimates are imprecise, we are quite confident in their accuracy since two independent monitoring methods gave relatively similar results for MacGillivray’s prion in colony 2."" Also Table 3 shows this prion breeding on the island in the after eradication survey but not in the before survey",257,Rattus rattus,,Pachyptila macgillivrayi_Rattus rattus
Pachyptila macgillivrayi,"Dilley, B.J., Davies, D., Bond, A.L. and Ryan, P.G., 2015. Effects of mouse predation on burrowing petrel chicks at Gough Island. Antarctic Science, 27(6), pp.543-553.",NA,Predation,Predation,Predation,Mus musculus,,,Chicks,NA,1,,0,NA,NA,NA,NA,Gough Island,-40.318600000000004,-9.9352999999999998,gough,Tristan da Cunha,Atlantic Ocean - South,Saint Helena,"""Mice killed the chicks of the recently discovered summer-breeding MacGillivray’s prion (Pachyptila macgillivrayi Mathews), with a chick mortality rate of 82%in 2013/14 and 100% in 2014/15.""",258,Mus musculus,,Pachyptila macgillivrayi_Mus musculus
Pelecanoides whenuahouensis,"Holdaway, R.N., Jones, M.D. and Athfield, N.R.B., 2003. Establishment and extinction of a population of South Georgian diving petrel (Pelecanoides georgicus) at Mason Bay, Stewart Island, New Zealand, during the late Holocene. Journal of the Royal society of New Zealand, 33(3), pp.601-622.",NA,Population,Abundance,Timing,Rattus exulans,,,NA,NA,1,,0,NA,NA,NA,NA,Stewart Island,-46.773299999999999,167.63210000000001,whenua hou/ codfish,Stewart Islands,Pacific Ocean - South West,New Zealand,"""...statistical analysis… gave a 95% probability that the diving petrel colony was founded between 1338 and 1440 ad, lasted 40–310 years, and became extinct between 1475 and 1650 ad… analysis of five 14C AMS determinations on Pacific rat bone gelatin did not exclude the possibility that the Pacific rat arrived before the diving petrel colony was established. However, the enriched 513C of their bone gelatin suggests that the rats had a partially marine diet, and a terrestrial calibration procedure for their AMS ages was probably not appropriate""",268,Rattus exulans,,Pelecanoides whenuahouensis_Rattus exulans
Pelecanoides whenuahouensis,"Fischer, J.H., Taylor, G.A., Cole, R., Debski, I., Armstrong, D.P. and Wittmer, H.U., 2020. Population growth estimates of a threatened seabird indicate necessity for additional management following invasive predator eradications. Animal Conservation, 23(1), pp.94-103.",NA,Population,Abundance,Timing,Rattus exulans,,,NA,NA,0,,0,NA,NA,NA,NA,Codfish Island,-47.010300000000001,167.8272,stewart (rakiura),Stewart Islands,Pacific Ocean - South West,New Zealand,"""Both estimates of Nt and k (based on pd,t data informed all 11 experts) indicated that the WHDP population was slowly increasing before invasive predator eradications and still is slowly increasing after- wards….The lack of change between the pre- and post-eradication k and the low post-eradication k indicated that after the inva- sive predator eradications other factors remained that limit the WHDP population growth and that additional manage- ment is required."" But see Figure 4",269,Rattus exulans,,Pelecanoides whenuahouensis_Rattus exulans
Phoebastria immutabilis,"Work, T.M., Duhr, M. and Flint, B., 2021. Pathology of house mouse (Mus musculus) predation on Laysan albatross (Phoebastria immutabilis) on Midway Atoll National Wildlife Refuge. The Journal of Wildlife Diseases, 57(1), pp.125-131.",NA,Predation,Predation,Predation,Mus musculus,,,"Chicks, adults",NA,1,,0,NA,NA,NA,NA,Midway Atoll National Wildlife Refuge,28.248200000000001,-177.33349999999999,midway atoll,Hawaiian Islands (Midway Atoll),Pacific Ocean - North East,United States,"""we show that, in addition to chicks, house mice (Mus musculus) prey on adult nesting LAAL on Midway Atoll""",275,Mus musculus,,Phoebastria immutabilis_Mus musculus
Phoebastria immutabilis,"Holthuijzen, W.A., Flint, E.N., Green, S.J., Plissner, J.H., Simberloff, D., Sweeney, D., Wolf, C.A. and Jones, H.P., 2023. An invasive appetite: Combining molecular and stable isotope analyses to reveal the diet of introduced house mice (Mus musculus) on a small, subtropical island. Plos one, 18(10), p.e0293092.",NA,Predation,Predation,Predation,Mus musculus,,,"Chicks, adults",NA,1,,0,NA,NA,NA,NA,Midway Atoll National Wildlife Refuge,28.248200000000001,-177.33349999999999,midway atoll,Hawaiian Islands (Midway Atoll),Pacific Ocean - North East,United States,"""House mouse diet on Sand Island is dominated by arthropods (62%), with C3 plants, C4 plants, and mōlī contributing nearly equal proportions (15%, 12%, and 12%, respectively; Fig 3A, S4 Table).""",276,Mus musculus,,Phoebastria immutabilis_Mus musculus
Phoebetria fusca,"Cuthbert, R.J., Louw, H., Parker, G., Rexer-Huber, K. and Visser, P., 2013. Observations of mice predation on dark-mantled sooty albatross and Atlantic yellow-nosed albatross chicks at Gough Island. Antarctic Science, 25(6), pp.763-766.",NA,Predation,Predation,Predation,Mus musculus,,,Chicks,NA,1,,0,NA,NA,NA,NA,Gough Island,-40.318600000000004,-9.9352999999999998,gough,Tristan da Cunha,Atlantic Ocean - South,Saint Helena,"""Fig. 1. a. The carcass of a sooty albatross chick with wounds to its belly and abdomen and exposed viscera, and b. location of the mouse hole within the nest and beneath the carcass of the chick.",277,Mus musculus,,Phoebetria fusca_Mus musculus
Phoebetria fusca,"Barbraud, C., Delord, K., Le Bouard, F., Harivel, R., Demay, J., Chaigne, A. and Micol, T., 2021. Seabird population changes following mammal eradication at oceanic Saint-Paul Island, Indian Ocean. Journal for Nature Conservation, 63, p.126049.",NA,Population,Abundance,Timing,Rattus rattus,,,NA,NA,0,,0,NA,NA,NA,NA,Saint-Paul Island,-46.912500000000001,37.743611000000001,marion,Prince Edward Islands,Indian Ocean - West,South Africa,No difference in number of Sooty Albatross breeding pairs before and after rat eradication (Table 2),278,Rattus rattus,,Phoebetria fusca_Rattus rattus
Phoebetria fusca,"Dilley, B.J., Schoombie, S., Schoombie, J. and Ryan, P.G., 2016. ‘Scalping’of albatross fledglings by introduced mice spreads rapidly at Marion Island. Antarctic Science, 28(2), pp.73-80.",NA,Predation,Predation,Predation,Mus musculus,,,Chicks,1045,1,4.3,0,NA,NA,NA,NA,Marion Island,-46.912500000000001,37.743611000000001,marion,Prince Edward Islands,Indian Ocean - West,South Africa,"""In 2015, mice attacked large chicks of all three albatross species that fledge in autumn: grey-headed (Thalassarche chrysostoma Forster) (at least 102 wounded chicks; 4.6% of fledglings), sooty (n = 45, 4.3%) and light-mantled albatross (P. palpebrata Forster) (n = 1, 4%). Filming at night confirmed that mice were responsible for wounds.""",279,Mus musculus,,Phoebetria fusca_Mus musculus
Phoebetria fusca,"Jones, M.G.W. and Ryan, P.G., 2010. Evidence of mouse attacks on albatross chicks on sub-Antarctic Marion Island. Antarctic Science, 22(1), pp.39-42.",NA,Predation,Predation,Predation,Mus musculus,,,Chicks,NA,1,,0,NA,NA,NA,NA,Marion Island,-38.720199999999998,77.518900000000002,saint-paul,Amsterdam and St. Paul Islands,Indian Ocean - West,French Southern Territories,"""We summarize evidence for mouse attacks on albatross chicks at sub-Antarctic Marion Island, where mice are also the only introduced mammal following the eradication of feral cats Felis catus in the early 1990s. Wounds consistent with mouse attacks have been found on wandering albatrosses Diomedea exulans since 2003 and dark-mantled sooty albatrosses Phoebetria fusca in 2009."" ""However, in April 2009 localized attacks were recorded on dark-mantled sooty albatross chicks at Marion Island. Seven of 19 large chicks on two ledges of an inland cliff in the south-west of the island (Old Sea Cliffs, Toffee Lava) bore open wounds on the backs of their heads and/or necks (Fig. 2) similar to wounds observed on some Tristan albatross chicks on Gough Island""",280,Mus musculus,,Phoebetria fusca_Mus musculus
Phoebetria palpebrata,"Dilley, B.J., Schoombie, S., Schoombie, J. and Ryan, P.G., 2016. ‘Scalping’of albatross fledglings by introduced mice spreads rapidly at Marion Island. Antarctic Science, 28(2), pp.73-80.",NA,Predation,Predation,Predation,Mus musculus,,,Chicks,25,1,4,0,NA,NA,NA,NA,Marion Island,-46.912500000000001,37.743611000000001,marion,Prince Edward Islands,Indian Ocean - West,South Africa,"""In 2015, mice attacked large chicks of all three albatross species that fledge in autumn: grey-headed (Thalassarche chrysostoma Forster) (at least 102 wounded chicks; 4.6% of fledglings), sooty (n = 45, 4.3%) and light-mantled albatross (P. palpebrata Forster) (n = 1, 4%). Filming at night confirmed that mice were responsible for wounds.""",281,Mus musculus,,Phoebetria palpebrata_Mus musculus
Pomarea dimidiata,"Robertson, H.A., Hay, J.R., Saul, E.K. and Mccormack, G.V., 1994. Recovery of the kakerori: an endangered forest bird of the Cook Islands. Conservation Biology, 8(4), pp.1078-1086.","Chan, C.H., Robertson, H.A., Saul, E.K., Nia, L.V., Luong, V.P., Kong, X., Zhao, Y. and Chambers, G.K., 2011. Genetic variation in the kakerori (Pomarea dimidiata), an endangered endemic bird successfully recovering in the Cook Islands. Conservation Genetics, 12, pp.441-447; BirdLife International. 2018. Pomarea dimidiata. The IUCN Red List of Threatened Species 2018: e.T22707172A132072143. https://dx.doi.org/10.2305/IUCN.UK.2018-2.RLTS.T22707172A132072143.en. Accessed on 14 December 2023.",Lethal program,Reproductive success,Temporal,Rattus rattus,,,NA,NA,1,,0,NA,NA,NA,NA,Rarotonga,-21.229199999999999,-159.77629999999999,rarotoka (centre),Foveaux Strait,Pacific Ocean - South West,New Zealand,"""nesting success was significantly better where we poisoned rats"" In the Chan study Fig. 2 shows that Kakerori population size on Rarotonga increased between 1987 and 2007 to around 300 birds; the IUCN now lists them as 500 (including an introduced population)",284,Rattus rattus,,Pomarea dimidiata_Rattus rattus
Pomarea fluxa,BirdLife International. 2016. Pomarea fluxa. The IUCN Red List of Threatened Species 2016: e.T22732926A95051671. https://dx.doi.org/10.2305/IUCN.UK.2016-3.RLTS.T22732926A95051671.en. Accessed on 16 November 2023.,NA,Population,Abundance,Timing,Rattus exulans,,,NA,NA,1,,0,NA,NA,NA,NA,Marquesas Islands,-9.7812000000000001,-139.08170000000001,hiva oa,Marquesas,Pacific Ocean - South East,French Polynesia,"""Introduced predators including feral cats, Polynesian rat Rattus exulans and possibly black rat R. rattus were present on the island at the time of the species's demise, and may have contributed to declines""",285,"Rattus exulans, Rattus rattus",,Pomarea fluxa_Rattus exulans
Pomarea fluxa,BirdLife International. 2016. Pomarea fluxa. The IUCN Red List of Threatened Species 2016: e.T22732926A95051671. https://dx.doi.org/10.2305/IUCN.UK.2016-3.RLTS.T22732926A95051671.en. Accessed on 16 November 2023.,NA,Population,Abundance,Timing,Rattus rattus,,,NA,NA,1,,0,NA,NA,NA,NA,Marquesas Islands,-9.7812000000000001,-139.08170000000001,hiva oa,Marquesas,Pacific Ocean - South East,French Polynesia,"""Introduced predators including feral cats, Polynesian rat Rattus exulans and possibly black rat R. rattus were present on the island at the time of the species's demise, and may have contributed to declines""",285,"Rattus exulans, Rattus rattus",,Pomarea fluxa_Rattus rattus
Pomarea nigra,"Thibault, J.C., Martin, J.L., Penloup, A. and Meyer, J.Y., 2002. Understanding the decline and extinction of monarchs (Aves) in Polynesian Islands. Biological conservation, 108(2), pp.161-174.",NA,Population,Abundance,Timing,Rattus rattus,,,NA,NA,0,,0,NA,NA,NA,NA,Tahiti,-17.6509,-149.42599999999999,tahiti nue,Society Islands,Pacific Ocean - South East,French Polynesia,"Table 2, Tahiti monarch co-occurred with black rats since the 19th century",288,Rattus rattus,,Pomarea nigra_Rattus rattus
Pomarea nigra,"Blanvillain, C., Salducci, J.M., Tutururai, G. and Maeura, M., 2003. Impact of introduced birds on the recovery of the Tahiti Flycatcher (Pomarea nigra), a critically endangered forest bird of Tahiti. Biological conservation, 109(2), pp.197-205.",NA,Population,Reproductive success,Spatiotemporal,Rattus rattus,,1,NA,NA,1,,1,1,4,1,0,Tahiti,-17.6509,-149.42599999999999,tahiti nue,Society Islands,Pacific Ocean - South East,French Polynesia,"""Rat control campaigns involved two valleys in 1998, three in 1999, and four in 2000.""... ""In 1999 and 2000, several transects of snap-traps were set before and 10 weeks after the start of the rat control campaign to establish the impact of the campaign on rodent density."" ""According to the situation of each nest, the nesting tree and the surrounding trees were banded with a metal sleeve to prevent rats climbing to the nest. Except for a few nests in 1998 and nests which were not found, all nests were protected using this method."" Study method unclear - there are ""protected"" and ""unprotected"" nests (Table 2) but all nests were banded to reduce rats climbing to nests (as quoted)",289,Rattus rattus,,Pomarea nigra_Rattus rattus
Pomarea whitneyi,"Ghestemme, T., Matohi, A., Blanvillain, C., Portier, E. and O’BRIEN, M.A.R.K., 2019. Catastrophic decline and subsequent conservation management of the Critically Endangered Fatu Hiva Monarch Pomarea whitneyi in the Marquesas Islands (French Polynesia). Bird Conservation International, 29(4), pp.598-615.",NA,Lethal program,Abundance,Temporal,Rattus rattus,,,NA,NA,0,,0,NA,NA,NA,NA,Fatu Hiva,-10.490500000000001,-138.6489,fatu hiva,Marquesas,Pacific Ocean - South East,French Polynesia,"Table 2 and Figure 1 show population decline while internsive rat (and cat) control continued - ""Rat control started in 2007 in the monarch territories and has been undertaken throughout the year since 2009"" ""Our initial assumption that controlling rats would improve breeding success, as observed for Tahiti and Rarotonga Monarchs, proved to be correct. However, in contrast to studies on the latter species, the improvement in breeding success for Fatu Hiva Monarch has not resulted in population increase. "" ""Our initial assumption that controlling rats would improve breeding success, as observed for Tahiti and Rarotonga Monarchs, proved to be correct. However, in contrast to studies on the latter species, the improvement in breeding success for Fatu Hiva Monarch has not resulted in population increase. """,291,Rattus rattus,,Pomarea whitneyi_Rattus rattus
Pomarea whitneyi,"Ghestemme, T., Matohi, A., Blanvillain, C., Portier, E. and O’BRIEN, M.A.R.K., 2019. Catastrophic decline and subsequent conservation management of the Critically Endangered Fatu Hiva Monarch Pomarea whitneyi in the Marquesas Islands (French Polynesia). Bird Conservation International, 29(4), pp.598-615.",NA,Lethal program,Reproductive success,Temporal,Rattus rattus,,,NA,NA,1,,0,NA,NA,NA,NA,Fatu Hiva,-10.490500000000001,-138.6489,fatu hiva,Marquesas,Pacific Ocean - South East,French Polynesia,"Figure 4 - Number of 2 month old chicks increases over time with high intensity rat poisoning and cat killing + ""we made 16 observations of newly-discovered pairs prior to the establishment of rat control on these territories. These pairs showed no sign of active breeding (neither nest building, chick rearing nor fledgling observed). While this is a very small sample size, it suggests that, in absence of rat control, Fatu Hiva Monarch nesting success was low.""",292,Rattus rattus,,Pomarea whitneyi_Rattus rattus
Pomarea whitneyi,"Ghestemme, T., Matohi, A., Blanvillain, C., Portier, E. and O’BRIEN, M.A.R.K., 2019. Catastrophic decline and subsequent conservation management of the Critically Endangered Fatu Hiva Monarch Pomarea whitneyi in the Marquesas Islands (French Polynesia). Bird Conservation International, 29(4), pp.598-615.",NA,Predation,Predation,Predation,Rattus rattus,,,Chicks,64,1,1.56,0,NA,NA,NA,NA,Fatu Hiva,-10.490500000000001,-138.6489,fatu hiva,Marquesas,Pacific Ocean - South East,French Polynesia,"""Rat predation is considered responsible for one chick death."" + Table 4",293,Rattus rattus,,Pomarea whitneyi_Rattus rattus
Pomarea whitneyi,"Thibault, J.C., Martin, J.L., Penloup, A. and Meyer, J.Y., 2002. Understanding the decline and extinction of monarchs (Aves) in Polynesian Islands. Biological Conservation, 108(2), pp.161-174.",NA,Population,Reproductive success,Timing,Rattus rattus,,,NA,NA,1,,0,NA,NA,NA,NA,Fatu Hiva,-10.490500000000001,-138.6489,fatu hiva,Marquesas,Pacific Ocean - South East,French Polynesia,"(inconclusive) ""On Fatuiva the proportion of pairs with young decreased significantly after the colonization of the island by rats: none of the 20 pairs observed in the latter period had young."" This is based on Table 4 - in 1975 3 of 8 pairs had young, in 1998-2000 0 of 20 had young. Rats arrived in 2000. Unclear why 1998-1999 data is included here since rats are only known from 2000.",294,Rattus rattus,,Pomarea whitneyi_Rattus rattus
Pomarea whitneyi,BirdLife International. 2019. Pomarea whitneyi (amended version of 2018 assessment). The IUCN Red List of Threatened Species 2019: e.T22707192A155462058. https://dx.doi.org/10.2305/IUCN.UK.2019-3.RLTS.T22707192A155462058.en. Accessed on 11 January 2024.,NA,Population,Abundance,Timing,Rattus rattus,,,NA,NA,0,,0,NA,NA,NA,NA,Fatu Hiva,-10.490500000000001,-138.6489,fatu hiva,Marquesas,Pacific Ocean - South East,French Polynesia,"The species was listed Threatened ion 1988, and Vulnerable in 1994 and 1996. Black rats were recorded in 2000.",295,Rattus rattus,,Pomarea whitneyi_Rattus rattus
Procellaria aequinoctialis,"Jones, H.P., Towns, D.R., Bodey, T., Miskelly, C.M., Ellis, J.C., Rauzon, M.J., Kress, S.W. and McKown, M., 2011. Recovery and restoration on seabird islands. Seabird islands: ecology, invasion, and restoration, pp.317-357.",NA,Population,Abundance,Timing,Rattus norvegicus,,,NA,NA,1,,0,NA,NA,NA,NA,Campbell Island,-52.537199999999999,169.14449999999999,campbell,Campbell Islands,Pacific Ocean - South West,New Zealand,"""on Campbell Island, following the removal of Norway rats in 2001, white-chinned petrels (Procellaria aequinoctialis) and gray-backed storm petrels (Garrodia nereis) naturally recolonized within eight years from remnant populations on rock stacks and islets within 1–2 km of the main island.""",296,Rattus norvegicus,,Procellaria aequinoctialis_Rattus norvegicus
Procellaria aequinoctialis,"Jouventin, P., Bried, J. and Micol, T., 2003. Insular bird populations can be saved from rats: a long-term experimental study of white-chinned petrels Procellaria aequinoctialis on Ile de la Possession (Crozet archipelago). Polar Biology, 26, pp.371-378.",NA,Lethal program,Reproductive success,Temporal,Rattus rattus,,,NA,NA,0,,0,NA,NA,NA,NA,Ile de la Possession,-46.426900000000003,51.7378,possession,Crozet Islands,Indian Ocean - West,French Southern Territories,"Figure 1 - breeding success increased, (number of breeding pairs decreased) without obvious connection to poison baiting activities (low, high or none). Data on rat abundance is provided for 2 years without comparison to petrel numbers.",297,Rattus rattus,,Procellaria aequinoctialis_Rattus rattus
Procellaria aequinoctialis,"Jouventin, P., Bried, J. and Micol, T., 2003. Insular bird populations can be saved from rats: a long-term experimental study of white-chinned petrels Procellaria aequinoctialis on Ile de la Possession (Crozet archipelago). Polar Biology, 26, pp.371-378.",NA,Lethal program,Reproductive success,Spatial,Rattus rattus,,,NA,NA,0,,0,NA,NA,NA,NA,Ile de la Possession,-46.426900000000003,51.7378,possession,Crozet Islands,Indian Ocean - West,French Southern Territories,"Figure 1 - breeding success was higher in poisoned colony in 2 of 3 years (Table 3), (but the number of breeding pairs was higher) in non-poisoned colony in 1 of 3 years and appears similar in other 2 - no stats were provided. Data on rat abundance is provided for 2 years without comparison to petrel numbers. Thus, not defined as a spatiotemporal study.",298,Rattus rattus,,Procellaria aequinoctialis_Rattus rattus
Procellaria aequinoctialis,"Jouventin, P., Bried, J. and Micol, T., 2003. Insular bird populations can be saved from rats: a long-term experimental study of white-chinned petrels Procellaria aequinoctialis on Ile de la Possession (Crozet archipelago). Polar Biology, 26, pp.371-378.",NA,Lethal program,Abundance,Temporal,Rattus rattus,,,NA,NA,0,,0,NA,NA,NA,NA,Ile de la Possession,-46.426900000000003,51.7378,possession,Crozet Islands,Indian Ocean - West,French Southern Territories,"Figure 1 - (breeding success increased), number of breeding pairs decreased without obvious connection to poison baiting activities (low, high or none). Data on rat abundance is provided for 2 years without comparison to petrel numbers.",299,Rattus rattus,,Procellaria aequinoctialis_Rattus rattus
Procellaria aequinoctialis,"Jouventin, P., Bried, J. and Micol, T., 2003. Insular bird populations can be saved from rats: a long-term experimental study of white-chinned petrels Procellaria aequinoctialis on Ile de la Possession (Crozet archipelago). Polar Biology, 26, pp.371-378.",NA,Lethal program,Abundance,Spatial,Rattus rattus,,,NA,NA,0,,0,NA,NA,NA,NA,Ile de la Possession,-46.426900000000003,51.7378,possession,Crozet Islands,Indian Ocean - West,French Southern Territories,"Figure 1 - (breeding success was higher) in poisoned colony in 2 of 3 years (Table 3), but the number of breeding pairs was higher in non-poisoned colony in 1 of 3 years and appears similar in other 2 - no stats were provided. Data on rat abundance is provided for 2 years without comparison to petrel numbers. Thus, not defined as a spatiotemporal study.",300,Rattus rattus,,Procellaria aequinoctialis_Rattus rattus
Procellaria cinerea,"Barbraud, C., Delord, K., Le Bouard, F., Harivel, R., Demay, J., Chaigne, A. and Micol, T., 2021. Seabird population changes following mammal eradication at oceanic Saint-Paul Island, Indian Ocean. Journal for Nature Conservation, 63, p.126049.",NA,Population,Abundance,Timing,Rattus rattus,,,NA,NA,0,,0,NA,NA,NA,NA,Saint-Paul Island,-40.318600000000004,-9.9352999999999998,gough,Tristan da Cunha,Atlantic Ocean - South,Saint Helena,Grey Petrel were present on the island before and after rat eradication (Table 3),301,Rattus rattus,,Procellaria cinerea_Rattus rattus
Procellaria cinerea,"Dilley, B.J., Davies, D., Bond, A.L. and Ryan, P.G., 2015. Effects of mouse predation on burrowing petrel chicks at Gough Island. Antarctic Science, 27(6), pp.543-553.",NA,Predation,Predation,Predation,Mus musculus,,,Chicks,NA,1,,0,NA,NA,NA,NA,Gough Island,-46.912500000000001,37.743611000000001,marion,Prince Edward Islands,Indian Ocean - West,South Africa,"""Several grey petrel (Procellaria cinerea Gmelin) chicks were found with mouse wounds and 60% of chicks failed (n = 35 hatchlings).""",302,Mus musculus,,Procellaria cinerea_Mus musculus
Procellaria cinerea,"Dilley, B.J., Schoombie, S., Stevens, K., Davies, D., Perold, V., Osborne, A., Schoombie, J., Brink, C.W., Carpenter-Kling, T. and Ryan, P.G., 2018. Mouse predation affects breeding success of burrow-nesting petrels at sub-Antarctic Marion Island. Antarctic Science, 30(2), pp.93-104.",NA,Predation,Predation,Predation,Mus musculus,,,Chicks,18,1,17,0,NA,NA,NA,NA,Marion Island,-46.912500000000001,37.743611000000001,marion,Prince Edward Islands,Indian Ocean - West,South Africa,"""We assessed the extent of mouse predation by monitoring the inside of 55 burrow chambers with video surveillance cameras (4024 film days from 2012–16) and recorded fatal attacks on grey (3/18 nests filmed, 17%) and great-winged petrel chicks (1/19, 5%).""",303,Mus musculus,,Procellaria cinerea_Mus musculus
Prosobonia parvirostris,"Seitre, J., 1992. Causes of land-bird extinctions in French Polynesia. Oryx, 26(4), pp.215-222.",NA,Population,Abundance,Spatial,Rattus exulans,,1,NA,NA,1,,1,1,6,0,0,French Polynesia,-21.2959,-136.7491,tuamotu,Tuamotu Archipelago,Pacific Ocean - South East,French Polynesia,Table 3,311,Rattus exulans,,Prosobonia parvirostris_Rattus exulans
Pterodroma alba,"Gangloff, B., Raust, P., Thibault, J.C. and Bretagnolle, V., 2009. Notes on the Phoenix Petrel (Pterodroma alba) from Hatuta'a Island, Marquesas. Waterbirds, 32(3), pp.453-458.",NA,Predation,Predation,Predation,Rattus exulans,,,NA,NA,0,,0,NA,NA,NA,NA,Hatuta’a Island,-7.9172000000000002,-140.56790000000001,hatuta'a (hatuuta),Marquesas,Pacific Ocean - South East,French Polynesia,"""No evidence for Pacific Rat predation on eggs or chicks was found.""",319,Rattus exulans,,Pterodroma alba_Rattus exulans
Pterodroma atrata,"Oppel, S., Lavers, J.L., Donaldson, A.H., Forrest, A.K., McClelland, G.T., Bond, A.L. and Brooke, M.D.L., 2017. Population status, breeding success and ecology of the Henderson Petrel after a failed rat eradication on Henderson Island. Emu-Austral Ornithology, 117(2), pp.151-159.",NA,Predation,Predation,Predation,Rattus exulans,,,Chicks,25,1,12,0,NA,NA,NA,NA,Henderson Island,-24.374400000000001,-128.3271,henderson,Pitcairn Islands,Pacific Ocean - South East,Pitcairn,"""We also estimated the nest survival of 25 nests to be 28.5%, and most nest failures occurred within 7 days of hatching when chicks were killed by rats (n = 3) or a crab (n = 1).""",321,Rattus exulans,,Pterodroma atrata_Rattus exulans
Pterodroma atrata,"Oppel, S., Lavers, J.L., Donaldson, A.H., Forrest, A.K., McClelland, G.T., Bond, A.L. and Brooke, M.D.L., 2017. Population status, breeding success and ecology of the Henderson Petrel after a failed rat eradication on Henderson Island. Emu-Austral Ornithology, 117(2), pp.151-159.",NA,Population,Reproductive success,Timing,Rattus exulans,,,NA,NA,0,,0,NA,NA,NA,NA,Henderson Island,-24.374400000000001,-128.3271,henderson,Pitcairn Islands,Pacific Ocean - South East,Pitcairn,"""The higher nest survival in 2015, which is similar to nest survival estimates of other gadfly petrel populations persisting with Pacific rats (Rayner et al. 2007; Jones et al. 2015)...based on rat trapping in 2013 and 2015 which indicated that rat abundance had recovered to pre-eradication levels""",322,Rattus exulans,,Pterodroma atrata_Rattus exulans
Pterodroma brevipes,"Tennyson, A.J., Miskelly, C.M. and Totterman, S.L., 2012. Observations of collared petrels (Pterodroma brevipes) on Vanua Lava, Vanuatu, and a review of the species’ breeding distribution. Notornis, 59, pp.39-48.",NA,Predation,Predation,Predation,Rattus exulans,,,NA,NA,0,,0,NA,NA,NA,NA,Vanua Lava,-13.8443,167.44720000000001,vanua lava,Banks Islands,Pacific Ocean - South West,Vanuatu,"""Cats (Felis catus), pigs (Sus scrofa) and rats are present on Vanua Lava (authors, pers. obs.) and while these predators may well be a threat to the collared petrel population, we found no direct evidence of predation on this species""",324,"Rattus exulans, Rattus rattus",,Pterodroma brevipes_Rattus exulans
Pterodroma brevipes,"Tennyson, A.J., Miskelly, C.M. and Totterman, S.L., 2012. Observations of collared petrels (Pterodroma brevipes) on Vanua Lava, Vanuatu, and a review of the species’ breeding distribution. Notornis, 59, pp.39-48.",NA,Predation,Predation,Predation,Rattus rattus,,,NA,NA,0,,0,NA,NA,NA,NA,Vanua Lava,-13.8443,167.44720000000001,vanua lava,Banks Islands,Pacific Ocean - South West,Vanuatu,"""Cats (Felis catus), pigs (Sus scrofa) and rats are present on Vanua Lava (authors, pers. obs.) and while these predators may well be a threat to the collared petrel population, we found no direct evidence of predation on this species""",324,"Rattus exulans, Rattus rattus",,Pterodroma brevipes_Rattus rattus
Pterodroma cookii,"Rayner, M.J., Parker, K.A. and Imber, M.J., 2008. Population census of Cook's Petrel Pterodroma cookii breeding on Codfish Island (New Zealand) and the global conservation status of the species. Bird Conservation International, 18(3), pp.211-218.",NA,Population,Abundance,Timing,Rattus exulans,,,NA,NA,1,,0,NA,NA,NA,NA,Codfish Island,-46.773299999999999,167.63210000000001,whenua hou/ codfish,Stewart Islands,Pacific Ocean - South West,New Zealand,"""The Cook’s Petrel population on Codfish Island appears to have increased markedly since Weka (Gallirallis australis ) and Pacific Rat (Rattus exulans) were eradicated in 1980 and 1998""…""Comparison between our survey data and historic anecdotal observations of the distribution of Cook’s Petrel breeding on Codfish Island suggest that the population may have increased several times since the eradication of Weka in 1984. This increase may also have accelerated in the nine years since Pacific Rat eradication (Imber et al. 2003a).""",327,Rattus exulans,,Pterodroma cookii_Rattus exulans
Pterodroma cookii,"Imber, M.J., West, J.A. and Cooper, W.J., 2003. Cook's petrel (Pterodroma cookii): historic distribution, breeding biology and effects of predators. Notornis, 50(4), pp.221-230.",NA,Predation,Predation,Predation,Rattus exulans,,,"Eggs, chicks",42,1,22.25,0,NA,NA,NA,NA,Little Barrier Island,-36.194600000000001,175.0753,hauturu (clark),Whangamata,Pacific Ocean - South West,New Zealand,"""Occasionally eggs were left unattended...all unattended eggs were eaten by Pacific rats"" ""The predation rate on eggs by Pacific rats was 12.5% and 32% in 1972/73 and 1973/74 respectively. Equally detrimental was rat predation of chicks",328,Rattus exulans,,Pterodroma cookii_Rattus exulans
Pterodroma cookii,"Imber, M.J., West, J.A. and Cooper, W.J., 2003. Cook's petrel (Pterodroma cookii): historic distribution, breeding biology and effects of predators. Notornis, 50(4), pp.221-230.",NA,Population,Reproductive success,Temporal,Rattus exulans,,1,NA,NA,1,,1,1,2,1,0,Little Barrier Island,-36.194600000000001,175.0753,hauturu (clark),Whangamata,Pacific Ocean - South West,New Zealand,"""On Whenua Hou (Table 5), breeding success in the presence of rats was significantly lower (x2=50.4,1 df, P<0.001)in the high study area than in the low study area, but it increased significantly (x2=29.3,1 df, P<0.001) in the high study area following eradication of rats. In the low studv area...""",329,Rattus exulans,,Pterodroma cookii_Rattus exulans
Pterodroma cookii,BirdLife International. 2018. Pterodroma cookii. The IUCN Red List of Threatened Species 2018: e.T22697975A132616449. https://dx.doi.org/10.2305/IUCN.UK.2018-2.RLTS.T22697975A132616449.en. Accessed on 28 December 2023.,NA,Population,Abundance,Timing,Rattus exulans,,,NA,NA,1,,0,NA,NA,NA,NA,Little Barrier Island,-36.194600000000001,175.0753,hauturu (clark),Whangamata,Pacific Ocean - South West,New Zealand,"""the status of the species has improved, in particular following the successful eradication of the last introduced predators (Pacific rat Rattus exulans) on Little Barrier Island (where by far the largest numbers breed), leading to an increase in fledging success from 5% to 70%"" Unclear where this data comes from.",330,Rattus exulans,,Pterodroma cookii_Rattus exulans
Pterodroma cookii,"Rayner, M.J., Hauber, M.E. and Clout, M.N., 2007. Breeding habitat of the Cook’s Petrel (Pterodroma cookii) on Little Barrier Island (Hauturu): implications for the conservation of a New Zealand endemic. Emu, 107(1), pp.59-68.",NA,Population,Abundance,Timing,Rattus exulans,,,NA,NA,0,,0,NA,NA,NA,NA,Little Barrier Island,-36.194600000000001,175.0753,hauturu (clark),Whangamata,Pacific Ocean - South West,New Zealand,"""Predation, however, fails to explain the presence (and survival during pre-Pacific Rat and pre-Cat eradications) of the low-altitude colonies of Cook’s Petrel present in our study. Alternative explanations may be that the colonies were established during the 26 years since eradication of Cats, or that localised Cat control conducted by resident rangers (Veitch 2001) may have helped to protect these sites.""",331,Rattus exulans,,Pterodroma cookii_Rattus exulans
Pterodroma cookii,"Rayner, M.J., Hauber, M.E., Imber, M.J., Stamp, R.K. and Clout, M.N., 2007. Spatial heterogeneity of mesopredator release within an oceanic island system. Proceedings of the National Academy of Sciences, 104(52), pp.20862-20865.",NA,Population,Reproductive success,Spatiotemporal,Rattus exulans,,1,NA,NA,1,,1,1,2 sites,1,0,Little Barrier Island,-36.194600000000001,175.0753,hauturu (clark),Whangamata,Pacific Ocean - South West,New Zealand,"Fig 1,2 ""The rat’s impact on prey productivity varied with elevation within the island. Rat eradication was followed by a rise in petrel productivity""",332,Rattus exulans,,Pterodroma cookii_Rattus exulans
Pterodroma externa,BirdLife International. 2018. Pterodroma externa. The IUCN Red List of Threatened Species 2018: e.T22698030A132620783. https://dx.doi.org/10.2305/IUCN.UK.2018-2.RLTS.T22698030A132620783.en. Accessed on 30 December 2023.,NA,Predation,Predation,Predation,Rattus norvegicus,,,Chicks,NA,1,,0,NA,NA,NA,NA,Unknown,NA,NA,NA,NA,NA,NA,"""Brown rats Rattus norvegicus also prey on chicks, though the incidence appears low and restricted to certain habitat types (J. C. Torres-Mura in litt. 1999, P. Hodum in litt. 2007).""",334,Rattus norvegicus,,Pterodroma externa_Rattus norvegicus
Pterodroma externa,BirdLife International. 2018. Pterodroma externa. The IUCN Red List of Threatened Species 2018: e.T22698030A132620783. https://dx.doi.org/10.2305/IUCN.UK.2018-2.RLTS.T22698030A132620783.en. Accessed on 30 December 2023.,NA,Predation,Predation,Predation,Mus musculus,,,Chicks,NA,1,,0,NA,NA,NA,NA,Unknown,NA,NA,NA,NA,NA,NA,"""There is also limited evidence of predation on chicks by House Mice Mus musculus, but this does not appear to be widespread (Hodum 2009)"" (Reference not in English)",335,Mus musculus,,Pterodroma externa_Mus musculus
Pterodroma incerta,"Cuthbert, R., Sommer, E., Ryan, P., Cooper, J. and Hilton, G., 2004. Demography and conservation of the Tristan albatross Diomedea [exulans] dabbenena. Biological Conservation, 117(5), pp.471-481.","Cuthbert, R. and Hilton, G., 2004. Introduced house mice Mus musculus: a significant predator of threatened and endemic birds on Gough Island, South Atlantic Ocean?. Biological conservation, 117(5), pp.483-489.",Predation,Predation,Predation,Mus musculus,,,Chicks,NA,1,,0,NA,NA,NA,NA,Gough Island,-40.318600000000004,-9.9352999999999998,gough,Tristan da Cunha,Atlantic Ocean - South,Saint Helena,"""Wounds found on two live chicks and injuries found on Atlantic Pterodroma incerta petrel chicks strongly suggest that feral house mice Mus musculus are the most likely predator of Tristan albatross chicks (Cuthbert and Hilton, in press).""",338,Mus musculus,,Pterodroma incerta_Mus musculus
Pterodroma incerta,"Wanless, R.M., Angel, A., Cuthbert, R.J., Hilton, G.M. and Ryan, P.G., 2007. Can predation by invasive mice drive seabird extinctions?. Biology letters, 3(3), pp.241-244.",NA,Predation,Predation,Predation,Mus musculus,,,Chicks,60,1,66,0,NA,NA,NA,NA,Gough Island,-40.318600000000004,-9.9352999999999998,gough,Tristan da Cunha,Atlantic Ocean - South,Saint Helena,"""Mouse-induced mortality in 2004 was a significant cause of extremely poor breeding success for Tristan albatrosses, Diomedea dabbenena (0.27 fledglings/pair), and Atlantic petrels, Pterodroma incerta (0.33).""",339,Mus musculus,,Pterodroma incerta_Mus musculus
Pterodroma incerta,"Wanless, R.M., Ratcliffe, N., Angel, A., Bowie, B.C., Cita, K., Hilton, G.M., Kritzinger, P., Ryan, P.G. and Slabber, M., 2012. Predation of Atlantic Petrel chicks by house mice on Gough Island. Animal Conservation, 15(5), pp.472-479.",NA,Predation,Predation,Predation,Mus musculus,,,Chicks,13,1,46,0,NA,NA,NA,NA,Gough Island,-40.318600000000004,-9.9352999999999998,gough,Tristan da Cunha,Atlantic Ocean - South,Saint Helena,"""From October 2003 to September 2004, we video-recorded attacks by mice on six (of 13) live, healthy Atlantic Petrel chicks""",340,Mus musculus,,Pterodroma incerta_Mus musculus
Pterodroma incerta,"Dilley, B.J., Davies, D., Bond, A.L. and Ryan, P.G., 2015. Effects of mouse predation on burrowing petrel chicks at Gough Island. Antarctic Science, 27(6), pp.543-553.",NA,Predation,Predation,Predation,Mus musculus,,,Chicks,7,1,100,0,NA,NA,NA,NA,Gough Island,-40.318600000000004,-9.9352999999999998,gough,Tristan da Cunha,Atlantic Ocean - South,Saint Helena,"""All seven camera-monitored Atlantic petrel (Pterodroma incerta Schlegel) chicks were killed by mice within hours of hatching (average 7.2 ± 4.0 hours) with an 87% chick failure rate (n = 83 hatchlings)""",341,Mus musculus,,Pterodroma incerta_Mus musculus
Pterodroma madeira,BirdLife International. 2018. Pterodroma madeira. The IUCN Red List of Threatened Species 2018: e.T22698062A132622973. https://dx.doi.org/10.2305/IUCN.UK.2018-2.RLTS.T22698062A132622973.en. Accessed on 30 December 2023.,NA,Predation,Predation,Predation,Rattus rattus,,,"Eggs, chicks",NA,1,,0,NA,NA,NA,NA,Unknown,NA,NA,NA,NA,NA,NA,"""Predation of eggs and chicks by introduced House Rats Rattus rattus is a known source of reproductive failure.""",346,Rattus rattus,,Pterodroma madeira_Rattus rattus
Pterodroma madeira,"Zino, F., Oliveira, P., King, S., Buckle, A., Biscoito, M., Neves, H.C. and Vasconcelos, A., 2001. Conservation of Zino's petrel Pterodroma madeira in the archipelago of Madeira. Oryx, 35(2), pp.128-136.",NA,Population,Reproductive success,Temporal,Rattus rattus,,0,NA,NA,1,,1,0,1 site,0,0,Madeira,32.7607,-16.959499999999998,madeira,Madeira Islands (Desertas Islands),Atlantic Ocean - North,Portugal,"Table 1, Fig 1. No data analysis provided but numbers increased",347,Rattus rattus,,Pterodroma madeira_Rattus rattus
Pterodroma madeira,"Zino, F., Oliveira, P., King, S., Buckle, A., Biscoito, M., Neves, H.C. and Vasconcelos, A., 2001. Conservation of Zino's petrel Pterodroma madeira in the archipelago of Madeira. Oryx, 35(2), pp.128-136.",NA,Population,Abundance,Temporal,Rattus rattus,,0,NA,NA,1,,1,0,1 site,0,0,Madeira,32.7607,-16.959499999999998,madeira,Madeira Islands (Desertas Islands),Atlantic Ocean - North,Portugal,"Table 1, Fig 1. No data analysis provided but numbers increased",348,Rattus rattus,,Pterodroma madeira_Rattus rattus
Pterodroma phaeopygia,"Riofrío-Lazo, M. and Páez-Rosas, D., 2015. Feeding habits of introduced black rats, Rattus rattus, in nesting colonies of Galapagos Petrel on San Cristóbal Island, Galapagos. PLoS One, 10(5), p.e0127901.",NA,Predation,Predation,Predation,Rattus rattus,,,NA,NA,0,,0,NA,NA,NA,NA,San Cristóbal Island,-1.3083,-90.431399999999996,floreana,Galapagos Islands,Pacific Ocean - North East,Ecuador,"""There was no evidence of petrel’s intake""…""The diet of black rats was 98% plant material...and only 2% arthropods"" ""rats might not consume petrel as a complementary prey even when their preferred food is not so available in their habitat"" (Table 2)",350,Rattus rattus,,Pterodroma phaeopygia_Rattus rattus
Pterodroma phaeopygia,"Riofrío-Lazo, M. and Páez-Rosas, D., 2015. Feeding habits of introduced black rats, Rattus rattus, in nesting colonies of Galapagos Petrel on San Cristóbal Island, Galapagos. PLoS One, 10(5), p.e0127901.",NA,Predation,Predation,Predation,Rattus norvegicus,,,NA,NA,0,,0,NA,NA,NA,NA,San Cristóbal Island,-0.86750000000000005,-89.436400000000006,san cristobal,Galapagos Islands,Pacific Ocean - North East,Ecuador,"""There was no evidence of petrel’s intake"" ""In our study, Miconia seeds were the second most common food item found in the Norwegian rats’ stomachs"" ""rats might not consume petrel as a complementary prey even when their preferred food is not so available in their habitat"" (Table 2)",351,Rattus norvegicus,,Pterodroma phaeopygia_Rattus norvegicus
Pterodroma phaeopygia,"Cruz, J.B. and Cruz, F., 1987. Conservation of the dark-rumped petrel Pterodroma phaeopygia in the Galapagos Islands, Ecuador. Biological Conservation, 42(4), pp.303-311.","Cruz, J.B. and Cruz, F., 1996. Conservation of the dark-rumped petrel Pterodroma phaeopygia of the Galápagos Islands, 1982–1991. Bird Conservation International, 6(1), pp.23-32.",Population,Reproductive success,Temporal,Rattus rattus,,,NA,NA,1,,0,NA,NA,NA,NA,Floreana Island,-0.86750000000000005,-89.436400000000006,san cristobal,Galapagos Islands,Pacific Ocean - North East,Ecuador,"Table 1,2",353,Rattus rattus,,Pterodroma phaeopygia_Rattus rattus
Pterodroma pycrofti,"Pierce, R.J., 2002. Kiore (Rattus exulans) impact on breeding success of Pycroft's petrels and little shearwaters (p. 24). Wellington: Department of Conservation.",NA,Population,Reproductive success,Temporal,Rattus exulans,,1,NA,NA,1,,1,0,2,0,0,"Lady Alice Island, Coppermine Island",-35.891100000000002,174.7303,lady alice (mauimua),Hen and Chicken Islands,Pacific Ocean - South West,New Zealand,"""Pooling these three years’ data revealed a lower breeding success on ‘kiore present’ Coppermine I. (average 29%) than on ‘kiore absent’ Lady Alice I. (54%), which was a highly significant result (χ2 = 7.86, 1 d.f., n = 213 nests, P < 0.01).""",354,Rattus exulans,,Pterodroma pycrofti_Rattus exulans
Ptychoramphus aleuticus,"Newton, K.M., McKown, M., Wolf, C., Gellerman, H., Coonan, T., Richards, D., Harvey, A.L., Holmes, N., Howald, G., Faulkner, K. and Tershy, B.R., 2016. Response of native species 10 years after rat eradication on Anacapa Island, California. Journal of Fish and Wildlife Management, 7(1), pp.72-85.","Whitworth, D.L., Carter, H.R. and Gress, F., 2013. Recovery of a threatened seabird after eradication of an introduced predator: Eight years of progress for Scripps’s murrelet at Anacapa Island, California. Biological Conservation, 162, pp.52-59; WHITWORTH, D.L., HARVEY, A.L., CARTER, H.R., YOUNG, R.J., KOEPKE, J.S. and MAZURKIEWICZ, D.M., 2015. Breeding of Cassin's auklets Ptychoramphus aleuticus at Anacapa Island, California, after eradication of black rats Rattus rattus. Marine Ornithology, 43, pp.19-24.",Population,Abundance,Timing,Rattus rattus,,1,NA,NA,1,,1,1,8,0,0,Anacapa Island,34.004399999999997,-119.39960000000001,anacapa,Channel Islands,Pacific Ocean - North East,United States,"""No Cassin’s auklet nests were found on Anacapa Island pre-eradication, with surveys dating back to 1910 (Whitworth et al. 2015). Breeding Cassin’s auklets (two nests) were found on Anacapa Island for the first time in 2003, post-eradication (Whitworth et al. 2005; Whitworth et al. 2015). Few if any nests were found between 2004 – 2008 (five total). In 2009, 11 Cassin’s auklet nests were found and 3 of these nests contained eggs or chicks (Whitworth et al. 2012; Whitworth et al. 2015). Overall, post-eradication (2003 – 2012), Whitworth et al. (2015) found 42 nests in 6 shoreline areas, 17 of which were confirmed nests, and 25 were nests where breeding was inferred. """,361,Rattus rattus,,Ptychoramphus aleuticus_Rattus rattus
Puffinus bryani,"Kawakami, K., Eda, M., Horikoshi, K., Suzuki, H., Chiba, H. and Hiraoka, T., 2012. Bryan's shearwaters have survived on the Bonin Islands, northwestern Pacific. The Condor, 114(3), pp.507-512.",NA,Predation,Predation,Predation,Rattus rattus,,,Adults,NA,1,,0,NA,NA,NA,NA,Higashijima Island,27.093342499999999,142.22498659999999,higashijima,Ogasawara Islands (Chichijima Group),Pacific Ocean - North West,Japan,"""On Higashijima Island, we found three carcasses of the Bryan’s Shearwater that had been preyed upon by rats""",363,Rattus rattus,,Puffinus bryani_Rattus rattus
Puffinus mauretanicus,"Ruffino, L., Bourgeois, K., Vidal, E., Duhem, C., Paracuellos, M., Escribano, F., Sposimo, P., Baccetti, N., Pascal, M. and Oro, D., 2009. Invasive rats and seabirds after 2,000 years of an unwanted coexistence on Mediterranean islands. Biological invasions, 11, pp.1631-1651.",NA,Population,Abundance,Spatial,Rattus rattus,,1,NA,NA,0,,1,1,292,1,0,Western Mediterranean Basin (coordinates from one of the sites),39.949599999999997,4.1104000000000003,menorca,Balearic Islands (Menorca Group),Mediterranean,Spain,"""Rat presence on islands was negatively related to storm petrel abundance, but did not influence either the presence or the abundance of the three shearwaters."" See Table 3 for bird presence and Table 4 for abundance",365,Rattus rattus,,Puffinus mauretanicus_Rattus rattus
Puffinus myrtae,"Ismar, S.M., Baird, K.A., Gaskin, C.P., Taylor, G.A., Tennyson, A.J., Rayner, M.J., Bettesworth, D.E.R.E.K., Fitzgerald, N.E.I.L., Landers, T.J. and Imber, M.J., 2014. A case of natural recovery after the removal of invasive predators–community assemblage changes in the avifauna of Burgess Island. Notornis, 61, pp.188-195.",NA,Population,Abundance,Timing,Rattus exulans,,,NA,NA,1,,0,NA,NA,NA,NA,Burgess Island,-35.905200000000001,175.11359999999999,burgess,Mokohinau Islands,Pacific Ocean - South West,New Zealand,"""Since becoming rat-free, Burgess Island has transformed into a seabird biodiversity hotspot, with the island now known to support 7 species of burrowing Procellariiformes (Ismar et al. 2012): grey- faced petrel (Pterodroma macroptera gouldi), fluttering shearwater (Puffinus gavia), sooty shearwater (Puffinus griseus), little shearwater (Puffinus assimilis), common diving petrel (Pelecanoides urinatrix), and white-faced storm petrel (Pelagodroma marina), all of which were confirmed in our October 2010 research trip.""",366,Rattus exulans,,Puffinus myrtae_Rattus exulans
Puffinus myrtae,"Pierce, R.J., 2002. Kiore (Rattus exulans) impact on breeding success of Pycroft's petrels and little shearwaters (p. 24). Wellington: Department of Conservation.",NA,Population,Abundance,Temporal,Rattus exulans,,1,NA,NA,1,,1,0,2,0,0,"Lady Alice Island, Coppermine Island",-35.891100000000002,174.7303,lady alice (mauimua),Hen and Chicken Islands,Pacific Ocean - South West,New Zealand,"""The general pattern was similar on both islands with productivity being highest in the absence of kiore (Fig. 3, Table 5). Thus on Lady Alice I., productivity averaged 43% (range 38–50%) in the presence of rats and 68% (range 52–86%) in their absence (χ2 = 3.76, 1 d.f., n = 173 nests, P > 0.05). On Coppermine I., productivity averaged only about 5% in the two years when kiore were present and 56% in the three years after kiore were removed (χ2 = 16.01, 1 d.f., n = 92 nests, P < 0.001).""",367,Rattus exulans,,Puffinus myrtae_Rattus exulans
Puffinus myrtae,"Pierce, R.J., 2002. Kiore (Rattus exulans) impact on breeding success of Pycroft's petrels and little shearwaters (p. 24). Wellington: Department of Conservation.",NA,Predation,Predation,Predation,Rattus exulans,,,Eggs,NA,1,,0,NA,NA,NA,NA,"Lady Alice Island, Coppermine Island",-35.891100000000002,174.7303,lady alice (mauimua),Hen and Chicken Islands,Pacific Ocean - South West,New Zealand,"""Six nests had sign of their eggs having been eaten by rats""",368,Rattus exulans,,Puffinus myrtae_Rattus exulans
Puffinus opisthomelas,"Velarde, E., Ruiz, E.A., Aguilar, A. and Gallo, J.P., 2015. Black-vented Shearwater Puffinus opisthomelas nesting in the Gulf of California: a major extension of breeding range. Marine Ornithology, 43, pp.249-254.",NA,Population,Abundance,Temporal,Rattus rattus,,,NA,NA,1,,0,NA,NA,NA,NA,Isla Rasa,28.823599999999999,-112.98,rasa,Gulf of California (Midriff Islands),Pacific Ocean - North East,Mexico,"Between 2010 and 2014 we collected evidence of the presence of nesting BVSH on the island, such as increased frequency of calls heard at night, evidence of burrow activity, collection of an addled shearwater egg and photo images. For several years after the rodent eradication (1995), and even before that, BVSHs were seldom heard calling, although some individuals were sighted while boat cruises approached or left the island.",371,"Rattus rattus, Mus musculus",,Puffinus opisthomelas_Rattus rattus
Puffinus opisthomelas,"Velarde, E., Ruiz, E.A., Aguilar, A. and Gallo, J.P., 2015. Black-vented Shearwater Puffinus opisthomelas nesting in the Gulf of California: a major extension of breeding range. Marine Ornithology, 43, pp.249-254.",NA,Population,Abundance,Temporal,Mus musculus,,,NA,NA,1,,0,NA,NA,NA,NA,Isla Rasa,28.823599999999999,-112.98,rasa,Gulf of California (Midriff Islands),Pacific Ocean - North East,Mexico,"Between 2010 and 2014 we collected evidence of the presence of nesting BVSH on the island, such as increased frequency of calls heard at night, evidence of burrow activity, collection of an addled shearwater egg and photo images. For several years after the rodent eradication (1995), and even before that, BVSHs were seldom heard calling, although some individuals were sighted while boat cruises approached or left the island.",371,"Rattus rattus, Mus musculus",,Puffinus opisthomelas_Mus musculus
Puffinus yelkouan,"Ruffino, L., Bourgeois, K., Vidal, E., Duhem, C., Paracuellos, M., Escribano, F., Sposimo, P., Baccetti, N., Pascal, M. and Oro, D., 2009. Invasive rats and seabirds after 2,000 years of an unwanted coexistence on Mediterranean islands. Biological invasions, 11, pp.1631-1651.",NA,Population,Abundance,Spatial,Rattus rattus,,1,NA,NA,0,,1,1,292,1,0,Western Mediterranean Basin (coordinates from one of the sites),41.557899999999997,9.3253000000000004,corse,Corsican Islands,Mediterranean,France,"""Rat presence on islands was negatively related to storm petrel abundance, but did not influence either the presence or the abundance of the three shearwaters."" See Table 3 for bird presence and Table 4 for abundance",372,Rattus rattus,,Puffinus yelkouan_Rattus rattus
Puffinus yelkouan,"Bourgeois, K. and Vidal, E., 2008. The endemic Mediterranean yelkouan shearwater Puffinus yelkouan: distribution, threats and a plea for more data. Oryx, 42(2), pp.187-194.",NA,Predation,Predation,Predation,Rattus rattus,,,NA,NA,1,,0,NA,NA,NA,NA,Tavolara Island,40.906199999999998,9.7133000000000003,tavolara,Sardinian Islands,Mediterranean,Italy,"""Breeding success was zero because of ship rat predation on the Tavolara islands in 2006 and on Montecristo Island in some years (Italy, N. Baccetti, G. Spano & M. Putzu, pers. comm.).",373,Rattus rattus,,Puffinus yelkouan_Rattus rattus
Puffinus yelkouan,"Bourgeois, K. and Vidal, E., 2008. The endemic Mediterranean yelkouan shearwater Puffinus yelkouan: distribution, threats and a plea for more data. Oryx, 42(2), pp.187-194.",NA,Predation,Predation,Predation,Rattus rattus,,,NA,NA,1,,0,NA,NA,NA,NA,Montecristo,42.335700000000003,10.310499999999999,montecristo,Tuscan Islands,Mediterranean,Italy,"""Breeding success was zero because of ship rat predation on the Tavolara islands in 2006 and on Montecristo Island in some years (Italy, N. Baccetti, G. Spano & M. Putzu, pers. comm.).""",374,Rattus rattus,,Puffinus yelkouan_Rattus rattus
Puffinus yelkouan,"Bourgeois, K. and Vidal, E., 2008. The endemic Mediterranean yelkouan shearwater Puffinus yelkouan: distribution, threats and a plea for more data. Oryx, 42(2), pp.187-194.",NA,Predation,Predation,Predation,Rattus rattus,,,NA,NA,1,,0,NA,NA,NA,NA,Malta,35.9375,14.375400000000001,malta,Maltese Archipelago,Mediterranean,Malta,"""Rats are also the main cause of breeding failure in the largest Maltese colony (J.J. Borg, pers. comm.).",375,Rattus rattus,,Puffinus yelkouan_Rattus rattus
Puffinus yelkouan,"Bourgeois, K., Ouni, R., Pascal, M., Dromzée, S., Fourcy, D. and Abiadh, A., 2013. Dramatic increase in the Zembretta Yelkouan shearwater breeding population following ship rat eradication spurs interest in managing a 1500-year old invasion. Biological Invasions, 15, pp.475-482.",NA,Population,Abundance,Temporal,Rattus rattus,,0,NA,NA,1,,1,NA,1,0,0,Zembretta Island,37.106999999999999,10.8744,zembretta,Zembra Archipelago,Mediterranean,Tunisia,"""For 2 years before and 3 years after rat eradication, the Zembretta Yelkouan shearwater breeding colony was checked yearly at the end of the breeding season. The number of recorded breeding pairs reaching 176 and 145, respectively, increases of 10.4 and 8.5-fold two and 3 years after rat eradication.",376,Rattus rattus,,Puffinus yelkouan_Rattus rattus
Puffinus yelkouan,"Bourgeois, K., Ouni, R., Pascal, M., Dromzée, S., Fourcy, D. and Abiadh, A., 2013. Dramatic increase in the Zembretta Yelkouan shearwater breeding population following ship rat eradication spurs interest in managing a 1500-year old invasion. Biological Invasions, 15, pp.475-482.",NA,Population,Abundance,Timing,Rattus rattus,,,NA,NA,0,,0,NA,NA,NA,NA,Zembretta Island,37.106999999999999,10.8744,zembretta,Zembra Archipelago,Mediterranean,Tunisia,"""Vigne (1988; Supplementary material) found evidence that the ship rat invaded Zembra Island at least by 500 years AD.""",377,Rattus rattus,,Puffinus yelkouan_Rattus rattus
Puffinus yelkouan,"Bonnaud, E., Zarzoso‐Lacoste, D., Bourgeois, K., Ruffino, L., Legrand, J. and Vidal, E., 2010. Top‐predator control on islands boosts endemic prey but not mesopredator. Animal Conservation, 13(6), pp.556-567.",NA,Predation,Predation,Predation,Rattus rattus,,,NA,NA,0,,0,NA,NA,NA,NA,Port-Cros Island,43.003599999999999,6.3944000000000001,port-cros,Hyeres Islands,Mediterranean,France,"""Despite the significant increase in the frequency of visits of shearwater breeding cavities by rats, maybe due to the extent of rat home ranges following the high decrease of cat predation, no breeding failure could be attributed to rat predation (no rat teeth or claw marks were observed on eggs).""",378,Rattus rattus,,Puffinus yelkouan_Rattus rattus
Puffinus yelkouan,"Ruffino, L., Bourgeois, K., Vidal, E., Icard, J., Torre, F. and Legrand, J., 2008. Introduced predators and cavity-nesting seabirds: unexpected low level of interaction at breeding sites. Canadian Journal of Zoology, 86(9), pp.1068-1073.",NA,Predation,Predation,Predation,Rattus rattus,,,NA,25,0,0,0,NA,NA,NA,NA,Port-Cros Island,43.003599999999999,6.3944000000000001,port-cros,Hyeres Islands,Mediterranean,France,"""Very few rat visits were recorded at the shearwater-occupied cavities and no predation event was recorded. These intriguing results reveal a low level of interaction between introduced black rats and yelkouan shearwaters, which may have facilitated their long-term coexistence for thousands of years on some Mediterranean islands.""",379,Rattus rattus,,Puffinus yelkouan_Rattus rattus
Puffinus yelkouan,"Ruffino, L., Bourgeois, K., Vidal, E., Icard, J., Torre, F. and Legrand, J., 2008. Introduced predators and cavity-nesting seabirds: unexpected low level of interaction at breeding sites. Canadian Journal of Zoology, 86(9), pp.1068-1073.",NA,Population,Reproductive success,Temporal,Rattus rattus,,0,NA,NA,0,,1,0,1 site,0,0,Port-Cros Island,43.003599999999999,6.3944000000000001,port-cros,Hyeres Islands,Mediterranean,France,"""Very few rat visits were recorded at the shearwater-occupied cavities and no predation event was recorded. These intriguing results reveal a low level of interaction between introduced black rats and yelkouan shearwaters, which may have facilitated their long-term coexistence for thousands of years on some Mediterranean islands.""",380,Rattus rattus,,Puffinus yelkouan_Rattus rattus
Puffinus yelkouan,"Ruffino, L., Bourgeois, K., Vidal, E., Icard, J., Torre, F. and Legrand, J., 2008. Introduced predators and cavity-nesting seabirds: unexpected low level of interaction at breeding sites. Canadian Journal of Zoology, 86(9), pp.1068-1073.",NA,Population,Abundance,Timing,Rattus rattus,,,NA,NA,0,,0,NA,NA,NA,NA,Port-Cros Island,43.003599999999999,6.3944000000000001,port-cros,Hyeres Islands,Mediterranean,France,"""Very few rat visits were recorded at the shearwater-occupied cavities and no predation event was recorded. These intriguing results reveal a low level of interaction between introduced black rats and yelkouan shearwaters, which may have facilitated their long-term coexistence for thousands of years on some Mediterranean islands.""",381,Rattus rattus,,Puffinus yelkouan_Rattus rattus
Puffinus yelkouan,"Martin, J.L., Thibault, J.C. and Bretagnolle, V., 2000. Black rats, island characteristics, and colonial nesting birds in the Mediterranean: consequences of an ancient introduction. Conservation Biology, 14(5), pp.1452-1466.",NA,Population,Abundance,Spatial,Rattus rattus,,1,NA,NA,0,,1,1,15,1,0,Cabrera Islands,39.140700000000002,2.9451000000000001,Cabrera Gran,Balearic Islands (Cabrera Group),Mediterranean,Spain,"""We did not detect significant effects of rats on the Mediterranean Shearwater""",382,Rattus rattus,,Puffinus yelkouan_Rattus rattus
Ramphocinclus brachyurus,"Sass, E.M., Mortensen, J.L. and Reed, J.M., 2017. Habitat suitability models indicate the White-breasted Thrasher Ramphocinclus brachyurus occupies all suitable habitat in Saint Lucia. Bird Conservation International, 27(1), pp.96-110.",NA,Population,Abundance,Spatial,Rattus rattus,,1,NA,NA,0,,1,1,6667 pixels,1,0,Saint Lucia,13.9094,-60.978900000000003,saint lucia,Lesser Antilles (St. Lucia Islands),Caribbean,Saint Lucia,"Rats explain 1.9% of variation in bird habitat preference in one model (negative association), and does not appear in 2 other models. For sample size: Table S2, ""8 pixels (0.12%)""; for relationship Table 2 and Figure S4",386,Rattus rattus,,Ramphocinclus brachyurus_Rattus rattus
Rhynochetos jubatus,"Gula, R., Theuerkauf, J., Rouys, S. and Legault, A., 2010. An audio/video surveillance system for wildlife. European Journal of Wildlife Research, 56, pp.803-807.",NA,Predation,Predation,Predation,Rattus rattus,,,NA,24,0,0,0,NA,NA,NA,NA,New Caledonia,-22.139700000000001,166.7175,new caledonia,New Caledonia Islands,Pacific Ocean - South West,New Caledonia,Table 1 - zero predations recorded,389,Rattus rattus,,Rhynochetos jubatus_Rattus rattus
Rowettia goughensis,"Cuthbert, R. and Hilton, G., 2004. Introduced house mice Mus musculus: a significant predator of threatened and endemic birds on Gough Island, South Atlantic Ocean?. Biological Conservation, 117(5), pp.483-489.",NA,Predation,Predation,Predation,Mus musculus,,,"Eggs, chicks",21,1,86,0,NA,NA,NA,NA,Gough Island,-40.318600000000004,-9.9352999999999998,gough,Tristan da Cunha,Atlantic Ocean - South,Saint Helena,"""Two bunting nests were deserted during incubation and one nest appeared to have been predated, with small fragments of broken eggshell (indicative of rodent predation; Brown et al., 1998) scattered around the nest. Of the 12 nests in which chicks hatched, three were probably predated, with chicks disappearing from two nests (leaving no sign) and one dead 6-day-old chick being found at a nest (the other egg in this nest did not hatch). The chick appeared undamaged apart from a small round puncture wound (ca. 1 mm in diameter) located on the carpal joint of the wing, indicating predation by a small mammal, rather than a bird."" ""Of the 21 predated nests with eggs intact enough to examine for signs of predation, 18 (86%) had been predated by mice""",391,Mus musculus,,Rowettia goughensis_Mus musculus
Spheniscus humboldti,"Simeone, A. and Luna-Jorquera, G., 2012. Estimating rat predation on Humboldt Penguin colonies in north-central Chile. Journal of Ornithology, 153, pp.1079-1085.",NA,Predation,Predation,Predation,Rattus rattus,,,Eggs,NA,1,,0,NA,NA,NA,NA,Algarrobo Island,-33.350977100000001,-71.684996699999999,pájaro niño,Algarrobo,Pacific Ocean - South East,Chile,"""We investigated the effects of rat predation on Humboldt Penguins (Spheniscus humboldti) by simulating unattended clutches with domestic Chicken eggs. Experiments were independently set at two Humboldt Penguin colonies in north (Pa ́jaros Island, 29°S) and central Chile (Algarrobo Island, 33°S). At both colonies, eggs were primarily predated by rats (Rattus rattus = 70.8""",396,"Rattus rattus, Rattus norvegicus",,Spheniscus humboldti_Rattus rattus
Spheniscus humboldti,"Simeone, A. and Luna-Jorquera, G., 2012. Estimating rat predation on Humboldt Penguin colonies in north-central Chile. Journal of Ornithology, 153, pp.1079-1085.",NA,Predation,Predation,Predation,Rattus norvegicus,,,Eggs,NA,1,,0,NA,NA,NA,NA,Algarrobo Island,-33.350977100000001,-71.684996699999999,pájaro niño,Algarrobo,Pacific Ocean - South East,Chile,"""We investigated the effects of rat predation on Humboldt Penguins (Spheniscus humboldti) by simulating unattended clutches with domestic Chicken eggs. Experiments were independently set at two Humboldt Penguin colonies in north (Pa ́jaros Island, 29°S) and central Chile (Algarrobo Island, 33°S). At both colonies, eggs were primarily predated by rats (Rattus rattus = 70.8""",396,"Rattus rattus, Rattus norvegicus",,Spheniscus humboldti_Rattus norvegicus
Spheniscus humboldti,BirdLife International. 2020. Spheniscus humboldti. The IUCN Red List of Threatened Species 2020: e.T22697817A182714418. https://dx.doi.org/10.2305/IUCN.UK.2020-3.RLTS.T22697817A182714418.en. Accessed on 04 February 2024.,NA,Predation,Predation,Predation,Rattus rattus,,,Chicks,NA,1,,0,NA,NA,NA,NA,Punta San Juan,13.2059,-88.538399999999996,punta san juan,Jiquilisco Bay,Pacific Ocean - North East,El Salvador,"""Introduced rats (House Rat Rattus rattus and Brown Rat R. norvegicus) predate unattended eggs at several colonies in north and central Chile (Simeone and Luna-Jorquera 2012) and have also been recorded killing chicks in Punta San Juan, Peru (S. Cárdenas-Alayza pers. obs.).""",397,"Rattus rattus, Rattus norvegicus",,Spheniscus humboldti_Rattus rattus
Spheniscus humboldti,BirdLife International. 2020. Spheniscus humboldti. The IUCN Red List of Threatened Species 2020: e.T22697817A182714418. https://dx.doi.org/10.2305/IUCN.UK.2020-3.RLTS.T22697817A182714418.en. Accessed on 04 February 2024.,NA,Predation,Predation,Predation,Rattus norvegicus,,,Chicks,NA,1,,0,NA,NA,NA,NA,Punta San Juan,13.2059,-88.538399999999996,punta san juan,Jiquilisco Bay,Pacific Ocean - North East,El Salvador,"""Introduced rats (House Rat Rattus rattus and Brown Rat R. norvegicus) predate unattended eggs at several colonies in north and central Chile (Simeone and Luna-Jorquera 2012) and have also been recorded killing chicks in Punta San Juan, Peru (S. Cárdenas-Alayza pers. obs.).""",397,"Rattus rattus, Rattus norvegicus",,Spheniscus humboldti_Rattus norvegicus
Synthliboramphus scrippsi,"Newton, K.M., McKown, M., Wolf, C., Gellerman, H., Coonan, T., Richards, D., Harvey, A.L., Holmes, N., Howald, G., Faulkner, K. and Tershy, B.R., 2016. Response of native species 10 years after rat eradication on Anacapa Island, California. Journal of Fish and Wildlife Management, 7(1), pp.72-85.",NA,Population,Reproductive success,Spatiotemporal,Rattus rattus,,1,NA,NA,1,,1,1,2,0,1,Anacapa and Santa Barbara Islands,34.004399999999997,-119.39960000000001,anacapa,Channel Islands,Pacific Ocean - North East,United States,"""We found a significant difference between pre- and post-eradication time periods for two of the three variables examined: proportion of eggs hatched clutch-1 (t-test, t(3,1) = -3.2547, p = 0.0237) and rodent depredation rates on eggs (t(3,1) = 3.4301, p = 0.0208). While there was no significant difference in percent occupancy, 191% more Scripp’s murrelet eggs were hatching and 94% fewer nests were depredated on Anacapa Island post-eradication (Figure 2). These results indicate that, compared to the control island, there was a significant effect of the rat eradication on Scripps’s murrelet breeding.""",402,Rattus rattus,,Synthliboramphus scrippsi_Rattus rattus
Synthliboramphus scrippsi,"Whitworth, D.L., Carter, H.R. and Gress, F., 2013. Recovery of a threatened seabird after eradication of an introduced predator: Eight years of progress for Scripps’s murrelet at Anacapa Island, California. Biological Conservation, 162, pp.52-59.","Newton, K.M., McKown, M., Wolf, C., Gellerman, H., Coonan, T., Richards, D., Harvey, A.L., Holmes, N., Howald, G., Faulkner, K. and Tershy, B.R., 2016. Response of native species 10 years after rat eradication on Anacapa Island, California. Journal of Fish and Wildlife Management, 7(1), pp.72-85.; Whitworth, D.L., Carter, H.R., Young, R.J., Koepke, J.S., Gress, F. and Fangman, S., 2005. Initial recovery of Xantus's Murrelets following rat eradication on Anacapa Island, California. Marine Ornithology, 33, pp.131-137.; Whitworth, D.L. and Carter, H.R., 2018. Population trends for Scripps's Murrelet following eradication of black rats. The Journal of Wildlife Management, 82(1), pp.232-237.",Population,Reproductive success,Temporal,Rattus rattus,,0,NA,NA,1,,1,NA,1,0,0,Anacapa Island,34.004399999999997,-119.39960000000001,anacapa,Channel Islands,Pacific Ocean - North East,United States,"""Baseline (2001–2002) and post-eradication (2003–2010) monitoring in ten sea caves recorded a nearly 3-fold increase in hatching success (30% versus 85%), due mainly to a drastic reduction in egg predation."" ""Differences in the frequencies of nest fates were observed in the post- and pre-eradication periods (G = 20.06, df = 2, P < 0.001). Overall hatching success was 64%, but was much higher (Gc = 9.65, df = 1, P < 0.005) post-eradication (80%) than pre-eradication (42%). Post-eradication hatching success was consistently high (73%–83%; Table 1, Fig. 2); pre-eradication, it was quite variable (18%–78%). Note: rat eradication completed 2002, and pre-eradication data starts 2000/2001.",403,Rattus rattus,,Synthliboramphus scrippsi_Rattus rattus
Synthliboramphus scrippsi,"Whitworth, D.L., Carter, H.R. and Gress, F., 2013. Recovery of a threatened seabird after eradication of an introduced predator: Eight years of progress for Scripps’s murrelet at Anacapa Island, California. Biological Conservation, 162, pp.52-59.","Whitworth, D.L., Carter, H.R., Young, R.J., Koepke, J.S., Gress, F. and Fangman, S., 2005. Initial recovery of Xantus's Murrelets following rat eradication on Anacapa Island, California. Marine Ornithology, 33, pp.131-137.; Whitworth, D.L., Carter, H.R., Parker, M.W., Gress, F. and Booker, M., 2018. Long-term monitoring of Scripps's Murrelet and Guadalupe Murrelet at San Clemente Island, California: evaluation of baseline data in 2012–2016. Western North American Naturalist, 78(3), pp.457-473.; Whitworth, D.L., Carter, H.R., Dvorak, T.M., Farley, L.S. and King, J.L., 2014. Status, distribution, and conservation of Scripps's murrelet at Santa Catalina Island, California. Monographs of the Western North American Naturalist, 7(1), pp.321-338.",Predation,Predation,Predation,Rattus rattus,,,"Eggs, adults",8,1,88,0,NA,NA,NA,NA,Anacapa Island,34.004399999999997,-119.39960000000001,anacapa,Channel Islands,Pacific Ocean - North East,United States,"""Despite the difficult access to sea caves, rat-depredated eggs were recorded in seven of eight murrelet occupied caves before eradication.""",404,Rattus rattus,,Synthliboramphus scrippsi_Rattus rattus
Synthliboramphus scrippsi,"Murray, K.G., Winnett-Murray, K., Eppley, Z.A., Hunt Jr, G.L. and Schwartz, D.B., 1983. Breeding biology of the Xantus’ Murrelet. The Condor, 85(1), pp.12-21.",NA,Predation,Predation,Predation,Peromyscus maniculatus,,,"Eggs, chicks",470,1,44,0,NA,NA,NA,NA,Santa Barbara Island,33.4756,-119.0373,santa barbara,Channel Islands,Pacific Ocean - North East,United States,"From IUCN quote: ""Deer Mice Peromyscus maniculatus anacapae (native to nearby Cedros Island) have also been introduced to the San Benito Islands. Deer Mice depredated 46% of all monitored eggs on Santa Barbara (Murray et al. 1983), which is the largest known breeding site for the species (Howard et al. 2014). However, on Anacapa, Deer Mice were established long before the introduction of rats, precluding them from consideration as the cause of declines there (Jones et al. 2005).""",405,Peromyscus maniculatus,,Synthliboramphus scrippsi_Peromyscus maniculatus
Synthliboramphus wumizusume,BirdLife International. 2018. Synthliboramphus wumizusume. The IUCN Red List of Threatened Species 2018: e.T22694899A132580332. https://dx.doi.org/10.2305/IUCN.UK.2018-2.RLTS.T22694899A132580332.en. Accessed on 17 December 2023.,NA,Population,Abundance,Timing,Rattus norvegicus,,,NA,NA,1,,0,NA,NA,NA,NA,Koya-Jima (coordinates used for Kyushu),32.590000000000003,130.80000000000001,koya,Okinoshima Island,Pacific Ocean - North West,Japan,"""Brown rat Rattus norvegicus has been introduced to some nesting colonies and almost extirpated the population on Koya-Jima, before rats were been eradicated in 1987/198""",407,Rattus norvegicus,,Synthliboramphus wumizusume_Rattus norvegicus
Thalassarche chlororhynchos,"Cuthbert, R.J., Louw, H., Parker, G., Rexer-Huber, K. and Visser, P., 2013. Observations of mice predation on dark-mantled sooty albatross and Atlantic yellow-nosed albatross chicks at Gough Island. Antarctic Science, 25(6), pp.763-766.",NA,Predation,Predation,Predation,Mus musculus,,,Chicks,52,1,1.92,0,NA,NA,NA,NA,Gough Island,-40.318600000000004,-9.9352999999999998,gough,Tristan da Cunha,Atlantic Ocean - South,Saint Helena,"""Fig. 2. a. The carcass of an Atlantic yellow-nosed albatross chick with wounds on the belly and exposed viscera, and b. location of the mouse hole within the nest mound and entrance of the mouse hole at the base of the pedestal."" ""This predated chick was one of 52 hatched chicks in the long-term study colony where regular (more than twice weekly) checks were made in the 2009/10 season, suggesting mice preyed upon a minimum of 2% of chicks in this season.""",410,Mus musculus,,Thalassarche chlororhynchos_Mus musculus
Thalassarche chlororhynchos,"Jones, C.W., Risi, M.M., Cleeland, J. and Ryan, P.G., 2019. First evidence of mouse attacks on adult albatrosses and petrels breeding on sub-Antarctic Marion and Gough Islands. Polar Biology, 42, pp.619-623.",NA,Predation,Predation,Predation,Mus musculus,,,Adults,618,1,3.72,0,NA,NA,NA,NA,Gough Island,-40.318600000000004,-9.9352999999999998,gough,Tristan da Cunha,Atlantic Ocean - South,Saint Helena,"""During an incubation census of Atlantic Yellow-nosed Albatross Thalassarche chlororhynchos conducted from 18 to 26 October 2018 on Gough Island, an incubating individual was found on 19 October with a wound on the central back. The wound (~ 2 cm in diameter) had punctured the dermal layer and caused minor bleeding, but the adult bird was responsive and appeared unaffected. However, during the census, of 618 incubators counted in long-term census plots, a total of 23 freshly dead carcasses of Atlantic Yellownosed Albatrosses were found next to empty nests in nearby colonies to where the mouse wounded bird was found. The cause of death could not be determined and remains speculative.",411,Mus musculus,,Thalassarche chlororhynchos_Mus musculus
Thalassarche chlororhynchos,"Jones, C.W., Risi, M.M., Cleeland, J. and Ryan, P.G., 2019. First evidence of mouse attacks on adult albatrosses and petrels breeding on sub-Antarctic Marion and Gough Islands. Polar Biology, 42, pp.619-623.",NA,Population,Reproductive success,Timing,Mus musculus,,,NA,NA,0,,0,NA,NA,NA,NA,Gough Island,-40.318600000000004,-9.9352999999999998,gough,Tristan da Cunha,Atlantic Ocean - South,Saint Helena,"""Prior to 2017, there were no definite records of incubating or brooding adult seabirds on Marion or Gough Islands with wounds consistent with those inflicted by mice on albatross or petrel chicks."" *This species was defined Endangered in 2003 (IUCN Red List 2023)",412,Mus musculus,,Thalassarche chlororhynchos_Mus musculus
Thalassarche chrysostoma,"Dilley, B.J., Schoombie, S., Schoombie, J. and Ryan, P.G., 2016. ‘Scalping’of albatross fledglings by introduced mice spreads rapidly at Marion Island. Antarctic Science, 28(2), pp.73-80.",NA,Predation,Predation,Predation,Mus musculus,,,Chicks,2201,1,4.6,0,NA,NA,NA,NA,Marion Island,-46.912500000000001,37.743611000000001,marion,Prince Edward Islands,Indian Ocean - West,South Africa,"""In 2015, mice attacked large chicks of all three albatross species that fledge in autumn: grey-headed (Thalassarche chrysostoma Forster) (at least 102 wounded chicks; 4.6% of fledglings), sooty (n = 45, 4.3%) and light-mantled albatross (P. palpebrata Forster) (n = 1, 4%). Filming at night confirmed that mice were responsible for wounds.""",413,Mus musculus,,Thalassarche chrysostoma_Mus musculus
Thalassarche chrysostoma,"Jones, M.G.W. and Ryan, P.G., 2010. Evidence of mouse attacks on albatross chicks on sub-Antarctic Marion Island. Antarctic Science, 22(1), pp.39-42.",NA,Predation,Predation,Predation,Mus musculus,,,NA,NA,0,,0,NA,NA,NA,NA,Marion Island,-46.912500000000001,37.743611000000001,marion,Prince Edward Islands,Indian Ocean - West,South Africa,"""There has been no evidence of mouse attacks on greyheaded albatross or northern giant petrel chicks, either in the study colonies or from incidental observations.""",414,Mus musculus,,Thalassarche chrysostoma_Mus musculus
Thalasseus elegans,"Brooke, M.D.L., Bonnaud, E., Dilley, B.J., Flint, E.N., Holmes, N.D., Jones, H.P., Provost, P., Rocamora, G., Ryan, P.G., Surman, C. and Buxton, R.T., 2018. Seabird population changes following mammal eradications on islands. Animal Conservation, 21(1), pp.3-12.",NA,Population,Abundance,Temporal,Rattus rattus,,1,NA,NA,1,,1,0,181 populations,1,0,Isla Rasa,28.823599999999999,-112.98,rasa,Gulf of California (Midriff Islands),Pacific Ocean - North East,Mexico,"Supplementary file provides ""lambda"" values relative to rat eradications. The lambda value is >1 (population growth). The data is unpublished and raw data is not provided.",416,"Rattus rattus, Mus musculus",,Thalasseus elegans_Rattus rattus
Thalasseus elegans,"Brooke, M.D.L., Bonnaud, E., Dilley, B.J., Flint, E.N., Holmes, N.D., Jones, H.P., Provost, P., Rocamora, G., Ryan, P.G., Surman, C. and Buxton, R.T., 2018. Seabird population changes following mammal eradications on islands. Animal Conservation, 21(1), pp.3-12.",NA,Population,Abundance,Temporal,Mus musculus,,1,NA,NA,1,,1,0,181 populations,1,0,Isla Rasa,28.823599999999999,-112.98,rasa,Gulf of California (Midriff Islands),Pacific Ocean - North East,Mexico,"Supplementary file provides ""lambda"" values relative to rat eradications. The lambda value is >1 (population growth). The data is unpublished and raw data is not provided.",416,"Rattus rattus, Mus musculus",,Thalasseus elegans_Mus musculus
Vini peruviana,"Seitre, J., 1992. Causes of land-bird extinctions in French Polynesia. Oryx, 26(4), pp.215-222.",NA,Population,Abundance,Spatial,Rattus rattus,,1,NA,NA,1,,1,1,8,1,0,French Polynesia,-17.6797,-149.4068,tahiti nue,Society Islands,Pacific Ocean - South East,French Polynesia,Table 2,430,Rattus rattus,,Vini peruviana_Rattus rattus
Vini ultramarina,"Doukas, T. and Ziembicki, M., 2022. Conservation status and biology of the Ultramarine Lorikeet Vini ultramarina in the Marquesas Islands, French Polynesia. Bird Conservation International, 32(1), pp.111-126.",NA,Population,Abundance,Timing,Rattus rattus,,,NA,NA,1,,0,NA,NA,NA,NA,Fatu Hiva,-10.490500000000001,-138.6489,fatu hiva,Marquesas,Pacific Ocean - South East,French Polynesia,"""the decline of the Ultramarine Lorikeet from Nuku Hiva and Ua Pou, and from Fatu Hiva to where it was previously translocated (Kuehler et al. 1997), coincides with the introduction of the black rat Rattus rattus""",431,Rattus rattus,,Vini ultramarina_Rattus rattus
Vini ultramarina,"Doukas, T. and Ziembicki, M., 2022. Conservation status and biology of the Ultramarine Lorikeet Vini ultramarina in the Marquesas Islands, French Polynesia. Bird Conservation International, 32(1), pp.111-126.",NA,Population,Abundance,Spatial,Rattus rattus,,,NA,NA,1,,0,NA,NA,NA,NA,Fatu Hiva,-10.490500000000001,-138.6489,fatu hiva,Marquesas,Pacific Ocean - South East,French Polynesia,"""The only remaining robust population of Ultramarine Lorikeets was confined to the small, rat-free island of Ua Huka with approximate estimates of between 1,000 and 1,500 individuals in 1991""",432,Rattus rattus,,Vini ultramarina_Rattus rattus
Vini ultramarina,"Seitre, J., 1992. Causes of land-bird extinctions in French Polynesia. Oryx, 26(4), pp.215-222.",NA,Population,Abundance,Spatial,Rattus rattus,,1,NA,NA,1,,1,1,3,0,0,French Polynesia,-17.6797,-149.4068,tahiti nue,Society Islands,Pacific Ocean - South East,French Polynesia,Table 2,433,Rattus rattus,,Vini ultramarina_Rattus rattus
Xenicus gilviventris,"Weston, K.A., O'Donnell, C.F., van dam‐Bates, P. and Monks, J.M., 2018. Control of invasive predators improves breeding success of an endangered alpine passerine. Ibis, 160(4), pp.892-899.",NA,Predation,Predation,Predation,Mus musculus,,,"Eggs, chicks",140,1,2.86,0,NA,NA,NA,NA,"Mount Aspiring National Park, Fiordland National Park",-45.408499999999997,167.35910000000001,south,Lake Manapouri,Pacific Ocean - South West,New Zealand,"""Of the 146 nests monitored, the outcome (success or fail) was confirmed for 140 nests....House Mice (4 of 36 nests, 11% [of predations])...Mice gnawed and cracked open eggs in the nest, leaving behind broken eggshell, and preyed upon nestlings, leaving gnaw marks and fatal wounds.""",434,Mus musculus,,Xenicus gilviventris_Mus musculus
Zenaida graysoni,BirdLife International. 2020. Zenaida graysoni. The IUCN Red List of Threatened Species 2020: e.T22690740A178409463. https://dx.doi.org/10.2305/IUCN.UK.2020-3.RLTS.T22690740A178409463.en. Accessed on 20 January 2024.,NA,Predation,Predation,Predation,Mus musculus,,,Chicks,NA,1,,0,NA,NA,NA,NA,Revillagigedo Islands,18.797999999999998,-110.97539999999999,revillagigedo,Revillagigedo Archipelago,Pacific Ocean - North East,Mexico,"""mice remain an issue on the island and must be removed due to their predation of dove chicks (J. Lowen in litt. 2020)""",438,Mus musculus,,Zenaida graysoni_Mus musculus
Zosterops albogularis,BirdLife International. 2018. Zosterops albogularis. The IUCN Red List of Threatened Species 2018: e.T22714229A130968395. https://dx.doi.org/10.2305/IUCN.UK.2018-2.RLTS.T22714229A130968395.en. Accessed on 03 December 2023.,NA,Population,Abundance,Timing,Rattus rattus,,,NA,NA,1,,0,NA,NA,NA,NA,Norfolk Island,-29.040800000000001,167.9547,norfolk,Norfolk Islands,Pacific Ocean - South West,Australia,"""There have been a number of other reports during 1978-2005, however a three-week survey in 2009 failed to find the species and estimated a 90% chance that the species is functionally extinct .... The principal threat is probably predation by black rat Rattus rattus, which is thought to have been introduced in the mid-1940s.""",443,Rattus rattus,,Zosterops albogularis_Rattus rattus
Zosterops chloronothos,"Nichols, R.K., Woolaver, L.G. and Jones, C.G., 2005. Breeding biology of the endangered Mauritius Olive White-eye Zosterops chloronothos. Ostrich, 76(1&2), pp.1-7.",NA,Predation,Predation,Predation,Rattus rattus,,,"Eggs, chicks",6,1,83,0,NA,NA,NA,NA,"Black River Gorges National Park, Mauritius",-20.426400000000001,57.450899999999997,mauritius,Mauritius Islands,Indian Ocean - West,Mauritius,"""Four nests, all with nestlings less than five days old, were emptied but intact which is consistent with nest predation by the highly arboreal Ship Rat Rattus rattus on Mauritius... The other nest was predated during incubation with one egg having been eaten along the longitudinal axis and with several smaller pieces of eggshell being found below the intact nest, all of which is consistent with egg predation by R. rattus""",444,Rattus rattus,,Zosterops chloronothos_Rattus rattus
Zosterops chloronothos,"Maggs, G., Nicoll, M., Zuël, N., White, P.J., Winfield, E., Poongavanan, S., Tatayah, V., Jones, C.G. and Norris, K., 2015. Rattus management is essential for population persistence in a critically endangered passerine: Combining small-scale field experiments and population modelling. Biological Conservation, 191, pp.274-281.",NA,Lethal program,Reproductive success,Spatial,Rattus rattus,,,NA,NA,1,,0,NA,NA,NA,NA,"Black River Gorges National Park, Mauritius",-20.426400000000001,57.450899999999997,mauritius,Mauritius Islands,Indian Ocean - West,Mauritius,"""Rat management had a significant effect on [nestling survival rate] increasing survival from 85% with Control management to 93% and 98% with Trap and Poison management, respectively"". The study did measure effects of methods of killing rats on rat abundance: ""results of rat snap-trapping show that the presence of poison had a significant effect on rat abundance in September... with the average [catch per unit effort] reduced by 23% with Trap management compared with a reduction of 92% with Poison management"". Hoever since no data is provided linking rat abundance with any of the Z. chloronothos parameter, nor is data provided that could be linked in this way, the study is categorised as a lethal program study.",445,"Rattus rattus, Rattus norvegicus",,Zosterops chloronothos_Rattus rattus
Zosterops chloronothos,"Maggs, G., Nicoll, M., Zuël, N., White, P.J., Winfield, E., Poongavanan, S., Tatayah, V., Jones, C.G. and Norris, K., 2015. Rattus management is essential for population persistence in a critically endangered passerine: Combining small-scale field experiments and population modelling. Biological Conservation, 191, pp.274-281.",NA,Lethal program,Reproductive success,Spatial,Rattus norvegicus,,,NA,NA,1,,0,NA,NA,NA,NA,"Black River Gorges National Park, Mauritius",-20.426400000000001,57.450899999999997,mauritius,Mauritius Islands,Indian Ocean - West,Mauritius,"""Rat management had a significant effect on [nestling survival rate] increasing survival from 85% with Control management to 93% and 98% with Trap and Poison management, respectively"". The study did measure effects of methods of killing rats on rat abundance: ""results of rat snap-trapping show that the presence of poison had a significant effect on rat abundance in September... with the average [catch per unit effort] reduced by 23% with Trap management compared with a reduction of 92% with Poison management"". Hoever since no data is provided linking rat abundance with any of the Z. chloronothos parameter, nor is data provided that could be linked in this way, the study is categorised as a lethal program study.",445,"Rattus rattus, Rattus norvegicus",,Zosterops chloronothos_Rattus norvegicus
Zosterops modestus,BirdLife International. 2021. Zosterops modestus. The IUCN Red List of Threatened Species 2021: e.T22714018A177958015. Accessed on 19 January 2024.,NA,Population,Abundance,Timing,Rattus rattus,,,NA,NA,0,,0,NA,NA,NA,NA,Seychelles,-4.6642999999999999,55.365499999999997,conception,Seychelles,Indian Ocean - West,Seychelles,"Defined ""Threatened"" in 1988 and Critically Endangered 1994-2004, Endangered 2005-2015, Vulnerable since 2016. Black rats estbalished in 2015-2017",446,Rattus rattus,,Zosterops modestus_Rattus rattus
Zosterops modestus,BirdLife International. 2021. Zosterops modestus. The IUCN Red List of Threatened Species 2021: e.T22714018A177958015. Accessed on 19 January 2024.,NA,Population,Abundance,Temporal,Rattus rattus,,0,NA,NA,1,,1,NA,1,0,0,"Conception, Seychelles",-4.6642999999999999,55.365499999999997,conception,Seychelles,Indian Ocean - West,Seychelles,"""The population on Conception was estimated at c.275 (244-336) individuals in 1999, c.230 (189-266) in 2006, c.340 in 2009 (Rocamora and Labiche 2009) and c.310 individuals in 2014 (G. Rocamora in litt. 2019). In 2017 it was discovered that Black Rats Rattus rattus had colonised the island, probably about two years before in view of the rat distribution and abundance observed during visits. Subsequently, the population of Seychelles White-eye on Conception was almost eliminated, estimated at 10 to 15 individuals in late 2018 (G. Rocamora in litt. 2019, IBC-UniSey unpubl.; A Skerret, pers. comm., 2020).""",447,Rattus rattus,,Zosterops modestus_Rattus rattus
Zosterops modestus,BirdLife International. 2021. Zosterops modestus. The IUCN Red List of Threatened Species 2021: e.T22714018A177958015. Accessed on 19 January 2024.,NA,Population,Abundance,Timing,Rattus norvegicus,,,NA,NA,1,,0,NA,NA,NA,NA,"Conception, Seychelles",-4.6795999999999998,55.491999999999997,mahé,Seychelles,Indian Ocean - West,Seychelles,"""Conception was previously inhabited by R. norvegicus but an eradication operation was conducted in August 2007 (G. Rocamora in litt. 2007)."" Endangered status remained unchanged until 2016 but the number counted did increase until black rats arrived",448,Rattus norvegicus,,Zosterops modestus_Rattus norvegicus
Zosterops strenuus,BirdLife International. 2016. Zosterops strenuus. The IUCN Red List of Threatened Species 2016: e.T22714223A94406811. https://dx.doi.org/10.2305/IUCN.UK.2016-3.RLTS.T22714223A94406811.en. Accessed on 11 November 2023.,NA,Population,Abundance,Timing,Rattus rattus,,,NA,NA,1,,0,NA,NA,NA,NA,Lord Howe Island,-31.555299999999999,159.0821,lord howe,Lord Howe Islands,Pacific Ocean - South West,Australia,"""It was very common before 1918 (McAllan et al. 2004), with the last records coming from 1908 (Hull 1909), but it plummeted to extinction following the arrival of black rats Rattus rattus on the island (Hindwood 1940). It could not be found in 1928 (Sharland 1929).""",452,Rattus rattus,,Zosterops strenuus_Rattus rattus
Aerodramus bartschi,"Johnson, N.C., Haig, S.M., Mosher, S.M. and Hollenbeck, J.P., 2017. Reproductive success of Mariana Swiftlets (Aerodramus bartschi) on the Hawaiian island of O'ahu. Journal of Field Ornithology, 88(4), pp.362-373.",NA,Predation,Predation,Predation,Rattus rattus,,,Adults,478,1,3.56,0,NA,NA,NA,NA,O’ahu,21.4389,-158.0001,o‘ahu,Hawaiian Islands,Pacific Ocean - North East,United States,"Population introduced to O’ahu ""Predation by rats may have delayed the beginning of the 2006 breeding season (Fig. 1). Eighteen piles of swiftlet feathers were discovered in the tunnel on 6 March 2006. Chewed common guava (Psidium guajava) exocarps and rat scat near and in the feather piles confirmed that rats were the predators.""",14,Rattus,Rodent species assigned according to IUCN attribution,Aerodramus bartschi_Rattus rattus
Aerodramus bartschi,"Johnson, N.C., Haig, S.M., Mosher, S.M. and Hollenbeck, J.P., 2017. Reproductive success of Mariana Swiftlets (Aerodramus bartschi) on the Hawaiian island of O'ahu. Journal of Field Ornithology, 88(4), pp.362-373.",NA,Population,Reproductive success,Spatiotemporal,Rattus rattus,,1,NA,NA,0,,1,1,478,1,0,O’ahu,21.4389,-158.0001,o‘ahu,Hawaiian Islands,Pacific Ocean - North East,United States,"Population introduced to O’ahu ""Our top model suggested daily nest survival varied as a quadratic function of nest age (Table 3, Fig. 2)."" Rats were not included in top models (sample size = 478 nests so each nest is a ""site"")",15,Rattus,Rodent species assigned according to IUCN attribution,Aerodramus bartschi_Rattus rattus
Aerodramus bartschi,BirdLife International. 2016. Aerodramus bartschi. The IUCN Red List of Threatened Species 2016: e.T22728583A94990600. https://dx.doi.org/10.2305/IUCN.UK.2016-3.RLTS.T22728583A94990600.en. Accessed on 15 November 2023.,NA,Lethal program,Reproductive success,Temporal,Rattus rattus,,,NA,NA,1,,0,NA,NA,NA,NA,O’ahu,21.4389,-158.0001,o‘ahu,Hawaiian Islands,Pacific Ocean - North East,United States,"Population introduced to O’ahu ""The number of nesting pairs and fledglings on Oahu was lower in 2011 because rats invaded the nesting tunnel after rat control was interrupted (E. Vanderwerf in litt. 2012).""",16,Rattus,Rodent species assigned according to IUCN attribution,Aerodramus bartschi_Rattus rattus
Anas laysanensis,BirdLife International. 2018. Anas laysanensis. The IUCN Red List of Threatened Species 2018: e.T22680203A130697270. https://dx.doi.org/10.2305/IUCN.UK.2018-2.RLTS.T22680203A130697270.en. Accessed on 02 December 2023.,"VanderWerf, E. A. 2012. Hawaiian Bird Conservation Action Plan: NWHI Passerines. Honolulu, Hawaii http://large.stanford.edu/courses/2017/ph241/lewis1/docs/HBCAP_complete1.pdf",Population,Abundance,Timing,Rattus rattus,,,NA,NA,0,,0,NA,NA,NA,NA,Hawaii,19.898700000000002,-155.66589999999999,hawaiʻi,Hawaiian Islands,Pacific Ocean - North East,United States,"""Since the severe range contraction of the species from the main Hawaiian Islands after the introduction of rats"". Second REF: ""Fossil and subfossil evidence indicates that Laysan Ducks were widespread in the Hawaiian Islands prior to the arrival of rats (Rattus spp.) and occurred on Hawai‘i, Moloka‘i, O‘ahu, Maui, and Kaua‘i (USFWS 2004).... Laysan Ducks disappeared from the main Hawaiian Islands 800– 900 years ago after rats were introduced""",27,Rattus,Rodent species determined from literature review (Table SX),Anas laysanensis_Rattus rattus
Anas laysanensis,BirdLife International. 2018. Anas laysanensis. The IUCN Red List of Threatened Species 2018: e.T22680203A130697270. https://dx.doi.org/10.2305/IUCN.UK.2018-2.RLTS.T22680203A130697270.en. Accessed on 02 December 2023.,"VanderWerf, E. A. 2012. Hawaiian Bird Conservation Action Plan: NWHI Passerines. Honolulu, Hawaii http://large.stanford.edu/courses/2017/ph241/lewis1/docs/HBCAP_complete1.pdf",Population,Abundance,Timing,Rattus norvegicus,,,NA,NA,0,,0,NA,NA,NA,NA,Hawaii,19.898700000000002,-155.66589999999999,hawaiʻi,Hawaiian Islands,Pacific Ocean - North East,United States,"""Since the severe range contraction of the species from the main Hawaiian Islands after the introduction of rats"". Second REF: ""Fossil and subfossil evidence indicates that Laysan Ducks were widespread in the Hawaiian Islands prior to the arrival of rats (Rattus spp.) and occurred on Hawai‘i, Moloka‘i, O‘ahu, Maui, and Kaua‘i (USFWS 2004).... Laysan Ducks disappeared from the main Hawaiian Islands 800– 900 years ago after rats were introduced""",27,Rattus,Rodent species determined from literature review (Table SX),Anas laysanensis_Rattus norvegicus
Anas laysanensis,BirdLife International. 2018. Anas laysanensis. The IUCN Red List of Threatened Species 2018: e.T22680203A130697270. https://dx.doi.org/10.2305/IUCN.UK.2018-2.RLTS.T22680203A130697270.en. Accessed on 02 December 2023.,"VanderWerf, E. A. 2012. Hawaiian Bird Conservation Action Plan: NWHI Passerines. Honolulu, Hawaii http://large.stanford.edu/courses/2017/ph241/lewis1/docs/HBCAP_complete1.pdf",Population,Abundance,Timing,Rattus exulans,,,NA,NA,0,,0,NA,NA,NA,NA,Hawaii,19.898700000000002,-155.66589999999999,hawaiʻi,Hawaiian Islands,Pacific Ocean - North East,United States,"""Since the severe range contraction of the species from the main Hawaiian Islands after the introduction of rats"". Second REF: ""Fossil and subfossil evidence indicates that Laysan Ducks were widespread in the Hawaiian Islands prior to the arrival of rats (Rattus spp.) and occurred on Hawai‘i, Moloka‘i, O‘ahu, Maui, and Kaua‘i (USFWS 2004).... Laysan Ducks disappeared from the main Hawaiian Islands 800– 900 years ago after rats were introduced""",27,Rattus,Rodent species determined from literature review (Table SX),Anas laysanensis_Rattus exulans
Anas wyvilliana,"VanderWerf, E. A. 2012. Hawaiian Bird Conservation Action Plan: NWHI Passerines. Honolulu, Hawaii http://large.stanford.edu/courses/2017/ph241/lewis1/docs/HBCAP_complete1.pdf",NA,Predation,Predation,Predation,Rattus rattus,,,"Eggs, chicks",NA,1,,0,NA,NA,NA,NA,Hawaii,19.898700000000002,-155.66589999999999,hawaiʻi,Hawaiian Islands,Pacific Ocean - North East,United States,"""Predation by rats (Rattus spp.), Cattle Egrets (Bulbulcus ibis), Barn Owls (Tyto alba), and non-native fish has been documented on eggs or chicks (USFWS 2011).""",30,Rattus,Rodent species determined from literature review (Table SX),Anas wyvilliana_Rattus rattus
Anas wyvilliana,"VanderWerf, E. A. 2012. Hawaiian Bird Conservation Action Plan: NWHI Passerines. Honolulu, Hawaii http://large.stanford.edu/courses/2017/ph241/lewis1/docs/HBCAP_complete1.pdf",NA,Predation,Predation,Predation,Rattus norvegicus,,,"Eggs, chicks",NA,1,,0,NA,NA,NA,NA,Hawaii,19.898700000000002,-155.66589999999999,hawaiʻi,Hawaiian Islands,Pacific Ocean - North East,United States,"""Predation by rats (Rattus spp.), Cattle Egrets (Bulbulcus ibis), Barn Owls (Tyto alba), and non-native fish has been documented on eggs or chicks (USFWS 2011).""",30,Rattus,Rodent species determined from literature review (Table SX),Anas wyvilliana_Rattus norvegicus
Anas wyvilliana,"VanderWerf, E. A. 2012. Hawaiian Bird Conservation Action Plan: NWHI Passerines. Honolulu, Hawaii http://large.stanford.edu/courses/2017/ph241/lewis1/docs/HBCAP_complete1.pdf",NA,Predation,Predation,Predation,Rattus exulans,,,"Eggs, chicks",NA,1,,0,NA,NA,NA,NA,Hawaii,19.898700000000002,-155.66589999999999,hawaiʻi,Hawaiian Islands,Pacific Ocean - North East,United States,"""Predation by rats (Rattus spp.), Cattle Egrets (Bulbulcus ibis), Barn Owls (Tyto alba), and non-native fish has been documented on eggs or chicks (USFWS 2011).""",30,Rattus,Rodent species determined from literature review (Table SX),Anas wyvilliana_Rattus exulans
Apteryx mantelli,"Gillies, C.A., Leach, M.R., Coad, N.B., Theobald, S.W., Campbell, J., Herbert, T., Graham, P.J. and Pierce, R.J., 2003. Six years of intensive pest mammal control at Trounson Kauri Park, a Department of Conservation “mainland island”, June 1996—July 2002. New Zealand Journal of Zoology, 30(4), pp.399-420.",NA,Population,Reproductive success,Temporal,Rattus rattus,,0,NA,NA,0,,1,0,"2 for rats, 1 for the bird",1,0,Trounson Kauri Park,-35.7199752,173.64937610000001,north,Hokianga Harbour,Pacific Ocean - South West,New Zealand,Figure 3 vs Table 4,44,Rattus,Rodent species determined from literature review (Table SX),Apteryx mantelli_Rattus rattus
Apteryx mantelli,"Gillies, C.A., Leach, M.R., Coad, N.B., Theobald, S.W., Campbell, J., Herbert, T., Graham, P.J. and Pierce, R.J., 2003. Six years of intensive pest mammal control at Trounson Kauri Park, a Department of Conservation “mainland island”, June 1996—July 2002. New Zealand Journal of Zoology, 30(4), pp.399-420.",NA,Population,Reproductive success,Temporal,Rattus norvegicus,,0,NA,NA,0,,1,0,"2 for rats, 1 for the bird",1,0,Trounson Kauri Park,-35.7199752,173.64937610000001,north,Hokianga Harbour,Pacific Ocean - South West,New Zealand,Figure 3 vs Table 4,44,Rattus,Rodent species determined from literature review (Table SX),Apteryx mantelli_Rattus norvegicus
Apteryx mantelli,"Gillies, C.A., Leach, M.R., Coad, N.B., Theobald, S.W., Campbell, J., Herbert, T., Graham, P.J. and Pierce, R.J., 2003. Six years of intensive pest mammal control at Trounson Kauri Park, a Department of Conservation “mainland island”, June 1996—July 2002. New Zealand Journal of Zoology, 30(4), pp.399-420.",NA,Population,Reproductive success,Temporal,Rattus exulans,,0,NA,NA,0,,1,0,"2 for rats, 1 for the bird",1,0,Trounson Kauri Park,-35.7199752,173.64937610000001,north,Hokianga Harbour,Pacific Ocean - South West,New Zealand,Figure 3 vs Table 4,44,Rattus,Rodent species determined from literature review (Table SX),Apteryx mantelli_Rattus exulans
Ardenna creatopus,BirdLife International. 2018. Ardenna creatopus. The IUCN Red List of Threatened Species 2018: e.T22698195A132633266. https://dx.doi.org/10.2305/IUCN.UK.2018-2.RLTS.T22698195A132633266.en. Accessed on 31 December 2023.,NA,Predation,Predation,Predation,Rattus rattus,,,NA,NA,0,,0,NA,NA,NA,NA,Isla Mocha or Robinson Crusoe,-33.641399999999997,-78.846100000000007,robinson crusoe ,Juan Fernandez Islands,Pacific Ocean - South East,Chile,"""Stable isotope analyses of rat tissue suggest they are feeding at lower, terrestrial trophic levels, and no evidence has been found of eggs or chicks consumed by rats in burrows (P. Hodum in litt. 2017).""",47,Rattus,Rodent species assigned according to IUCN attribution,Ardenna creatopus_Rattus rattus
Ardenna creatopus,BirdLife International. 2018. Ardenna creatopus. The IUCN Red List of Threatened Species 2018: e.T22698195A132633266. https://dx.doi.org/10.2305/IUCN.UK.2018-2.RLTS.T22698195A132633266.en. Accessed on 31 December 2023.,NA,Predation,Predation,Predation,Rattus norvegicus,,,NA,NA,0,,0,NA,NA,NA,NA,Isla Mocha or Robinson Crusoe,-33.641399999999997,-78.846100000000007,robinson crusoe ,Juan Fernandez Islands,Pacific Ocean - South East,Chile,"""Stable isotope analyses of rat tissue suggest they are feeding at lower, terrestrial trophic levels, and no evidence has been found of eggs or chicks consumed by rats in burrows (P. Hodum in litt. 2017).""",47,Rattus,Rodent species assigned according to IUCN attribution,Ardenna creatopus_Rattus norvegicus
Ardeola idae,BirdLife International. 2021. Ardeola idae. The IUCN Red List of Threatened Species 2021: e.T22697143A189949320. https://dx.doi.org/10.2305/IUCN.UK.2021-3.RLTS.T22697143A189949320.en. Accessed on 10 February 2024.,NA,Predation,Predation,Predation,Rattus rattus,,,"Eggs, chicks",NA,1,,0,NA,NA,NA,NA,Unknown,NA,NA,NA,NA,NA,NA,"""Predation of eggs and young chicks by invasive rats may also be a problem (G. Rocamora in litt. 2020).""",49,Rattus,Rodent species determined from literature review (Table SX),Ardeola idae_Rattus rattus
Ardeola idae,BirdLife International. 2021. Ardeola idae. The IUCN Red List of Threatened Species 2021: e.T22697143A189949320. https://dx.doi.org/10.2305/IUCN.UK.2021-3.RLTS.T22697143A189949320.en. Accessed on 10 February 2024.,NA,Predation,Predation,Predation,Rattus norvegicus,,,"Eggs, chicks",NA,1,,0,NA,NA,NA,NA,Unknown,NA,NA,NA,NA,NA,NA,"""Predation of eggs and young chicks by invasive rats may also be a problem (G. Rocamora in litt. 2020).""",49,Rattus,Rodent species determined from literature review (Table SX),Ardeola idae_Rattus norvegicus
Bulweria fallax,"BirdLife International. 2018. Bulweria fallax. The IUCN Red List of Threatened Species 2018: e.T22698136A132628433. https://dx.doi.org/10.2305/IUCN.UK.2018-2.RLTS.T22698136A132628433.en. Accessed on 30 December 2023.
",NA,Population,Abundance,Timing,Rattus rattus,,,NA,NA,0,,0,NA,NA,NA,NA,Socotra,12.4634,53.823700000000002,socotra,Socotra Archipelago,Indian Ocean - West,Yemen,"""Non-native predators (e.g. rats Rattus spp. and Feral Cats Felis catus) are probably a limiting factor on the species’ breeding population size (Al-Saghier et al. 2000), although their impact on the Socotran subpopulation may have stabilised long ago, given the long period (over 2,000 years) of coexistence.""",53,Rattus,Rodent species determined from literature review (Table SX),Bulweria fallax_Rattus rattus
Bulweria fallax,"BirdLife International. 2018. Bulweria fallax. The IUCN Red List of Threatened Species 2018: e.T22698136A132628433. https://dx.doi.org/10.2305/IUCN.UK.2018-2.RLTS.T22698136A132628433.en. Accessed on 30 December 2023.
",NA,Population,Abundance,Timing,Rattus norvegicus,,,NA,NA,0,,0,NA,NA,NA,NA,Socotra,12.4634,53.823700000000002,socotra,Socotra Archipelago,Indian Ocean - West,Yemen,"""Non-native predators (e.g. rats Rattus spp. and Feral Cats Felis catus) are probably a limiting factor on the species’ breeding population size (Al-Saghier et al. 2000), although their impact on the Socotran subpopulation may have stabilised long ago, given the long period (over 2,000 years) of coexistence.""",53,Rattus,Rodent species determined from literature review (Table SX),Bulweria fallax_Rattus norvegicus
Calonectris leucomelas,"Hart, K.A., Choi, C.Y., Bond, A.L., Humphries, G.R., Yoo, J.C. and Nam, K.B., 2015. Streaked Shearwaters Calonectris leucomelas of the Korean Peninsula: distribution, status and potential threats. Forktail, 31, pp.55-63.",NA,Predation,Predation,Predation,Rattus rattus,,,Adults,NA,1,,0,NA,NA,NA,NA,Ulleung Island,33.875100000000003,139.6044,mikurajima,Izu Islands,Pacific Ocean - North West,Japan,"""the connection to Ulleung Island has led to the arrival of Black Rattus rattus and Brown Rats R. norvegicus, and in September 2014, during a reconnaissance of the island, we found the carcass of an adult Streaked Shearwater in a forested area—probably the result of rat predation""... ""Non-native Brown Rats Rattus norvegicus are present and are known to reduce Streaked Shearwater breeding success (Nam et al. 2014)."" Reference not in English",58,Rattus,Rodent species assigned according to IUCN attribution,Calonectris leucomelas_Rattus rattus
Calonectris leucomelas,"Hart, K.A., Choi, C.Y., Bond, A.L., Humphries, G.R., Yoo, J.C. and Nam, K.B., 2015. Streaked Shearwaters Calonectris leucomelas of the Korean Peninsula: distribution, status and potential threats. Forktail, 31, pp.55-63.",NA,Predation,Predation,Predation,Rattus norvegicus,,,Adults,NA,1,,0,NA,NA,NA,NA,Ulleung Island,33.875100000000003,139.6044,mikurajima,Izu Islands,Pacific Ocean - North West,Japan,"""the connection to Ulleung Island has led to the arrival of Black Rattus rattus and Brown Rats R. norvegicus, and in September 2014, during a reconnaissance of the island, we found the carcass of an adult Streaked Shearwater in a forested area—probably the result of rat predation""... ""Non-native Brown Rats Rattus norvegicus are present and are known to reduce Streaked Shearwater breeding success (Nam et al. 2014)."" Reference not in English",58,Rattus,Rodent species assigned according to IUCN attribution,Calonectris leucomelas_Rattus norvegicus
Calonectris leucomelas,"Lee, K.G. and Yoo, J.C., 2002. Breeding population of Streaked Shearwaters (Calonectris leucomelas) and the effect of Norway Rat (Rattus norvegicus) predation on Sasudo Island. Journal of the Yamashina Institute for Ornithology, 33(2), pp.142-147.",NA,Predation,Predation,Predation,Rattus rattus,,,"Eggs, chicks",54,1,48,0,NA,NA,NA,NA,Sasudo Island,33.384599999999999,126.5535,jeju,Jeju Island,Pacific Ocean - North West,South Korea,"""In 1999, 31 out of 54 burrows with eggs or chicks failed breeding and 83.9% of failures were caused by Norway Rat predation (Table 2).""",59,Rattus,Rodent species assigned according to IUCN attribution,Calonectris leucomelas_Rattus rattus
Calonectris leucomelas,"Lee, K.G. and Yoo, J.C., 2002. Breeding population of Streaked Shearwaters (Calonectris leucomelas) and the effect of Norway Rat (Rattus norvegicus) predation on Sasudo Island. Journal of the Yamashina Institute for Ornithology, 33(2), pp.142-147.",NA,Predation,Predation,Predation,Rattus norvegicus,,,"Eggs, chicks",54,1,48,0,NA,NA,NA,NA,Sasudo Island,33.384599999999999,126.5535,jeju,Jeju Island,Pacific Ocean - North West,South Korea,"""In 1999, 31 out of 54 burrows with eggs or chicks failed breeding and 83.9% of failures were caused by Norway Rat predation (Table 2).""",59,Rattus,Rodent species assigned according to IUCN attribution,Calonectris leucomelas_Rattus norvegicus
Calonectris leucomelas,"Oka, N., Suginome, H., Jida, N. and Maruyama, N., 2002. Chick growth and fledgling performance of Streaked Shearwaters Calonectris leucomelas on Mikura Island for two breeding seasons. Journal of the Yamashina Institute for Ornithology, 34(1), pp.39-59.",NA,Predation,Predation,Predation,Rattus rattus,,,"Eggs, chicks",NA,1,,0,NA,NA,NA,NA,Mikura Island,37.506399999999999,130.85720000000001,ulleung,Ulleung Island,Pacific Ocean - North West,South Korea,"""Among the 22 chicks lost, 12 (54.5%) were presumed to have been killed by feral cats or rats, judging from the bite marks on the carcasses that were indicative of killing rather than scavenging.""",60,Rattus,Rodent species assigned according to IUCN attribution,Calonectris leucomelas_Rattus rattus
Calonectris leucomelas,"Oka, N., Suginome, H., Jida, N. and Maruyama, N., 2002. Chick growth and fledgling performance of Streaked Shearwaters Calonectris leucomelas on Mikura Island for two breeding seasons. Journal of the Yamashina Institute for Ornithology, 34(1), pp.39-59.",NA,Predation,Predation,Predation,Rattus norvegicus,,,"Eggs, chicks",NA,1,,0,NA,NA,NA,NA,Mikura Island,37.506399999999999,130.85720000000001,ulleung,Ulleung Island,Pacific Ocean - North West,South Korea,"""Among the 22 chicks lost, 12 (54.5%) were presumed to have been killed by feral cats or rats, judging from the bite marks on the carcasses that were indicative of killing rather than scavenging.""",60,Rattus,Rodent species assigned according to IUCN attribution,Calonectris leucomelas_Rattus norvegicus
Cinclodes maculirostris,BirdLife International. 2021. Cinclodes maculirostris. The IUCN Red List of Threatened Species 2021: e.T103670944A192074027. https://dx.doi.org/10.2305/IUCN.UK.2021-3.RLTS.T103670944A192074027.en. Accessed on 10 February 2024.,NA,Population,Abundance,Spatial,Rattus norvegicus,,,NA,NA,1,,0,NA,NA,NA,NA,"Brecknock Peninsula, Navarino Island, Cape Horn Archipelago, Staten Island",-55.056699999999999,-67.616600000000005,navarino,Cape Horn,Atlantic Ocean - South,Chile,"""The species is at risk from invasive predators such as cats Felis catus and rats Rattus spp., which has led to the species only being found where these do not occur (del Hoyo et al. 2020)""",86,Rattus,Rodent species determined from literature review (Table SX),Cinclodes maculirostris_Rattus norvegicus
Cleptornis marchei,BirdLife International. 2020. Cleptornis marchei (errata version published in 2022). The IUCN Red List of Threatened Species 2020: e.T22714282A216247839. Accessed on 17 February 2024.,NA,Predation,Predation,Predation,Rattus norvegicus,,,NA,NA,1,,0,NA,NA,NA,NA,Saipan,15.185,145.7467,saipan,Mariana Islands,Pacific Ocean - North West,Northern Mariana Islands,"""Rats have been observed predating Golden White-eye nests on Saipan (Peiffer 2017).""",91,Rattus,Rodent species determined from literature review (Table SX),Cleptornis marchei_Rattus norvegicus
Cleptornis marchei,BirdLife International. 2020. Cleptornis marchei (errata version published in 2022). The IUCN Red List of Threatened Species 2020: e.T22714282A216247839. Accessed on 17 February 2024.,NA,Predation,Predation,Predation,Rattus exulans,,,NA,NA,1,,0,NA,NA,NA,NA,Saipan,15.185,145.7467,saipan,Mariana Islands,Pacific Ocean - North West,Northern Mariana Islands,"""Rats have been observed predating Golden White-eye nests on Saipan (Peiffer 2017).""",91,Rattus,Rodent species determined from literature review (Table SX),Cleptornis marchei_Rattus exulans
Drepanis coccinea,"VanderWerf, E. A. 2012. Hawaiian Bird Conservation Action Plan: NWHI Passerines. Honolulu, Hawaii http://large.stanford.edu/courses/2017/ph241/lewis1/docs/HBCAP_complete1.pdf",NA,Predation,Predation,Predation,Rattus rattus,,,NA,NA,0,,0,NA,NA,NA,NA,Hawaii,19.898700000000002,-155.66589999999999,hawaiʻi,Hawaiian Islands,Pacific Ocean - North East,United States,"""there is little direct evidence of predation on ‘I’iwi""",127,Rattus,Rodent species determined from literature review (Table SX),Drepanis coccinea_Rattus rattus
Drepanis coccinea,"VanderWerf, E. A. 2012. Hawaiian Bird Conservation Action Plan: NWHI Passerines. Honolulu, Hawaii http://large.stanford.edu/courses/2017/ph241/lewis1/docs/HBCAP_complete1.pdf",NA,Predation,Predation,Predation,Rattus norvegicus,,,NA,NA,0,,0,NA,NA,NA,NA,Hawaii,19.898700000000002,-155.66589999999999,hawaiʻi,Hawaiian Islands,Pacific Ocean - North East,United States,"""there is little direct evidence of predation on ‘I’iwi""",127,Rattus,Rodent species determined from literature review (Table SX),Drepanis coccinea_Rattus norvegicus
Drepanis coccinea,"VanderWerf, E. A. 2012. Hawaiian Bird Conservation Action Plan: NWHI Passerines. Honolulu, Hawaii http://large.stanford.edu/courses/2017/ph241/lewis1/docs/HBCAP_complete1.pdf",NA,Predation,Predation,Predation,Rattus exulans,,,NA,NA,0,,0,NA,NA,NA,NA,Hawaii,19.898700000000002,-155.66589999999999,hawaiʻi,Hawaiian Islands,Pacific Ocean - North East,United States,"""there is little direct evidence of predation on ‘I’iwi""",127,Rattus,Rodent species determined from literature review (Table SX),Drepanis coccinea_Rattus exulans
Drepanis coccinea,"Knowlton, J.L., Flaspohler, D.J., Paxton, E.H., Fukami, T., Giardina, C.P., Gruner, D.S. and Rankin, E.E.W., 2017. Movements of four native Hawaiian birds across a naturally fragmented landscape. Journal of Avian Biology, 48(7), pp.921-931.",NA,Population,Abundance,Spatial,Rattus rattus,,1,NA,NA,0,,1,1,34,1,0,Hawaii,19.898700000000002,-155.66589999999999,hawaiʻi,Hawaiian Islands,Pacific Ocean - North East,United States,"""Beginning in June 2011, we removed rats from 16 of the 34 study kīpuka"" ""In response to rat treatment, only Hawai‛i ‘amakihi was more likely to be faithful to patches from which rats had been removed (68% of resighted individuals remained in or moved to rat-removed kīpuka) (Table 2). For ‘apapane, ‘i‘iwi and ‘oma‘o, 42, 36 and 53% of resighted individuals remained in or moved to rat-removed kīpuka, respectively."" ""Overall, many weak forces as opposed to one or a few strong forces appear to collectively shape birds’ movement behavior, with the more intrinsic drivers of movement behavior – species, sex, age and season, being more important than the extrinsic drivers of patch size and invasive rats.""",128,Rattus,Rodent species determined from literature review (Table SX),Drepanis coccinea_Rattus rattus
Drepanis coccinea,"Knowlton, J.L., Flaspohler, D.J., Paxton, E.H., Fukami, T., Giardina, C.P., Gruner, D.S. and Rankin, E.E.W., 2017. Movements of four native Hawaiian birds across a naturally fragmented landscape. Journal of Avian Biology, 48(7), pp.921-931.",NA,Population,Abundance,Spatial,Rattus norvegicus,,1,NA,NA,0,,1,1,34,1,0,Hawaii,19.898700000000002,-155.66589999999999,hawaiʻi,Hawaiian Islands,Pacific Ocean - North East,United States,"""Beginning in June 2011, we removed rats from 16 of the 34 study kīpuka"" ""In response to rat treatment, only Hawai‛i ‘amakihi was more likely to be faithful to patches from which rats had been removed (68% of resighted individuals remained in or moved to rat-removed kīpuka) (Table 2). For ‘apapane, ‘i‘iwi and ‘oma‘o, 42, 36 and 53% of resighted individuals remained in or moved to rat-removed kīpuka, respectively."" ""Overall, many weak forces as opposed to one or a few strong forces appear to collectively shape birds’ movement behavior, with the more intrinsic drivers of movement behavior – species, sex, age and season, being more important than the extrinsic drivers of patch size and invasive rats.""",128,Rattus,Rodent species determined from literature review (Table SX),Drepanis coccinea_Rattus norvegicus
Drepanis coccinea,"Knowlton, J.L., Flaspohler, D.J., Paxton, E.H., Fukami, T., Giardina, C.P., Gruner, D.S. and Rankin, E.E.W., 2017. Movements of four native Hawaiian birds across a naturally fragmented landscape. Journal of Avian Biology, 48(7), pp.921-931.",NA,Population,Abundance,Spatial,Rattus exulans,,1,NA,NA,0,,1,1,34,1,0,Hawaii,19.898700000000002,-155.66589999999999,hawaiʻi,Hawaiian Islands,Pacific Ocean - North East,United States,"""Beginning in June 2011, we removed rats from 16 of the 34 study kīpuka"" ""In response to rat treatment, only Hawai‛i ‘amakihi was more likely to be faithful to patches from which rats had been removed (68% of resighted individuals remained in or moved to rat-removed kīpuka) (Table 2). For ‘apapane, ‘i‘iwi and ‘oma‘o, 42, 36 and 53% of resighted individuals remained in or moved to rat-removed kīpuka, respectively."" ""Overall, many weak forces as opposed to one or a few strong forces appear to collectively shape birds’ movement behavior, with the more intrinsic drivers of movement behavior – species, sex, age and season, being more important than the extrinsic drivers of patch size and invasive rats.""",128,Rattus,Rodent species determined from literature review (Table SX),Drepanis coccinea_Rattus exulans
Ducula aurorae,"BirdLife International. 2017. Ducula aurorae. The IUCN Red List of Threatened Species 2017: e.T22691668A118663538. https://dx.doi.org/10.2305/IUCN.UK.2017-3.RLTS.T22691668A118663538.en. Accessed on 20 November 2023.
",NA,Population,Abundance,Timing,Rattus rattus,,,NA,NA,0,,0,NA,NA,NA,NA,Makatea,-15.8453,-148.25200000000001,makatea,Tuamotu Archipelago,Pacific Ocean - South East,French Polynesia,"""the species has coexisted with rats for several decades (J.-C. Thibault in litt. 2000).""",132,Rattus,Rodent species assigned according to IUCN attribution,Ducula aurorae_Rattus rattus
Emberiza jankowskii,"Jiang, Y.L., Gao, W., Lei, F.M., Wang, H.T., Wan, D.M. and Zhao, J., 2008. Nesting biology and population dynamics of Jankowski's Bunting Emberiza jankowskii in Western Jilin, China. Bird Conservation International, 18(2), pp.153-163.",NA,Predation,Predation,Predation,Rattus rattus,,,"Eggs, chicks",NA,1,,0,NA,NA,NA,NA,Jilin,43.837800000000001,126.54940000000001,jilin,Jilin,Pacific Ocean - North West,Japan,"""Table 2. Summary of Jankowski’s Bunting egg and nestling loss, 1999–2001...Associated with predation from snakes, ants, rats and falcons""",137,Rattus,Rodent species determined from literature review (Table SX),Emberiza jankowskii_Rattus rattus
Emberiza jankowskii,"Jiang, Y.L., Gao, W., Lei, F.M., Wang, H.T., Wan, D.M. and Zhao, J., 2008. Nesting biology and population dynamics of Jankowski's Bunting Emberiza jankowskii in Western Jilin, China. Bird Conservation International, 18(2), pp.153-163.",NA,Predation,Predation,Predation,Rattus norvegicus,,,"Eggs, chicks",NA,1,,0,NA,NA,NA,NA,Jilin,43.837800000000001,126.54940000000001,jilin,Jilin,Pacific Ocean - North West,Japan,"""Table 2. Summary of Jankowski’s Bunting egg and nestling loss, 1999–2001...Associated with predation from snakes, ants, rats and falcons""",137,Rattus,Rodent species determined from literature review (Table SX),Emberiza jankowskii_Rattus norvegicus
Fratercula arctica,"Stempniewicz, L. and Jensen, J.K., 2007. Puffin harvesting and survival at Nólsoy, The Faeroes. Ornis Svecica, 17(2), pp.95-99.",NA,Predation,Predation,Predation,Rattus rattus,,,NA,NA,0,,0,NA,NA,NA,NA,Nólsoy,51.178100000000001,-4.6673,lundy,Bristol Channel,Atlantic Ocean - North,United Kingdom,"""Neither large gulls nor any other predators were seen during the study. Hence, predation was considered insignificant in the colony during the study period.""",156,Rattus,Rodent species determined from literature review (Table SX),Fratercula arctica_Rattus rattus
Fratercula arctica,"Stempniewicz, L. and Jensen, J.K., 2007. Puffin harvesting and survival at Nólsoy, The Faeroes. Ornis Svecica, 17(2), pp.95-99.",NA,Predation,Predation,Predation,Rattus norvegicus,,,NA,NA,0,,0,NA,NA,NA,NA,Nólsoy,51.178100000000001,-4.6673,lundy,Bristol Channel,Atlantic Ocean - North,United Kingdom,"""Neither large gulls nor any other predators were seen during the study. Hence, predation was considered insignificant in the colony during the study period.""",156,Rattus,Rodent species determined from literature review (Table SX),Fratercula arctica_Rattus norvegicus
Fratercula arctica,BirdLife International. 2018. Fratercula arctica. The IUCN Red List of Threatened Species 2018: e.T22694927A132581443. https://dx.doi.org/10.2305/IUCN.UK.2018-2.RLTS.T22694927A132581443.en. Accessed on 21 December 2023.,NA,Predation,Predation,Predation,Rattus rattus,,,"Eggs, chicks",NA,1,,0,NA,NA,NA,NA,Unknown,61.979500000000002,-6.6482999999999999,nólsoy,Faroe Islands,Atlantic Ocean - North,Denmark,"""Rats Rattus spp. depredate eggs and chicks""",158,Rattus,Rodent species determined from literature review (Table SX),Fratercula arctica_Rattus rattus
Fratercula arctica,BirdLife International. 2018. Fratercula arctica. The IUCN Red List of Threatened Species 2018: e.T22694927A132581443. https://dx.doi.org/10.2305/IUCN.UK.2018-2.RLTS.T22694927A132581443.en. Accessed on 21 December 2023.,NA,Predation,Predation,Predation,Rattus norvegicus,,,"Eggs, chicks",NA,1,,0,NA,NA,NA,NA,Unknown,61.979500000000002,-6.6482999999999999,nólsoy,Faroe Islands,Atlantic Ocean - North,Denmark,"""Rats Rattus spp. depredate eggs and chicks""",158,Rattus,Rodent species determined from literature review (Table SX),Fratercula arctica_Rattus norvegicus
Fringilla polatzeki,BirdLife International. 2021. Fringilla polatzeki. The IUCN Red List of Threatened Species 2021: e.T103822640A205711288. https://dx.doi.org/10.2305/IUCN.UK.2021-3.RLTS.T103822640A205711288.en. Accessed on 12 February 2024.,NA,Predation,Predation,Predation,Rattus rattus,,,NA,NA,0,,0,NA,NA,NA,NA,Gran Canaria,27.920200000000001,-15.5474,gran canaria,Canary Islands,Atlantic Ocean - North,Spain,"""The common kestrel (Falco tinnunculus) and the rat (Rattus sp.) could also prey on nests, although there are no direct observations that confirm this (Delgado et al. 2021).""",162,Rattus,Rodent species determined from literature review (Table SX),Fringilla polatzeki_Rattus rattus
Fringilla polatzeki,BirdLife International. 2021. Fringilla polatzeki. The IUCN Red List of Threatened Species 2021: e.T103822640A205711288. https://dx.doi.org/10.2305/IUCN.UK.2021-3.RLTS.T103822640A205711288.en. Accessed on 12 February 2024.,NA,Predation,Predation,Predation,Rattus norvegicus,,,NA,NA,0,,0,NA,NA,NA,NA,Gran Canaria,27.920200000000001,-15.5474,gran canaria,Canary Islands,Atlantic Ocean - North,Spain,"""The common kestrel (Falco tinnunculus) and the rat (Rattus sp.) could also prey on nests, although there are no direct observations that confirm this (Delgado et al. 2021).""",162,Rattus,Rodent species determined from literature review (Table SX),Fringilla polatzeki_Rattus norvegicus
Geospiza heliobates,"Fessl, B., Young, G.H., Young, R.P., Rodríguez-Matamoros, J., Dvorak, M., Tebbich, S. and Fa, J.E., 2010. How to save the rarest Darwin's finch from extinction: the mangrove finch on Isabela Island. Philosophical Transactions of the Royal Society B: Biological Sciences, 365(1543), pp.1019-1030.",NA,Population,Reproductive success,Temporal,Rattus rattus,,1,NA,NA,1,,1,0,2,0,0,Isabela Island,-0.82920000000000005,-91.135300000000001,isabela,Galapagos Islands,Pacific Ocean - North East,Ecuador,"""Nest success of mangrove finches increased markedly after rat control in PTN and CB (figure 2). Compared with 2006/2007 values, significantly more nests reached the nestling phase in 2007/2008 (one-tailed per cent difference test: p , 0.03) with the proportion of successful nests (excluding nests with displaying males or pairs only) doubling from 18 to 37 per cent (one-tailed per cent difference test: p ¼ 0.05). This was largely due to a substantial decrease in the proportion of nests being predated during the incubation phase and a drop in the proportion of nests with eggs being abandoned (figure 2)."" Note: which species was predating is not clear. Population data is provided but not paired with rat abundance.",167,Rattus,Rodent species assigned according to IUCN attribution,Geospiza heliobates_Rattus rattus
Gerygone insularis,"Recher, H.F. and Clark, S.S., 1974. A biological survey of Lord Howe Island with recommendations for the conservation of the island's wildlife. Biological Conservation, 6(4), pp.263-273.",BirdLife International. 2016. Gerygone insularis. The IUCN Red List of Threatened Species 2016: e.T22704724A93982219. https://dx.doi.org/10.2305/IUCN.UK.2016-3.RLTS.T22704724A93982219.en. Accessed on 09 November 2023.,Population,Abundance,Timing,Rattus rattus,,,NA,NA,1,,0,NA,NA,NA,NA,Lord Howe Island,-31.555299999999999,159.0821,lord howe,Lord Howe Islands,Pacific Ocean - South West,Australia,"""Gerygone insularis was an abundant endemic to Lord Howe Island, Australia, until the island was colonised by rats from a shipwreck in 1918. It was heard frequently in 1928 (Sharland 1929) but could not be found on a visit in 1936 (Hindwood 1940), and there are no subsequent records (Recher and Clark 1974).""",170,Rattus,Rodent species determined from literature review (Table SX),Gerygone insularis_Rattus rattus
Hymenolaimus malacorhynchos,"Whitehead, A.L., Edge, K.A., Smart, A.F., Hill, G.S. and Willans, M.J., 2008. Large scale predator control improves the productivity of a rare New Zealand riverine duck. Biological Conservation, 141(11), pp.2784-2794.",NA,Predation,Predation,Predation,Rattus rattus,,,NA,NA,0,,0,NA,NA,NA,NA,Fiordland National Park,-45.408499999999997,167.35910000000001,fiordland,Fiordland Islands,Pacific Ocean - South West,New Zealand,"""Introduced possums and rats visited nests but none of the observed visitations resulted in predation.""",188,Rattus,Rodent species determined from literature review (Table SX),Hymenolaimus malacorhynchos_Rattus rattus
Hymenolaimus malacorhynchos,"Whitehead, A.L., Edge, K.A., Smart, A.F., Hill, G.S. and Willans, M.J., 2008. Large scale predator control improves the productivity of a rare New Zealand riverine duck. Biological Conservation, 141(11), pp.2784-2794.",NA,Predation,Predation,Predation,Rattus norvegicus,,,NA,NA,0,,0,NA,NA,NA,NA,Fiordland National Park,-45.408499999999997,167.35910000000001,fiordland,Fiordland Islands,Pacific Ocean - South West,New Zealand,"""Introduced possums and rats visited nests but none of the observed visitations resulted in predation.""",188,Rattus,Rodent species determined from literature review (Table SX),Hymenolaimus malacorhynchos_Rattus norvegicus
Hymenolaimus malacorhynchos,"Whitehead, A.L., Edge, K.A., Smart, A.F., Hill, G.S. and Willans, M.J., 2008. Large scale predator control improves the productivity of a rare New Zealand riverine duck. Biological Conservation, 141(11), pp.2784-2794.",NA,Predation,Predation,Predation,Rattus exulans,,,NA,NA,0,,0,NA,NA,NA,NA,Fiordland National Park,-45.408499999999997,167.35910000000001,fiordland,Fiordland Islands,Pacific Ocean - South West,New Zealand,"""Introduced possums and rats visited nests but none of the observed visitations resulted in predation.""",188,Rattus,Rodent species determined from literature review (Table SX),Hymenolaimus malacorhynchos_Rattus exulans
Lalage newtoni,"Thiollay, J.M. and Probst, J.M., 1999. Ecology and conservation of a small insular bird population, the Réunion cuckoo-shrike Coracina newtoni. Biological conservation, 87(2), pp.191-200.",NA,Predation,Predation,Predation,Rattus rattus,,,Unknown,NA,1,,0,NA,NA,NA,NA,Réunion,-21.115100000000002,55.5364,réunion,Mascarene Islands,Indian Ocean - West,French Southern Territories,"""From 16 broods, nine were unsuccessful (one destroyed by wind, one by a harrier and most others by rats)"" ""Rats are widespread in all forest types and there is circumstancial evidence of cuckoo-shrike brood losses attributable to them.""",195,Rattus,Rodent species assigned according to IUCN attribution,Lalage newtoni_Rattus rattus
Lalage newtoni,"Thiollay, J.M. and Probst, J.M., 1999. Ecology and conservation of a small insular bird population, the Réunion cuckoo-shrike Coracina newtoni. Biological conservation, 87(2), pp.191-200.",NA,Predation,Predation,Predation,Rattus norvegicus,,,Unknown,NA,1,,0,NA,NA,NA,NA,Réunion,-21.115100000000002,55.5364,réunion,Mascarene Islands,Indian Ocean - West,French Southern Territories,"""From 16 broods, nine were unsuccessful (one destroyed by wind, one by a harrier and most others by rats)"" ""Rats are widespread in all forest types and there is circumstancial evidence of cuckoo-shrike brood losses attributable to them.""",195,Rattus,Rodent species assigned according to IUCN attribution,Lalage newtoni_Rattus norvegicus
Larosterna inca,BirdLife International. 2018. Larosterna inca. The IUCN Red List of Threatened Species 2018: e.T22694834A132576903. https://dx.doi.org/10.2305/IUCN.UK.2018-2.RLTS.T22694834A132576903.en. Accessed on 17 December 2023.,NA,Predation,Predation,Predation,Rattus rattus,,,Unknown,NA,1,,0,NA,NA,NA,NA,Punta San Juan,13.2059,-88.538399999999996,punta san juan,Jiquilisco Bay,Pacific Ocean - North East,El Salvador,"""Mass reproductive failure can also be caused by rat predation, as recorded in Punta San Juan (Merino 2017)"" Study is not in English",197,Rattus,Rodent species determined from literature review (Table SX),Larosterna inca_Rattus rattus
Larosterna inca,BirdLife International. 2018. Larosterna inca. The IUCN Red List of Threatened Species 2018: e.T22694834A132576903. https://dx.doi.org/10.2305/IUCN.UK.2018-2.RLTS.T22694834A132576903.en. Accessed on 17 December 2023.,NA,Predation,Predation,Predation,Rattus norvegicus,,,Unknown,NA,1,,0,NA,NA,NA,NA,Punta San Juan,13.2059,-88.538399999999996,punta san juan,Jiquilisco Bay,Pacific Ocean - North East,El Salvador,"""Mass reproductive failure can also be caused by rat predation, as recorded in Punta San Juan (Merino 2017)"" Study is not in English",197,Rattus,Rodent species determined from literature review (Table SX),Larosterna inca_Rattus norvegicus
Larus fuliginosus,BirdLife International. 2018. Larus fuliginosus. The IUCN Red List of Threatened Species 2018: e.T22694452A132552501. https://dx.doi.org/10.2305/IUCN.UK.2018-2.RLTS.T22694452A132552501.en. Accessed on 17 December 2023.,NA,Predation,Predation,Predation,Rattus rattus,,,Unknown,NA,1,,0,NA,NA,NA,NA,Galápagos Islands,-0.95379999999999998,-90.965599999999995,isabela,Galapagos Islands,Pacific Ocean - North East,Ecuador,"""Invasive non-native species also pose a threat, particularly House Rats Rattus rattus, cats Felis catus and dogs Canis familiaris which have been shown to predate Lava Gull nests (Wiedenfeld and Jiménez-Uzcátegui 2008, Cepeda and Cruz 1994)."" Cannot access Cepeda which is possibly why this statement mentions rats",200,Rattus,Rodent species assigned according to IUCN attribution,Larus fuliginosus_Rattus rattus
Laterallus spilonota,BirdLife International. 2020. Laterallus spilonota. The IUCN Red List of Threatened Species 2020: e.T22692366A181476400. https://dx.doi.org/10.2305/IUCN.UK.2020-3.RLTS.T22692366A181476400.en. Accessed on 04 February 2024.,NA,Predation,Predation,Predation,Rattus rattus,,,"Eggs, chicks",NA,1,,0,NA,NA,NA,NA,Galápagos Islands,-0.95379999999999998,-90.965599999999995,isabela,Galapagos Islands,Pacific Ocean - North East,Ecuador,"""This species is probably vulnerable to introduced predators such as rats (predation on nests and fledglings potentially the biggest threat, D. Wiedenfeld in litt. 2012)""",202,Rattus,Rodent species determined from literature review (Table SX),Laterallus spilonota_Rattus rattus
Laterallus spilonota,BirdLife International. 2020. Laterallus spilonota. The IUCN Red List of Threatened Species 2020: e.T22692366A181476400. https://dx.doi.org/10.2305/IUCN.UK.2020-3.RLTS.T22692366A181476400.en. Accessed on 04 February 2024.,NA,Predation,Predation,Predation,Rattus norvegicus,,,"Eggs, chicks",NA,1,,0,NA,NA,NA,NA,Galápagos Islands,-0.95379999999999998,-90.965599999999995,isabela,Galapagos Islands,Pacific Ocean - North East,Ecuador,"""This species is probably vulnerable to introduced predators such as rats (predation on nests and fledglings potentially the biggest threat, D. Wiedenfeld in litt. 2012)""",202,Rattus,Rodent species determined from literature review (Table SX),Laterallus spilonota_Rattus norvegicus
Loxops caeruleirostris,"Hammond, R.L., Crampton, L.H. and Foster, J.T., 2015. Breeding biology of two endangered forest birds on the island of Kauai, Hawaii. The Condor: Ornithological Applications, 117(1), pp.31-40.",NA,Predation,Predation,Predation,Rattus rattus,,,NA,8,0,0,0,NA,NA,NA,NA,Kauai,22.096399999999999,-159.52610000000001,kauai,Hawaiian Islands,Pacific Ocean - North East,United States,Table 1,209,Rattus,Rodent species determined from literature review (Table SX),Loxops caeruleirostris_Rattus rattus
Loxops caeruleirostris,"Hammond, R.L., Crampton, L.H. and Foster, J.T., 2015. Breeding biology of two endangered forest birds on the island of Kauai, Hawaii. The Condor: Ornithological Applications, 117(1), pp.31-40.",NA,Predation,Predation,Predation,Rattus norvegicus,,,NA,8,0,0,0,NA,NA,NA,NA,Kauai,22.096399999999999,-159.52610000000001,kauai,Hawaiian Islands,Pacific Ocean - North East,United States,Table 1,209,Rattus,Rodent species determined from literature review (Table SX),Loxops caeruleirostris_Rattus norvegicus
Loxops caeruleirostris,"Hammond, R.L., Crampton, L.H. and Foster, J.T., 2015. Breeding biology of two endangered forest birds on the island of Kauai, Hawaii. The Condor: Ornithological Applications, 117(1), pp.31-40.",NA,Predation,Predation,Predation,Rattus exulans,,,NA,8,0,0,0,NA,NA,NA,NA,Kauai,22.096399999999999,-159.52610000000001,kauai,Hawaiian Islands,Pacific Ocean - North East,United States,Table 1,209,Rattus,Rodent species determined from literature review (Table SX),Loxops caeruleirostris_Rattus exulans
Loxops caeruleirostris,"VanderWerf, E. A. 2012. Hawaiian Bird Conservation Action Plan: NWHI Passerines. Honolulu, Hawaii http://large.stanford.edu/courses/2017/ph241/lewis1/docs/HBCAP_complete1.pdf",NA,Predation,Predation,Predation,Rattus rattus,,,NA,NA,1,,0,NA,NA,NA,NA,Kauai,22.096399999999999,-159.52610000000001,kauai,Hawaiian Islands,Pacific Ocean - North East,United States,"""Predation on ‘Akikiki and ‘Akeke’e nests by rats has been documented by the KFBRP""",210,Rattus,Rodent species determined from literature review (Table SX),Loxops caeruleirostris_Rattus rattus
Loxops caeruleirostris,"VanderWerf, E. A. 2012. Hawaiian Bird Conservation Action Plan: NWHI Passerines. Honolulu, Hawaii http://large.stanford.edu/courses/2017/ph241/lewis1/docs/HBCAP_complete1.pdf",NA,Predation,Predation,Predation,Rattus norvegicus,,,NA,NA,1,,0,NA,NA,NA,NA,Kauai,22.096399999999999,-159.52610000000001,kauai,Hawaiian Islands,Pacific Ocean - North East,United States,"""Predation on ‘Akikiki and ‘Akeke’e nests by rats has been documented by the KFBRP""",210,Rattus,Rodent species determined from literature review (Table SX),Loxops caeruleirostris_Rattus norvegicus
Loxops caeruleirostris,"VanderWerf, E. A. 2012. Hawaiian Bird Conservation Action Plan: NWHI Passerines. Honolulu, Hawaii http://large.stanford.edu/courses/2017/ph241/lewis1/docs/HBCAP_complete1.pdf",NA,Predation,Predation,Predation,Rattus exulans,,,NA,NA,1,,0,NA,NA,NA,NA,Kauai,22.096399999999999,-159.52610000000001,kauai,Hawaiian Islands,Pacific Ocean - North East,United States,"""Predation on ‘Akikiki and ‘Akeke’e nests by rats has been documented by the KFBRP""",210,Rattus,Rodent species determined from literature review (Table SX),Loxops caeruleirostris_Rattus exulans
Megapodius laperouse,"Radley, P.M., Davis, R.A. and Doherty, T.S., 2021. Impacts of invasive rats and tourism on a threatened island bird: the Palau Micronesian Scrubfowl. Bird Conservation International, 31(2), pp.206-218.",NA,Population,Abundance,Spatial,Rattus rattus,,1,NA,NA,0,,1,1,10,1,0,Palau,7.5149999999999997,134.58250000000001,babeldaob,Babeldaob Islands,Pacific Ocean - North West,Palau,"""rat occupancy probability... had a non-significant negative effect on scrubfowl numbers across islands"" Table 1 and 3",215,Rattus,Rodent species determined from literature review (Table SX),Megapodius laperouse_Rattus rattus
Megapodius laperouse,"Radley, P.M., Davis, R.A. and Doherty, T.S., 2021. Impacts of invasive rats and tourism on a threatened island bird: the Palau Micronesian Scrubfowl. Bird Conservation International, 31(2), pp.206-218.",NA,Population,Abundance,Spatial,Rattus norvegicus,,1,NA,NA,0,,1,1,10,1,0,Palau,7.5149999999999997,134.58250000000001,babeldaob,Babeldaob Islands,Pacific Ocean - North West,Palau,"""rat occupancy probability... had a non-significant negative effect on scrubfowl numbers across islands"" Table 1 and 3",215,Rattus,Rodent species determined from literature review (Table SX),Megapodius laperouse_Rattus norvegicus
Megapodius laperouse,"Radley, P.M., Davis, R.A. and Doherty, T.S., 2021. Impacts of invasive rats and tourism on a threatened island bird: the Palau Micronesian Scrubfowl. Bird Conservation International, 31(2), pp.206-218.",NA,Population,Abundance,Spatial,Rattus exulans,,1,NA,NA,0,,1,1,10,1,0,Palau,7.5149999999999997,134.58250000000001,babeldaob,Babeldaob Islands,Pacific Ocean - North West,Palau,"""rat occupancy probability... had a non-significant negative effect on scrubfowl numbers across islands"" Table 1 and 3",215,Rattus,Rodent species determined from literature review (Table SX),Megapodius laperouse_Rattus exulans
Mundia elpenor,"Olson, Storrs L. ""Evolution of the rails of the South Atlantic islands (Aves: Rallidae)."" (1973).",NA,Population,Abundance,Timing,Rattus rattus,,,NA,NA,0,,0,NA,NA,NA,NA,Ascension Island,-7.9466999999999999,-14.3559,ascension,Ascension Island,Atlantic Ocean - South,Saint Helena,"""At some unknown time, rats and mice made their appearance. They were present by 1754 (La Caille, 1763) and Osbeck (1771, 11:84) felt that they came to the island with the wreck of William Dampier's ship Roebuck in 1701, although they may well have reached shore previously with vessels stopping for sea turtles or other supplies""... Just how long after 1656 the Ascension rail survived is not known. If present, its numbers must have been considerably reduced by the 1700s as the species was never reported again.""",230,Rattus,Rodent species determined from literature review (Table SX),Mundia elpenor_Rattus rattus
Myadestes palmeri,"Tweed, E.J., Foster, J.T., Woodworth, B.L., Monahan, W.B., Kellerman, J.L. and Lieberman, A., 2006. Breeding biology and success of a reintroduced population of the critically endangered Puaiohi (Myadestes palmeri). The Auk, 123(3), pp.753-763.",NA,Predation,Predation,Predation,Rattus rattus,,,"Eggs, adults (reintroduced)",24,1,33,NA,NA,NA,NA,NA,Kauai,22.096399999999999,-159.52610000000001,kauai,Hawaiian Islands,Pacific Ocean - North East,United States,Table 2,232,Rattus,Rodent species determined from literature review (Table SX),Myadestes palmeri_Rattus rattus
Myadestes palmeri,"Tweed, E.J., Foster, J.T., Woodworth, B.L., Monahan, W.B., Kellerman, J.L. and Lieberman, A., 2006. Breeding biology and success of a reintroduced population of the critically endangered Puaiohi (Myadestes palmeri). The Auk, 123(3), pp.753-763.",NA,Predation,Predation,Predation,Rattus norvegicus,,,"Eggs, adults (reintroduced)",24,1,33,NA,NA,NA,NA,NA,Kauai,22.096399999999999,-159.52610000000001,kauai,Hawaiian Islands,Pacific Ocean - North East,United States,Table 2,232,Rattus,Rodent species determined from literature review (Table SX),Myadestes palmeri_Rattus norvegicus
Myadestes palmeri,"Tweed, E.J., Foster, J.T., Woodworth, B.L., Monahan, W.B., Kellerman, J.L. and Lieberman, A., 2006. Breeding biology and success of a reintroduced population of the critically endangered Puaiohi (Myadestes palmeri). The Auk, 123(3), pp.753-763.",NA,Predation,Predation,Predation,Rattus exulans,,,"Eggs, adults (reintroduced)",24,1,33,NA,NA,NA,NA,NA,Kauai,22.096399999999999,-159.52610000000001,kauai,Hawaiian Islands,Pacific Ocean - North East,United States,Table 2,232,Rattus,Rodent species determined from literature review (Table SX),Myadestes palmeri_Rattus exulans
Myadestes palmeri,"Tweed, E.J., Foster, J.T., Woodworth, B.L., Monahan, W.B., Kellerman, J.L. and Lieberman, A., 2006. Breeding biology and success of a reintroduced population of the critically endangered Puaiohi (Myadestes palmeri). The Auk, 123(3), pp.753-763.",NA,Lethal program,Reproductive success,Temporal,Rattus rattus,,,NA,NA,0,,0,NA,NA,NA,NA,Kauai,22.096399999999999,-159.52610000000001,kauai,Hawaiian Islands,Pacific Ocean - North East,United States,Table 2,233,Rattus,Rodent species determined from literature review (Table SX),Myadestes palmeri_Rattus rattus
Myadestes palmeri,"Tweed, E.J., Foster, J.T., Woodworth, B.L., Monahan, W.B., Kellerman, J.L. and Lieberman, A., 2006. Breeding biology and success of a reintroduced population of the critically endangered Puaiohi (Myadestes palmeri). The Auk, 123(3), pp.753-763.",NA,Lethal program,Reproductive success,Temporal,Rattus norvegicus,,,NA,NA,0,,0,NA,NA,NA,NA,Kauai,22.096399999999999,-159.52610000000001,kauai,Hawaiian Islands,Pacific Ocean - North East,United States,Table 2,233,Rattus,Rodent species determined from literature review (Table SX),Myadestes palmeri_Rattus norvegicus
Myadestes palmeri,"Tweed, E.J., Foster, J.T., Woodworth, B.L., Monahan, W.B., Kellerman, J.L. and Lieberman, A., 2006. Breeding biology and success of a reintroduced population of the critically endangered Puaiohi (Myadestes palmeri). The Auk, 123(3), pp.753-763.",NA,Lethal program,Reproductive success,Temporal,Rattus exulans,,,NA,NA,0,,0,NA,NA,NA,NA,Kauai,22.096399999999999,-159.52610000000001,kauai,Hawaiian Islands,Pacific Ocean - North East,United States,Table 2,233,Rattus,Rodent species determined from literature review (Table SX),Myadestes palmeri_Rattus exulans
Myadestes palmeri,"VanderWerf, E.A., Crampton, L.H., Diegmann, J.S., Atkinson, C.T. and Leonard, D.L., 2014. Survival estimates of wild and captive-bred released Puaiohi, an endangered Hawaiian thrush. The Condor: Ornithological Applications, 116(4), pp.609-618.",NA,Predation,Predation,Predation,Rattus rattus,,,Adults,NA,1,,0,NA,NA,NA,NA,Kauai,22.096399999999999,-159.52610000000001,kauai,Hawaiian Islands,Pacific Ocean - North East,United States,"""The difference between adult male and adult female survival is consistent with rat (Rattus spp.) predation of females on the nest as a major source of mortality.""",234,Rattus,Rodent species determined from literature review (Table SX),Myadestes palmeri_Rattus rattus
Myadestes palmeri,"VanderWerf, E.A., Crampton, L.H., Diegmann, J.S., Atkinson, C.T. and Leonard, D.L., 2014. Survival estimates of wild and captive-bred released Puaiohi, an endangered Hawaiian thrush. The Condor: Ornithological Applications, 116(4), pp.609-618.",NA,Predation,Predation,Predation,Rattus norvegicus,,,Adults,NA,1,,0,NA,NA,NA,NA,Kauai,22.096399999999999,-159.52610000000001,kauai,Hawaiian Islands,Pacific Ocean - North East,United States,"""The difference between adult male and adult female survival is consistent with rat (Rattus spp.) predation of females on the nest as a major source of mortality.""",234,Rattus,Rodent species determined from literature review (Table SX),Myadestes palmeri_Rattus norvegicus
Myadestes palmeri,"VanderWerf, E.A., Crampton, L.H., Diegmann, J.S., Atkinson, C.T. and Leonard, D.L., 2014. Survival estimates of wild and captive-bred released Puaiohi, an endangered Hawaiian thrush. The Condor: Ornithological Applications, 116(4), pp.609-618.",NA,Predation,Predation,Predation,Rattus exulans,,,Adults,NA,1,,0,NA,NA,NA,NA,Kauai,22.096399999999999,-159.52610000000001,kauai,Hawaiian Islands,Pacific Ocean - North East,United States,"""The difference between adult male and adult female survival is consistent with rat (Rattus spp.) predation of females on the nest as a major source of mortality.""",234,Rattus,Rodent species determined from literature review (Table SX),Myadestes palmeri_Rattus exulans
Oreomystis bairdi,"Hammond, R.L., Crampton, L.H. and Foster, J.T., 2015. Breeding biology of two endangered forest birds on the island of Kauai, Hawaii. The Condor: Ornithological Applications, 117(1), pp.31-40.",NA,Predation,Predation,Predation,Rattus rattus,,,NA,8,1,,0,NA,NA,NA,NA,Kauai,22.096399999999999,-159.52610000000001,kauai,Hawaiian Islands,Pacific Ocean - North East,United States,Table 1,249,Rodent,Rodent species determined from literature review (Table SX),Oreomystis bairdi_Rattus rattus
Oreomystis bairdi,"Hammond, R.L., Crampton, L.H. and Foster, J.T., 2015. Breeding biology of two endangered forest birds on the island of Kauai, Hawaii. The Condor: Ornithological Applications, 117(1), pp.31-40.",NA,Predation,Predation,Predation,Rattus norvegicus,,,NA,8,1,,0,NA,NA,NA,NA,Kauai,22.096399999999999,-159.52610000000001,kauai,Hawaiian Islands,Pacific Ocean - North East,United States,Table 1,249,Rodent,Rodent species determined from literature review (Table SX),Oreomystis bairdi_Rattus norvegicus
Oreomystis bairdi,"Hammond, R.L., Crampton, L.H. and Foster, J.T., 2015. Breeding biology of two endangered forest birds on the island of Kauai, Hawaii. The Condor: Ornithological Applications, 117(1), pp.31-40.",NA,Predation,Predation,Predation,Rattus exulans,,,NA,8,1,,0,NA,NA,NA,NA,Kauai,22.096399999999999,-159.52610000000001,kauai,Hawaiian Islands,Pacific Ocean - North East,United States,Table 1,249,Rodent,Rodent species determined from literature review (Table SX),Oreomystis bairdi_Rattus exulans
Oreomystis bairdi,"VanderWerf, E. A. 2012. Hawaiian Bird Conservation Action Plan: NWHI Passerines. Honolulu, Hawaii http://large.stanford.edu/courses/2017/ph241/lewis1/docs/HBCAP_complete1.pdf",NA,Predation,Predation,Predation,Rattus rattus,,,NA,NA,1,,0,NA,NA,NA,NA,Kauai,22.096399999999999,-159.52610000000001,kauai,Hawaiian Islands,Pacific Ocean - North East,United States,"""Predation on ‘Akikiki and ‘Akeke’e nests by rats has been documented by the KFBRP""",250,Rattus,Rodent species determined from literature review (Table SX),Oreomystis bairdi_Rattus rattus
Oreomystis bairdi,"VanderWerf, E. A. 2012. Hawaiian Bird Conservation Action Plan: NWHI Passerines. Honolulu, Hawaii http://large.stanford.edu/courses/2017/ph241/lewis1/docs/HBCAP_complete1.pdf",NA,Predation,Predation,Predation,Rattus norvegicus,,,NA,NA,1,,0,NA,NA,NA,NA,Kauai,22.096399999999999,-159.52610000000001,kauai,Hawaiian Islands,Pacific Ocean - North East,United States,"""Predation on ‘Akikiki and ‘Akeke’e nests by rats has been documented by the KFBRP""",250,Rattus,Rodent species determined from literature review (Table SX),Oreomystis bairdi_Rattus norvegicus
Oreomystis bairdi,"VanderWerf, E. A. 2012. Hawaiian Bird Conservation Action Plan: NWHI Passerines. Honolulu, Hawaii http://large.stanford.edu/courses/2017/ph241/lewis1/docs/HBCAP_complete1.pdf",NA,Predation,Predation,Predation,Rattus exulans,,,NA,NA,1,,0,NA,NA,NA,NA,Kauai,22.096399999999999,-159.52610000000001,kauai,Hawaiian Islands,Pacific Ocean - North East,United States,"""Predation on ‘Akikiki and ‘Akeke’e nests by rats has been documented by the KFBRP""",250,Rattus,Rodent species determined from literature review (Table SX),Oreomystis bairdi_Rattus exulans
Otus capnodes,"Safford, R.J., 1993. Rediscovery, taxonomy and conservation of the Anjouan Scops Owl Otus capnodes (Gurney 1889). Bird Conservation International, 3(1), pp.57-74.",NA,Predation,Predation,Predation,Rattus rattus,,,NA,NA,0,,0,NA,NA,NA,NA,Anjouan,-12.213800000000001,44.437100000000001,anjouan,Comoro Islands,Indian Ocean - West,Comoros,"""Rats Rattus sp. are abundant in the forest (pers. obs.) and may affect breeding success by nest predation, although there is no concrete evidence.""",252,Rattus,Rodent species assigned according to IUCN attribution,Otus capnodes_Rattus rattus
Palmeria dolei,"Simon, J.C., Pratt, T.K., Berlin, K.E. and Kowalsky, J.R., 2001. Reproductive ecology and demography of the ‘Ākohekohe. The Condor, 103(4), pp.736-745.",NA,Predation,Predation,Predation,Rattus rattus,,,NA,NA,1,,0,NA,NA,NA,NA,Maui,20.798400000000001,-156.33189999999999,maui,Hawaiian Islands,Pacific Ocean - North East,United States,"""Rats (Rattus spp.) were abundant at the study site, and we confirmed their depredating some ‘A ̄ kohekohe nests, so we did not expect to find such a high rate of nest success.""",259,Rattus,Rodent species determined from literature review (Table SX),Palmeria dolei_Rattus rattus
Palmeria dolei,"Simon, J.C., Pratt, T.K., Berlin, K.E. and Kowalsky, J.R., 2001. Reproductive ecology and demography of the ‘Ākohekohe. The Condor, 103(4), pp.736-745.",NA,Predation,Predation,Predation,Rattus norvegicus,,,NA,NA,1,,0,NA,NA,NA,NA,Maui,20.798400000000001,-156.33189999999999,maui,Hawaiian Islands,Pacific Ocean - North East,United States,"""Rats (Rattus spp.) were abundant at the study site, and we confirmed their depredating some ‘A ̄ kohekohe nests, so we did not expect to find such a high rate of nest success.""",259,Rattus,Rodent species determined from literature review (Table SX),Palmeria dolei_Rattus norvegicus
Palmeria dolei,"Simon, J.C., Pratt, T.K., Berlin, K.E. and Kowalsky, J.R., 2001. Reproductive ecology and demography of the ‘Ākohekohe. The Condor, 103(4), pp.736-745.",NA,Predation,Predation,Predation,Rattus exulans,,,NA,NA,1,,0,NA,NA,NA,NA,Maui,20.798400000000001,-156.33189999999999,maui,Hawaiian Islands,Pacific Ocean - North East,United States,"""Rats (Rattus spp.) were abundant at the study site, and we confirmed their depredating some ‘A ̄ kohekohe nests, so we did not expect to find such a high rate of nest success.""",259,Rattus,Rodent species determined from literature review (Table SX),Palmeria dolei_Rattus exulans
Pampusana canifrons,BirdLife International. 2018. Alopecoenas canifrons (errata version published in 2022). The IUCN Red List of Threatened Species 2018: e.T22691071A216247017. Accessed on 17 February 2024.,NA,Predation,Predation,Predation,Rattus norvegicus,,,NA,NA,1,,0,NA,NA,NA,NA,Palau,7.5149999999999997,134.58250000000001,babeldaob,Babeldaob Islands,Pacific Ocean - North West,Palau,"""The Palau Conservation Society reported observing a ground dove being killed by a rat in 2005 (A. Gupta in litt. 2011).""",260,Rattus,Rodent species determined from literature review (Table SX),Pampusana canifrons_Rattus norvegicus
Pampusana canifrons,BirdLife International. 2018. Alopecoenas canifrons (errata version published in 2022). The IUCN Red List of Threatened Species 2018: e.T22691071A216247017. Accessed on 17 February 2024.,NA,Predation,Predation,Predation,Rattus exulans,,,NA,NA,1,,0,NA,NA,NA,NA,Palau,7.5149999999999997,134.58250000000001,babeldaob,Babeldaob Islands,Pacific Ocean - North West,Palau,"""The Palau Conservation Society reported observing a ground dove being killed by a rat in 2005 (A. Gupta in litt. 2011).""",260,Rattus,Rodent species determined from literature review (Table SX),Pampusana canifrons_Rattus exulans
Petroica multicolor,"Nance, A.H., Mitchell, W.F., Dawlings, F., Cook, C.N. and Clarke, R.H., 2023. Rodent predation and specialised avian habitat requirements drive extinction risk for endemic island songbirds in the south-west Pacific. Emu-Austral Ornithology, 123(3), pp.217-231.",NA,Predation,Predation,Predation,Rattus rattus,,,"Eggs, chicks",42,1,39,0,NA,NA,NA,NA,Norfolk Island,-29.040800000000001,167.9547,norfolk,Norfolk Islands,Pacific Ocean - South West,Australia,"""We found evidence of invasive rats preying on eggs and chicks of all five focal nesting species at nest heights ranging from 1.3 to 8.3 m above the ground."" + Table S4",270,Rattus,Rodent species assigned according to IUCN attribution,Petroica multicolor_Rattus rattus
Petroica multicolor,"Nance, A.H., Mitchell, W.F., Dawlings, F., Cook, C.N. and Clarke, R.H., 2023. Rodent predation and specialised avian habitat requirements drive extinction risk for endemic island songbirds in the south-west Pacific. Emu-Austral Ornithology, 123(3), pp.217-231.",NA,Lethal program,Reproductive success,Spatial,Rattus rattus,,,NA,NA,1,,0,NA,NA,NA,NA,Norfolk Island,-29.040800000000001,167.9547,norfolk,Norfolk Islands,Pacific Ocean - South West,Australia,"""Bait station density was also positively correlated with DSR in all candidate models, indicating nest survival was higher in areas with more intensive baiting, although effect sizes were small (best model: z = 1.95, p = 0.05; Figure 2(b))"" - Daily nest survival rate (DSR) - ""That rodents present as a key threatening process is further supported by mea- sures of nest vulnerability to rodents (i.e. in areas of lower bait density and higher nest connectivity) which were key predictors of daily nest survival.""",271,Rattus,Rodent species assigned according to IUCN attribution,Petroica multicolor_Rattus rattus
Prosobonia parvirostris,BirdLife International. 2016. Prosobonia parvirostris. The IUCN Red List of Threatened Species 2016: e.T62289271A95194072. https://dx.doi.org/10.2305/IUCN.UK.2016-3.RLTS.T62289271A95194072.en. Accessed on 17 November 2023.,NA,Population,Abundance,Spatial,Rattus rattus,,,NA,NA,1,,0,NA,NA,NA,NA,Tuamotu Archipelago,-17.6797,-149.4068,tahiti nue,Society Islands,Pacific Ocean - South East,French Polynesia,"""This species was formerly widespread, but is now restricted to predator-free, usually uninhabited islands.""",310,Rattus,Rodent species assigned according to IUCN attribution,Prosobonia parvirostris_Rattus rattus
Pseudonestor xanthophrys,"Mounce, H.L., Leonard, D.L., Swinnerton, K.J., Becker, C.D., Berthold, L.K., Iknayan, K.J. and Groombridge, J.J., 2013. Determining productivity of Maui Parrotbills, an endangered Hawaiian honeycreeper. Journal of Field Ornithology, 84(1), pp.32-39.",NA,Predation,Predation,Predation,Rattus rattus,,,NA,NA,0,,0,NA,NA,NA,NA,Maui,20.798400000000001,-156.33189999999999,maui,Hawaiian Islands,Pacific Ocean - North East,United States,"""Although they have not been documented as predators of parrotbill nests, rats have been documented predating Akohekohe nests at similar heights.""",316,Rattus,Rodent species determined from literature review (Table SX),Pseudonestor xanthophrys_Rattus rattus
Pseudonestor xanthophrys,"Mounce, H.L., Leonard, D.L., Swinnerton, K.J., Becker, C.D., Berthold, L.K., Iknayan, K.J. and Groombridge, J.J., 2013. Determining productivity of Maui Parrotbills, an endangered Hawaiian honeycreeper. Journal of Field Ornithology, 84(1), pp.32-39.",NA,Predation,Predation,Predation,Rattus norvegicus,,,NA,NA,0,,0,NA,NA,NA,NA,Maui,20.798400000000001,-156.33189999999999,maui,Hawaiian Islands,Pacific Ocean - North East,United States,"""Although they have not been documented as predators of parrotbill nests, rats have been documented predating Akohekohe nests at similar heights.""",316,Rattus,Rodent species determined from literature review (Table SX),Pseudonestor xanthophrys_Rattus norvegicus
Pseudonestor xanthophrys,"Mounce, H.L., Leonard, D.L., Swinnerton, K.J., Becker, C.D., Berthold, L.K., Iknayan, K.J. and Groombridge, J.J., 2013. Determining productivity of Maui Parrotbills, an endangered Hawaiian honeycreeper. Journal of Field Ornithology, 84(1), pp.32-39.",NA,Predation,Predation,Predation,Rattus exulans,,,NA,NA,0,,0,NA,NA,NA,NA,Maui,20.798400000000001,-156.33189999999999,maui,Hawaiian Islands,Pacific Ocean - North East,United States,"""Although they have not been documented as predators of parrotbill nests, rats have been documented predating Akohekohe nests at similar heights.""",316,Rattus,Rodent species determined from literature review (Table SX),Pseudonestor xanthophrys_Rattus exulans
Pseudonestor xanthophrys,"Mounce, H.L., Leonard, D.L., Swinnerton, K.J., Becker, C.D., Berthold, L.K., Iknayan, K.J. and Groombridge, J.J., 2013. Determining productivity of Maui Parrotbills, an endangered Hawaiian honeycreeper. Journal of Field Ornithology, 84(1), pp.32-39.",NA,Lethal program,Reproductive success,Spatial,Rattus rattus,,,NA,NA,0,,0,NA,NA,NA,NA,Maui,20.798400000000001,-156.33189999999999,maui,Hawaiian Islands,Pacific Ocean - North East,United States,"""Although our data suggest some variation in annual reproductive success of parrotbills between our two study areas, we found no significant spatial and temporal differences, even though predator control was conducted at over 62% of the HR3 site during our study, but was not conducted at FSB. Populations of non-native mammalian predators, including rats (Rattus spp.) and mongooses (Herpestes javanicus), were controlled using bait stations loaded with rodenticide and snap traps""",317,Rattus,Rodent species determined from literature review (Table SX),Pseudonestor xanthophrys_Rattus rattus
Pseudonestor xanthophrys,"Mounce, H.L., Leonard, D.L., Swinnerton, K.J., Becker, C.D., Berthold, L.K., Iknayan, K.J. and Groombridge, J.J., 2013. Determining productivity of Maui Parrotbills, an endangered Hawaiian honeycreeper. Journal of Field Ornithology, 84(1), pp.32-39.",NA,Lethal program,Reproductive success,Spatial,Rattus norvegicus,,,NA,NA,0,,0,NA,NA,NA,NA,Maui,20.798400000000001,-156.33189999999999,maui,Hawaiian Islands,Pacific Ocean - North East,United States,"""Although our data suggest some variation in annual reproductive success of parrotbills between our two study areas, we found no significant spatial and temporal differences, even though predator control was conducted at over 62% of the HR3 site during our study, but was not conducted at FSB. Populations of non-native mammalian predators, including rats (Rattus spp.) and mongooses (Herpestes javanicus), were controlled using bait stations loaded with rodenticide and snap traps""",317,Rattus,Rodent species determined from literature review (Table SX),Pseudonestor xanthophrys_Rattus norvegicus
Pseudonestor xanthophrys,"Mounce, H.L., Leonard, D.L., Swinnerton, K.J., Becker, C.D., Berthold, L.K., Iknayan, K.J. and Groombridge, J.J., 2013. Determining productivity of Maui Parrotbills, an endangered Hawaiian honeycreeper. Journal of Field Ornithology, 84(1), pp.32-39.",NA,Lethal program,Reproductive success,Spatial,Rattus exulans,,,NA,NA,0,,0,NA,NA,NA,NA,Maui,20.798400000000001,-156.33189999999999,maui,Hawaiian Islands,Pacific Ocean - North East,United States,"""Although our data suggest some variation in annual reproductive success of parrotbills between our two study areas, we found no significant spatial and temporal differences, even though predator control was conducted at over 62% of the HR3 site during our study, but was not conducted at FSB. Populations of non-native mammalian predators, including rats (Rattus spp.) and mongooses (Herpestes javanicus), were controlled using bait stations loaded with rodenticide and snap traps""",317,Rattus,Rodent species determined from literature review (Table SX),Pseudonestor xanthophrys_Rattus exulans
Pterodroma caribbaea,BirdLife International. 2018. Pterodroma caribbaea. The IUCN Red List of Threatened Species 2018: e.T22698097A132625182. https://dx.doi.org/10.2305/IUCN.UK.2018-2.RLTS.T22698097A132625182.en. Accessed on 30 December 2023.,NA,Predation,Predation,Predation,Rattus rattus,,,Eggs,NA,1,,0,NA,NA,NA,NA,John Crow Mountains,18.083500000000001,-76.401700000000005,jamaica,Greater Antilles (Jamaican Islands),Caribbean,Jamaica,"""predation by introduced rats (which took eggs)""",326,Rattus,Rodent species determined from literature review (Table SX),Pterodroma caribbaea_Rattus rattus
Pterodroma caribbaea,BirdLife International. 2018. Pterodroma caribbaea. The IUCN Red List of Threatened Species 2018: e.T22698097A132625182. https://dx.doi.org/10.2305/IUCN.UK.2018-2.RLTS.T22698097A132625182.en. Accessed on 30 December 2023.,NA,Predation,Predation,Predation,Rattus norvegicus,,,Eggs,NA,1,,0,NA,NA,NA,NA,John Crow Mountains,18.083500000000001,-76.401700000000005,jamaica,Greater Antilles (Jamaican Islands),Caribbean,Jamaica,"""predation by introduced rats (which took eggs)""",326,Rattus,Rodent species determined from literature review (Table SX),Pterodroma caribbaea_Rattus norvegicus
Pterodroma magentae,BirdLife International. 2018. Pterodroma magentae. The IUCN Red List of Threatened Species 2018: e.T22698049A131879320. Accessed on 08 December 2023.,NA,Predation,Predation,Predation,Rattus rattus,,,Unknown,NA,1,,0,NA,NA,NA,NA,Chatham Island,-43.927100000000003,-176.45920000000001,chatham,Chatham Islands,Pacific Ocean - South East,New Zealand,"""Introduced species have previously represented the largest threat to this species, with pigs, cats and dogs predating adults and many other species, such as rats, hedgehogs, Weka and possums depredating nests and causing a loss of reproductive success.""",349,Rattus,Rodent species assigned according to IUCN attribution,Pterodroma magentae_Rattus rattus
Pterodroma phaeopygia,"Cruz-Delgado, F., Gonzalez, J.A. and Wiedenfeld, D.A., 2010. Breeding biology of the Critically Endangered Gálapagos Petrel Pterodroma phaeopygia on San Cristóbal Island: conservation and management implications. Bird Conservation International, 20(3), pp.306-319.",NA,Predation,Predation,Predation,Rattus rattus,,,"Eggs, chicks",53,1,49,0,NA,NA,NA,NA,San Cristóbal Island,-0.86750000000000005,-89.436400000000006,san cristobal,Galapagos Islands,Pacific Ocean - North East,Ecuador,"""Overall reproductive success in 53 monitored nests, estimated using the Mayfield method, was 23.6%, being 63.8% for eggs and 37.1% for chicks (Table 2). Rat predation caused the loss of a total of 10 eggs and 16 chicks, and was the main cause of reproductive failure (72.2%). All the chicks predated by rats were less than 21 days old, indicating that the first three weeks after hatching are probably when they are most vulnerable. No losses could be attributed to rat predation after that age.""",352,Rattus,Rodent species assigned according to IUCN attribution,Pterodroma phaeopygia_Rattus rattus
Pterodroma phaeopygia,"Cruz-Delgado, F., Gonzalez, J.A. and Wiedenfeld, D.A., 2010. Breeding biology of the Critically Endangered Gálapagos Petrel Pterodroma phaeopygia on San Cristóbal Island: conservation and management implications. Bird Conservation International, 20(3), pp.306-319.",NA,Predation,Predation,Predation,Rattus norvegicus,,,"Eggs, chicks",53,1,49,0,NA,NA,NA,NA,San Cristóbal Island,-0.86750000000000005,-89.436400000000006,san cristobal,Galapagos Islands,Pacific Ocean - North East,Ecuador,"""Overall reproductive success in 53 monitored nests, estimated using the Mayfield method, was 23.6%, being 63.8% for eggs and 37.1% for chicks (Table 2). Rat predation caused the loss of a total of 10 eggs and 16 chicks, and was the main cause of reproductive failure (72.2%). All the chicks predated by rats were less than 21 days old, indicating that the first three weeks after hatching are probably when they are most vulnerable. No losses could be attributed to rat predation after that age.""",352,Rattus,Rodent species assigned according to IUCN attribution,Pterodroma phaeopygia_Rattus norvegicus
Pterodroma sandwichensis,"Raine, A.F., Driskill, S., Vynne, M., Harvey, D. and Pias, K., 2020. Managing the effects of introduced predators on Hawaiian endangered seabirds. The Journal of Wildlife Management, 84(3), pp.425-435.",NA,Predation,Predation,Predation,Rattus rattus,,,"Eggs, chicks",NA,1,,0,NA,NA,NA,NA,Kauai,22.096399999999999,-159.52610000000001,kauai,Hawaiian Islands,Pacific Ocean - North East,United States,"""We confirmed 309 endangered sea- birds as killed by introduced predators over the 7‐year study period, consisting of 57 Newell's shearwaters, 208 Hawaiian petrels, and 44 unidentified procellariids. Of the 309 dep- redations, 110 (35.6%) were by cats, 155 (50.2%) by black rats, 32 by pigs (10.4%), and 12 (3.9%) by barn owl."" / ""Figure 2. Age classes of Newell's shearwater and Hawaiian petrel (both species combined) targeted by different introduced predators""",355,Rattus,Rodent species determined from literature review (Table SX),Pterodroma sandwichensis_Rattus rattus
Pterodroma sandwichensis,"Raine, A.F., Driskill, S., Vynne, M., Harvey, D. and Pias, K., 2020. Managing the effects of introduced predators on Hawaiian endangered seabirds. The Journal of Wildlife Management, 84(3), pp.425-435.",NA,Predation,Predation,Predation,Rattus norvegicus,,,"Eggs, chicks",NA,1,,0,NA,NA,NA,NA,Kauai,22.096399999999999,-159.52610000000001,kauai,Hawaiian Islands,Pacific Ocean - North East,United States,"""We confirmed 309 endangered sea- birds as killed by introduced predators over the 7‐year study period, consisting of 57 Newell's shearwaters, 208 Hawaiian petrels, and 44 unidentified procellariids. Of the 309 dep- redations, 110 (35.6%) were by cats, 155 (50.2%) by black rats, 32 by pigs (10.4%), and 12 (3.9%) by barn owl."" / ""Figure 2. Age classes of Newell's shearwater and Hawaiian petrel (both species combined) targeted by different introduced predators""",355,Rattus,Rodent species determined from literature review (Table SX),Pterodroma sandwichensis_Rattus norvegicus
Pterodroma sandwichensis,"Raine, A.F., Driskill, S., Vynne, M., Harvey, D. and Pias, K., 2020. Managing the effects of introduced predators on Hawaiian endangered seabirds. The Journal of Wildlife Management, 84(3), pp.425-435.",NA,Predation,Predation,Predation,Rattus exulans,,,"Eggs, chicks",NA,1,,0,NA,NA,NA,NA,Kauai,22.096399999999999,-159.52610000000001,kauai,Hawaiian Islands,Pacific Ocean - North East,United States,"""We confirmed 309 endangered sea- birds as killed by introduced predators over the 7‐year study period, consisting of 57 Newell's shearwaters, 208 Hawaiian petrels, and 44 unidentified procellariids. Of the 309 dep- redations, 110 (35.6%) were by cats, 155 (50.2%) by black rats, 32 by pigs (10.4%), and 12 (3.9%) by barn owl."" / ""Figure 2. Age classes of Newell's shearwater and Hawaiian petrel (both species combined) targeted by different introduced predators""",355,Rattus,Rodent species determined from literature review (Table SX),Pterodroma sandwichensis_Rattus exulans
Pterodroma sandwichensis,"Raine, A.F., Driskill, S., Vynne, M., Harvey, D. and Pias, K., 2020. Managing the effects of introduced predators on Hawaiian endangered seabirds. The Journal of Wildlife Management, 84(3), pp.425-435.",NA,Lethal program,Reproductive success,Temporal,Rattus rattus,,,NA,NA,1,,0,NA,NA,NA,NA,Kauai,22.096399999999999,-159.52610000000001,kauai,Hawaiian Islands,Pacific Ocean - North East,United States,"""To consider the overall effectiveness of predator control, we compared the percentage change in reproductive success rate at monitored burrows at each site in the first year of monitoring (yr zero) with the most recent year when predator control operations were most refined (yr 2017). Reproductive success rate increased at all sites by a mean of 48.5% (range = 22.5–100.0%) for Hawaiian petrel and 35.8% (28.8% and 42.9%, respectively, for the 2 sites with monitored burrows of this species) for Newell's shearwater....The percentage of burrows depredated in 2017 was significantly lower than in year zero for cats (percent change; −68.1%, χ12 = 5.03, P = 0.025), black rats (percent change; −86.2%, χ12 = 23.21, P ≤ 0.001), and pigs (percent change; −100.0%, χ12 = 15.09, P ≤ 0.001; Fig. 3)""",356,Rattus,Rodent species determined from literature review (Table SX),Pterodroma sandwichensis_Rattus rattus
Pterodroma sandwichensis,"Raine, A.F., Driskill, S., Vynne, M., Harvey, D. and Pias, K., 2020. Managing the effects of introduced predators on Hawaiian endangered seabirds. The Journal of Wildlife Management, 84(3), pp.425-435.",NA,Lethal program,Reproductive success,Temporal,Rattus norvegicus,,,NA,NA,1,,0,NA,NA,NA,NA,Kauai,22.096399999999999,-159.52610000000001,kauai,Hawaiian Islands,Pacific Ocean - North East,United States,"""To consider the overall effectiveness of predator control, we compared the percentage change in reproductive success rate at monitored burrows at each site in the first year of monitoring (yr zero) with the most recent year when predator control operations were most refined (yr 2017). Reproductive success rate increased at all sites by a mean of 48.5% (range = 22.5–100.0%) for Hawaiian petrel and 35.8% (28.8% and 42.9%, respectively, for the 2 sites with monitored burrows of this species) for Newell's shearwater....The percentage of burrows depredated in 2017 was significantly lower than in year zero for cats (percent change; −68.1%, χ12 = 5.03, P = 0.025), black rats (percent change; −86.2%, χ12 = 23.21, P ≤ 0.001), and pigs (percent change; −100.0%, χ12 = 15.09, P ≤ 0.001; Fig. 3)""",356,Rattus,Rodent species determined from literature review (Table SX),Pterodroma sandwichensis_Rattus norvegicus
Pterodroma sandwichensis,"Raine, A.F., Driskill, S., Vynne, M., Harvey, D. and Pias, K., 2020. Managing the effects of introduced predators on Hawaiian endangered seabirds. The Journal of Wildlife Management, 84(3), pp.425-435.",NA,Lethal program,Reproductive success,Temporal,Rattus exulans,,,NA,NA,1,,0,NA,NA,NA,NA,Kauai,22.096399999999999,-159.52610000000001,kauai,Hawaiian Islands,Pacific Ocean - North East,United States,"""To consider the overall effectiveness of predator control, we compared the percentage change in reproductive success rate at monitored burrows at each site in the first year of monitoring (yr zero) with the most recent year when predator control operations were most refined (yr 2017). Reproductive success rate increased at all sites by a mean of 48.5% (range = 22.5–100.0%) for Hawaiian petrel and 35.8% (28.8% and 42.9%, respectively, for the 2 sites with monitored burrows of this species) for Newell's shearwater....The percentage of burrows depredated in 2017 was significantly lower than in year zero for cats (percent change; −68.1%, χ12 = 5.03, P = 0.025), black rats (percent change; −86.2%, χ12 = 23.21, P ≤ 0.001), and pigs (percent change; −100.0%, χ12 = 15.09, P ≤ 0.001; Fig. 3)""",356,Rattus,Rodent species determined from literature review (Table SX),Pterodroma sandwichensis_Rattus exulans
Puffinus newelli,"Raine, A.F., Driskill, S., Vynne, M., Harvey, D. and Pias, K., 2020. Managing the effects of introduced predators on Hawaiian endangered seabirds. The Journal of Wildlife Management, 84(3), pp.425-435.",NA,Predation,Predation,Predation,Rattus exulans,,,"Eggs, chicks, adults",NA,1,,0,NA,NA,NA,NA,Kauai,22.096399999999999,-159.52610000000001,kauai,Hawaiian Islands,Pacific Ocean - North East,United States,"""We confirmed 309 endangered sea- birds as killed by introduced predators over the 7‐year study period, consisting of 57 Newell's shearwaters, 208 Hawaiian petrels, and 44 unidentified procellariids. Of the 309 dep- redations, 110 (35.6%) were by cats, 155 (50.2%) by black rats, 32 by pigs (10.4%), and 12 (3.9%) by barn owl."" / ""Figure 2. Age classes of Newell's shearwater and Hawaiian petrel (both species combined) targeted by different introduced predators""",369,Rattus,Rodent species assigned according to IUCN attribution,Puffinus newelli_Rattus exulans
Puffinus newelli,"Raine, A.F., Driskill, S., Vynne, M., Harvey, D. and Pias, K., 2020. Managing the effects of introduced predators on Hawaiian endangered seabirds. The Journal of Wildlife Management, 84(3), pp.425-435.",NA,Predation,Predation,Predation,Rattus rattus,,,"Eggs, chicks, adults",NA,1,,0,NA,NA,NA,NA,Kauai,22.096399999999999,-159.52610000000001,kauai,Hawaiian Islands,Pacific Ocean - North East,United States,"""We confirmed 309 endangered sea- birds as killed by introduced predators over the 7‐year study period, consisting of 57 Newell's shearwaters, 208 Hawaiian petrels, and 44 unidentified procellariids. Of the 309 dep- redations, 110 (35.6%) were by cats, 155 (50.2%) by black rats, 32 by pigs (10.4%), and 12 (3.9%) by barn owl."" / ""Figure 2. Age classes of Newell's shearwater and Hawaiian petrel (both species combined) targeted by different introduced predators""",369,Rattus,Rodent species assigned according to IUCN attribution,Puffinus newelli_Rattus rattus
Puffinus newelli,"Raine, A.F., Driskill, S., Vynne, M., Harvey, D. and Pias, K., 2020. Managing the effects of introduced predators on Hawaiian endangered seabirds. The Journal of Wildlife Management, 84(3), pp.425-435.",NA,Predation,Predation,Predation,Rattus norvegicus,,,"Eggs, chicks, adults",NA,1,,0,NA,NA,NA,NA,Kauai,22.096399999999999,-159.52610000000001,kauai,Hawaiian Islands,Pacific Ocean - North East,United States,"""We confirmed 309 endangered sea- birds as killed by introduced predators over the 7‐year study period, consisting of 57 Newell's shearwaters, 208 Hawaiian petrels, and 44 unidentified procellariids. Of the 309 dep- redations, 110 (35.6%) were by cats, 155 (50.2%) by black rats, 32 by pigs (10.4%), and 12 (3.9%) by barn owl."" / ""Figure 2. Age classes of Newell's shearwater and Hawaiian petrel (both species combined) targeted by different introduced predators""",369,Rattus,Rodent species assigned according to IUCN attribution,Puffinus newelli_Rattus norvegicus
Puffinus newelli,"Raine, A.F., Driskill, S., Vynne, M., Harvey, D. and Pias, K., 2020. Managing the effects of introduced predators on Hawaiian endangered seabirds. The Journal of Wildlife Management, 84(3), pp.425-435.",NA,Lethal program,Reproductive success,Temporal,Rattus exulans,,,NA,NA,1,,0,NA,NA,NA,NA,Kauai,22.096399999999999,-159.52610000000001,kauai,Hawaiian Islands,Pacific Ocean - North East,United States,"""To consider the overall effectiveness of predator control, we compared the percentage change in reproductive success rate at monitored burrows at each site in the first year of monitoring (yr zero) with the most recent year when predator control operations were most refined (yr 2017). Reproductive success rate increased at all sites by a mean of 48.5% (range = 22.5–100.0%) for Hawaiian petrel and 35.8% (28.8% and 42.9%, respectively, for the 2 sites with monitored burrows of this species) for Newell's shearwater....The percentage of burrows depredated in 2017 was significantly lower than in year zero for cats (percent change; −68.1%, χ12 = 5.03, P = 0.025), black rats (percent change; −86.2%, χ12 = 23.21, P ≤ 0.001), and pigs (percent change; −100.0%, χ12 = 15.09, P ≤ 0.001; Fig. 3)""",370,Rattus,Rodent species assigned according to IUCN attribution,Puffinus newelli_Rattus exulans
Puffinus newelli,"Raine, A.F., Driskill, S., Vynne, M., Harvey, D. and Pias, K., 2020. Managing the effects of introduced predators on Hawaiian endangered seabirds. The Journal of Wildlife Management, 84(3), pp.425-435.",NA,Lethal program,Reproductive success,Temporal,Rattus rattus,,,NA,NA,1,,0,NA,NA,NA,NA,Kauai,22.096399999999999,-159.52610000000001,kauai,Hawaiian Islands,Pacific Ocean - North East,United States,"""To consider the overall effectiveness of predator control, we compared the percentage change in reproductive success rate at monitored burrows at each site in the first year of monitoring (yr zero) with the most recent year when predator control operations were most refined (yr 2017). Reproductive success rate increased at all sites by a mean of 48.5% (range = 22.5–100.0%) for Hawaiian petrel and 35.8% (28.8% and 42.9%, respectively, for the 2 sites with monitored burrows of this species) for Newell's shearwater....The percentage of burrows depredated in 2017 was significantly lower than in year zero for cats (percent change; −68.1%, χ12 = 5.03, P = 0.025), black rats (percent change; −86.2%, χ12 = 23.21, P ≤ 0.001), and pigs (percent change; −100.0%, χ12 = 15.09, P ≤ 0.001; Fig. 3)""",370,Rattus,Rodent species assigned according to IUCN attribution,Puffinus newelli_Rattus rattus
Puffinus newelli,"Raine, A.F., Driskill, S., Vynne, M., Harvey, D. and Pias, K., 2020. Managing the effects of introduced predators on Hawaiian endangered seabirds. The Journal of Wildlife Management, 84(3), pp.425-435.",NA,Lethal program,Reproductive success,Temporal,Rattus norvegicus,,,NA,NA,1,,0,NA,NA,NA,NA,Kauai,22.096399999999999,-159.52610000000001,kauai,Hawaiian Islands,Pacific Ocean - North East,United States,"""To consider the overall effectiveness of predator control, we compared the percentage change in reproductive success rate at monitored burrows at each site in the first year of monitoring (yr zero) with the most recent year when predator control operations were most refined (yr 2017). Reproductive success rate increased at all sites by a mean of 48.5% (range = 22.5–100.0%) for Hawaiian petrel and 35.8% (28.8% and 42.9%, respectively, for the 2 sites with monitored burrows of this species) for Newell's shearwater....The percentage of burrows depredated in 2017 was significantly lower than in year zero for cats (percent change; −68.1%, χ12 = 5.03, P = 0.025), black rats (percent change; −86.2%, χ12 = 23.21, P ≤ 0.001), and pigs (percent change; −100.0%, χ12 = 15.09, P ≤ 0.001; Fig. 3)""",370,Rattus,Rodent species assigned according to IUCN attribution,Puffinus newelli_Rattus norvegicus
Rhynochetos jubatus,"Ekstrom, J.M., Jones, J.P., Willis, J., Tobias, J., Dutson, G. and Barre, N., 2002. New information on the distribution, status and conservation of terrestrial bird species in Grande Terre, New Caledonia. Emu, 102(2), pp.197-207.",NA,Predation,Predation,Predation,Rattus rattus,,,Chicks,Unknown,1,55,0,NA,NA,NA,NA,Riviere Bleue Park,-20.904299999999999,165.61799999999999,new caledonia,New Caledonia Islands,Pacific Ocean - South West,New Caledonia,Mentioned as unpublished data,388,Rattus,Rodent species determined from literature review (Table SX),Rhynochetos jubatus_Rattus rattus
Rhynochetos jubatus,"Ekstrom, J.M., Jones, J.P., Willis, J., Tobias, J., Dutson, G. and Barre, N., 2002. New information on the distribution, status and conservation of terrestrial bird species in Grande Terre, New Caledonia. Emu, 102(2), pp.197-207.",NA,Predation,Predation,Predation,Rattus norvegicus,,,Chicks,Unknown,1,55,0,NA,NA,NA,NA,Riviere Bleue Park,-20.904299999999999,165.61799999999999,new caledonia,New Caledonia Islands,Pacific Ocean - South West,New Caledonia,Mentioned as unpublished data,388,Rattus,Rodent species determined from literature review (Table SX),Rhynochetos jubatus_Rattus norvegicus
Rhynochetos jubatus,"Ekstrom, J.M., Jones, J.P., Willis, J., Tobias, J., Dutson, G. and Barre, N., 2002. New information on the distribution, status and conservation of terrestrial bird species in Grande Terre, New Caledonia. Emu, 102(2), pp.197-207.",NA,Predation,Predation,Predation,Rattus exulans,,,Chicks,Unknown,1,55,0,NA,NA,NA,NA,Riviere Bleue Park,-20.904299999999999,165.61799999999999,new caledonia,New Caledonia Islands,Pacific Ocean - South West,New Caledonia,Mentioned as unpublished data,388,Rattus,Rodent species determined from literature review (Table SX),Rhynochetos jubatus_Rattus exulans
Sephanoides fernandensis,"Roy, M.S., Torres-Mura, J.C., Hertel, F., Lemus, M. and Sponer, R., 1999. Conservation of the Juan Fernandez firecrown and its island habitat. Oryx, 33(3), pp.223-232.",BirdLife International. 2020. Sephanoides fernandensis. The IUCN Red List of Threatened Species 2020: e.T22687863A179402328. https://dx.doi.org/10.2305/IUCN.UK.2020-3.RLTS.T22687863A179402328.en. Accessed on 30 January 2024.,Predation,Predation,Predation,Rattus rattus,,,NA,NA,0,,0,NA,NA,NA,NA,Juan Fernandez archipelago,-33.6614,-78.927800000000005,robinson crusoe ,Juan Fernandez Islands,Pacific Ocean - South East,Chile,"""Although not directly observed on the Juan Fernandez Islands, rats will eat bird eggs and seeds of native plants. They are therefore an impediment to the conser- vation of the Juan Fernandez firecrown and island restoration, and must be controlled."" + IUCN - ""long-term monitoring during the breeding season has not documented nest predation by mammals (P. Hodum in litt. 2020).""",393,Rattus,Rodent species determined from literature review (Table SX),Sephanoides fernandensis_Rattus rattus
Sephanoides fernandensis,"Roy, M.S., Torres-Mura, J.C., Hertel, F., Lemus, M. and Sponer, R., 1999. Conservation of the Juan Fernandez firecrown and its island habitat. Oryx, 33(3), pp.223-232.",BirdLife International. 2020. Sephanoides fernandensis. The IUCN Red List of Threatened Species 2020: e.T22687863A179402328. https://dx.doi.org/10.2305/IUCN.UK.2020-3.RLTS.T22687863A179402328.en. Accessed on 30 January 2024.,Predation,Predation,Predation,Rattus norvegicus,,,NA,NA,0,,0,NA,NA,NA,NA,Juan Fernandez archipelago,-33.6614,-78.927800000000005,robinson crusoe ,Juan Fernandez Islands,Pacific Ocean - South East,Chile,"""Although not directly observed on the Juan Fernandez Islands, rats will eat bird eggs and seeds of native plants. They are therefore an impediment to the conser- vation of the Juan Fernandez firecrown and island restoration, and must be controlled."" + IUCN - ""long-term monitoring during the breeding season has not documented nest predation by mammals (P. Hodum in litt. 2020).""",393,Rattus,Rodent species determined from literature review (Table SX),Sephanoides fernandensis_Rattus norvegicus
Synthliboramphus wumizusume,BirdLife International. 2018. Synthliboramphus wumizusume. The IUCN Red List of Threatened Species 2018: e.T22694899A132580332. https://dx.doi.org/10.2305/IUCN.UK.2018-2.RLTS.T22694899A132580332.en. Accessed on 17 December 2023.,NA,Predation,Predation,Predation,Rattus rattus,,,Adults,NA,1,,0,NA,NA,NA,NA,Koya Island (coordinates used for Kyushu),32.590000000000003,130.80000000000001,koya,Okinoshima Island,Pacific Ocean - North West,Japan,"""In 1987, the remains of 145 individuals were found on Koya Island, where the birds had apparently been killed by rats (Takeishi 1987, Ono 1993). The estimated total mortality was 414 birds."" References unavailable online",406,Rattus,Rodent species determined from literature review (Table SX),Synthliboramphus wumizusume_Rattus rattus
Synthliboramphus wumizusume,BirdLife International. 2018. Synthliboramphus wumizusume. The IUCN Red List of Threatened Species 2018: e.T22694899A132580332. https://dx.doi.org/10.2305/IUCN.UK.2018-2.RLTS.T22694899A132580332.en. Accessed on 17 December 2023.,NA,Predation,Predation,Predation,Rattus norvegicus,,,Adults,NA,1,,0,NA,NA,NA,NA,Koya Island (coordinates used for Kyushu),32.590000000000003,130.80000000000001,koya,Okinoshima Island,Pacific Ocean - North West,Japan,"""In 1987, the remains of 145 individuals were found on Koya Island, where the birds had apparently been killed by rats (Takeishi 1987, Ono 1993). The estimated total mortality was 414 birds."" References unavailable online",406,Rattus,Rodent species determined from literature review (Table SX),Synthliboramphus wumizusume_Rattus norvegicus
Synthliboramphus wumizusume,BirdLife International. 2018. Synthliboramphus wumizusume. The IUCN Red List of Threatened Species 2018: e.T22694899A132580332. https://dx.doi.org/10.2305/IUCN.UK.2018-2.RLTS.T22694899A132580332.en. Accessed on 17 December 2023.,NA,Predation,Predation,Predation,Rattus tanezumi,,,Adults,NA,1,,0,NA,NA,NA,NA,Koya Island (coordinates used for Kyushu),32.590000000000003,130.80000000000001,koya,Okinoshima Island,Pacific Ocean - North West,Japan,"""In 1987, the remains of 145 individuals were found on Koya Island, where the birds had apparently been killed by rats (Takeishi 1987, Ono 1993). The estimated total mortality was 414 birds."" References unavailable online",406,Rattus,Rodent species determined from literature review (Table SX),Synthliboramphus wumizusume_Rattus tanezumi
Zapornia monasa,BirdLife International. 2016. Zapornia monasa. The IUCN Red List of Threatened Species 2016: e.T22692708A93366211. https://dx.doi.org/10.2305/IUCN.UK.2016-3.RLTS.T22692708A93366211.en. Accessed on 10 November 2023.,NA,Population,Abundance,Timing,Rattus rattus,,,NA,NA,1,,0,NA,NA,NA,NA,Kosrae,5.3166653999999998,162.9833294,kosrae,Caroline Islands,Pacific Ocean - North West,Micronesia Federated States of,"""Its extinction quickly followed the arrival of rats from missionary and whaling ships in the 1830s and 1840s (Taylor 1998)""",435,Rattus,Rodent species determined from literature review (Table SX),Zapornia monasa_Rattus rattus
Zapornia monasa,BirdLife International. 2016. Zapornia monasa. The IUCN Red List of Threatened Species 2016: e.T22692708A93366211. https://dx.doi.org/10.2305/IUCN.UK.2016-3.RLTS.T22692708A93366211.en. Accessed on 10 November 2023.,NA,Population,Abundance,Timing,Rattus exulans,,,NA,NA,1,,0,NA,NA,NA,NA,Kosrae,5.3166653999999998,162.9833294,kosrae,Caroline Islands,Pacific Ocean - North West,Micronesia Federated States of,"""Its extinction quickly followed the arrival of rats from missionary and whaling ships in the 1830s and 1840s (Taylor 1998)""",435,Rattus,Rodent species determined from literature review (Table SX),Zapornia monasa_Rattus exulans
Zosterops rotensis,"Berry, L. and Taisacan, E., 2008. Nest success and nest predation of the Endangered Rota White-eye (Zosterops rotensis). The Wilson Journal of Ornithology, 120(3), pp.618-619.",NA,Predation,Predation,Predation,Rattus rattus,,,NA,NA,0,,0,NA,NA,NA,NA,Micronesia,7.4256000000000002,150.55080000000001,micronesia,Chuuk Islands,Pacific Ocean - North West,Micronesia Federated States of,"""We filmed six nests and captured two nest predation events on video. A Mariana Crow (Corvus kubaryi), which is also an endangered species, was filmed taking nestlings from one white-eye nest. Another nest containing eggs was depredated by a rat (Rattus spp.); however, this may have occurred after the nest was abandoned due to the presence of the camera.""",450,Rattus,Rodent species determined from literature review (Table SX),Zosterops rotensis_Rattus rattus
Zosterops rotensis,"Berry, L. and Taisacan, E., 2008. Nest success and nest predation of the Endangered Rota White-eye (Zosterops rotensis). The Wilson Journal of Ornithology, 120(3), pp.618-619.",NA,Predation,Predation,Predation,Rattus exulans,,,NA,NA,0,,0,NA,NA,NA,NA,Micronesia,7.4256000000000002,150.55080000000001,micronesia,Chuuk Islands,Pacific Ocean - North West,Micronesia Federated States of,"""We filmed six nests and captured two nest predation events on video. A Mariana Crow (Corvus kubaryi), which is also an endangered species, was filmed taking nestlings from one white-eye nest. Another nest containing eggs was depredated by a rat (Rattus spp.); however, this may have occurred after the nest was abandoned due to the presence of the camera.""",450,Rattus,Rodent species determined from literature review (Table SX),Zosterops rotensis_Rattus exulans
Zosterops tenuirostris,"Nance, A.H., Mitchell, W.F., Dawlings, F., Cook, C.N. and Clarke, R.H., 2023. Rodent predation and specialised avian habitat requirements drive extinction risk for endemic island songbirds in the south-west Pacific. Emu-Austral Ornithology, 123(3), pp.217-231.",NA,Lethal program,Reproductive success,Spatial,Rattus exulans,,,NA,NA,1,,0,NA,NA,NA,NA,Norfolk Island,-29.040800000000001,167.9547,norfolk,Norfolk Islands,Pacific Ocean - South West,Australia,"""Bait station density was also positively correlated with DSR in all candidate models, indicating nest survival was higher in areas with more intensive baiting, although effect sizes were small (best model: z = 1.95, p = 0.05; Figure 2(b))"" - Daily nest survival rate (DSR) - ""That rodents present as a key threatening process is further supported by mea- sures of nest vulnerability to rodents (i.e. in areas of lower bait density and higher nest connectivity) which were key predictors of daily nest survival.""",453,Rattus,Rodent species assigned according to IUCN attribution,Zosterops tenuirostris_Rattus exulans
Zosterops tenuirostris,"Nance, A.H., Mitchell, W.F., Dawlings, F., Cook, C.N. and Clarke, R.H., 2023. Rodent predation and specialised avian habitat requirements drive extinction risk for endemic island songbirds in the south-west Pacific. Emu-Austral Ornithology, 123(3), pp.217-231.",NA,Lethal program,Reproductive success,Spatial,Rattus rattus,,,NA,NA,1,,0,NA,NA,NA,NA,Norfolk Island,-29.040800000000001,167.9547,norfolk,Norfolk Islands,Pacific Ocean - South West,Australia,"""Bait station density was also positively correlated with DSR in all candidate models, indicating nest survival was higher in areas with more intensive baiting, although effect sizes were small (best model: z = 1.95, p = 0.05; Figure 2(b))"" - Daily nest survival rate (DSR) - ""That rodents present as a key threatening process is further supported by mea- sures of nest vulnerability to rodents (i.e. in areas of lower bait density and higher nest connectivity) which were key predictors of daily nest survival.""",453,Rattus,Rodent species assigned according to IUCN attribution,Zosterops tenuirostris_Rattus rattus
Zosterops tenuirostris,"Nance, A.H., Mitchell, W.F., Dawlings, F., Cook, C.N. and Clarke, R.H., 2023. Rodent predation and specialised avian habitat requirements drive extinction risk for endemic island songbirds in the south-west Pacific. Emu-Austral Ornithology, 123(3), pp.217-231.",NA,Predation,Predation,Predation,Rattus exulans,,,"Eggs, chicks",42,1,39,0,NA,NA,NA,NA,Norfolk Island,-29.040800000000001,167.9547,norfolk,Norfolk Islands,Pacific Ocean - South West,Australia,"""We found evidence of invasive rats preying on eggs and chicks of all five focal nesting species at nest heights ranging from 1.3 to 8.3 m above the ground."" + Table S4",454,Rattus,Rodent species assigned according to IUCN attribution,Zosterops tenuirostris_Rattus exulans
Zosterops tenuirostris,"Nance, A.H., Mitchell, W.F., Dawlings, F., Cook, C.N. and Clarke, R.H., 2023. Rodent predation and specialised avian habitat requirements drive extinction risk for endemic island songbirds in the south-west Pacific. Emu-Austral Ornithology, 123(3), pp.217-231.",NA,Predation,Predation,Predation,Rattus rattus,,,"Eggs, chicks",42,1,39,0,NA,NA,NA,NA,Norfolk Island,-29.040800000000001,167.9547,norfolk,Norfolk Islands,Pacific Ocean - South West,Australia,"""We found evidence of invasive rats preying on eggs and chicks of all five focal nesting species at nest heights ranging from 1.3 to 8.3 m above the ground."" + Table S4",454,Rattus,Rodent species assigned according to IUCN attribution,Zosterops tenuirostris_Rattus rattus
