scientificName,Common_name,Original_rodent_attributed_IUCN,Rodent_attribution_source,Reported_study_rodent,Study_notes,Article_secondary_same_data,redlistCategory,Synonyms_or_previous_lump,Rodent_attributed_final,Study_rodent_final,Rodent_primary,Rodent_only_primary,Article,Study_ID,Evidence_category,Evidence_effect,Evidence_method,Predation_type,Hypothesis_supported,Percent_nests_or_individuals_predated,Predator_and_prey_population_data,Experiment_control_site_or_spatial_variation,Sample_size_greater_than_1,Note_experiment_sample_size,Experiment_confounding_variables_included,Experiment_BACI,Study_location,Latitude,Longitude,Order,Mass,Bird_Type_Coarse,Nest_Site_Cat
Acrocephalus aequinoctialis,Kiritimati Reed-warbler,"Rattus, Rattus rattus",IUCN attribution was generic. Specific rodent was determined from literature review. See Table SX for references and notes.,,,,Endangered,"",Rattus norvegicus,,0,0,,,,,,,,,,,,,,,,,,Passeriformes,25,Landbirds,Vegetation
Acrocephalus aequinoctialis,Kiritimati Reed-warbler,"Rattus, Rattus rattus",IUCN attribution was generic. Specific rodent was determined from literature review. See Table SX for references and notes.,,,,Endangered,"",Rattus rattus,,0,0,,,,,,,,,,,,,,,,,,Passeriformes,25,Landbirds,Vegetation
Acrocephalus brevipennis,Cape Verde Swamp-warbler,Rattus,IUCN attribution was generic. Specific rodent was determined from literature review. See Table SX for references and notes.,,,,Vulnerable,"",Rattus norvegicus,,0,0,,,,,,,,,,,,,,,,,,Passeriformes,16,Landbirds,Vegetation
Acrocephalus brevipennis,Cape Verde Swamp-warbler,Rattus,IUCN attribution was generic. Specific rodent was determined from literature review. See Table SX for references and notes.,,,,Vulnerable,"",Rattus rattus,,0,0,,,,,,,,,,,,,,,,,,Passeriformes,16,Landbirds,Vegetation
Acrocephalus caffer,Tahiti Reed-warbler,Rattus,IUCN attribution was generic. Specific rodent was determined from literature review. See Table SX for references and notes.,"Rattus rattus, Rattus exulans","""""""""There was no significant effect in the GLM analysis of any of the introduced species on the distribution and abundance of Polynesian warblers.""""""""","",Vulnerable,"",Rattus exulans,Rattus exulans,0,0,"Thibault, J.C., Martin, J.L., Penloup, A. and Meyer, J.Y., 2002. Understanding the decline and extinction of monarchs (Aves) in Polynesian Islands. Biological conservation, 108(2), pp.161-174.",188,Population,Abundance,Timing,"",0,,1,1,1,9 islands,1,0,Eastern Polynesia,-10.4905,-138.6489,Passeriformes,43.8,Landbirds,Vegetation
Acrocephalus caffer,Tahiti Reed-warbler,Rattus,IUCN attribution was generic. Specific rodent was determined from literature review. See Table SX for references and notes.,,,,Vulnerable,"",Rattus norvegicus,,0,0,,,,,,,,,,,,,,,,,,Passeriformes,43.8,Landbirds,Vegetation
Acrocephalus caffer,Tahiti Reed-warbler,Rattus,IUCN attribution was generic. Specific rodent was determined from literature review. See Table SX for references and notes.,"Rattus rattus, Rattus exulans","""""""""There was no significant effect in the GLM analysis of any of the introduced species on the distribution and abundance of Polynesian warblers.""""""""","",Vulnerable,"",Rattus rattus,Rattus rattus,0,0,"Thibault, J.C., Martin, J.L., Penloup, A. and Meyer, J.Y., 2002. Understanding the decline and extinction of monarchs (Aves) in Polynesian Islands. Biological conservation, 108(2), pp.161-174.",188,Population,Abundance,Timing,"",0,,1,1,1,9 islands,1,0,Eastern Polynesia,-10.4905,-138.6489,Passeriformes,43.8,Landbirds,Vegetation
Acrocephalus hiwae,Saipan Reed-warbler,Rattus,IUCN attribution was generic. Specific rodent was determined from literature review. See Table SX for references and notes.,,,,Critically Endangered,"",Rattus norvegicus,,0,0,,,,,,,,,,,,,,,,,,Passeriformes,35.6,Landbirds,Vegetation
Acrocephalus kerearako,Cook Islands Reed-warbler,"Rattus exulans, Rattus rattus",Rodent attribution from IUCN.,,,,Near Threatened,"",Rattus exulans,,1,0,,,,,,,,,,,,,,,,,,Passeriformes,22.5,Landbirds,Vegetation
Acrocephalus kerearako,Cook Islands Reed-warbler,"Rattus exulans, Rattus rattus",Rodent attribution from IUCN.,,,,Near Threatened,"",Rattus rattus,,1,0,,,,,,,,,,,,,,,,,,Passeriformes,22.5,Landbirds,Vegetation
Acrocephalus longirostris,Moorea Reed-warbler,Rattus,IUCN attribution was generic. Specific rodent was determined from literature review. See Table SX for references and notes.,,,,Critically Endangered,"",Rattus exulans,,0,0,,,,,,,,,,,,,,,,,,Passeriformes,43.8,Landbirds,
Acrocephalus longirostris,Moorea Reed-warbler,Rattus,IUCN attribution was generic. Specific rodent was determined from literature review. See Table SX for references and notes.,,,,Critically Endangered,"",Rattus norvegicus,,0,0,,,,,,,,,,,,,,,,,,Passeriformes,43.8,Landbirds,
Acrocephalus longirostris,Moorea Reed-warbler,Rattus,IUCN attribution was generic. Specific rodent was determined from literature review. See Table SX for references and notes.,,,,Critically Endangered,"",Rattus rattus,,0,0,,,,,,,,,,,,,,,,,,Passeriformes,43.8,Landbirds,
Acrocephalus musae,Forster's Reed-warbler,Rattus,IUCN attribution was generic. Specific rodent was determined from literature review. See Table SX for references and notes.,,,,Extinct,"",Rattus exulans,,1,0,,,,,,,,,,,,,,,,,,Passeriformes,20.0638738738739,Landbirds,
Acrocephalus musae,Forster's Reed-warbler,Rattus,IUCN attribution was generic. Specific rodent was determined from literature review. See Table SX for references and notes.,,,,Extinct,"",Rattus norvegicus,,1,0,,,,,,,,,,,,,,,,,,Passeriformes,20.0638738738739,Landbirds,
Acrocephalus musae,Forster's Reed-warbler,Rattus,IUCN attribution was generic. Specific rodent was determined from literature review. See Table SX for references and notes.,,,,Extinct,"",Rattus rattus,,1,0,,,,,,,,,,,,,,,,,,Passeriformes,20.0638738738739,Landbirds,
Acrocephalus nijoi,Aguijan Reed-warbler,Rattus,IUCN attribution was generic. Specific rodent was determined from literature review. See Table SX for references and notes.,,,,Extinct,"",Rattus exulans,,1,0,,,,,,,,,,,,,,,,,,Passeriformes,20.0638738738739,Landbirds,
Acrocephalus rehsei,Nauru Reed-warbler,Rattus,IUCN attribution was generic. Specific rodent was determined from literature review. See Table SX for references and notes.,,,,Vulnerable,"",Rattus exulans,,0,0,,,,,,,,,,,,,,,,,,Passeriformes,20.0733333333333,Landbirds,Vegetation
Acrocephalus rehsei,Nauru Reed-warbler,Rattus,IUCN attribution was generic. Specific rodent was determined from literature review. See Table SX for references and notes.,,,,Vulnerable,"",Rattus rattus,,0,0,,,,,,,,,,,,,,,,,,Passeriformes,20.0733333333333,Landbirds,Vegetation
Acrocephalus rimitarae,Rimatara Reed-warbler,"Rattus exulans, Rattus norvegicus",Rodent attribution from IUCN.,,,,Critically Endangered,Acrocephalus rimatarae,Rattus exulans,,0,0,,,,,,,,,,,,,,,,,,Passeriformes,26.5,Landbirds,Vegetation
Acrocephalus rimitarae,Rimatara Reed-warbler,"Rattus exulans, Rattus norvegicus",Rodent attribution from IUCN.,,,,Critically Endangered,Acrocephalus rimatarae,Rattus norvegicus,,0,0,,,,,,,,,,,,,,,,,,Passeriformes,26.5,Landbirds,Vegetation
Acrocephalus rodericanus,Rodrigues Warbler,Rattus,IUCN attribution was generic. Specific rodent was determined from literature review. See Table SX for references and notes.,,,,Near Threatened,Bebrornis rodericanus rodericanus,Rattus norvegicus,,1,0,,,,,,,,,,,,,,,,,,Passeriformes,11.8,Landbirds,Vegetation
Acrocephalus rodericanus,Rodrigues Warbler,Rattus,IUCN attribution was generic. Specific rodent was determined from literature review. See Table SX for references and notes.,,,,Near Threatened,Bebrornis rodericanus rodericanus,Rattus rattus,,1,0,,,,,,,,,,,,,,,,,,Passeriformes,11.8,Landbirds,Vegetation
Acrocephalus vaughani,Pitcairn Reed-warbler,Rattus norvegicus,Rodent attribution from IUCN.,,,,Endangered,"",Rattus norvegicus,,0,0,,,,,,,,,,,,,,,,,,Passeriformes,24.38,Landbirds,Vegetation
Aegotheles savesi,New Caledonian Owlet-nightjar,Rattus,IUCN attribution was generic. Specific rodent was determined from literature review. See Table SX for references and notes.,,,,Critically Endangered,"",Rattus exulans,,0,0,,,,,,,,,,,,,,,,,,Caprimulgiformes,52,Landbirds,Vegetation
Aegotheles savesi,New Caledonian Owlet-nightjar,Rattus,IUCN attribution was generic. Specific rodent was determined from literature review. See Table SX for references and notes.,,,,Critically Endangered,"",Rattus norvegicus,,0,0,,,,,,,,,,,,,,,,,,Caprimulgiformes,52,Landbirds,Vegetation
Aegotheles savesi,New Caledonian Owlet-nightjar,Rattus,IUCN attribution was generic. Specific rodent was determined from literature review. See Table SX for references and notes.,,,,Critically Endangered,"",Rattus rattus,,0,0,,,,,,,,,,,,,,,,,,Caprimulgiformes,52,Landbirds,Vegetation
Aerodramus bartschi,Mariana Swiftlet,Rattus rattus,Rodent attribution from IUCN.,Rattus,"Population introduced to O’ahu """"""""Predation by rats may have delayed the beginning of the 2006 breeding season (Fig. 1). Eighteen piles of swiftlet feathers were discovered in the tunnel on 6 March 2006. Chewed common guava (Psidium guajava) exocarps and rat scat near and in the feather piles confirmed that rats were the predators.""""""""","",Endangered,"Aerodramus bartschi ssp. Bartschi, Collocalia bartschi",Rattus rattus,Rattus rattus,0,0,"Johnson, N.C., Haig, S.M., Mosher, S.M. and Hollenbeck, J.P., 2017. Reproductive success of Mariana Swiftlets (Aerodramus bartschi) on the Hawaiian island of O'ahu. Journal of Field Ornithology, 88(4), pp.362-373.",27,Predation,Predation,Predation,Adults,1,3.56,0,,,"",,,O’ahu,21.4389,-158.0001,Caprimulgiformes,7.4,Landbirds,Cliff-face
Aerodramus bartschi,Mariana Swiftlet,Rattus rattus,Rodent attribution from IUCN.,Rattus,"Population introduced to O’ahu """"""""Our top model suggested daily nest survival varied as a quadratic function of nest age (Table 3, Fig. 2)."""""""" Rats were not included in top models (sample size = 478 nests so each nest is a """"""""site"""""""")","",Endangered,"Aerodramus bartschi ssp. Bartschi, Collocalia bartschi",Rattus rattus,Rattus rattus,0,0,"Johnson, N.C., Haig, S.M., Mosher, S.M. and Hollenbeck, J.P., 2017. Reproductive success of Mariana Swiftlets (Aerodramus bartschi) on the Hawaiian island of O'ahu. Journal of Field Ornithology, 88(4), pp.362-373.",28,Population,Reproductive success,Spatiotemporal,"",0,,1,1,1,478,1,0,O’ahu,21.4389,-158.0001,Caprimulgiformes,7.4,Landbirds,Cliff-face
Aerodramus bartschi,Mariana Swiftlet,Rattus rattus,Rodent attribution from IUCN.,Rattus,"Population introduced to O’ahu """"""""The number of nesting pairs and fledglings on Oahu was lower in 2011 because rats invaded the nesting tunnel after rat control was interrupted (E. Vanderwerf in litt. 2012).""""""""","",Endangered,"Aerodramus bartschi ssp. Bartschi, Collocalia bartschi",Rattus rattus,Rattus rattus,0,0,BirdLife International. 2016. Aerodramus bartschi. The IUCN Red List of Threatened Species 2016: e.T22728583A94990600. https://dx.doi.org/10.2305/IUCN.UK.2016-3.RLTS.T22728583A94990600.en. Accessed on 15 November 2023.,29,Lethal program,Reproductive success,Temporal,"",1,,0,,,"",,,O’ahu,21.4389,-158.0001,Caprimulgiformes,7.4,Landbirds,Cliff-face
Agelaius xanthomus,Yellow-shouldered Blackbird,Rattus rattus,Rodent attribution from IUCN.,,,,Endangered,"",Rattus rattus,,0,0,,,,,,,,,,,,,,,,,,Passeriformes,38.4,Landbirds,Cliff-face
Alectroenas payandeei,Rodrigues Blue-pigeon,Rattus rattus,Rodent attribution from IUCN.,Rattus rattus,"""""""""The island was used as a refurbishment station for shipping from at least 1601, presumably leading to the arrival of rats, which were noted to be present in large numbers in 1691-1693 (Leguat 1708, in Hume and Walters 2012) and likely drove the species to extinction.""""""""","",Extinct,"",Rattus rattus,Rattus rattus,1,1,BirdLife International. 2017. Alectroenas payandeei (amended version of 2016 assessment). The IUCN Red List of Threatened Species 2017: e.T62759683A119206636. https://dx.doi.org/10.2305/IUCN.UK.2017-3.RLTS.T62759683A119206636.en. Accessed on 28 November 2023.,49,Population,Abundance,Timing,"",1,,0,,,"",,,Rodrigues,-19.7245,63.4272,Columbiformes,165.333333333333,Landbirds,
Alexandrinus eques,Echo Parakeet,Rattus rattus,Rodent attribution from IUCN.,,,,Vulnerable,"Psittacula echo, Psittacula eques",Rattus rattus,,0,0,,,,,,,,,,,,,,,,,,Psittaciformes,163,Landbirds,Vegetation
Amaurocichla bocagii,Sao Tome Short-tail,Rattus rattus,Rodent attribution from IUCN.,,,,Vulnerable,"",Rattus rattus,,0,0,,,,,,,,,,,,,,,,,,Passeriformes,7,Landbirds,
Amaurornis magnirostris,Talaud Bush-hen,Rattus argentiventer (native),Rodent attribution from IUCN.,,,,Vulnerable,"",Rattus argentiventer,,0,0,,,,,,,,,,,,,,,,,,Gruiformes,250,Landbirds,
Amazona agilis,Black-billed Amazon,Rattus,IUCN attribution was generic. Specific rodent was determined from literature review. See Table SX for references and notes.,,,,Endangered,"",Rattus norvegicus,,0,0,,,,,,,,,,,,,,,,,,Psittaciformes,213,Landbirds,Vegetation
Amazona agilis,Black-billed Amazon,Rattus,IUCN attribution was generic. Specific rodent was determined from literature review. See Table SX for references and notes.,,,,Endangered,"",Rattus rattus,,0,0,,,,,,,,,,,,,,,,,,Psittaciformes,213,Landbirds,Vegetation
Amazona collaria,Yellow-billed Amazon,Rattus,IUCN attribution was generic. Specific rodent was determined from literature review. See Table SX for references and notes.,,,,Vulnerable,"",Rattus norvegicus,,1,0,,,,,,,,,,,,,,,,,,Psittaciformes,187,Landbirds,Vegetation
Amazona collaria,Yellow-billed Amazon,Rattus,IUCN attribution was generic. Specific rodent was determined from literature review. See Table SX for references and notes.,,,,Vulnerable,"",Rattus rattus,,1,0,,,,,,,,,,,,,,,,,,Psittaciformes,187,Landbirds,Vegetation
Amazona vittata,Puerto Rican Amazon,Rattus rattus,Rodent attribution from IUCN.,Rattus rattus,"""""""""Since 2000 there have been 3–5 active nests, with fledg- ling production ranging from two to eight (Table 2). Rats and mongooses have each been implicated in losses of young, with annual losses to mongooses of up to 50% of wild-produced fledglings, and an undetermined number of rat-induced nest, egg or chick failures (Table 2)."""""""" """"""""Rat predation was indicated in 2002 at one nesting cavity""""""""","",Critically Endangered,"",Rattus rattus,Rattus rattus,0,0,"Engeman, R., Whisson, D., Quinn, J., Cano, F., Quiñones, P. and White Jr, T.H., 2006. Monitoring invasive mammalian predator populations sharing habitat with the critically endangered Puerto Rican parrot Amazona vittata. Oryx, 40(1), pp.95-102.",210,Predation,Predation,Predation,Unknown,1,,0,,,"",,,Caribbean National Forest,18.2951,-65.8,Psittaciformes,279.286666666667,Landbirds,Cliff-face
Amytornis woodwardi,White-throated Grasswren,Rattus rattus,Rodent attribution from IUCN.,,,,Endangered,"",Rattus rattus,,0,0,,,,,,,,,,,,,,,,,,Passeriformes,35.0666666666667,Landbirds,Vegetation
Anas eatoni,Southern Pintail,Rattus norvegicus,Rodent attribution from IUCN.,,,,Vulnerable,"",Rattus norvegicus,,1,0,,,,,,,,,,,,,,,,,,Anseriformes,944.613333333333,Landbirds,Cliff-face
Anas laysanensis,Laysan Duck,Rattus,IUCN attribution was generic. Specific rodent was determined from literature review. See Table SX for references and notes.,Rattus,"""""""""Since the severe range contraction of the species from the main Hawaiian Islands after the introduction of rats"""""""". Second REF: """"""""Fossil and subfossil evidence indicates that Laysan Ducks were widespread in the Hawaiian Islands prior to the arrival of rats (Rattus spp.) and occurred on Hawai‘i, Moloka‘i, O‘ahu, Maui, and Kaua‘i (USFWS 2004).... Laysan Ducks disappeared from the main Hawaiian Islands 800– 900 years ago after rats were introduced""""""""","VanderWerf, E. A. 2012. Hawaiian Bird Conservation Action Plan: NWHI Passerines. Honolulu, Hawaii http://large.stanford.edu/courses/2017/ph241/lewis1/docs/HBCAP_complete1.pdf",Critically Endangered,"",Rattus exulans,Rattus exulans,0,0,BirdLife International. 2018. Anas laysanensis. The IUCN Red List of Threatened Species 2018: e.T22680203A130697270. https://dx.doi.org/10.2305/IUCN.UK.2018-2.RLTS.T22680203A130697270.en. Accessed on 02 December 2023.,64,Population,Abundance,Timing,"",0,,0,,,"",,,Hawaii,19.8987,-155.6659,Anseriformes,843.413333333333,Landbirds,Ground
Anas laysanensis,Laysan Duck,Rattus,IUCN attribution was generic. Specific rodent was determined from literature review. See Table SX for references and notes.,Rattus,"""""""""Since the severe range contraction of the species from the main Hawaiian Islands after the introduction of rats"""""""". Second REF: """"""""Fossil and subfossil evidence indicates that Laysan Ducks were widespread in the Hawaiian Islands prior to the arrival of rats (Rattus spp.) and occurred on Hawai‘i, Moloka‘i, O‘ahu, Maui, and Kaua‘i (USFWS 2004).... Laysan Ducks disappeared from the main Hawaiian Islands 800– 900 years ago after rats were introduced""""""""","VanderWerf, E. A. 2012. Hawaiian Bird Conservation Action Plan: NWHI Passerines. Honolulu, Hawaii http://large.stanford.edu/courses/2017/ph241/lewis1/docs/HBCAP_complete1.pdf",Critically Endangered,"",Rattus norvegicus,Rattus norvegicus,0,0,BirdLife International. 2018. Anas laysanensis. The IUCN Red List of Threatened Species 2018: e.T22680203A130697270. https://dx.doi.org/10.2305/IUCN.UK.2018-2.RLTS.T22680203A130697270.en. Accessed on 02 December 2023.,64,Population,Abundance,Timing,"",0,,0,,,"",,,Hawaii,19.8987,-155.6659,Anseriformes,843.413333333333,Landbirds,Ground
Anas laysanensis,Laysan Duck,Rattus,IUCN attribution was generic. Specific rodent was determined from literature review. See Table SX for references and notes.,Rattus,"""""""""Since the severe range contraction of the species from the main Hawaiian Islands after the introduction of rats"""""""". Second REF: """"""""Fossil and subfossil evidence indicates that Laysan Ducks were widespread in the Hawaiian Islands prior to the arrival of rats (Rattus spp.) and occurred on Hawai‘i, Moloka‘i, O‘ahu, Maui, and Kaua‘i (USFWS 2004).... Laysan Ducks disappeared from the main Hawaiian Islands 800– 900 years ago after rats were introduced""""""""","VanderWerf, E. A. 2012. Hawaiian Bird Conservation Action Plan: NWHI Passerines. Honolulu, Hawaii http://large.stanford.edu/courses/2017/ph241/lewis1/docs/HBCAP_complete1.pdf",Critically Endangered,"",Rattus rattus,Rattus rattus,0,0,BirdLife International. 2018. Anas laysanensis. The IUCN Red List of Threatened Species 2018: e.T22680203A130697270. https://dx.doi.org/10.2305/IUCN.UK.2018-2.RLTS.T22680203A130697270.en. Accessed on 02 December 2023.,64,Population,Abundance,Timing,"",0,,0,,,"",,,Hawaii,19.8987,-155.6659,Anseriformes,843.413333333333,Landbirds,Ground
Anas melleri,Meller's Duck,Rattus,IUCN attribution was generic. Specific rodent was determined from literature review. See Table SX for references and notes.,,,,Endangered,"",Rattus norvegicus,,0,0,,,,,,,,,,,,,,,,,,Anseriformes,959.213333333333,Landbirds,Cliff-face
Anas melleri,Meller's Duck,Rattus,IUCN attribution was generic. Specific rodent was determined from literature review. See Table SX for references and notes.,,,,Endangered,"",Rattus rattus,,0,0,,,,,,,,,,,,,,,,,,Anseriformes,959.213333333333,Landbirds,Cliff-face
Anas nesiotis,Campbell Teal,Rattus norvegicus,Rodent attribution from IUCN.,,,,Vulnerable,"",Rattus norvegicus,,1,1,,,,,,,,,,,,,,,,,,Anseriformes,499.093333333333,Landbirds,
Anas wyvilliana,Hawaiian Duck,Rattus,IUCN attribution was generic. Specific rodent was determined from literature review. See Table SX for references and notes.,Rattus,"""""""""Predation by rats (Rattus spp.), Cattle Egrets (Bulbulcus ibis), Barn Owls (Tyto alba), and non-native fish has been documented on eggs or chicks (USFWS 2011).""""""""","",Endangered,"",Rattus exulans,Rattus exulans,0,0,"VanderWerf, E. A. 2012. Hawaiian Bird Conservation Action Plan: NWHI Passerines. Honolulu, Hawaii http://large.stanford.edu/courses/2017/ph241/lewis1/docs/HBCAP_complete1.pdf",42,Predation,Predation,Predation,"Eggs, chicks",1,,0,,,"",,,Hawaii,19.8987,-155.6659,Anseriformes,843.413333333333,Landbirds,Ground
Anas wyvilliana,Hawaiian Duck,Rattus,IUCN attribution was generic. Specific rodent was determined from literature review. See Table SX for references and notes.,Rattus,"""""""""Predation by rats (Rattus spp.), Cattle Egrets (Bulbulcus ibis), Barn Owls (Tyto alba), and non-native fish has been documented on eggs or chicks (USFWS 2011).""""""""","",Endangered,"",Rattus norvegicus,Rattus norvegicus,0,0,"VanderWerf, E. A. 2012. Hawaiian Bird Conservation Action Plan: NWHI Passerines. Honolulu, Hawaii http://large.stanford.edu/courses/2017/ph241/lewis1/docs/HBCAP_complete1.pdf",42,Predation,Predation,Predation,"Eggs, chicks",1,,0,,,"",,,Hawaii,19.8987,-155.6659,Anseriformes,843.413333333333,Landbirds,Ground
Anas wyvilliana,Hawaiian Duck,Rattus,IUCN attribution was generic. Specific rodent was determined from literature review. See Table SX for references and notes.,Rattus,"""""""""Predation by rats (Rattus spp.), Cattle Egrets (Bulbulcus ibis), Barn Owls (Tyto alba), and non-native fish has been documented on eggs or chicks (USFWS 2011).""""""""","",Endangered,"",Rattus rattus,Rattus rattus,0,0,"VanderWerf, E. A. 2012. Hawaiian Bird Conservation Action Plan: NWHI Passerines. Honolulu, Hawaii http://large.stanford.edu/courses/2017/ph241/lewis1/docs/HBCAP_complete1.pdf",42,Predation,Predation,Predation,"Eggs, chicks",1,,0,,,"",,,Hawaii,19.8987,-155.6659,Anseriformes,843.413333333333,Landbirds,Ground
Anthornis melanocephala,Chatham Islands Bellbird,Rattus,IUCN attribution was generic. Specific rodent was determined from literature review. See Table SX for references and notes.,,,,Extinct,"",Rattus exulans,,0,0,,,,,,,,,,,,,,,,,,Passeriformes,26.9066666666667,Landbirds,
Anthornis melanocephala,Chatham Islands Bellbird,Rattus,IUCN attribution was generic. Specific rodent was determined from literature review. See Table SX for references and notes.,,,,Extinct,"",Rattus norvegicus,,0,0,,,,,,,,,,,,,,,,,,Passeriformes,26.9066666666667,Landbirds,
Anthornis melanocephala,Chatham Islands Bellbird,Rattus,IUCN attribution was generic. Specific rodent was determined from literature review. See Table SX for references and notes.,,,,Extinct,"",Rattus rattus,,0,0,,,,,,,,,,,,,,,,,,Passeriformes,26.9066666666667,Landbirds,
Apalopteron familiare,Bonin White-eye,"Rattus rattus, Rattus norvegicus",Rodent attribution from IUCN.,,,,Near Threatened,Apalopteron familiare,Rattus norvegicus,,0,0,,,,,,,,,,,,,,,,,,Passeriformes,15,Landbirds,Vegetation
Apalopteron familiare,Bonin White-eye,"Rattus rattus, Rattus norvegicus",Rodent attribution from IUCN.,Rattus rattus,"Nest predation by introduced black rats may be a threat on Hahajima (Kawakami in litt. 2012), but rats do not currently seem to be affecting the population.","",Near Threatened,Apalopteron familiare,Rattus rattus,Rattus rattus,0,0,BirdLife International. 2016. Apalopteron familiare. The IUCN Red List of Threatened Species 2016: e.T22704125A93953867. https://dx.doi.org/10.2305/IUCN.UK.2016-3.RLTS.T22704125A93953867.en. Accessed on 10 November 2023.,10,Predation,Predation,Predation,Unknown,1,,0,,,"",,,Hahajima,26.6735,142.1541,Passeriformes,15,Landbirds,Vegetation
Apalopteron familiare,Bonin White-eye,"Rattus rattus, Rattus norvegicus",Rodent attribution from IUCN.,Rattus rattus,"Nest predation by introduced black rats may be a threat on Hahajima (Kawakami in litt. 2012), but rats do not currently seem to be affecting the population.","",Near Threatened,Apalopteron familiare,Rattus rattus,Rattus rattus,0,0,BirdLife International. 2016. Apalopteron familiare. The IUCN Red List of Threatened Species 2016: e.T22704125A93953867. https://dx.doi.org/10.2305/IUCN.UK.2016-3.RLTS.T22704125A93953867.en. Accessed on 10 November 2023.,11,Population,Abundance,Temporal,"",0,,0,,,"",,,Hahajima,26.6735,142.1541,Passeriformes,15,Landbirds,Vegetation
Aphrastura masafuerae,Masafuera Rayadito,"Rattus, Mus musculus",IUCN attribution was generic. Specific rodent was determined from literature review. See Table SX for references and notes.,,,,Critically Endangered,Aphrastura masafucrae,Mus musculus,,0,0,,,,,,,,,,,,,,,,,,Passeriformes,12.2,Landbirds,
Aphrastura masafuerae,Masafuera Rayadito,"Rattus, Mus musculus",IUCN attribution was generic. Specific rodent was determined from literature review. See Table SX for references and notes.,,,,Critically Endangered,Aphrastura masafucrae,Rattus norvegicus,,0,0,,,,,,,,,,,,,,,,,,Passeriformes,12.2,Landbirds,
Aphrastura masafuerae,Masafuera Rayadito,"Rattus, Mus musculus",IUCN attribution was generic. Specific rodent was determined from literature review. See Table SX for references and notes.,,,,Critically Endangered,Aphrastura masafucrae,Rattus rattus,,0,0,,,,,,,,,,,,,,,,,,Passeriformes,12.2,Landbirds,
Aplonis cinerascens,Rarotonga Starling,Rattus rattus,Rodent attribution from IUCN.,,,,Vulnerable,"",Rattus rattus,,0,0,,,,,,,,,,,,,,,,,,Passeriformes,82.9,Landbirds,Vegetation
Aplonis corvina,Kosrae Starling,Rattus,IUCN attribution was generic. Specific rodent was determined from literature review. See Table SX for references and notes.,,,,Extinct,"",Rattus exulans,,1,1,,,,,,,,,,,,,,,,,,Passeriformes,77.28828125,Landbirds,
Aplonis corvina,Kosrae Starling,Rattus,IUCN attribution was generic. Specific rodent was determined from literature review. See Table SX for references and notes.,,,,Extinct,"",Rattus rattus,,1,1,,,,,,,,,,,,,,,,,,Passeriformes,77.28828125,Landbirds,
Aplonis fusca,Tasman Starling,Rattus rattus,Rodent attribution from IUCN.,Rattus rattus,"""""""""The extinction of the Lord Howe Island population was probably due to the arrival of black rat Rattus rattus on the island in 1918""""""""","",Extinct,Aplornis fusca ssp. Fusca,Rattus rattus,Rattus rattus,1,0,BirdLife International. 2016. Aplonis fusca. The IUCN Red List of Threatened Species 2016: e.T22710511A94249210. https://dx.doi.org/10.2305/IUCN.UK.2016-3.RLTS.T22710511A94249210.en. Accessed on 10 November 2023.,15,Population,Abundance,Timing,"",1,,0,,,"",,,Lord Howe Island,-31.5553,159.0821,Passeriformes,77.28828125,Landbirds,Vegetation
Aplonis fusca,Tasman Starling,Rattus rattus,Rodent attribution from IUCN.,Rattus rattus,"""""""""The last record was of the nominate subspecies on Norfolk Island in 1923"""""""" """"""""The reasons for the extinction of the Norfolk Island population are less clear cut because R. rattus did not reach the island until the 1940s.""""""""","",Extinct,Aplornis fusca ssp. Fusca,Rattus rattus,Rattus rattus,1,0,BirdLife International. 2016. Aplonis fusca. The IUCN Red List of Threatened Species 2016: e.T22710511A94249210. https://dx.doi.org/10.2305/IUCN.UK.2016-3.RLTS.T22710511A94249210.en. Accessed on 10 November 2023.,16,Population,Abundance,Timing,"",0,,0,,,"",,,Norfolk Island,-29.0408,167.9547,Passeriformes,77.28828125,Landbirds,Vegetation
Aplonis mavornata,Mysterious Starling,Rattus norvegicus,Rodent attribution from IUCN.,,,,Extinct,"",Rattus norvegicus,,1,1,,,,,,,,,,,,,,,,,,Passeriformes,77.28828125,Landbirds,
Aplonis pelzelni,Pohnpei Starling,Rattus,IUCN attribution was generic. Specific rodent was determined from literature review. See Table SX for references and notes.,,,,Critically Endangered,"",Rattus exulans,,0,0,,,,,,,,,,,,,,,,,,Passeriformes,47,Landbirds,Vegetation
Aplonis pelzelni,Pohnpei Starling,Rattus,IUCN attribution was generic. Specific rodent was determined from literature review. See Table SX for references and notes.,,,,Critically Endangered,"",Rattus rattus,,0,0,,,,,,,,,,,,,,,,,,Passeriformes,47,Landbirds,Vegetation
Aplonis santovestris,Mountain Starling,Rattus,IUCN attribution was generic. Specific rodent was determined from literature review. See Table SX for references and notes.,,,,Endangered,"",Rattus exulans,,0,0,,,,,,,,,,,,,,,,,,Passeriformes,68.6733333333333,Landbirds,Vegetation
Aplonis santovestris,Mountain Starling,Rattus,IUCN attribution was generic. Specific rodent was determined from literature review. See Table SX for references and notes.,,,,Endangered,"",Rattus norvegicus,,0,0,,,,,,,,,,,,,,,,,,Passeriformes,68.6733333333333,Landbirds,Vegetation
Aplonis santovestris,Mountain Starling,Rattus,IUCN attribution was generic. Specific rodent was determined from literature review. See Table SX for references and notes.,,,,Endangered,"",Rattus rattus,,0,0,,,,,,,,,,,,,,,,,,Passeriformes,68.6733333333333,Landbirds,Vegetation
Aplonis ulietensis,Raiatea Starling,Rattus norvegicus,Rodent attribution from IUCN.,Rattus norvegicus,"""""""""This Extinct species is known only from a 1774 painting of the type specimen, contemporary descriptions and a few field notes. It occurred on Raiatea (French Polynesia). An expedition to the island in 1850 failed to find the species, and it likely became extinct between 1774-1850 following the arrival of rats on the island.""""""""","",Extinct,Turdus ulietensis,Rattus norvegicus,Rattus norvegicus,1,1,BirdLife International. 2017. Aplonis ulietensis (amended version of 2016 assessment). The IUCN Red List of Threatened Species 2017: e.T22734867A119212332. https://dx.doi.org/10.2305/IUCN.UK.2017-3.RLTS.T22734867A119212332.en. Accessed on 28 November 2023.,50,Population,Abundance,Timing,"",1,,0,,,"",,,Raiatea,-16.8164,-151.4552,Passeriformes,77.28828125,Landbirds,
Apteryx mantelli,North Island Brown Kiwi,Rattus,IUCN attribution was generic. Specific rodent was determined from literature review. See Table SX for references and notes.,Rattus,Figure 3 vs Table 4,"",Vulnerable,Apteryx australis,Rattus exulans,Rattus exulans,0,0,"Gillies, C.A., Leach, M.R., Coad, N.B., Theobald, S.W., Campbell, J., Herbert, T., Graham, P.J. and Pierce, R.J., 2003. Six years of intensive pest mammal control at Trounson Kauri Park, a Department of Conservation “mainland island”, June 1996—July 2002. New Zealand Journal of Zoology, 30(4), pp.399-420.",48,Population,Reproductive success,Temporal,"",0,,1,0,0,"2 for rats, 1 for the bird",1,0,Trounson Kauri Park,-35.7199752,173.6493761,Apterygiformes,2320.50666666667,Landbirds,Burrow
Apteryx mantelli,North Island Brown Kiwi,Rattus,IUCN attribution was generic. Specific rodent was determined from literature review. See Table SX for references and notes.,Rattus,Figure 3 vs Table 4,"",Vulnerable,Apteryx australis,Rattus norvegicus,Rattus norvegicus,0,0,"Gillies, C.A., Leach, M.R., Coad, N.B., Theobald, S.W., Campbell, J., Herbert, T., Graham, P.J. and Pierce, R.J., 2003. Six years of intensive pest mammal control at Trounson Kauri Park, a Department of Conservation “mainland island”, June 1996—July 2002. New Zealand Journal of Zoology, 30(4), pp.399-420.",48,Population,Reproductive success,Temporal,"",0,,1,0,0,"2 for rats, 1 for the bird",1,0,Trounson Kauri Park,-35.7199752,173.6493761,Apterygiformes,2320.50666666667,Landbirds,Burrow
Apteryx mantelli,North Island Brown Kiwi,Rattus,IUCN attribution was generic. Specific rodent was determined from literature review. See Table SX for references and notes.,Rattus,Figure 3 vs Table 4,"",Vulnerable,Apteryx australis,Rattus rattus,Rattus rattus,0,0,"Gillies, C.A., Leach, M.R., Coad, N.B., Theobald, S.W., Campbell, J., Herbert, T., Graham, P.J. and Pierce, R.J., 2003. Six years of intensive pest mammal control at Trounson Kauri Park, a Department of Conservation “mainland island”, June 1996—July 2002. New Zealand Journal of Zoology, 30(4), pp.399-420.",48,Population,Reproductive success,Temporal,"",0,,1,0,0,"2 for rats, 1 for the bird",1,0,Trounson Kauri Park,-35.7199752,173.6493761,Apterygiformes,2320.50666666667,Landbirds,Burrow
Ardenna carneipes,Flesh-footed Shearwater,"Rattus rattus, Rattus norvegicus",Rodent attribution from IUCN.,Rattus norvegicus,"""""""""The apparent decline of this breeding colony prompted the cessation of harvesting in 1960 and the eradication of Norway rats during the 1970s. An increase in the colony was expected, and there have been attempts to measure this by counting the number of active burrows...from 1987 to 1998. No change was detected over this period."""""""" """"""""The number of active shearwater burrows in each plot were counted (Table 1). Regression analysis indicated no significant trend in the number of active burrows over this period (R = 0.28, F = 2.33, DF =l,P=0.17).""""""""","",Near Threatened,Puffinus carneipes,Rattus norvegicus,Rattus norvegicus,0,0,"Gaze, P., 2000. The response of a colony of sooty shearwater (Puffinus griseus) and flesh‐footed shearwater (P. carneipes) to the cessation of harvesting and the eradication of Norway rats (Rattus norvegicus). New Zealand Journal of Zoology, 27(4), pp.375-379.",179,Population,Abundance,Timing,"",0,,0,,,"",,,Titi Island,-41.3912,174.5222,Procellariiformes,609,Seabirds,Burrow
Ardenna carneipes,Flesh-footed Shearwater,"Rattus rattus, Rattus norvegicus",Rodent attribution from IUCN.,Rattus rattus,"Tables 2,3. """"""""Estimated from a total number of burrows with signs of occupation obtained from adaptive cluster sampling (i.e. 74) and entire sampling (i.e. 1928). Note that the [1985 pre-eradication] estimate does not account for burrow detection probability. λ estimated using the observed number of burrows in 2018 (1484, i.e. without correction for detection probability) was 1.03"""""""". Due to data discrepency and """"""""estimations"""""""" defined as no data.","",Near Threatened,Puffinus carneipes,Rattus rattus,Rattus rattus,0,0,"Barbraud, C., Delord, K., Le Bouard, F., Harivel, R., Demay, J., Chaigne, A. and Micol, T., 2021. Seabird population changes following mammal eradication at oceanic Saint-Paul Island, Indian Ocean. Journal for Nature Conservation, 63, p.126049.",180,Population,Abundance,Timing,"",1,,0,,,"",,,Saint-Paul Island,57.1208,-170.283,Procellariiformes,609,Seabirds,Burrow
Ardenna creatopus,Pink-footed Shearwater,"Rattus rattus, Rattus norvegicus",Rodent attribution from IUCN.,Rattus,"""""""""Stable isotope analyses of rat tissue suggest they are feeding at lower, terrestrial trophic levels, and no evidence has been found of eggs or chicks consumed by rats in burrows (P. Hodum in litt. 2017).""""""""","",Vulnerable,Puffinus creatopus,Rattus norvegicus,Rattus norvegicus,0,0,BirdLife International. 2018. Ardenna creatopus. The IUCN Red List of Threatened Species 2018: e.T22698195A132633266. https://dx.doi.org/10.2305/IUCN.UK.2018-2.RLTS.T22698195A132633266.en. Accessed on 31 December 2023.,123,Predation,Predation,Predation,"",0,,0,,,"",,,Isla Mocha or Robinson Crusoe,-33.6414,-78.8461,Procellariiformes,743.995,Seabirds,Burrow
Ardenna creatopus,Pink-footed Shearwater,"Rattus rattus, Rattus norvegicus",Rodent attribution from IUCN.,Rattus,"""""""""Stable isotope analyses of rat tissue suggest they are feeding at lower, terrestrial trophic levels, and no evidence has been found of eggs or chicks consumed by rats in burrows (P. Hodum in litt. 2017).""""""""","",Vulnerable,Puffinus creatopus,Rattus rattus,Rattus rattus,0,0,BirdLife International. 2018. Ardenna creatopus. The IUCN Red List of Threatened Species 2018: e.T22698195A132633266. https://dx.doi.org/10.2305/IUCN.UK.2018-2.RLTS.T22698195A132633266.en. Accessed on 31 December 2023.,123,Predation,Predation,Predation,"",0,,0,,,"",,,Isla Mocha or Robinson Crusoe,-33.6414,-78.8461,Procellariiformes,743.995,Seabirds,Burrow
Ardenna grisea,Sooty Shearwater,"Rattus rattus, Rattus norvegicus",Rodent attribution from IUCN.,Rattus norvegicus,"""""""""Rat eradication is also expected to lead to increased colony size (and reduced clustering) of remnant petrel colonies that survived the presence of rats (Jones 2010; Buxton et al. 2016). This was most apparent on Hāwea Island, where the 40–100 sooty shearwater burrows estimated in April 1986 (G. Taylor pers. obs.) had increased more than 50-fold to an estimated 5,400 burrows in 2019. Population modelling indicates that this large increase over the 33 years since rat eradication could potentially have occurred with minimal immigration, provided productivity and survival rates were close to the maximum recorded for petrel populations in the absence of predation (c. 50% of eggs producing breeding adults recruiting to their natal population, with 90% of pairs persisting between years; authors’ unpubl. data).""""""""","",Near Threatened,Puffinus griseus,Rattus norvegicus,Rattus norvegicus,0,0,"Miskelly, C.M., Bishop, C.R., Greene, T.C., Rickett, J.E.N.N.Y., Taylor, G.A. and Tennyson, A.J., 2020. Breeding petrels of Breaksea and Dusky Sounds, Fiordland; responses to three decades of predator control. Notornis, 67, pp.543-557.",170,Population,Abundance,Timing,"",1,,0,,,"",,,Hāwea Island,-45.5913,166.6441,Procellariiformes,787,Seabirds,Cliff-face
Ardenna grisea,Sooty Shearwater,"Rattus rattus, Rattus norvegicus",Rodent attribution from IUCN.,,,,Near Threatened,Puffinus griseus,Rattus rattus,,0,0,,,,,,,,,,,,,,,,,,Procellariiformes,787,Seabirds,Cliff-face
Ardeola idae,Madagascar Pond-heron,Rattus,IUCN attribution was generic. Specific rodent was determined from literature review. See Table SX for references and notes.,Rattus,"""""""""Predation of eggs and young chicks by invasive rats may also be a problem (G. Rocamora in litt. 2020).""""""""","",Endangered,"",Rattus norvegicus,Rattus norvegicus,0,0,BirdLife International. 2021. Ardeola idae. The IUCN Red List of Threatened Species 2021: e.T22697143A189949320. https://dx.doi.org/10.2305/IUCN.UK.2021-3.RLTS.T22697143A189949320.en. Accessed on 10 February 2024.,229,Predation,Predation,Predation,"Eggs, chicks",1,,0,,,"",,,Unknown,,,Pelecaniformes,253,Seabirds,Ground
Ardeola idae,Madagascar Pond-heron,Rattus,IUCN attribution was generic. Specific rodent was determined from literature review. See Table SX for references and notes.,Rattus,"""""""""Predation of eggs and young chicks by invasive rats may also be a problem (G. Rocamora in litt. 2020).""""""""","",Endangered,"",Rattus rattus,Rattus rattus,0,0,BirdLife International. 2021. Ardeola idae. The IUCN Red List of Threatened Species 2021: e.T22697143A189949320. https://dx.doi.org/10.2305/IUCN.UK.2021-3.RLTS.T22697143A189949320.en. Accessed on 10 February 2024.,229,Predation,Predation,Predation,"Eggs, chicks",1,,0,,,"",,,Unknown,,,Pelecaniformes,253,Seabirds,Ground
Aythya innotata,Madagascar Pochard,Rattus,IUCN attribution was generic. Specific rodent was determined from literature review. See Table SX for references and notes.,,,,Critically Endangered,"",Rattus norvegicus,,0,0,,,,,,,,,,,,,,,,,,Anseriformes,685,Landbirds,Ground
Aythya innotata,Madagascar Pochard,Rattus,IUCN attribution was generic. Specific rodent was determined from literature review. See Table SX for references and notes.,,,,Critically Endangered,"",Rattus rattus,,0,0,,,,,,,,,,,,,,,,,,Anseriformes,685,Landbirds,Ground
Bostrychia bocagei,Dwarf Ibis,Rattus rattus,Rodent attribution from IUCN.,,,,Critically Endangered,"",Rattus rattus,,0,0,,,,,,,,,,,,,,,,,,Pelecaniformes,866,Seabirds,Vegetation
Branta sandvicensis,Hawaiian Goose,"Rattus rattus, Rattus norvegicus, Rattus exulans",Rodent attribution from IUCN.,"Rattus rattus, Rattus norvegicus, Rattus exulans","""""""""Predators known to take Nēnē eggs, goslings, or adults include dogs (Canis familiaris), feral pigs (Sus scrofa), feral cats (Felis catus), small Indian mongooses (Herpestes auropunctatus), and black, Norway, and Pacific rats (R. rattus, norvegicus, and exulans, respectively) (Hoshide et al. 1990, Baker and Baker 1996)."""""""" + """"""""Eggs are also predated by Black, Norway and Pacific Rats (USFWS 2004).""""""""",BirdLife International. 2021. Branta sandvicensis. The IUCN Red List of Threatened Species 2021: e.T22679929A194369606. https://dx.doi.org/10.2305/IUCN.UK.2021-3.RLTS.T22679929A194369606.en. Accessed on 10 February 2024.,Near Threatened,Anser sandvicensis,Rattus exulans,Rattus exulans,0,0,"VanderWerf, E. A. 2012. Hawaiian Bird Conservation Action Plan: NWHI Passerines. Honolulu, Hawaii http://large.stanford.edu/courses/2017/ph241/lewis1/docs/HBCAP_complete1.pdf",231,Predation,Predation,Predation,"Eggs, chicks, adults",1,,0,,,"",,,Hawaii,19.8987,-155.6659,Anseriformes,2044.11333333333,Landbirds,Ground
Branta sandvicensis,Hawaiian Goose,"Rattus rattus, Rattus norvegicus, Rattus exulans",Rodent attribution from IUCN.,"Rattus rattus, Rattus norvegicus, Rattus exulans","""""""""Predators known to take Nēnē eggs, goslings, or adults include dogs (Canis familiaris), feral pigs (Sus scrofa), feral cats (Felis catus), small Indian mongooses (Herpestes auropunctatus), and black, Norway, and Pacific rats (R. rattus, norvegicus, and exulans, respectively) (Hoshide et al. 1990, Baker and Baker 1996)."""""""" + """"""""Eggs are also predated by Black, Norway and Pacific Rats (USFWS 2004).""""""""",BirdLife International. 2021. Branta sandvicensis. The IUCN Red List of Threatened Species 2021: e.T22679929A194369606. https://dx.doi.org/10.2305/IUCN.UK.2021-3.RLTS.T22679929A194369606.en. Accessed on 10 February 2024.,Near Threatened,Anser sandvicensis,Rattus norvegicus,Rattus norvegicus,0,0,"VanderWerf, E. A. 2012. Hawaiian Bird Conservation Action Plan: NWHI Passerines. Honolulu, Hawaii http://large.stanford.edu/courses/2017/ph241/lewis1/docs/HBCAP_complete1.pdf",231,Predation,Predation,Predation,"Eggs, chicks, adults",1,,0,,,"",,,Hawaii,19.8987,-155.6659,Anseriformes,2044.11333333333,Landbirds,Ground
Branta sandvicensis,Hawaiian Goose,"Rattus rattus, Rattus norvegicus, Rattus exulans",Rodent attribution from IUCN.,"Rattus rattus, Rattus norvegicus, Rattus exulans","""""""""Predators known to take Nēnē eggs, goslings, or adults include dogs (Canis familiaris), feral pigs (Sus scrofa), feral cats (Felis catus), small Indian mongooses (Herpestes auropunctatus), and black, Norway, and Pacific rats (R. rattus, norvegicus, and exulans, respectively) (Hoshide et al. 1990, Baker and Baker 1996)."""""""" + """"""""Eggs are also predated by Black, Norway and Pacific Rats (USFWS 2004).""""""""",BirdLife International. 2021. Branta sandvicensis. The IUCN Red List of Threatened Species 2021: e.T22679929A194369606. https://dx.doi.org/10.2305/IUCN.UK.2021-3.RLTS.T22679929A194369606.en. Accessed on 10 February 2024.,Near Threatened,Anser sandvicensis,Rattus rattus,Rattus rattus,0,0,"VanderWerf, E. A. 2012. Hawaiian Bird Conservation Action Plan: NWHI Passerines. Honolulu, Hawaii http://large.stanford.edu/courses/2017/ph241/lewis1/docs/HBCAP_complete1.pdf",231,Predation,Predation,Predation,"Eggs, chicks, adults",1,,0,,,"",,,Hawaii,19.8987,-155.6659,Anseriformes,2044.11333333333,Landbirds,Ground
Bulweria fallax,Jouanin's Petrel,Rattus,IUCN attribution was generic. Specific rodent was determined from literature review. See Table SX for references and notes.,Rattus,"""""""""Non-native predators (e.g. rats Rattus spp. and Feral Cats Felis catus) are probably a limiting factor on the species’ breeding population size (Al-Saghier et al. 2000), although their impact on the Socotran subpopulation may have stabilised long ago, given the long period (over 2,000 years) of coexistence.""""""""","",Near Threatened,"",Rattus norvegicus,Rattus norvegicus,0,0,"BirdLife International. 2018. Bulweria fallax. The IUCN Red List of Threatened Species 2018: e.T22698136A132628433. https://dx.doi.org/10.2305/IUCN.UK.2018-2.RLTS.T22698136A132628433.en. Accessed on 30 December 2023.
",114,Population,Abundance,Timing,"",0,,0,,,"",,,Socotra,12.4634,53.8237,Procellariiformes,173,Seabirds,Cliff-face
Bulweria fallax,Jouanin's Petrel,Rattus,IUCN attribution was generic. Specific rodent was determined from literature review. See Table SX for references and notes.,Rattus,"""""""""Non-native predators (e.g. rats Rattus spp. and Feral Cats Felis catus) are probably a limiting factor on the species’ breeding population size (Al-Saghier et al. 2000), although their impact on the Socotran subpopulation may have stabilised long ago, given the long period (over 2,000 years) of coexistence.""""""""","",Near Threatened,"",Rattus rattus,Rattus rattus,0,0,"BirdLife International. 2018. Bulweria fallax. The IUCN Red List of Threatened Species 2018: e.T22698136A132628433. https://dx.doi.org/10.2305/IUCN.UK.2018-2.RLTS.T22698136A132628433.en. Accessed on 30 December 2023.
",114,Population,Abundance,Timing,"",0,,0,,,"",,,Socotra,12.4634,53.8237,Procellariiformes,173,Seabirds,Cliff-face
Cabalus modestus,Chatham Islands Rail,Rattus,IUCN attribution was generic. Specific rodent was determined from literature review. See Table SX for references and notes.,,,,Extinct,"Gallirallus modestus ssp. Modestus, Rallus modestus ssp. Modestus",Rattus exulans,,1,0,,,,,,,,,,,,,,,,,,Gruiformes,,Landbirds,
Cabalus modestus,Chatham Islands Rail,Rattus,IUCN attribution was generic. Specific rodent was determined from literature review. See Table SX for references and notes.,,,,Extinct,"Gallirallus modestus ssp. Modestus, Rallus modestus ssp. Modestus",Rattus norvegicus,,1,0,,,,,,,,,,,,,,,,,,Gruiformes,,Landbirds,
Cabalus modestus,Chatham Islands Rail,Rattus,IUCN attribution was generic. Specific rodent was determined from literature review. See Table SX for references and notes.,,,,Extinct,"Gallirallus modestus ssp. Modestus, Rallus modestus ssp. Modestus",Rattus rattus,,1,0,,,,,,,,,,,,,,,,,,Gruiformes,,Landbirds,
Callaeas cinereus,South Island Kokako,Rattus rattus,Rodent attribution from IUCN.,Rattus rattus,"Only abstract located online """"""""Predation of eggs and chicks by ship rats (Rattus rattus) and brush-tailed possums (Trichosurus vulpecula) was the main cause of nest failure, whereas deaths of nesting adult females mostly caused be stoats (Mustela erminea).""""""""","",Critically Endangered,Callaeas wilsoni,Rattus rattus,Rattus rattus,1,0,"Flux, I., Bradfield, P. and Innes, J., 2006. Breeding biology of North Island kokako (Callaeas cinerea wilsoni) at Mapara wildlife management reserve, King Country, New Zealand. Notornis, 53(2), p.199.",181,Predation,Predation,Predation,"Eggs, chicks",1,,0,,,"",,,Mapara,-38.7425,175.6286,Passeriformes,225.37,Landbirds,Vegetation
Callaeas cinereus,South Island Kokako,Rattus rattus,Rodent attribution from IUCN.,Rattus rattus,"Fig 3,5,7,9","",Critically Endangered,Callaeas wilsoni,Rattus rattus,Rattus rattus,1,0,"Innes, J., Hay, R., Flux, I., Bradfield, P., Speed, H. and Jansen, P., 1999. Successful recovery of North Island kokako Callaeas cinerea wilsoni populations, by adaptive management. Biological conservation, 87(2), pp.201-214.",182,Population,Abundance,Spatiotemporal,"",1,,1,1,1,4 sites,1,0,Mapara,-38.7425,175.6286,Passeriformes,225.37,Landbirds,Vegetation
Callaeas cinereus,South Island Kokako,Rattus rattus,Rodent attribution from IUCN.,Rattus rattus,"Fig 6 """"""""fates of kokako nesting attempts"""""""" includes failures to rats. Percentages provided in pie chart","",Critically Endangered,Callaeas wilsoni,Rattus rattus,Rattus rattus,1,0,"Innes, J., Hay, R., Flux, I., Bradfield, P., Speed, H. and Jansen, P., 1999. Successful recovery of North Island kokako Callaeas cinerea wilsoni populations, by adaptive management. Biological conservation, 87(2), pp.201-214.",183,Predation,Predation,Predation,Unknown,1,,,,,"",,,Mapara,-38.7425,175.6286,Passeriformes,225.37,Landbirds,Vegetation
Calonectris leucomelas,Streaked Shearwater,"Rattus rattus, Rattus norvegicus",Rodent attribution from IUCN.,Rattus,"""""""""the connection to Ulleung Island has led to the arrival of Black Rattus rattus and Brown Rats R. norvegicus, and in September 2014, during a reconnaissance of the island, we found the carcass of an adult Streaked Shearwater in a forested area—probably the result of rat predation""""""""... """"""""Non-native Brown Rats Rattus norvegicus are present and are known to reduce Streaked Shearwater breeding success (Nam et al. 2014)."""""""" Reference not in English","",Near Threatened,"",Rattus norvegicus,Rattus norvegicus,1,0,"Hart, K.A., Choi, C.Y., Bond, A.L., Humphries, G.R., Yoo, J.C. and Nam, K.B., 2015. Streaked Shearwaters Calonectris leucomelas of the Korean Peninsula: distribution, status and potential threats. Forktail, 31, pp.55-63.",120,Predation,Predation,Predation,Adults,1,,0,,,"",,,Ulleung Island,37.5064,130.8572,Procellariiformes,579.993333333333,Seabirds,Cliff-face
Calonectris leucomelas,Streaked Shearwater,"Rattus rattus, Rattus norvegicus",Rodent attribution from IUCN.,Rattus,"""""""""In 1999, 31 out of 54 burrows with eggs or chicks failed breeding and 83.9% of failures were caused by Norway Rat predation (Table 2).""""""""","",Near Threatened,"",Rattus norvegicus,Rattus norvegicus,1,0,"Lee, K.G. and Yoo, J.C., 2002. Breeding population of Streaked Shearwaters (Calonectris leucomelas) and the effect of Norway Rat (Rattus norvegicus) predation on Sasudo Island. Journal of the Yamashina Institute for Ornithology, 33(2), pp.142-147.",121,Predation,Predation,Predation,"Eggs, chicks",1,48,0,,,"",,,Sasudo Island,33.3846,126.5535,Procellariiformes,579.993333333333,Seabirds,Cliff-face
Calonectris leucomelas,Streaked Shearwater,"Rattus rattus, Rattus norvegicus",Rodent attribution from IUCN.,Rattus,"""""""""Among the 22 chicks lost, 12 (54.5%) were presumed to have been killed by feral cats or rats, judging from the bite marks on the carcasses that were indicative of killing rather than scavenging.""""""""","",Near Threatened,"",Rattus norvegicus,Rattus norvegicus,1,0,"Oka, N., Suginome, H., Jida, N. and Maruyama, N., 2002. Chick growth and fledgling performance of Streaked Shearwaters Calonectris leucomelas on Mikura Island for two breeding seasons. Journal of the Yamashina Institute for Ornithology, 34(1), pp.39-59.",122,Predation,Predation,Predation,"Eggs, chicks",1,,0,,,"",,,Mikura Island,33.8751,139.6044,Procellariiformes,579.993333333333,Seabirds,Cliff-face
Calonectris leucomelas,Streaked Shearwater,"Rattus rattus, Rattus norvegicus",Rodent attribution from IUCN.,Rattus,"""""""""the connection to Ulleung Island has led to the arrival of Black Rattus rattus and Brown Rats R. norvegicus, and in September 2014, during a reconnaissance of the island, we found the carcass of an adult Streaked Shearwater in a forested area—probably the result of rat predation""""""""... """"""""Non-native Brown Rats Rattus norvegicus are present and are known to reduce Streaked Shearwater breeding success (Nam et al. 2014)."""""""" Reference not in English","",Near Threatened,"",Rattus rattus,Rattus rattus,1,0,"Hart, K.A., Choi, C.Y., Bond, A.L., Humphries, G.R., Yoo, J.C. and Nam, K.B., 2015. Streaked Shearwaters Calonectris leucomelas of the Korean Peninsula: distribution, status and potential threats. Forktail, 31, pp.55-63.",120,Predation,Predation,Predation,Adults,1,,0,,,"",,,Ulleung Island,37.5064,130.8572,Procellariiformes,579.993333333333,Seabirds,Cliff-face
Calonectris leucomelas,Streaked Shearwater,"Rattus rattus, Rattus norvegicus",Rodent attribution from IUCN.,Rattus,"""""""""In 1999, 31 out of 54 burrows with eggs or chicks failed breeding and 83.9% of failures were caused by Norway Rat predation (Table 2).""""""""","",Near Threatened,"",Rattus rattus,Rattus rattus,1,0,"Lee, K.G. and Yoo, J.C., 2002. Breeding population of Streaked Shearwaters (Calonectris leucomelas) and the effect of Norway Rat (Rattus norvegicus) predation on Sasudo Island. Journal of the Yamashina Institute for Ornithology, 33(2), pp.142-147.",121,Predation,Predation,Predation,"Eggs, chicks",1,48,0,,,"",,,Sasudo Island,33.3846,126.5535,Procellariiformes,579.993333333333,Seabirds,Cliff-face
Calonectris leucomelas,Streaked Shearwater,"Rattus rattus, Rattus norvegicus",Rodent attribution from IUCN.,Rattus,"""""""""Among the 22 chicks lost, 12 (54.5%) were presumed to have been killed by feral cats or rats, judging from the bite marks on the carcasses that were indicative of killing rather than scavenging.""""""""","",Near Threatened,"",Rattus rattus,Rattus rattus,1,0,"Oka, N., Suginome, H., Jida, N. and Maruyama, N., 2002. Chick growth and fledgling performance of Streaked Shearwaters Calonectris leucomelas on Mikura Island for two breeding seasons. Journal of the Yamashina Institute for Ornithology, 34(1), pp.39-59.",122,Predation,Predation,Predation,"Eggs, chicks",1,,0,,,"",,,Mikura Island,33.8751,139.6044,Procellariiformes,579.993333333333,Seabirds,Cliff-face
Calyptophilus tertius,Western Chat-tanager,"Rattus rattus, Rattus norvegicus",Rodent attribution from IUCN.,,,,Vulnerable,"",Rattus norvegicus,,1,0,,,,,,,,,,,,,,,,,,Passeriformes,49.2,Landbirds,Vegetation
Calyptophilus tertius,Western Chat-tanager,"Rattus rattus, Rattus norvegicus",Rodent attribution from IUCN.,,,,Vulnerable,"",Rattus rattus,,1,0,,,,,,,,,,,,,,,,,,Passeriformes,49.2,Landbirds,Vegetation
Carpodacus ferreorostris,Bonin Grosbeak,Rattus,IUCN attribution was generic. Specific rodent was determined from literature review. See Table SX for references and notes.,,,,Extinct,Chaunoproctus ferreorostris,Rattus norvegicus,,1,0,,,,,,,,,,,,,,,,,,Passeriformes,28.6080281690141,Landbirds,
Carpodacus ferreorostris,Bonin Grosbeak,Rattus,IUCN attribution was generic. Specific rodent was determined from literature review. See Table SX for references and notes.,,,,Extinct,Chaunoproctus ferreorostris,Rattus rattus,,1,0,,,,,,,,,,,,,,,,,,Passeriformes,28.6080281690141,Landbirds,
Catharus bicknelli,Bicknell's Thrush,Rattus rattus,Rodent attribution from IUCN.,"Rattus rattus, Rattus norvegicus","""""""""Depredation by introduced rats was the only cause of mortality among 53 radio-tagged individuals monitored between January and March over multiple years; five (9%) marked individuals were depredated.""""""""","",Vulnerable,"",Rattus rattus,Rattus rattus,0,0,"Townsend, J. M., Rimmer, C. C., Brocca, J., McFarland, K. P. and Townsend, A. K. (2009) Predation of a wintering migratory songbird by introduced rats: can nocturnal roosting behavior serve as predator avoidance? Condor 111: 565–569.",215,Predation,Predation,Predation,Adults,1,9,0,,,"",,,"Pueblo Viejo and Loma La Canela, Dominican Republic",18.401,-70.7659,Passeriformes,27.7933333333333,Landbirds,Vegetation
Certhidea olivacea,Green Warbler-finch,Rattus,IUCN attribution was generic. Specific rodent was determined from literature review. See Table SX for references and notes.,,,,Vulnerable,Certhidea fusca,Rattus norvegicus,,0,0,,,,,,,,,,,,,,,,,,Passeriformes,9.5,Landbirds,
Certhidea olivacea,Green Warbler-finch,Rattus,IUCN attribution was generic. Specific rodent was determined from literature review. See Table SX for references and notes.,,,,Vulnerable,Certhidea fusca,Rattus rattus,,0,0,,,,,,,,,,,,,,,,,,Passeriformes,9.5,Landbirds,
Charadrius obscurus,Southern Red-breasted Plover,Rattus,IUCN attribution was generic. Specific rodent was determined from literature review. See Table SX for references and notes.,,,,Critically Endangered,"",Rattus exulans,,0,0,,,,,,,,,,,,,,,,,,Charadriiformes,146,Landbirds,Cliff-face
Charadrius obscurus,Southern Red-breasted Plover,Rattus,IUCN attribution was generic. Specific rodent was determined from literature review. See Table SX for references and notes.,Rattus norvegicus,Tables 2-4. No statistical analysis provided,"",Critically Endangered,"",Rattus norvegicus,Rattus norvegicus,0,0,"Wills, D.E., 2003. Impact of management on the breeding success of the northern New Zealand Dotterel (Charadrius obscurus aquilonius) on Matakana Island, Bay of Plenty. Notornis, 50, pp.1-10.",57,Population,Reproductive success,Temporal,"",0,,1,0,0,1,1,0,Matakana Island,-37.5832,176.0428,Charadriiformes,146,Landbirds,Cliff-face
Charadrius obscurus,Southern Red-breasted Plover,Rattus,IUCN attribution was generic. Specific rodent was determined from literature review. See Table SX for references and notes.,Rattus norvegicus,"Tables 5 """"""""cause of breeding failure"""""""" includes Norway rats","",Critically Endangered,"",Rattus norvegicus,Rattus norvegicus,0,0,"Wills, D.E., 2003. Impact of management on the breeding success of the northern New Zealand Dotterel (Charadrius obscurus aquilonius) on Matakana Island, Bay of Plenty. Notornis, 50, pp.1-10.",58,Predation,Predation,Predation,"Eggs, chicks",1,2.9,,,,"",,,Matakana Island,-37.5832,176.0428,Charadriiformes,146,Landbirds,Cliff-face
Charadrius obscurus,Southern Red-breasted Plover,Rattus,IUCN attribution was generic. Specific rodent was determined from literature review. See Table SX for references and notes.,Rattus rattus,"""""""""Why predation is having such an impact now is not clear. Cats (and rats) have probably been on Stewart Island for 150 years or more; if they had been killing dotterels at the present rate for long, the population should have disappeared many years ago.""""""""","",Critically Endangered,"",Rattus rattus,Rattus rattus,0,0,"Dowding, J.E. and Murphy, E.C., 1993. Decline of the Stewart Island population of the New Zealand dotterel. Notornis, 40(1), p.1ò14.",56,Population,Abundance,Timing,"",0,,0,,,"",,,Stewart Island,-47.0103,167.8272,Charadriiformes,146,Landbirds,Cliff-face
Charadrius sanctaehelenae,Saint Helena Plover,"Rattus norvegicus, Rattus",IUCN attribution was generic. Specific rodent was determined from literature review. See Table SX for references and notes.,"Rattus rattus, Rattus norvegicus",Figure 1,"",Vulnerable,"",Rattus norvegicus,Rattus norvegicus,0,0,"Burns, F., McCulloch, N., Székely, T. and Bolton, M., 2013. The impact of introduced predators on an island endemic, the St Helena Plover, Charadrius sanctaehelenae. Bird Conservation International, 23(2), pp.125-135.",206,Predation,Predation,Predation,Eggs,1,10.3,0,,,"",,,Saint Helena Island,-27.3852,153.2345,Charadriiformes,48.7,Landbirds,Ground
Charadrius sanctaehelenae,Saint Helena Plover,"Rattus norvegicus, Rattus",IUCN attribution was generic. Specific rodent was determined from literature review. See Table SX for references and notes.,"Rattus rattus, Rattus norvegicus","Figure 1, 2","",Vulnerable,"",Rattus norvegicus,Rattus norvegicus,0,0,"Oppel, S., Burns, F., Vickery, J., George, K., Ellick, G., Leo, D. and Hillman, J.C., 2014. Habitat‐specific effectiveness of feral cat control for the conservation of an endemic ground‐nesting bird species. Journal of Applied Ecology, 51(5), pp.1246-1254.",207,Population,Reproductive success,Spatiotemporal,"",0,,1,,,"",,,Saint Helena Island,-27.3852,153.2345,Charadriiformes,48.7,Landbirds,Ground
Charadrius sanctaehelenae,Saint Helena Plover,"Rattus norvegicus, Rattus",IUCN attribution was generic. Specific rodent was determined from literature review. See Table SX for references and notes.,"Rattus rattus, Rattus norvegicus",Figure 1,"",Vulnerable,"",Rattus rattus,Rattus rattus,0,0,"Burns, F., McCulloch, N., Székely, T. and Bolton, M., 2013. The impact of introduced predators on an island endemic, the St Helena Plover, Charadrius sanctaehelenae. Bird Conservation International, 23(2), pp.125-135.",206,Predation,Predation,Predation,Eggs,1,10.3,0,,,"",,,Saint Helena Island,-27.3852,153.2345,Charadriiformes,48.7,Landbirds,Ground
Charadrius sanctaehelenae,Saint Helena Plover,"Rattus norvegicus, Rattus",IUCN attribution was generic. Specific rodent was determined from literature review. See Table SX for references and notes.,"Rattus rattus, Rattus norvegicus","Figure 1, 2","",Vulnerable,"",Rattus rattus,Rattus rattus,0,0,"Oppel, S., Burns, F., Vickery, J., George, K., Ellick, G., Leo, D. and Hillman, J.C., 2014. Habitat‐specific effectiveness of feral cat control for the conservation of an endemic ground‐nesting bird species. Journal of Applied Ecology, 51(5), pp.1246-1254.",207,Population,Reproductive success,Spatiotemporal,"",0,,1,,,"",,,Saint Helena Island,-27.3852,153.2345,Charadriiformes,48.7,Landbirds,Ground
Charmosyna amabilis,Red-throated Lorikeet,Rattus rattus,Rodent attribution from IUCN.,,,,Critically Endangered,"",Rattus rattus,,1,0,,,,,,,,,,,,,,,,,,Psittaciformes,8.54,Landbirds,
Charmosyna diadema,New Caledonian Lorikeet,Rattus,IUCN attribution was generic. Specific rodent was determined from literature review. See Table SX for references and notes.,,,,Critically Endangered,"",Rattus exulans,,0,0,,,,,,,,,,,,,,,,,,Psittaciformes,36.98,Landbirds,Ground
Charmosyna diadema,New Caledonian Lorikeet,Rattus,IUCN attribution was generic. Specific rodent was determined from literature review. See Table SX for references and notes.,,,,Critically Endangered,"",Rattus norvegicus,,0,0,,,,,,,,,,,,,,,,,,Psittaciformes,36.98,Landbirds,Ground
Charmosyna diadema,New Caledonian Lorikeet,Rattus,IUCN attribution was generic. Specific rodent was determined from literature review. See Table SX for references and notes.,,,,Critically Endangered,"",Rattus rattus,,0,0,,,,,,,,,,,,,,,,,,Psittaciformes,36.98,Landbirds,Ground
Chasiempis ibidis,Oahu Elepaio,Rattus rattus,Rodent attribution from IUCN.,Rattus rattus,"""""""""We assessed the response of Hawaii Elepaio to reduced [rat] abundance using a before-after-control-impact (BACI) study design to compare nest success and nest daily survival rates"""""""" """"""""The daily survival rate (DSR) of nests (n = 191) was greater on treated plots after rodenticide application (mean ± SE = 0.980 ± 0.004 treatment; 0.964 ± 0.004 nontreatment), mod- eled nest success increased from 29% to 50%, and apparent nest success (number of successful nests per total nests) increased from 37% to 52%.""""""""","",Endangered,Chasiempis sandwichensis,Rattus rattus,Rattus rattus,1,0,"Banko, P.C., Jaenecke, K.A., Peck, R.W. and Brinck, K.W., 2019. Increased nesting success of Hawaii Elepaio in response to the removal of invasive black rats. The Condor, 121(2), p.duz003.",33,Population,Reproductive success,Spatiotemporal,"",1,,1,1,1,2 pairs of sites,1,1,O’ahu,21.4389,-158.0001,Passeriformes,13.1,Landbirds,Vegetation
Chasiempis ibidis,Oahu Elepaio,Rattus rattus,Rodent attribution from IUCN.,Rattus rattus,"""""""""We considered the cause of nest failure to be rat predation at 46 (24%) of 191 nests, based on evidence from in-person nest checks and surveillance cameras"""""""". Second REF: """"""""The most serious threat to the species is predation on nests by alien rats, which take eggs, chicks, and even incubating females""""""""","VanderWerf, E. A. 2012. Hawaiian Bird Conservation Action Plan: NWHI Passerines. Honolulu, Hawaii http://large.stanford.edu/courses/2017/ph241/lewis1/docs/HBCAP_complete1.pdf",Endangered,Chasiempis sandwichensis,Rattus rattus,Rattus rattus,1,0,"Banko, P.C., Jaenecke, K.A., Peck, R.W. and Brinck, K.W., 2019. Increased nesting success of Hawaii Elepaio in response to the removal of invasive black rats. The Condor, 121(2), p.duz003.",34,Predation,Predation,Predation,"Eggs, chicks, adults",1,24,0,,,"",,,O’ahu,21.4389,-158.0001,Passeriformes,13.1,Landbirds,Vegetation
Chasiempis ibidis,Oahu Elepaio,Rattus rattus,Rodent attribution from IUCN.,Rattus rattus,"""""""""Introduced predators including feral cats, Polynesian rat Rattus exulans and possibly black rat R. rattus were present on the island at the time of the species's demise, and may have contributed to declines""""""""","Vanderwerf, E.A. and Smith, D.G., 2002. Effects of alien rodent control on demography of the O'ahu'Elepaio, an endangered Hawaiian forest bird. Pacific Conservation Biology, 8(2), pp.73-81.",Endangered,Chasiempis sandwichensis,Rattus rattus,Rattus rattus,1,0,"Vanderwerf, E.A., 2009. Importance of nest predation by alien rodents and avian poxvirus in conservation of Oahu Elepaio. The Journal of Wildlife Management, 73(5), pp.737-746.",35,Population,Abundance,Timing,"",1,,0,,,"",,,O’ahu,21.4389,-158.0001,Passeriformes,13.1,Landbirds,Vegetation
Chasiempis ibidis,Oahu Elepaio,Rattus rattus,Rodent attribution from IUCN.,Rattus rattus,"""""""""Rat control resulted in overall improvements in elepaio fecundity (50%), female survival (10%), and population growth (18%), but efficacy varied among sites, and performance was related to effort. Elepaio continued to decline at some sites despite rat control.""""""""","",Endangered,Chasiempis sandwichensis,Rattus rattus,Rattus rattus,1,0,"VanderWerf, E.A., Mosher, S.M., Burt, M.D., Taylor, P.E. and Sailer, D., 2011. Variable efficacy of rat control in conserving O ‘ahu ‘Elepaio populations. In Proceedings of the Island Invasives: Eradication and Management Conference.",37,Population,Reproductive success,Spatiotemporal,"",1,,1,1,1,7 sites,0,1,O’ahu,21.4389,-158.0001,Passeriformes,13.1,Landbirds,Vegetation
Chasiempis sclateri,Kauai Elepaio,Rattus,IUCN attribution was generic. Specific rodent was determined from literature review. See Table SX for references and notes.,,,,Vulnerable,Chasiempis sandwichensis,Rattus exulans,,0,0,,,,,,,,,,,,,,,,,,Passeriformes,12.9,Landbirds,Vegetation
Chasiempis sclateri,Kauai Elepaio,Rattus,IUCN attribution was generic. Specific rodent was determined from literature review. See Table SX for references and notes.,,,,Vulnerable,Chasiempis sandwichensis,Rattus norvegicus,,0,0,,,,,,,,,,,,,,,,,,Passeriformes,12.9,Landbirds,Vegetation
Chasiempis sclateri,Kauai Elepaio,Rattus,IUCN attribution was generic. Specific rodent was determined from literature review. See Table SX for references and notes.,Rattus rattus,"""""""""My results support the hypothesis that tree reproductive strategy may contribute to the variability in DSR, but I did not have evidence (e.g., pictures) that the non-native black rat (Rattus rattus) was the primary predator in this study.""""""""","",Vulnerable,Chasiempis sandwichensis,Rattus rattus,Rattus rattus,0,0,"Hammond, R.L., 2016. Daily survival rate of nests is lower in fruiting than non-fruiting tree species for a Hawaiian forest bird, the Kaua̒i ̒elepaio (Chasiempis sclateri). The Wilson Journal of Ornithology, 128(3), pp.584-592.",52,Predation,Predation,Predation,"",0,,0,,,"",,,Kauai,22.0964,-159.5261,Passeriformes,12.9,Landbirds,Vegetation
Chenonetta finschi,Finsch's Duck,Rattus exulans,Rodent attribution from IUCN.,,,,Extinct,"",Rattus exulans,,1,0,,,,,,,,,,,,,,,,,,Anseriformes,807.473333333333,Landbirds,
Chlidonias albostriatus,Black-fronted Tern,"Rattus rattus, Rattus norvegicus",Rodent attribution from IUCN.,Rattus norvegicus,"""""""""A total of 1,510 breeding attempts were followed""""""""…""""""""37.6% of nests preyed upon""""""""… Of predated nests (110 sample) 12.7% were black rats (0 Norway rats) Table 3","",Endangered,"Hydrochelidon albostriata, Sterna albostriata",Rattus norvegicus,Rattus norvegicus,1,0,"Bell, M., 2017. Population size, breeding success and predators of black-fronted tern (Chlidonias albostriatus) in the Upper Clarence River catchment, New Zealand. Notornis, 64(3), pp.154-161.",72,Predation,Predation,Predation,Eggs,0,0,0,,,"",,,Clarence River,-42.10389,172.71611,Charadriiformes,94.695,Landbirds,Ground
Chlidonias albostriatus,Black-fronted Tern,"Rattus rattus, Rattus norvegicus",Rodent attribution from IUCN.,Rattus norvegicus,"""""""""1022 nests…"""""""" rats not identified among predators","",Endangered,"Hydrochelidon albostriata, Sterna albostriata",Rattus norvegicus,Rattus norvegicus,1,0,"Keedwell, R.J., 2005. Breeding biology of Black-fronted Terns (Sterna albostriata) and the effects of predation. Emu-Austral Ornithology, 105(1), pp.39-47.",74,Predation,Predation,Predation,Unknown,0,0,0,,,"",,,Ohau River,-44.32888384,170.1786459,Charadriiformes,94.695,Landbirds,Ground
Chlidonias albostriatus,Black-fronted Tern,"Rattus rattus, Rattus norvegicus",Rodent attribution from IUCN.,Rattus norvegicus,"""""""""Norway Rats were not observed killing terns. However, on four occasions over two-thirds of the chicks and some juveniles in a colony dizappeared in less than a week, coinciding with the appearance of rat-eaten remains (Keedwell 2002). The remains of 36 terns were classified as possible rat predations based on the location of and evidence on the carcass, and the presence of Norway Rat faecal pellets.""""""""","",Endangered,"Hydrochelidon albostriata, Sterna albostriata",Rattus norvegicus,Rattus norvegicus,1,0,"Keedwell, R.J., Sanders, M.D., Alley, M. and Twentyman, C., 2002. Causes of mortality of black-fronted terns Sterna albostriata on the Ohau River, South Island, New Zealand. Pacific Conservation Biology, 8(3), pp.170-176.",75,Predation,Predation,Predation,"Chicks, adult",1,,0,,,"",,,Ohau River,-44.32888384,170.1786459,Charadriiformes,94.695,Landbirds,Ground
Chlidonias albostriatus,Black-fronted Tern,"Rattus rattus, Rattus norvegicus",Rodent attribution from IUCN.,Rattus rattus,"""""""""A total of 1,510 breeding attempts were followed""""""""…""""""""37.6% of nests preyed upon""""""""… Of predated nests (110 sample) 12.7% were black rats (0 Norway rats) Table 3","",Endangered,"Hydrochelidon albostriata, Sterna albostriata",Rattus rattus,Rattus rattus,1,0,"Bell, M., 2017. Population size, breeding success and predators of black-fronted tern (Chlidonias albostriatus) in the Upper Clarence River catchment, New Zealand. Notornis, 64(3), pp.154-161.",71,Predation,Predation,Predation,Eggs,1,4.78,0,,,"",,,Clarence River,-42.10389,172.71611,Charadriiformes,94.695,Landbirds,Ground
Chlidonias albostriatus,Black-fronted Tern,"Rattus rattus, Rattus norvegicus",Rodent attribution from IUCN.,Rattus rattus,"""""""""digital video surveillance of 85 nests...ship rats (Rattus rattus; 2/19)","",Endangered,"Hydrochelidon albostriata, Sterna albostriata",Rattus rattus,Rattus rattus,1,0,"Steffens, K.E., Sanders, M.D., Gleenson, D.M., Pullen, K.M. and Stowe, C.J., 2012. Identification of predators at black-fronted tern Chlidonias albostriatus nests, using mtDNA analysis and digital video recorders. New Zealand Journal of Ecology, pp.48-55.",73,Predation,Predation,Predation,Eggs,1,2.35,0,,,"",,,Wairau,-41.5653,173.5286,Charadriiformes,94.695,Landbirds,Ground
Chlorodrepanis stejnegeri,Kauai Amakihi,Rodentia,IUCN attribution was generic. Specific rodent was determined from literature review. See Table SX for references and notes.,,,,Vulnerable,"Hemignathus kauaiensis, Viridonia stejnegeri ssp. Stejnegeri",Mus musculus,,0,0,,,,,,,,,,,,,,,,,,Passeriformes,16.62,Landbirds,Vegetation
Chlorodrepanis stejnegeri,Kauai Amakihi,Rodentia,IUCN attribution was generic. Specific rodent was determined from literature review. See Table SX for references and notes.,,,,Vulnerable,"Hemignathus kauaiensis, Viridonia stejnegeri ssp. Stejnegeri",Rattus exulans,,0,0,,,,,,,,,,,,,,,,,,Passeriformes,16.62,Landbirds,Vegetation
Chlorodrepanis stejnegeri,Kauai Amakihi,Rodentia,IUCN attribution was generic. Specific rodent was determined from literature review. See Table SX for references and notes.,,,,Vulnerable,"Hemignathus kauaiensis, Viridonia stejnegeri ssp. Stejnegeri",Rattus norvegicus,,0,0,,,,,,,,,,,,,,,,,,Passeriformes,16.62,Landbirds,Vegetation
Chlorodrepanis stejnegeri,Kauai Amakihi,Rodentia,IUCN attribution was generic. Specific rodent was determined from literature review. See Table SX for references and notes.,,,,Vulnerable,"Hemignathus kauaiensis, Viridonia stejnegeri ssp. Stejnegeri",Rattus rattus,,0,0,,,,,,,,,,,,,,,,,,Passeriformes,16.62,Landbirds,Vegetation
Cinclodes antarcticus,Blackish Cinclodes,Rattus,IUCN attribution was generic. Specific rodent was determined from literature review. See Table SX for references and notes.,Rattus norvegicus,"Islands without rats have the most cinclodes, then islands where rats were eradicated and lastly islands with rats. Sample size of islands is high (35-67 per category) AND positive correlation between time since eradication and cinclodes abundance.","",Near Threatened,"",Rattus norvegicus,Rattus norvegicus,1,0,"Tabak, M.A., Poncet, S., Passfield, K., Goheen, J.R. and Martinez del Rio, C., 2016. The ghost of invasives past: rat eradication and the community composition and energy flow of island bird communities. Ecosphere, 7(8), p.e01442.",8,Population,Abundance,Spatiotemporal,"",1,,1,1,1,"35, 57, 67 islands",0,1,Falkland Islands,-51.7963,-59.5236,Passeriformes,63.2,Landbirds,Cliff-face
Cinclodes antarcticus,Blackish Cinclodes,Rattus,IUCN attribution was generic. Specific rodent was determined from literature review. See Table SX for references and notes.,Rattus norvegicus,Probability of occupancy positively associated with island size mostly where rats were absent or eradicated but weak relationship where rats were present. This pattern was not consistent with other passerines studied,"Tabak, M.A., Poncet, S., Passfield, K. and Martinez del Rio, C., 2014. Invasive species and land bird diversity on remote South Atlantic islands. Biological Invasions, 16, pp.341-352.",Near Threatened,"",Rattus norvegicus,Rattus norvegicus,1,0,"Tabak, M.A., Poncet, S., Passfield, K., Goheen, J.R. and Martinez del Rio, C., 2015. Rat eradication and the resistance and resilience of passerine bird assemblages in the Falkland Islands. Journal of Animal Ecology, 84(3), pp.755-764.",9,Population,Abundance,Spatial,"",1,,1,1,1,"37, 85, 108 islands",1,1,Falkland Islands,-51.7963,-59.5236,Passeriformes,63.2,Landbirds,Cliff-face
Cinclodes maculirostris,Black Cinclodes,Rattus,IUCN attribution was generic. Specific rodent was determined from literature review. See Table SX for references and notes.,Rattus,"""""""""The species is at risk from invasive predators such as cats Felis catus and rats Rattus spp., which has led to the species only being found where these do not occur (del Hoyo et al. 2020)""""""""","",Near Threatened,"",Rattus norvegicus,Rattus norvegicus,1,0,BirdLife International. 2021. Cinclodes maculirostris. The IUCN Red List of Threatened Species 2021: e.T103670944A192074027. https://dx.doi.org/10.2305/IUCN.UK.2021-3.RLTS.T103670944A192074027.en. Accessed on 10 February 2024.,230,Population,Abundance,Spatial,"",1,,0,,,"",,,"Brecknock Peninsula, Navarino Island, Cape Horn Archipelago, Staten Island",-55.0567,67.6166,Passeriformes,63.2,Landbirds,
Cincloramphus grosvenori,New Britain Thicketbird,Rattus,IUCN attribution was generic. Specific rodent was determined from literature review. See Table SX for references and notes.,,,,Vulnerable,Megalurulus grosvenori,Rattus praetor,,0,0,,,,,,,,,,,,,,,,,,Passeriformes,54,Landbirds,
Cincloramphus grosvenori,New Britain Thicketbird,Rattus,IUCN attribution was generic. Specific rodent was determined from literature review. See Table SX for references and notes.,,,,Vulnerable,Megalurulus grosvenori,Rattus rattus,,0,0,,,,,,,,,,,,,,,,,,Passeriformes,54,Landbirds,
Cincloramphus llaneae,Bougainville Thicketbird,Rattus,IUCN attribution was generic. Specific rodent was determined from literature review. See Table SX for references and notes.,,,,Near Threatened,"Cichlornis llaneae, Megalurulus llaneae",Rattus exulans,,0,0,,,,,,,,,,,,,,,,,,Passeriformes,25.5,Landbirds,
Cincloramphus llaneae,Bougainville Thicketbird,Rattus,IUCN attribution was generic. Specific rodent was determined from literature review. See Table SX for references and notes.,,,,Near Threatened,"Cichlornis llaneae, Megalurulus llaneae",Rattus rattus,,0,0,,,,,,,,,,,,,,,,,,Passeriformes,25.5,Landbirds,
Cincloramphus rufus,Long-legged Thicketbird,Rattus rattus,Rodent attribution from IUCN.,,,,Endangered,"Megalurulus rufus, Trichocichla rufa",Rattus rattus,,0,0,,,,,,,,,,,,,,,,,,Passeriformes,26,Landbirds,
Ciridops anna,Ula-ai-hawane,Rattus,IUCN attribution was generic. Specific rodent was determined from literature review. See Table SX for references and notes.,,,,Extinct,"",Rattus exulans,,0,0,,,,,,,,,,,,,,,,,,Passeriformes,,Landbirds,
Ciridops anna,Ula-ai-hawane,Rattus,IUCN attribution was generic. Specific rodent was determined from literature review. See Table SX for references and notes.,,,,Extinct,"",Rattus norvegicus,,0,0,,,,,,,,,,,,,,,,,,Passeriformes,,Landbirds,
Ciridops anna,Ula-ai-hawane,Rattus,IUCN attribution was generic. Specific rodent was determined from literature review. See Table SX for references and notes.,,,,Extinct,"",Rattus rattus,,0,0,,,,,,,,,,,,,,,,,,Passeriformes,,Landbirds,
Cleptornis marchei,Golden White-eye,Rattus,IUCN attribution was generic. Specific rodent was determined from literature review. See Table SX for references and notes.,Rattus,"""""""""Rats have been observed predating Golden White-eye nests on Saipan (Peiffer 2017).""""""""","",Endangered,"",Rattus exulans,Rattus exulans,0,0,BirdLife International. 2020. Cleptornis marchei (errata version published in 2022). The IUCN Red List of Threatened Species 2020: e.T22714282A216247839. Accessed on 17 February 2024.,248,Predation,Predation,Predation,"",1,,0,,,"",,,Saipan,15.185,145.7467,Passeriformes,20.2,Landbirds,Vegetation
Cleptornis marchei,Golden White-eye,Rattus,IUCN attribution was generic. Specific rodent was determined from literature review. See Table SX for references and notes.,Rattus,"""""""""Rats have been observed predating Golden White-eye nests on Saipan (Peiffer 2017).""""""""","",Endangered,"",Rattus norvegicus,Rattus norvegicus,0,0,BirdLife International. 2020. Cleptornis marchei (errata version published in 2022). The IUCN Red List of Threatened Species 2020: e.T22714282A216247839. Accessed on 17 February 2024.,248,Predation,Predation,Predation,"",1,,0,,,"",,,Saipan,15.185,145.7467,Passeriformes,20.2,Landbirds,Vegetation
Clytorhynchus sanctaecrucis,Nendo Shrikebill,Rattus rattus,Rodent attribution from IUCN.,,,,Endangered,"",Rattus rattus,,0,0,,,,,,,,,,,,,,,,,,Passeriformes,55.7133333333333,Landbirds,
Coccyzus bahamensis,Bahama Lizard-cuckoo,Rattus,IUCN attribution was generic. Specific rodent was determined from literature review. See Table SX for references and notes.,,,,Near Threatened,"",Rattus norvegicus,,0,0,,,,,,,,,,,,,,,,,,Cuculiformes,169.59,Landbirds,
Coccyzus bahamensis,Bahama Lizard-cuckoo,Rattus,IUCN attribution was generic. Specific rodent was determined from literature review. See Table SX for references and notes.,,,,Near Threatened,"",Rattus rattus,,0,0,,,,,,,,,,,,,,,,,,Cuculiformes,169.59,Landbirds,
Coccyzus ferrugineus,Cocos Cuckoo,Rattus,IUCN attribution was generic. Specific rodent was determined from literature review. See Table SX for references and notes.,,,,Vulnerable,"",Rattus exulans,,0,0,,,,,,,,,,,,,,,,,,Cuculiformes,70,Landbirds,Vegetation
Coenocorypha aucklandica,Auckland Snipe,Rattus exulans,Rodent attribution from IUCN.,,,,Near Threatened,"",Rattus exulans,,1,0,,,,,,,,,,,,,,,,,,Charadriiformes,108.226666666667,Landbirds,Ground
Coenocorypha barrierensis,North Island Snipe,Rattus exulans,Rodent attribution from IUCN.,,,,Extinct,"",Rattus exulans,,1,0,,,,,,,,,,,,,,,,,,Charadriiformes,96.7725,Landbirds,
Coenocorypha iredalei,South Island Snipe,"Rattus rattus, Rattus exulans",Rodent attribution from IUCN.,,,,Extinct,Coenocorypha aucklandica,Rattus exulans,,1,1,,,,,,,,,,,,,,,,,,Charadriiformes,96.7725,Landbirds,
Coenocorypha iredalei,South Island Snipe,"Rattus rattus, Rattus exulans",Rodent attribution from IUCN.,Rattus rattus,"""""""""The accidental introduction of black rats Rattus rattus onto Stewart Island in 1964 presumably brought about the extinction of C. iredalei.""""""""","",Extinct,Coenocorypha aucklandica,Rattus rattus,Rattus rattus,1,1,BirdLife International. 2016. Coenocorypha iredalei. The IUCN Red List of Threatened Species 2016: e.T22727515A94951415. https://dx.doi.org/10.2305/IUCN.UK.2016-3.RLTS.T22727515A94951415.en. Accessed on 13 November 2023.,26,Population,Abundance,Timing,"",1,,0,,,"",,,Stewart Island,-47.0103,167.8272,Charadriiformes,96.7725,Landbirds,
Coenocorypha pusilla,Chatham Islands Snipe,Rattus,IUCN attribution was generic. Specific rodent was determined from literature review. See Table SX for references and notes.,,,,Vulnerable,"",Rattus exulans,,1,0,,,,,,,,,,,,,,,,,,Charadriiformes,80.5,Landbirds,Ground
Coenocorypha pusilla,Chatham Islands Snipe,Rattus,IUCN attribution was generic. Specific rodent was determined from literature review. See Table SX for references and notes.,,,,Vulnerable,"",Rattus norvegicus,,1,0,,,,,,,,,,,,,,,,,,Charadriiformes,80.5,Landbirds,Ground
Coenocorypha pusilla,Chatham Islands Snipe,Rattus,IUCN attribution was generic. Specific rodent was determined from literature review. See Table SX for references and notes.,,,,Vulnerable,"",Rattus rattus,,1,0,,,,,,,,,,,,,,,,,,Charadriiformes,80.5,Landbirds,Ground
Columba junoniae,White-tailed Laurel-pigeon,Rattus rattus,Rodent attribution from IUCN.,Rattus rattus,"""""""""Nest predation was the more important cause of nesting failure of both species (880/0), but principally affecting the White-tailed Laurel Pigeon… Predators identified by automatic cameras showed that Black Rat Rattus rattus was the major nest predator of both pigeons""""""""","",Near Threatened,"",Rattus rattus,Rattus rattus,1,0,"Hernandez, M.A., Martín, A. and Nogales, M., 1999. Breeding success and predation on artificial nests of the endemic pigeons Bolle's Laurel Pigeon Columba bollii and White‐tailed Laurel Pigeon Columba junoniae in the laurel forest of Tenerife (Canary Islands). Ibis, 141(1), pp.52-59.",41,Predation,Predation,Predation,Eggs,1,,0,,,"",,,Tenerife,28.2916,-16.6291,Columbiformes,439.993333333333,Landbirds,Cliff-face
Columba thiriouxi,Mauritius Woodpigeon,Rattus rattus,Rodent attribution from IUCN.,,,,Extinct,"",Rattus rattus,,1,0,,,,,,,,,,,,,,,,,,Columbiformes,340.530103092784,Landbirds,
Columba versicolor,Bonin Woodpigeon,Rattus,IUCN attribution was generic. Specific rodent was determined from literature review. See Table SX for references and notes.,,,,Extinct,"",Rattus norvegicus,,0,0,,,,,,,,,,,,,,,,,,Columbiformes,340.530103092784,Landbirds,
Columba versicolor,Bonin Woodpigeon,Rattus,IUCN attribution was generic. Specific rodent was determined from literature review. See Table SX for references and notes.,,,,Extinct,"",Rattus rattus,,0,0,,,,,,,,,,,,,,,,,,Columbiformes,340.530103092784,Landbirds,
Copsychus sechellarum,Seychelles Magpie-robin,"Rattus rattus, Rattus norvegicus",Rodent attribution from IUCN.,Rattus norvegicus,Rats established on Fregate Island in 1995 but this bird was chategorised critically endangered in 1994 and threatened in 1988,"Thorsen, M., Shorten, R., Lucking, R. and Lucking, V., 2000. Norway rats (Rattus norvegicus) on Fregate Island, Seychelles: the invasion; subsequent eradication attempts and implications for the island's fauna. Biological Conservation, 96(2), pp.133-138.",Endangered,"",Rattus norvegicus,Rattus norvegicus,1,0,BirdLife International. 2021. Copsychus sechellarum. The IUCN Red List of Threatened Species 2021: e.T22709978A179276878. https://dx.doi.org/10.2305/IUCN.UK.2021-3.RLTS.T22709978A179276878.en. Accessed on 28 January 2024.,211,Population,Abundance,Timing,"",0,,0,,,"",,,Fregate Island,-4.5837,55.9386,Passeriformes,70.7266666666667,Landbirds,Vegetation
Copsychus sechellarum,Seychelles Magpie-robin,"Rattus rattus, Rattus norvegicus",Rodent attribution from IUCN.,,,,Endangered,"",Rattus rattus,,1,0,,,,,,,,,,,,,,,,,,Passeriformes,70.7266666666667,Landbirds,Vegetation
Coracopsis barklyi,Seychelles Parrot,Rattus,IUCN attribution was generic. Specific rodent was determined from literature review. See Table SX for references and notes.,,,,Vulnerable,"",Rattus norvegicus,,1,0,,,,,,,,,,,,,,,,,,Psittaciformes,186.22,Landbirds,Vegetation
Coracopsis barklyi,Seychelles Parrot,Rattus,IUCN attribution was generic. Specific rodent was determined from literature review. See Table SX for references and notes.,,,,Vulnerable,"",Rattus rattus,,1,0,,,,,,,,,,,,,,,,,,Psittaciformes,186.22,Landbirds,Vegetation
Corvus hawaiiensis,Hawaiian Crow,Rattus,IUCN attribution was generic. Specific rodent was determined from literature review. See Table SX for references and notes.,,,,Extinct in the Wild,"",Rattus exulans,,0,0,,,,,,,,,,,,,,,,,,Passeriformes,518.813333333333,Landbirds,Vegetation
Corvus hawaiiensis,Hawaiian Crow,Rattus,IUCN attribution was generic. Specific rodent was determined from literature review. See Table SX for references and notes.,,,,Extinct in the Wild,"",Rattus norvegicus,,0,0,,,,,,,,,,,,,,,,,,Passeriformes,518.813333333333,Landbirds,Vegetation
Corvus hawaiiensis,Hawaiian Crow,Rattus,IUCN attribution was generic. Specific rodent was determined from literature review. See Table SX for references and notes.,,,,Extinct in the Wild,"",Rattus rattus,,0,0,,,,,,,,,,,,,,,,,,Passeriformes,518.813333333333,Landbirds,Vegetation
Coturnix novaezelandiae,New Zealand Quail,Rattus,IUCN attribution was generic. Specific rodent was determined from literature review. See Table SX for references and notes.,Rattus exulans,"""""""""The marked increase in abundance of these birds after the arrival of kiore reflects the increased presence of shrublands in the area following human arrival and anthropogenic burning.""""""""","",Extinct,"",Rattus exulans,Rattus exulans,0,0,"Worthy, T.H. and Holdaway, R.N., 1996. Quaternary fossil faunas, overlapping taphonomies, and palaeofaunal reconstruction in North Canterbury, South Island, New Zealand. Journal of the Royal Society of New Zealand, 26(3), pp.275-361.",1,Population,Abundance,Timing,"",0,,0,,,"",,,"North Canterbury, South Island, New Zealand",-43.7542,171.1637,Galliformes,86.8376470588235,Landbirds,Ground
Coturnix novaezelandiae,New Zealand Quail,Rattus,IUCN attribution was generic. Specific rodent was determined from literature review. See Table SX for references and notes.,,,,Extinct,"",Rattus norvegicus,,0,0,,,,,,,,,,,,,,,,,,Galliformes,86.8376470588235,Landbirds,Ground
Coturnix novaezelandiae,New Zealand Quail,Rattus,IUCN attribution was generic. Specific rodent was determined from literature review. See Table SX for references and notes.,,,,Extinct,"",Rattus rattus,,0,0,,,,,,,,,,,,,,,,,,Galliformes,86.8376470588235,Landbirds,Ground
Coua delalandei,Snail-eating Coua,Rattus,IUCN attribution was generic. Specific rodent was determined from literature review. See Table SX for references and notes.,,,,Extinct,"",Rattus norvegicus,,0,0,,,,,,,,,,,,,,,,,,Cuculiformes,198.51724137931,Landbirds,
Coua delalandei,Snail-eating Coua,Rattus,IUCN attribution was generic. Specific rodent was determined from literature review. See Table SX for references and notes.,,,,Extinct,"",Rattus rattus,,0,0,,,,,,,,,,,,,,,,,,Cuculiformes,198.51724137931,Landbirds,
Crithagra concolor,Sao Tome Grosbeak,Rattus rattus,Rodent attribution from IUCN.,,,,Critically Endangered,"Amblyospiza concolor, Neospiza concolor",Rattus rattus,,0,0,,,,,,,,,,,,,,,,,,Passeriformes,50,Landbirds,
Cyanolimnas cerverai,Zapata Rail,Rattus,IUCN attribution was generic. Specific rodent was determined from literature review. See Table SX for references and notes.,,,,Critically Endangered,"",Rattus norvegicus,,0,0,,,,,,,,,,,,,,,,,,Gruiformes,175,Landbirds,Vegetation
Cyanolimnas cerverai,Zapata Rail,Rattus,IUCN attribution was generic. Specific rodent was determined from literature review. See Table SX for references and notes.,,,,Critically Endangered,"",Rattus rattus,,0,0,,,,,,,,,,,,,,,,,,Gruiformes,175,Landbirds,Vegetation
Cyanoramphus auriceps,Yellow-fronted Parakeet,Rattus,IUCN attribution was generic. Specific rodent was determined from literature review. See Table SX for references and notes.,,,,Near Threatened,"",Rattus exulans,,1,0,,,,,,,,,,,,,,,,,,Psittaciformes,45.6266666666667,Landbirds,Vegetation
Cyanoramphus auriceps,Yellow-fronted Parakeet,Rattus,IUCN attribution was generic. Specific rodent was determined from literature review. See Table SX for references and notes.,,,,Near Threatened,"",Rattus norvegicus,,1,0,,,,,,,,,,,,,,,,,,Psittaciformes,45.6266666666667,Landbirds,Vegetation
Cyanoramphus auriceps,Yellow-fronted Parakeet,Rattus,IUCN attribution was generic. Specific rodent was determined from literature review. See Table SX for references and notes.,Rattus rattus,"Figure 3,4","",Near Threatened,"",Rattus rattus,Rattus rattus,1,0,"O'Donnell, C.F. and Hoare, J.M., 2012. Quantifying the benefits of long-term integrated pest control for forest bird populations in a New Zealand temperate rainforest. New Zealand Journal of Ecology, pp.131-140.",244,Population,Abundance,Temporal,"",0,,1,0,0,1,1,0,Landsborough Valley,-43.9711,169.4678,Psittaciformes,45.6266666666667,Landbirds,Vegetation
Cyanoramphus malherbi,Malherbe's Parakeet,Rattus,IUCN attribution was generic. Specific rodent was determined from literature review. See Table SX for references and notes.,,,,Critically Endangered,"",Rattus exulans,,1,0,,,,,,,,,,,,,,,,,,Psittaciformes,46.7,Landbirds,Vegetation
Cyanoramphus malherbi,Malherbe's Parakeet,Rattus,IUCN attribution was generic. Specific rodent was determined from literature review. See Table SX for references and notes.,,,,Critically Endangered,"",Rattus norvegicus,,1,0,,,,,,,,,,,,,,,,,,Psittaciformes,46.7,Landbirds,Vegetation
Cyanoramphus malherbi,Malherbe's Parakeet,Rattus,IUCN attribution was generic. Specific rodent was determined from literature review. See Table SX for references and notes.,,,,Critically Endangered,"",Rattus rattus,,1,0,,,,,,,,,,,,,,,,,,Psittaciformes,46.7,Landbirds,Vegetation
Cyanoramphus unicolor,Antipodes Parakeet,"Rattus, Mus musculus",IUCN attribution was generic. Specific rodent was determined from literature review. See Table SX for references and notes.,,,,Vulnerable,"",Mus musculus,,1,0,,,,,,,,,,,,,,,,,,Psittaciformes,149.02,Landbirds,Burrow
Dendrocygna arborea,West Indian Whistling-duck,Rattus,IUCN attribution was generic. Specific rodent was determined from literature review. See Table SX for references and notes.,,,,Near Threatened,"",Rattus norvegicus,,0,0,,,,,,,,,,,,,,,,,,Anseriformes,1150,Landbirds,Ground
Dendrocygna arborea,West Indian Whistling-duck,Rattus,IUCN attribution was generic. Specific rodent was determined from literature review. See Table SX for references and notes.,Rattus rattus,"Tables 2-4 """"""""Number of breeding pairs of birds recorded on [three island groups]"""""""" after rats were eradicated. There is no data on number of breeding pairs before eradication.","",Near Threatened,"",Rattus rattus,Rattus rattus,0,0,"Daltry, J.C., James, K.J., Andrea, O.T.T.O. and Toby, N., 2012. Evidence that eradicating black rats has boosted the recovery of rare reptiles and seabirds on Antiguan islands. Biodiversité Insulaire, 146.",171,Population,Abundance,Temporal,"",0,,1,0,1,3,0,0,Antigua,17.0747,-61.8175,Anseriformes,1150,Landbirds,Ground
Dicrurus aldabranus,Aldabra Drongo,Rattus,IUCN attribution was generic. Specific rodent was determined from literature review. See Table SX for references and notes.,,,,Near Threatened,"",Rattus norvegicus,,1,0,,,,,,,,,,,,,,,,,,Passeriformes,48.42,Landbirds,Vegetation
Dicrurus aldabranus,Aldabra Drongo,Rattus,IUCN attribution was generic. Specific rodent was determined from literature review. See Table SX for references and notes.,Rattus,"""""""""Up to 8/10 studied nests are predated at the egg stage, mainly by crows Corvus spp., rats, coucals and bulbuls (Pycnonotidae), as observed or suggested by nest monitoring (SIF unpublished data)""""""""","",Near Threatened,"",Rattus rattus,Rattus rattus,1,0,BirdLife International. 2016. Dicrurus aldabranus. The IUCN Red List of Threatened Species 2016: e.T22706943A94098323. https://dx.doi.org/10.2305/IUCN.UK.2016-3.RLTS.T22706943A94098323.en. Accessed on 10 November 2023.,14,Predation,Predation,Predation,Eggs,1,,0,,,"",,,Aldabra,-9.4237,46.3433,Passeriformes,48.42,Landbirds,Vegetation
Dicrurus fuscipennis,Comoro Drongo,Rattus,IUCN attribution was generic. Specific rodent was determined from literature review. See Table SX for references and notes.,,,,Endangered,"",Rattus rattus,,0,0,,,,,,,,,,,,,,,,,,Passeriformes,50.4866666666667,Landbirds,Vegetation
Didunculus strigirostris,Tooth-billed Pigeon,"Rattus exulans, Rattus rattus",Rodent attribution from IUCN.,,,,Critically Endangered,"",Rattus exulans,,0,0,,,,,,,,,,,,,,,,,,Columbiformes,400,Landbirds,Vegetation
Didunculus strigirostris,Tooth-billed Pigeon,"Rattus exulans, Rattus rattus",Rodent attribution from IUCN.,,,,Critically Endangered,"",Rattus rattus,,0,0,,,,,,,,,,,,,,,,,,Columbiformes,400,Landbirds,Vegetation
Diomedea dabbenena,Tristan Albatross,"Rattus, Mus musculus",IUCN attribution was generic. Specific rodent was determined from literature review. See Table SX for references and notes.,Mus musculus,"""""""""Wounds found on two live chicks and injuries found on Atlantic Pterodroma incerta petrel chicks strongly suggest that feral house mice Mus musculus are the most likely predator of Tristan albatross chicks (Cuthbert and Hilton, in press).""""""""","Cuthbert, R. and Hilton, G., 2004. Introduced house mice Mus musculus: a significant predator of threatened and endemic birds on Gough Island, South Atlantic Ocean?. Biological conservation, 117(5), pp.483-489; Jones, M.G.W. and Ryan, P.G., 2010. Evidence of mouse attacks on albatross chicks on sub-Antarctic Marion Island. Antarctic Science, 22(1), pp.39-42; Cuthbert, R.J., Wanless, R.M., Angel, A., Burle, M.H., Hilton, G.M., Louw, H., Visser, P., Wilson, J.W. and Ryan, P.G., 2016. Drivers of predatory behavior and extreme size in house mice Mus musculus on Gough Island. Journal of Mammalogy, 97(2), pp.533-544.",Critically Endangered,Diomedea chionoptera,Mus musculus,Mus musculus,0,0,"Cuthbert, R., Sommer, E., Ryan, P., Cooper, J. and Hilton, G., 2004. Demography and conservation of the Tristan albatross Diomedea [exulans] dabbenena. Biological Conservation, 117(5), pp.471-481.",153,Predation,Predation,Predation,Chicks,1,,0,,,"",,,Gough Island,-40.3186,-9.9353,Procellariiformes,6961.29,Seabirds,Ground
Diomedea dabbenena,Tristan Albatross,"Rattus, Mus musculus",IUCN attribution was generic. Specific rodent was determined from literature review. See Table SX for references and notes.,Mus musculus,"""""""""Mouse-induced mortality in 2004 was a significant cause of extremely poor breeding success for Tristan albatrosses, Diomedea dabbenena (0.27 fledglings/pair), and Atlantic petrels, Pterodroma incerta (0.33).""""""""","",Critically Endangered,Diomedea chionoptera,Mus musculus,Mus musculus,0,0,"Wanless, R.M., Angel, A., Cuthbert, R.J., Hilton, G.M. and Ryan, P.G., 2007. Can predation by invasive mice drive seabird extinctions?. Biology letters, 3(3), pp.241-244.",154,Predation,Predation,Predation,Chicks,1,39,0,,,"",,,Gough Island,-40.3186,-9.9353,Procellariiformes,6961.29,Seabirds,Ground
Diomedea dabbenena,Tristan Albatross,"Rattus, Mus musculus",IUCN attribution was generic. Specific rodent was determined from literature review. See Table SX for references and notes.,Mus musculus,"""""""""On Gough Island, three Tristan Albatrosses Diomedea dabbenena (Critically Endangered) brooding small chicks were observed with wounds typical of mouse attacks in March–April 2021; two likely abandoned their chick, causing breeding failure, and the third was found dead eight days after discovery with large blowfly larvae in the wound. On Marion Island, two wounded and eight dead adult Wandering Albatrosses D. exulans (Vulnerable) were found in April 2023. Inspection of the wounded individuals, as well as the injuries on the fresh carcasses strongly suggest that mouse predation was the cause of death.""""""""","",Critically Endangered,Diomedea chionoptera,Mus musculus,Mus musculus,0,0,"Connan, M., Jones, C.W., Risi, M.M., Smyth, L.K., Oppel, S., Perold, V., Stevens, K.L., Daling, R. and Ryan, P.G., 2023. First evidence of mouse predation killing adult great albatrosses. Biological Invasions, pp.1-7.",155,Predation,Predation,Predation,Adults,1,,0,,,"",,,Gough Island,-40.3186,-9.9353,Procellariiformes,6961.29,Seabirds,Ground
Diomedea dabbenena,Tristan Albatross,"Rattus, Mus musculus",IUCN attribution was generic. Specific rodent was determined from literature review. See Table SX for references and notes.,Mus musculus,"""""""""The adult breeding population remained stable between 2004 and 2021"""""""" """"""""Mice have ... affected breeding success of seabirds since at least 2000 when the low breeding success was first noticed… Mice have recently been observed attacking adult albatrosses""""""""","",Critically Endangered,Diomedea chionoptera,Mus musculus,Mus musculus,0,0,"Oppel, S., Clark, B.L., Risi, M.M., Horswill, C., Converse, S.J., Jones, C.W., Osborne, A.M., Stevens, K., Perold, V., Bond, A.L. and Wanless, R.M., 2022. Cryptic population decrease due to invasive species predation in a long‐lived seabird supports need for eradication. Journal of Applied Ecology, 59(8), pp.2059-2070.",156,Population,Abundance,Temporal,"",0,,1,0,0,1,0,0,Gough Island,-40.3186,-9.9353,Procellariiformes,6961.29,Seabirds,Ground
Diomedea dabbenena,Tristan Albatross,"Rattus, Mus musculus",IUCN attribution was generic. Specific rodent was determined from literature review. See Table SX for references and notes.,Mus musculus,"""""""""Mice have been present on Gough since the 19th century""""""""","",Critically Endangered,Diomedea chionoptera,Mus musculus,Mus musculus,0,0,"Oppel, S., Clark, B.L., Risi, M.M., Horswill, C., Converse, S.J., Jones, C.W., Osborne, A.M., Stevens, K., Perold, V., Bond, A.L. and Wanless, R.M., 2022. Cryptic population decrease due to invasive species predation in a long‐lived seabird supports need for eradication. Journal of Applied Ecology, 59(8), pp.2059-2070.",157,Population,Abundance,Timing,"",0,,0,,,"",,,Gough Island,-40.3186,-9.9353,Procellariiformes,6961.29,Seabirds,Ground
Diomedea dabbenena,Tristan Albatross,"Rattus, Mus musculus",IUCN attribution was generic. Specific rodent was determined from literature review. See Table SX for references and notes.,Mus musculus,"""""""""We closely monitored the fates of 20 chicks... Only 5 of 20 chicks survived to fledge, and of the 15 failures, 14 (93%) were due to mouse predation.""""""""","",Critically Endangered,Diomedea chionoptera,Mus musculus,Mus musculus,0,0,"Davies, D., Dilley, B.J., Bond, A.L., Cuthbert, R.J. and Ryan, P.G., 2015. Trends and tactics of mouse predation on Tristan albatross Diomedea dabbenena chicks at Gough Island, South Atlantic Ocean. Avian Conservation & Ecology, 10(1).",158,Predation,Predation,Predation,Chicks,1,70,0,,,"",,,Gough Island,-40.3186,-9.9353,Procellariiformes,6961.29,Seabirds,Ground
Diomedea dabbenena,Tristan Albatross,"Rattus, Mus musculus",IUCN attribution was generic. Specific rodent was determined from literature review. See Table SX for references and notes.,,,,Critically Endangered,Diomedea chionoptera,Rattus norvegicus,,0,0,,,,,,,,,,,,,,,,,,Procellariiformes,6961.29,Seabirds,Ground
Diomedea dabbenena,Tristan Albatross,"Rattus, Mus musculus",IUCN attribution was generic. Specific rodent was determined from literature review. See Table SX for references and notes.,Rattus rattus,"""""""""We estimate that all three species were likely extirpated from Tristan between 1869 and 1880 following a period of significant habitat alteration and human overexploitation, and only the albatross had a high probability of persistence when Black Rats (Rattus rattus) arrived in 1882, the previously assumed cause of extinction for all three species."""""""" """"""""The Tristan Albatross likely went extinct on the main island of Tristan by 1880, in part owing to human persecution""""""""","",Critically Endangered,Diomedea chionoptera,Rattus rattus,Rattus rattus,0,0,"Bond, A.L., Carlson, C.J. and Burgio, K.R., 2019. Local extinctions of insular avifauna on the most remote inhabited island in the world. Journal of Ornithology, 160(1), pp.49-60.",159,Population,Abundance,Timing,"",0,,0,,,"",,,Tristan da Cunha,-37.1052,-12.2777,Procellariiformes,6961.29,Seabirds,Ground
Diomedea exulans,Wandering Albatross,Mus musculus,Rodent attribution from IUCN.,Mus musculus,"""""""""On Gough Island, three Tristan Albatrosses Diomedea dabbenena (Critically Endangered) brooding small chicks were observed with wounds typical of mouse attacks in March–April 2021; two likely abandoned their chick, causing breeding failure, and the third was found dead eight days after discovery with large blowfly larvae in the wound. On Marion Island, two wounded and eight dead adult Wandering Albatrosses D. exulans (Vulnerable) were found in April 2023. Inspection of the wounded individuals, as well as the injuries on the fresh carcasses strongly suggest that mouse predation was the cause of death.""""""""","",Vulnerable,"",Mus musculus,Mus musculus,0,0,"Connan, M., Jones, C.W., Risi, M.M., Smyth, L.K., Oppel, S., Perold, V., Stevens, K.L., Daling, R. and Ryan, P.G., 2023. First evidence of mouse predation killing adult great albatrosses. Biological Invasions, pp.1-7.",135,Predation,Predation,Predation,Adults,1,,0,,,"",,,Marion Island,-46.9125,37.743611,Procellariiformes,6961.29333333333,Seabirds,Ground
Diomedea exulans,Wandering Albatross,Mus musculus,Rodent attribution from IUCN.,Mus musculus,"""""""""The first mouse-injured wandering albatross (Diomedea exulans L.) chick was found in 2003 and since then attacks have continued at a low level affecting <1% of the population"""""""" """"""""Remote cameras...confirmed that mice were responsible for wounds on [two] chicks"""""""" """"""""The survey of chicks outside study colonies in June 2015 inspected 553 chicks (~ 70% of chicks outside study colonies), of which three (0.5%) had mouse wounds""""""""","",Vulnerable,"",Mus musculus,Mus musculus,0,0,"Dilley, B.J., Schoombie, S., Schoombie, J. and Ryan, P.G., 2016. ‘Scalping’of albatross fledglings by introduced mice spreads rapidly at Marion Island. Antarctic Science, 28(2), pp.73-80.",136,Predation,Predation,Predation,Chicks,1,0.5,0,,,"",,,Marion Island,-46.9125,37.743611,Procellariiformes,6961.29333333333,Seabirds,Ground
Diomedea exulans,Wandering Albatross,Mus musculus,Rodent attribution from IUCN.,Mus musculus,"""""""""Since 2003, 21 wandering albatross chicks have been found with mouse wounds in the three study colonies (average 1.5 ± 1.6 per year, range 0–6, 268± 44 nests) monitored per year; Fig. 4)""""""""","",Vulnerable,"",Mus musculus,Mus musculus,0,0,"Dilley, B.J., Schoombie, S., Schoombie, J. and Ryan, P.G., 2016. ‘Scalping’of albatross fledglings by introduced mice spreads rapidly at Marion Island. Antarctic Science, 28(2), pp.73-80.",137,Predation,Predation,Predation,Chicks,1,0.56,0,,,"",,,Marion Island,-46.9125,37.743611,Procellariiformes,6961.29333333333,Seabirds,Ground
Diomedea exulans,Wandering Albatross,Mus musculus,Rodent attribution from IUCN.,Mus musculus,"""""""""We summarize evidence for mouse attacks on albatross chicks at sub-Antarctic Marion Island, where mice are also the only introduced mammal following the eradication of feral cats Felis catus in the early 1990s. Wounds consistent with mouse attacks have been found on wandering albatrosses Diomedea exulans since 2003 and dark-mantled sooty albatrosses Phoebetria fusca in 2009."""""""" Data in Table 1","",Vulnerable,"",Mus musculus,Mus musculus,0,0,"Jones, M.G.W. and Ryan, P.G., 2010. Evidence of mouse attacks on albatross chicks on sub-Antarctic Marion Island. Antarctic Science, 22(1), pp.39-42.",138,Predation,Predation,Predation,Chicks,1,0.18,0,,,"",,,Marion Island,-46.9125,37.743611,Procellariiformes,6961.29333333333,Seabirds,Ground
Drepanis coccinea,Iiwi,Rattus,IUCN attribution was generic. Specific rodent was determined from literature review. See Table SX for references and notes.,Rattus,"""""""""there is little direct evidence of predation on ‘I’iwi""""""""","",Vulnerable,Vestiaria coccinea,Rattus exulans,Rattus exulans,0,0,"VanderWerf, E. A. 2012. Hawaiian Bird Conservation Action Plan: NWHI Passerines. Honolulu, Hawaii http://large.stanford.edu/courses/2017/ph241/lewis1/docs/HBCAP_complete1.pdf",208,Predation,Predation,Predation,"",0,,0,,,"",,,Hawaii,19.8987,-155.6659,Passeriformes,18.21,Landbirds,Vegetation
Drepanis coccinea,Iiwi,Rattus,IUCN attribution was generic. Specific rodent was determined from literature review. See Table SX for references and notes.,Rattus,"""""""""Beginning in June 2011, we removed rats from 16 of the 34 study kīpuka"""""""" """"""""In response to rat treatment, only Hawai‛i ‘amakihi was more likely to be faithful to patches from which rats had been removed (68% of resighted individuals remained in or moved to rat-removed kīpuka) (Table 2). For ‘apapane, ‘i‘iwi and ‘oma‘o, 42, 36 and 53% of resighted individuals remained in or moved to rat-removed kīpuka, respectively."""""""" """"""""Overall, many weak forces as opposed to one or a few strong forces appear to collectively shape birds’ movement behavior, with the more intrinsic drivers of movement behavior – species, sex, age and season, being more important than the extrinsic drivers of patch size and invasive rats.""""""""","",Vulnerable,Vestiaria coccinea,Rattus exulans,Rattus exulans,0,0,"Knowlton, J.L., Flaspohler, D.J., Paxton, E.H., Fukami, T., Giardina, C.P., Gruner, D.S. and Rankin, E.E.W., 2017. Movements of four native Hawaiian birds across a naturally fragmented landscape. Journal of Avian Biology, 48(7), pp.921-931.",209,Population,Abundance,Spatial,"",0,,1,1,1,34,1,0,Hawaii,19.8987,-155.6659,Passeriformes,18.21,Landbirds,Vegetation
Drepanis coccinea,Iiwi,Rattus,IUCN attribution was generic. Specific rodent was determined from literature review. See Table SX for references and notes.,Rattus,"""""""""there is little direct evidence of predation on ‘I’iwi""""""""","",Vulnerable,Vestiaria coccinea,Rattus norvegicus,Rattus norvegicus,0,0,"VanderWerf, E. A. 2012. Hawaiian Bird Conservation Action Plan: NWHI Passerines. Honolulu, Hawaii http://large.stanford.edu/courses/2017/ph241/lewis1/docs/HBCAP_complete1.pdf",208,Predation,Predation,Predation,"",0,,0,,,"",,,Hawaii,19.8987,-155.6659,Passeriformes,18.21,Landbirds,Vegetation
Drepanis coccinea,Iiwi,Rattus,IUCN attribution was generic. Specific rodent was determined from literature review. See Table SX for references and notes.,Rattus,"""""""""Beginning in June 2011, we removed rats from 16 of the 34 study kīpuka"""""""" """"""""In response to rat treatment, only Hawai‛i ‘amakihi was more likely to be faithful to patches from which rats had been removed (68% of resighted individuals remained in or moved to rat-removed kīpuka) (Table 2). For ‘apapane, ‘i‘iwi and ‘oma‘o, 42, 36 and 53% of resighted individuals remained in or moved to rat-removed kīpuka, respectively."""""""" """"""""Overall, many weak forces as opposed to one or a few strong forces appear to collectively shape birds’ movement behavior, with the more intrinsic drivers of movement behavior – species, sex, age and season, being more important than the extrinsic drivers of patch size and invasive rats.""""""""","",Vulnerable,Vestiaria coccinea,Rattus norvegicus,Rattus norvegicus,0,0,"Knowlton, J.L., Flaspohler, D.J., Paxton, E.H., Fukami, T., Giardina, C.P., Gruner, D.S. and Rankin, E.E.W., 2017. Movements of four native Hawaiian birds across a naturally fragmented landscape. Journal of Avian Biology, 48(7), pp.921-931.",209,Population,Abundance,Spatial,"",0,,1,1,1,34,1,0,Hawaii,19.8987,-155.6659,Passeriformes,18.21,Landbirds,Vegetation
Drepanis coccinea,Iiwi,Rattus,IUCN attribution was generic. Specific rodent was determined from literature review. See Table SX for references and notes.,Rattus,"""""""""there is little direct evidence of predation on ‘I’iwi""""""""","",Vulnerable,Vestiaria coccinea,Rattus rattus,Rattus rattus,0,0,"VanderWerf, E. A. 2012. Hawaiian Bird Conservation Action Plan: NWHI Passerines. Honolulu, Hawaii http://large.stanford.edu/courses/2017/ph241/lewis1/docs/HBCAP_complete1.pdf",208,Predation,Predation,Predation,"",0,,0,,,"",,,Hawaii,19.8987,-155.6659,Passeriformes,18.21,Landbirds,Vegetation
Drepanis coccinea,Iiwi,Rattus,IUCN attribution was generic. Specific rodent was determined from literature review. See Table SX for references and notes.,Rattus,"""""""""Beginning in June 2011, we removed rats from 16 of the 34 study kīpuka"""""""" """"""""In response to rat treatment, only Hawai‛i ‘amakihi was more likely to be faithful to patches from which rats had been removed (68% of resighted individuals remained in or moved to rat-removed kīpuka) (Table 2). For ‘apapane, ‘i‘iwi and ‘oma‘o, 42, 36 and 53% of resighted individuals remained in or moved to rat-removed kīpuka, respectively."""""""" """"""""Overall, many weak forces as opposed to one or a few strong forces appear to collectively shape birds’ movement behavior, with the more intrinsic drivers of movement behavior – species, sex, age and season, being more important than the extrinsic drivers of patch size and invasive rats.""""""""","",Vulnerable,Vestiaria coccinea,Rattus rattus,Rattus rattus,0,0,"Knowlton, J.L., Flaspohler, D.J., Paxton, E.H., Fukami, T., Giardina, C.P., Gruner, D.S. and Rankin, E.E.W., 2017. Movements of four native Hawaiian birds across a naturally fragmented landscape. Journal of Avian Biology, 48(7), pp.921-931.",209,Population,Abundance,Spatial,"",0,,1,1,1,34,1,0,Hawaii,19.8987,-155.6659,Passeriformes,18.21,Landbirds,Vegetation
Drepanis funerea,Black Mamo,Rattus,IUCN attribution was generic. Specific rodent was determined from literature review. See Table SX for references and notes.,,,,Extinct,"",Rattus exulans,,1,0,,,,,,,,,,,,,,,,,,Passeriformes,18.21,Landbirds,
Drepanis funerea,Black Mamo,Rattus,IUCN attribution was generic. Specific rodent was determined from literature review. See Table SX for references and notes.,,,,Extinct,"",Rattus norvegicus,,1,0,,,,,,,,,,,,,,,,,,Passeriformes,18.21,Landbirds,
Drepanis funerea,Black Mamo,Rattus,IUCN attribution was generic. Specific rodent was determined from literature review. See Table SX for references and notes.,,,,Extinct,"",Rattus rattus,,1,0,,,,,,,,,,,,,,,,,,Passeriformes,18.21,Landbirds,
Dryolimnas augusti,Reunion Rail,Rattus rattus,Rodent attribution from IUCN.,,,,Extinct,"",Rattus rattus,,1,0,,,,,,,,,,,,,,,,,,Gruiformes,182.386666666667,Landbirds,
Ducula aurorae,Polynesian Imperial-pigeon,Rattus rattus,Rodent attribution from IUCN.,Rattus,"""""""""the species has coexisted with rats for several decades (J.-C. Thibault in litt. 2000).""""""""","",Endangered,"",Rattus rattus,Rattus rattus,0,0,"BirdLife International. 2017. Ducula aurorae. The IUCN Red List of Threatened Species 2017: e.T22691668A118663538. https://dx.doi.org/10.2305/IUCN.UK.2017-3.RLTS.T22691668A118663538.en. Accessed on 20 November 2023.
",44,Population,Abundance,Timing,"",0,,0,,,"",,,Makatea,-15.8453,-148.252,Columbiformes,507.193333333333,Landbirds,
Ducula galeata,Nukuhiva Imperial-pigeon,Rattus,IUCN attribution was generic. Specific rodent was determined from literature review. See Table SX for references and notes.,,,,Endangered,"",Rattus exulans,,0,0,,,,,,,,,,,,,,,,,,Columbiformes,605,Landbirds,Vegetation
Ducula galeata,Nukuhiva Imperial-pigeon,Rattus,IUCN attribution was generic. Specific rodent was determined from literature review. See Table SX for references and notes.,Rattus rattus,"""""""""Introduced black rats Rattus rattus do not seem to be a threat for this bird"""""""" """"""""The significant proportion of young pigeons observed during this study suggests that rats do not significantly jeopardize their breeding success"""""""" """"""""Black rats Rattus rattus were present everywhere that Upe were found in our study and we even trapped them at the foot of several trees with an occupied nest.""""""""","",Endangered,"",Rattus rattus,Rattus rattus,0,0,"Villard, P., De Visscher, M.N. and Balança, G., 2003. Population size, habitats and conservation of Marquesan Imperial Pigeon Ducula galeata. Bird Conservation International, 13(3), pp.189-197.",4,Population,Reproductive success,Spatial,"",0,,0,,,"",,,Nuku Hiva,-8.8605,140.1421,Columbiformes,605,Landbirds,Vegetation
Ducula pickeringii,Grey Imperial-pigeon,Rattus rattus,Rodent attribution from IUCN.,,,,Vulnerable,"",Rattus rattus,,0,0,,,,,,,,,,,,,,,,,,Columbiformes,377,Landbirds,
Dysmorodrepanis munroi,Lanai Hookbill,Rattus,IUCN attribution was generic. Specific rodent was determined from literature review. See Table SX for references and notes.,,,,Extinct,"",Rattus exulans,,1,0,,,,,,,,,,,,,,,,,,Passeriformes,,Landbirds,
Dysmorodrepanis munroi,Lanai Hookbill,Rattus,IUCN attribution was generic. Specific rodent was determined from literature review. See Table SX for references and notes.,,,,Extinct,"",Rattus norvegicus,,1,0,,,,,,,,,,,,,,,,,,Passeriformes,,Landbirds,
Dysmorodrepanis munroi,Lanai Hookbill,Rattus,IUCN attribution was generic. Specific rodent was determined from literature review. See Table SX for references and notes.,,,,Extinct,"",Rattus rattus,,1,0,,,,,,,,,,,,,,,,,,Passeriformes,,Landbirds,
Elaenia ridleyana,Noronha Elaenia,Rattus,IUCN attribution was generic. Specific rodent was determined from literature review. See Table SX for references and notes.,,,,Vulnerable,"",Rattus norvegicus,,0,0,,,,,,,,,,,,,,,,,,Passeriformes,33,Landbirds,Vegetation
Elaenia ridleyana,Noronha Elaenia,Rattus,IUCN attribution was generic. Specific rodent was determined from literature review. See Table SX for references and notes.,,,,Vulnerable,"",Rattus rattus,,0,0,,,,,,,,,,,,,,,,,,Passeriformes,33,Landbirds,Vegetation
Emberiza jankowskii,Jankowski's Bunting,Rattus,IUCN attribution was generic. Specific rodent was determined from literature review. See Table SX for references and notes.,Rattus,"""""""""Table 2. Summary of Jankowski’s Bunting egg and nestling loss, 1999–2001...Associated with predation from snakes, ants, rats and falcons""""""""","",Endangered,"",Rattus norvegicus,Rattus norvegicus,0,0,"Jiang, Y.L., Gao, W., Lei, F.M., Wang, H.T., Wan, D.M. and Zhao, J., 2008. Nesting biology and population dynamics of Jankowski's Bunting Emberiza jankowskii in Western Jilin, China. Bird Conservation International, 18(2), pp.153-163.",76,Predation,Predation,Predation,"Eggs, chicks",1,,0,,,"",,,Jilin,43.8378,126.5494,Passeriformes,22.5,Landbirds,Ground
Emberiza jankowskii,Jankowski's Bunting,Rattus,IUCN attribution was generic. Specific rodent was determined from literature review. See Table SX for references and notes.,Rattus,"""""""""Table 2. Summary of Jankowski’s Bunting egg and nestling loss, 1999–2001...Associated with predation from snakes, ants, rats and falcons""""""""","",Endangered,"",Rattus rattus,Rattus rattus,0,0,"Jiang, Y.L., Gao, W., Lei, F.M., Wang, H.T., Wan, D.M. and Zhao, J., 2008. Nesting biology and population dynamics of Jankowski's Bunting Emberiza jankowskii in Western Jilin, China. Bird Conservation International, 18(2), pp.153-163.",76,Predation,Predation,Predation,"Eggs, chicks",1,,0,,,"",,,Jilin,43.8378,126.5494,Passeriformes,22.5,Landbirds,Ground
Emberiza socotrana,Socotra Bunting,Rattus rattus,Rodent attribution from IUCN.,,,,Near Threatened,"",Rattus rattus,,0,0,,,,,,,,,,,,,,,,,,Passeriformes,14.4133333333333,Landbirds,
Eudyptes chrysolophus,Macaroni Penguin,"Rattus, Mus musculus",IUCN attribution was generic. Specific rodent was determined from literature review. See Table SX for references and notes.,,,,Vulnerable,"",Mus musculus,,0,0,,,,,,,,,,,,,,,,,,Sphenisciformes,4485.08666666667,Seabirds,Ground
Eudyptes chrysolophus,Macaroni Penguin,"Rattus, Mus musculus",IUCN attribution was generic. Specific rodent was determined from literature review. See Table SX for references and notes.,,,,Vulnerable,"",Rattus norvegicus,,0,0,,,,,,,,,,,,,,,,,,Sphenisciformes,4485.08666666667,Seabirds,Ground
Eudyptes moseleyi,Northern Rockhopper Penguin,"Rattus rattus, Rattus norvegicus, Mus musculus",Rodent attribution from IUCN.,Mus musculus,"""""""""Introduced house mice Mus musculus on Gough Island are known predators of seabirds but have not yet been recorded preying on penguins. The same applies to introduced rats Rattus norvegicus on Amsterdam Island and R. rattus on Tristan da Cunha.""""""""","",Endangered,"",Mus musculus,Mus musculus,0,0,BirdLife International. 2020. Eudyptes moseleyi. The IUCN Red List of Threatened Species 2020: e.T22734408A184698049. https://dx.doi.org/10.2305/IUCN.UK.2020-3.RLTS.T22734408A184698049.en. Accessed on 06 February 2024.,226,Predation,Predation,Predation,"",0,,0,,,"",,,Gough Island,-40.3186,-9.9353,Sphenisciformes,2327.86666666667,Seabirds,Ground
Eudyptes moseleyi,Northern Rockhopper Penguin,"Rattus rattus, Rattus norvegicus, Mus musculus",Rodent attribution from IUCN.,Rattus norvegicus,"""""""""Introduced house mice Mus musculus on Gough Island are known predators of seabirds but have not yet been recorded preying on penguins. The same applies to introduced rats Rattus norvegicus on Amsterdam Island and R. rattus on Tristan da Cunha.""""""""","",Endangered,"",Rattus norvegicus,Rattus norvegicus,0,0,BirdLife International. 2020. Eudyptes moseleyi. The IUCN Red List of Threatened Species 2020: e.T22734408A184698049. https://dx.doi.org/10.2305/IUCN.UK.2020-3.RLTS.T22734408A184698049.en. Accessed on 06 February 2024.,227,Predation,Predation,Predation,"",0,,0,,,"",,,Amsterdam Island,-37.8332,77.5505,Sphenisciformes,2327.86666666667,Seabirds,Ground
Eudyptes moseleyi,Northern Rockhopper Penguin,"Rattus rattus, Rattus norvegicus, Mus musculus",Rodent attribution from IUCN.,Rattus rattus,"Northern rockhopper penguin were breeding on the island before and after rat eradication (Table 3). Number of breeding pairs or individuals were not provided, and number of chicks were recorded but not compared (Table 2)","",Endangered,"",Rattus rattus,Rattus rattus,0,0,"Barbraud, C., Delord, K., Le Bouard, F., Harivel, R., Demay, J., Chaigne, A. and Micol, T., 2021. Seabird population changes following mammal eradication at oceanic Saint-Paul Island, Indian Ocean. Journal for Nature Conservation, 63, p.126049.",225,Population,Abundance,Timing,"",0,,0,,,"",,,Saint-Paul Island,-38.7202,77.5189,Sphenisciformes,2327.86666666667,Seabirds,Ground
Eudyptes moseleyi,Northern Rockhopper Penguin,"Rattus rattus, Rattus norvegicus, Mus musculus",Rodent attribution from IUCN.,Rattus rattus,"""""""""Introduced house mice Mus musculus on Gough Island are known predators of seabirds but have not yet been recorded preying on penguins. The same applies to introduced rats Rattus norvegicus on Amsterdam Island and R. rattus on Tristan da Cunha.""""""""","",Endangered,"",Rattus rattus,Rattus rattus,0,0,BirdLife International. 2020. Eudyptes moseleyi. The IUCN Red List of Threatened Species 2020: e.T22734408A184698049. https://dx.doi.org/10.2305/IUCN.UK.2020-3.RLTS.T22734408A184698049.en. Accessed on 06 February 2024.,228,Predation,Predation,Predation,"",0,,0,,,"",,,Tristan da Cunha,-37.1052,-12.2777,Sphenisciformes,2327.86666666667,Seabirds,Ground
Eudyptes pachyrhynchus,Fiordland Penguin,Rattus,IUCN attribution was generic. Specific rodent was determined from literature review. See Table SX for references and notes.,,,,Near Threatened,"",Rattus exulans,,0,0,,,,,,,,,,,,,,,,,,Sphenisciformes,3904.88666666667,Seabirds,Cliff-face
Eudyptes pachyrhynchus,Fiordland Penguin,Rattus,IUCN attribution was generic. Specific rodent was determined from literature review. See Table SX for references and notes.,,,,Near Threatened,"",Rattus norvegicus,,0,0,,,,,,,,,,,,,,,,,,Sphenisciformes,3904.88666666667,Seabirds,Cliff-face
Eudyptes pachyrhynchus,Fiordland Penguin,Rattus,IUCN attribution was generic. Specific rodent was determined from literature review. See Table SX for references and notes.,,,,Near Threatened,"",Rattus rattus,,0,0,,,,,,,,,,,,,,,,,,Sphenisciformes,3904.88666666667,Seabirds,Cliff-face
Eunymphicus cornutus,Horned Parakeet,Rattus rattus,Rodent attribution from IUCN.,Rattus rattus,"A single predation event of parakeet by black rat recorded. Not stated whether the predation was of egg, chick or adult.","",Vulnerable,"",Rattus rattus,Rattus rattus,0,0,"Gula, R., Theuerkauf, J., Rouys, S. and Legault, A., 2010. An audio/video surveillance system for wildlife. European Journal of Wildlife Research, 56, pp.803-807.",3,Predation,Predation,Predation,Unknown,1,,0,,,"",,,New Caledonia,-20.9043,165.618,Psittaciformes,130,Landbirds,Ground
Eurostopodus exul,New Caledonian Nightjar,Rattus,IUCN attribution was generic. Specific rodent was determined from literature review. See Table SX for references and notes.,,,,Critically Endangered,"",Rattus exulans,,0,0,,,,,,,,,,,,,,,,,,Caprimulgiformes,77,Landbirds,
Eurostopodus exul,New Caledonian Nightjar,Rattus,IUCN attribution was generic. Specific rodent was determined from literature review. See Table SX for references and notes.,,,,Critically Endangered,"",Rattus norvegicus,,0,0,,,,,,,,,,,,,,,,,,Caprimulgiformes,77,Landbirds,
Eurostopodus exul,New Caledonian Nightjar,Rattus,IUCN attribution was generic. Specific rodent was determined from literature review. See Table SX for references and notes.,,,,Critically Endangered,"",Rattus rattus,,0,0,,,,,,,,,,,,,,,,,,Caprimulgiformes,77,Landbirds,
Falco araeus,Seychelles Kestrel,Rattus,IUCN attribution was generic. Specific rodent was determined from literature review. See Table SX for references and notes.,,,,Vulnerable,Falco araea,Rattus norvegicus,,0,0,,,,,,,,,,,,,,,,,,Falconiformes,79.785,Landbirds,Cliff-face
Falco araeus,Seychelles Kestrel,Rattus,IUCN attribution was generic. Specific rodent was determined from literature review. See Table SX for references and notes.,,,,Vulnerable,Falco araea,Rattus rattus,,0,0,,,,,,,,,,,,,,,,,,Falconiformes,79.785,Landbirds,Cliff-face
Falco punctatus,Mauritius Kestrel,Rattus rattus,Rodent attribution from IUCN.,Rattus rattus,Mentions that rats are among predators of eggs and nestlings although mongooses seem more common predator,"",Endangered,"",Rattus rattus,Rattus rattus,0,0,"Cade, T.J. and Jones, C.G., 1993. Progress in restoration of the Mauritius kestrel. Conservation biology, 7(1), pp.169-175.",6,Predation,Predation,Predation,"Eggs, chicks",1,,0,,,"",,,Mauritius,-20.3484,57.5522,Falconiformes,167.406666666667,Landbirds,Cliff-face
Ferminia cerverai,Zapata Wren,Rattus,IUCN attribution was generic. Specific rodent was determined from literature review. See Table SX for references and notes.,,,,Endangered,"",Rattus norvegicus,,0,0,,,,,,,,,,,,,,,,,,Passeriformes,26,Landbirds,Vegetation
Ferminia cerverai,Zapata Wren,Rattus,IUCN attribution was generic. Specific rodent was determined from literature review. See Table SX for references and notes.,,,,Endangered,"",Rattus rattus,,0,0,,,,,,,,,,,,,,,,,,Passeriformes,26,Landbirds,Vegetation
Foudia aldabrana,Aldabra Fody,Rattus rattus,Rodent attribution from IUCN.,Rattus rattus,"""""""""Nest predators act across the island, and nesting success may be very low; with 48% of nestlings and 81% of eggs taken by predators such as Black Rats Rattus rattus (Safford 2013).""""""""","",Endangered,"",Rattus rattus,Rattus rattus,0,0,BirdLife International. 2021. Foudia aldabrana. The IUCN Red List of Threatened Species 2021: e.T103811282A180471815. https://dx.doi.org/10.2305/IUCN.UK.2021-3.RLTS.T103811282A180471815.en. Accessed on 03 February 2024.,214,Predation,Predation,Predation,"Eggs, chicks",1,,0,,,"",,,"Aldabra Atoll, Seychelles",-9.4237,46.3433,Passeriformes,24.505,Landbirds,Vegetation
Foudia consobrina,Grand Comoro Fody,Rattus rattus,Rodent attribution from IUCN.,,,,Near Threatened,"",Rattus rattus,,1,1,,,,,,,,,,,,,,,,,,Passeriformes,24.51,Landbirds,
Foudia delloni,Reunion Fody,Rattus norvegicus,Rodent attribution from IUCN.,,,,Extinct,"",Rattus norvegicus,,1,1,,,,,,,,,,,,,,,,,,Passeriformes,19.2333333333333,Landbirds,
Foudia flavicans,Rodrigues Fody,Rattus rattus,Rodent attribution from IUCN.,Rattus rattus,"""""""""Black rat Rattus rattus is a predator of eggs and chicks, but F. flavicans has survived alongside it for hundreds of years.""""""""","",Near Threatened,"",Rattus rattus,Rattus rattus,0,0,BirdLife International. 2016. Foudia flavicans. The IUCN Red List of Threatened Species 2016: e.T22719159A94614670. https://dx.doi.org/10.2305/IUCN.UK.2016-3.RLTS.T22719159A94614670.en. Accessed on 11 November 2023.,19,Population,Abundance,Timing,"",0,,0,,,"",,,Rodrigues,-19.7245,63.4272,Passeriformes,15.3266666666667,Landbirds,Vegetation
Foudia flavicans,Rodrigues Fody,Rattus rattus,Rodent attribution from IUCN.,Rattus rattus,"""""""""Black rat Rattus rattus is a predator of eggs and chicks, but F. flavicans has survived alongside it for hundreds of years.""""""""","",Near Threatened,"",Rattus rattus,Rattus rattus,0,0,BirdLife International. 2016. Foudia flavicans. The IUCN Red List of Threatened Species 2016: e.T22719159A94614670. https://dx.doi.org/10.2305/IUCN.UK.2016-3.RLTS.T22719159A94614670.en. Accessed on 11 November 2023.,20,Predation,Predation,Predation,"Eggs, chicks",1,,0,,,"",,,Rodrigues,-19.7245,63.4272,Passeriformes,15.3266666666667,Landbirds,Vegetation
Foudia rubra,Mauritius Fody,Rattus rattus,Rodent attribution from IUCN.,Rattus rattus,"""""""""Most nesting failure resulted from nest predation, apparently by exotic Black Rats Rattus rattus and Crab-eating Macaques""""""""","Safford, R.J., 1997. The destruction of source and sink habitats in the decline of the Mauritius Fody, Foudia rubra, an island-endemic bird. Biodiversity & Conservation, 6, pp.513-527.",Endangered,"",Rattus rattus,Rattus rattus,1,0,"Safford, R.J., 1997. Nesting success of the Mauritius Fody Foudia rubra in relation to its use of exotic trees as nest sites. Ibis, 139(3), pp.555-559.",18,Predation,Predation,Predation,Unknown,1,,0,,,"",,,Mauritius,-20.3484,57.5522,Passeriformes,17.7,Landbirds,Vegetation
Fratercula arctica,Atlantic Puffin,Rattus,IUCN attribution was generic. Specific rodent was determined from literature review. See Table SX for references and notes.,"Rattus rattus, Rattus norvegicus","""""""""After the rats were removed, both Manx shearwaters and Atlantic puffins returned to Lundy to breed after an absence of many years.""""""""","",Vulnerable,"",Rattus norvegicus,Rattus norvegicus,0,0,"Lock, J., 2006. Eradication of brown rats Rattus norvegicus and black rats Rattus rattus to restore breeding seabird populations on Lundy Island, Devon, England. Conservation Evidence, 3(1), pp.111-113.",93,Population,Abundance,Timing,"",1,,0,,,"",,,Lundy,51.1781,-4.6673,Charadriiformes,593.006666666667,Landbirds,Burrow
Fratercula arctica,Atlantic Puffin,Rattus,IUCN attribution was generic. Specific rodent was determined from literature review. See Table SX for references and notes.,Rattus norvegicus,"Supplementary file provides """"""""lambda"""""""" values relative to rat eradications. Three of 4 island eradications have lambda values >1 (population growth). The data is unpublished and raw data is not provided.","",Vulnerable,"",Rattus norvegicus,Rattus norvegicus,0,0,"Brooke, M.D.L., Bonnaud, E., Dilley, B.J., Flint, E.N., Holmes, N.D., Jones, H.P., Provost, P., Rocamora, G., Ryan, P.G., Surman, C. and Buxton, R.T., 2018. Seabird population changes following mammal eradications on islands. Animal Conservation, 21(1), pp.3-12.",95,Population,Abundance,Temporal,"",1,,1,0,1,181 populations,1,0,"Ailsa Craig, Rouzic, Malban, Lundy",51.1781,-4.6673,Charadriiformes,593.006666666667,Landbirds,Burrow
Fratercula arctica,Atlantic Puffin,Rattus,IUCN attribution was generic. Specific rodent was determined from literature review. See Table SX for references and notes.,Rattus,"""""""""Neither large gulls nor any other predators were seen during the study. Hence, predation was considered insignificant in the colony during the study period.""""""""","",Vulnerable,"",Rattus norvegicus,Rattus norvegicus,0,0,"Stempniewicz, L. and Jensen, J.K., 2007. Puffin harvesting and survival at Nólsoy, The Faeroes. Ornis Svecica, 17(2), pp.95-99.",92,Predation,Predation,Predation,"",0,,0,,,"",,,Nólsoy,61.9795,-6.6483,Charadriiformes,593.006666666667,Landbirds,Burrow
Fratercula arctica,Atlantic Puffin,Rattus,IUCN attribution was generic. Specific rodent was determined from literature review. See Table SX for references and notes.,Rattus,"""""""""Rats Rattus spp. depredate eggs and chicks""""""""","",Vulnerable,"",Rattus norvegicus,Rattus norvegicus,0,0,BirdLife International. 2018. Fratercula arctica. The IUCN Red List of Threatened Species 2018: e.T22694927A132581443. https://dx.doi.org/10.2305/IUCN.UK.2018-2.RLTS.T22694927A132581443.en. Accessed on 21 December 2023.,94,Predation,Predation,Predation,"Eggs, chicks",1,,0,,,"",,,Unknown,,,Charadriiformes,593.006666666667,Landbirds,Burrow
Fratercula arctica,Atlantic Puffin,Rattus,IUCN attribution was generic. Specific rodent was determined from literature review. See Table SX for references and notes.,"Rattus rattus, Rattus norvegicus","""""""""After the rats were removed, both Manx shearwaters and Atlantic puffins returned to Lundy to breed after an absence of many years.""""""""","",Vulnerable,"",Rattus rattus,Rattus rattus,0,0,"Lock, J., 2006. Eradication of brown rats Rattus norvegicus and black rats Rattus rattus to restore breeding seabird populations on Lundy Island, Devon, England. Conservation Evidence, 3(1), pp.111-113.",93,Population,Abundance,Timing,"",1,,0,,,"",,,Lundy,51.1781,-4.6673,Charadriiformes,593.006666666667,Landbirds,Burrow
Fratercula arctica,Atlantic Puffin,Rattus,IUCN attribution was generic. Specific rodent was determined from literature review. See Table SX for references and notes.,Rattus,"""""""""Neither large gulls nor any other predators were seen during the study. Hence, predation was considered insignificant in the colony during the study period.""""""""","",Vulnerable,"",Rattus rattus,Rattus rattus,0,0,"Stempniewicz, L. and Jensen, J.K., 2007. Puffin harvesting and survival at Nólsoy, The Faeroes. Ornis Svecica, 17(2), pp.95-99.",92,Predation,Predation,Predation,"",0,,0,,,"",,,Nólsoy,61.9795,-6.6483,Charadriiformes,593.006666666667,Landbirds,Burrow
Fratercula arctica,Atlantic Puffin,Rattus,IUCN attribution was generic. Specific rodent was determined from literature review. See Table SX for references and notes.,Rattus,"""""""""Rats Rattus spp. depredate eggs and chicks""""""""","",Vulnerable,"",Rattus rattus,Rattus rattus,0,0,BirdLife International. 2018. Fratercula arctica. The IUCN Red List of Threatened Species 2018: e.T22694927A132581443. https://dx.doi.org/10.2305/IUCN.UK.2018-2.RLTS.T22694927A132581443.en. Accessed on 21 December 2023.,94,Predation,Predation,Predation,"Eggs, chicks",1,,0,,,"",,,Unknown,,,Charadriiformes,593.006666666667,Landbirds,Burrow
Fregata aquila,Ascension Frigatebird,Rattus rattus,Rodent attribution from IUCN.,,,,Vulnerable,"",Rattus rattus,,1,0,,,,,,,,,,,,,,,,,,Suliformes,1620,Seabirds,Cliff-face
Fregetta maoriana,New Zealand Storm-petrel,Rattus exulans,Rodent attribution from IUCN.,,,,Critically Endangered,"Oceanites maorianus, Pealeornis maoriana",Rattus exulans,,1,1,,,,,,,,,,,,,,,,,,Procellariiformes,34.5,Seabirds,Burrow
Fringilla polatzeki,Gran Canaria Blue Chaffinch,Rattus,IUCN attribution was generic. Specific rodent was determined from literature review. See Table SX for references and notes.,Rattus,"""""""""The common kestrel (Falco tinnunculus) and the rat (Rattus sp.) could also prey on nests, although there are no direct observations that confirm this (Delgado et al. 2021).""""""""","",Endangered,"",Rattus norvegicus,Rattus norvegicus,0,0,BirdLife International. 2021. Fringilla polatzeki. The IUCN Red List of Threatened Species 2021: e.T103822640A205711288. https://dx.doi.org/10.2305/IUCN.UK.2021-3.RLTS.T103822640A205711288.en. Accessed on 12 February 2024.,237,Predation,Predation,Predation,"",0,,0,,,"",,,Gran Canaria,27.9202,-15.5474,Passeriformes,30.3,Landbirds,Vegetation
Fringilla polatzeki,Gran Canaria Blue Chaffinch,Rattus,IUCN attribution was generic. Specific rodent was determined from literature review. See Table SX for references and notes.,Rattus,"""""""""The common kestrel (Falco tinnunculus) and the rat (Rattus sp.) could also prey on nests, although there are no direct observations that confirm this (Delgado et al. 2021).""""""""","",Endangered,"",Rattus rattus,Rattus rattus,0,0,BirdLife International. 2021. Fringilla polatzeki. The IUCN Red List of Threatened Species 2021: e.T103822640A205711288. https://dx.doi.org/10.2305/IUCN.UK.2021-3.RLTS.T103822640A205711288.en. Accessed on 12 February 2024.,237,Predation,Predation,Predation,"",0,,0,,,"",,,Gran Canaria,27.9202,-15.5474,Passeriformes,30.3,Landbirds,Vegetation
Fulica alai,Hawaiian Coot,"Rattus rattus, Rattus norvegicu",Rodent attribution from IUCN.,,,,Vulnerable,"",Rattus norvegicus,,0,0,,,,,,,,,,,,,,,,,,Gruiformes,459,Landbirds,Ground
Fulica alai,Hawaiian Coot,"Rattus rattus, Rattus norvegicu",Rodent attribution from IUCN.,,,,Vulnerable,"",Rattus rattus,,0,0,,,,,,,,,,,,,,,,,,Gruiformes,459,Landbirds,Ground
Gallinula comeri,Gough Island Moorhen,Rattus rattus,Rodent attribution from IUCN.,Rattus rattus,"""""""""We used recently developed Bayesian methods, and sightings of mixed certainty compiled from historical documents, to estimate the extinction date of these three species from Tristan based on specimens. We estimate that all three species were likely extirpated from Tristan between 1869 and 1880 following a period of significant habitat alteration and human overexploitation, and only the albatross had a high probability of persistence when Black Rats (Rattus rattus) arrived in 1882, the previously assumed cause of extinction for all three species.""""""""","",Vulnerable,Gallinula nesiotis,Rattus rattus,Rattus rattus,1,1,"Bond, A.L., Carlson, C.J. and Burgio, K.R., 2019. Local extinctions of insular avifauna on the most remote inhabited island in the world. Journal of Ornithology, 160(1), pp.49-60.",232,Population,Abundance,Timing,"",0,,1,,,"",,,Tristan da Cunha,-37.1052,-12.2777,Gruiformes,512.995,Landbirds,Vegetation
Gallinula nesiotis,Tristan Moorhen,Rattus,IUCN attribution was generic. Specific rodent was determined from literature review. See Table SX for references and notes.,Rattus rattus,"""""""""We estimate that all three species were likely extirpated from Tristan between 1869 and 1880 following a period of significant habitat alteration and human overexploitation, and only the albatross had a high probability of persistence when Black Rats (Rattus rattus) arrived in 1882, the previously assumed cause of extinction for all three species."""""""" """"""""The Tristan Moorhen likely went extinct in 1874""""""""","",Extinct,Gallinula comeri,Rattus rattus,Rattus rattus,1,1,"Bond, A.L., Carlson, C.J. and Burgio, K.R., 2019. Local extinctions of insular avifauna on the most remote inhabited island in the world. Journal of Ornithology, 160(1), pp.49-60.",31,Population,Abundance,Timing,"",0,,1,,,"",,0,Tristan da Cunha,-37.1052,-12.2777,Gruiformes,454.499411764706,Landbirds,Vegetation
Gallirallus lafresnayanus,New Caledonian Rail,Rattus,IUCN attribution was generic. Specific rodent was determined from literature review. See Table SX for references and notes.,,,,Critically Endangered,Tricholimnas lafresnayanus ssp. Lafresnayanus,Rattus exulans,,1,0,,,,,,,,,,,,,,,,,,Gruiformes,232.540666666667,Landbirds,
Gallirallus lafresnayanus,New Caledonian Rail,Rattus,IUCN attribution was generic. Specific rodent was determined from literature review. See Table SX for references and notes.,,,,Critically Endangered,Tricholimnas lafresnayanus ssp. Lafresnayanus,Rattus norvegicus,,1,0,,,,,,,,,,,,,,,,,,Gruiformes,232.540666666667,Landbirds,
Gallirallus lafresnayanus,New Caledonian Rail,Rattus,IUCN attribution was generic. Specific rodent was determined from literature review. See Table SX for references and notes.,,,,Critically Endangered,Tricholimnas lafresnayanus ssp. Lafresnayanus,Rattus rattus,,1,0,,,,,,,,,,,,,,,,,,Gruiformes,232.540666666667,Landbirds,
Geospiza heliobates,Mangrove Finch,Rattus rattus,Rodent attribution from IUCN.,Rattus,"""""""""Nest success of mangrove finches increased markedly after rat control in PTN and CB (figure 2). Compared with 2006/2007 values, significantly more nests reached the nestling phase in 2007/2008 (one-tailed per cent difference test: p , 0.03) with the proportion of successful nests (excluding nests with displaying males or pairs only) doubling from 18 to 37 per cent (one-tailed per cent difference test: p ¼ 0.05). This was largely due to a substantial decrease in the proportion of nests being predated during the incubation phase and a drop in the proportion of nests with eggs being abandoned (figure 2)."""""""" Note: which species was predating is not clear. Population data is provided but not paired with rat abundance.","",Critically Endangered,Camarhynchus heliobates,Rattus rattus,Rattus rattus,1,0,"Fessl, B., Young, G.H., Young, R.P., Rodríguez-Matamoros, J., Dvorak, M., Tebbich, S. and Fa, J.E., 2010. How to save the rarest Darwin's finch from extinction: the mangrove finch on Isabela Island. Philosophical Transactions of the Royal Society B: Biological Sciences, 365(1543), pp.1019-1030.",219,Population,Reproductive success,Temporal,"",1,,1,0,1,2,0,0,Isabela Island,-0.8292,-91.1353,Passeriformes,18,Landbirds,Vegetation
Geospiza pauper,Medium Tree-finch,Rattus,IUCN attribution was generic. Specific rodent was determined from literature review. See Table SX for references and notes.,,,,Critically Endangered,Camarhynchus pauper,Rattus rattus,,0,0,,,,,,,,,,,,,,,,,,Passeriformes,16,Landbirds,Vegetation
Geospiza psittacula,Large Tree-finch,Rattus,IUCN attribution was generic. Specific rodent was determined from literature review. See Table SX for references and notes.,,,,Vulnerable,Camarhynchus psittacula,Rattus norvegicus,,0,0,,,,,,,,,,,,,,,,,,Passeriformes,18.7,Landbirds,
Geospiza psittacula,Large Tree-finch,Rattus,IUCN attribution was generic. Specific rodent was determined from literature review. See Table SX for references and notes.,,,,Vulnerable,Camarhynchus psittacula,Rattus rattus,,0,0,,,,,,,,,,,,,,,,,,Passeriformes,18.7,Landbirds,
Gerygone insularis,Lord Howe Gerygone,Rattus,IUCN attribution was generic. Specific rodent was determined from literature review. See Table SX for references and notes.,Rattus,"""""""""Gerygone insularis was an abundant endemic to Lord Howe Island, Australia, until the island was colonised by rats from a shipwreck in 1918. It was heard frequently in 1928 (Sharland 1929) but could not be found on a visit in 1936 (Hindwood 1940), and there are no subsequent records (Recher and Clark 1974).""""""""",BirdLife International. 2016. Gerygone insularis. The IUCN Red List of Threatened Species 2016: e.T22704724A93982219. https://dx.doi.org/10.2305/IUCN.UK.2016-3.RLTS.T22704724A93982219.en. Accessed on 09 November 2023.,Extinct,"",Rattus rattus,Rattus rattus,1,1,"Recher, H.F. and Clark, S.S., 1974. A biological survey of Lord Howe Island with recommendations for the conservation of the island's wildlife. Biological Conservation, 6(4), pp.263-273.",12,Population,Abundance,Timing,"",1,,0,,,"",,,Lord Howe Island,-31.5553,159.0821,Passeriformes,6.92714285714286,Landbirds,
Gymnocrex talaudensis,Talaud Rail,Rattus,IUCN attribution was generic. Specific rodent was determined from literature review. See Table SX for references and notes.,,,,Endangered,"",Rattus argentiventer,,0,0,,,,,,,,,,,,,,,,,,Gruiformes,288,Landbirds,
Gymnomyza aubryana,Crow Honeyeater,Rattus,IUCN attribution was generic. Specific rodent was determined from literature review. See Table SX for references and notes.,,,,Critically Endangered,"",Rattus exulans,,1,0,,,,,,,,,,,,,,,,,,Passeriformes,195.093333333333,Landbirds,Vegetation
Gymnomyza aubryana,Crow Honeyeater,Rattus,IUCN attribution was generic. Specific rodent was determined from literature review. See Table SX for references and notes.,,,,Critically Endangered,"",Rattus norvegicus,,1,0,,,,,,,,,,,,,,,,,,Passeriformes,195.093333333333,Landbirds,Vegetation
Gymnomyza aubryana,Crow Honeyeater,Rattus,IUCN attribution was generic. Specific rodent was determined from literature review. See Table SX for references and notes.,,,,Critically Endangered,"",Rattus rattus,,1,0,,,,,,,,,,,,,,,,,,Passeriformes,195.093333333333,Landbirds,Vegetation
Gymnomyza samoensis,Mao,Rattus,IUCN attribution was generic. Specific rodent was determined from literature review. See Table SX for references and notes.,,,,Endangered,"",Rattus exulans,,0,0,,,,,,,,,,,,,,,,,,Passeriformes,99,Landbirds,Vegetation
Haematopus meadewaldoi,Canarian Oystercatcher,Rattus,IUCN attribution was generic. Specific rodent was determined from literature review. See Table SX for references and notes.,,,,Extinct,"",Rattus norvegicus,,0,0,,,,,,,,,,,,,,,,,,Charadriiformes,634.595,Landbirds,
Haematopus meadewaldoi,Canarian Oystercatcher,Rattus,IUCN attribution was generic. Specific rodent was determined from literature review. See Table SX for references and notes.,,,,Extinct,"",Rattus rattus,,0,0,,,,,,,,,,,,,,,,,,Charadriiformes,634.595,Landbirds,
Hemignathus lucidus,Oahu Nukupuu,Rattus rattus,Rodent attribution from IUCN.,Rattus rattus,"""""""""This species went extinct sometime around the start of the 20th century… Multiple invasive species were already established on Oahu in the 19th century, with the arrival of Rattus rattus shortly followed by Small Indian Mongoose""""""""","",Extinct,"",Rattus rattus,Rattus rattus,1,0,BirdLife International. 2020. Hemignathus lucidus. The IUCN Red List of Threatened Species 2020: e.T103823595A181392751. https://dx.doi.org/10.2305/IUCN.UK.2020-3.RLTS.T103823595A181392751.en. Accessed on 04 February 2024.,217,Population,Abundance,Timing,"",1,,0,,,"",,,O'hau,21.4389,-158.0001,Passeriformes,21.7375,Landbirds,
Hemignathus wilsoni,Akiapolaau,Rattus,IUCN attribution was generic. Specific rodent was determined from literature review. See Table SX for references and notes.,,,,Endangered,"Hemignathus munroi, Hemignathus wilsoni ssp. Wilsoni",Rattus exulans,,1,0,,,,,,,,,,,,,,,,,,Passeriformes,27.99,Landbirds,Vegetation
Hemignathus wilsoni,Akiapolaau,Rattus,IUCN attribution was generic. Specific rodent was determined from literature review. See Table SX for references and notes.,,,,Endangered,"Hemignathus munroi, Hemignathus wilsoni ssp. Wilsoni",Rattus norvegicus,,1,0,,,,,,,,,,,,,,,,,,Passeriformes,27.99,Landbirds,Vegetation
Hemignathus wilsoni,Akiapolaau,Rattus,IUCN attribution was generic. Specific rodent was determined from literature review. See Table SX for references and notes.,,,,Endangered,"Hemignathus munroi, Hemignathus wilsoni ssp. Wilsoni",Rattus rattus,,1,0,,,,,,,,,,,,,,,,,,Passeriformes,27.99,Landbirds,Vegetation
Hemiphaga chathamensis,Chatham Islands Pigeon,Rattus,IUCN attribution was generic. Specific rodent was determined from literature review. See Table SX for references and notes.,,,,Vulnerable,"",Rattus exulans,,0,0,,,,,,,,,,,,,,,,,,Columbiformes,789,Landbirds,Vegetation
Hemiphaga chathamensis,Chatham Islands Pigeon,Rattus,IUCN attribution was generic. Specific rodent was determined from literature review. See Table SX for references and notes.,,,,Vulnerable,"",Rattus norvegicus,,0,0,,,,,,,,,,,,,,,,,,Columbiformes,789,Landbirds,Vegetation
Hemiphaga chathamensis,Chatham Islands Pigeon,Rattus,IUCN attribution was generic. Specific rodent was determined from literature review. See Table SX for references and notes.,,,,Vulnerable,"",Rattus rattus,,0,0,,,,,,,,,,,,,,,,,,Columbiformes,789,Landbirds,Vegetation
Himantopus novaezelandiae,Black Stilt,Rattus norvegicus,Rodent attribution from IUCN.,,,,Critically Endangered,"",Rattus norvegicus,,1,0,,,,,,,,,,,,,,,,,,Charadriiformes,195,Landbirds,Ground
Horornis haddeni,Bougainville Bush-warbler,Rattus rattus,Rodent attribution from IUCN.,,,,Near Threatened,Cettia haddeni,Rattus rattus,,0,0,,,,,,,,,,,,,,,,,,Passeriformes,24.8,Landbirds,
Humblotia flavirostris,Humblot's Flycatcher,Rattus rattus,Rodent attribution from IUCN.,,,,Vulnerable,"",Rattus rattus,,0,0,,,,,,,,,,,,,,,,,,Passeriformes,15.9,Landbirds,Vegetation
Hydrobates cheimomnestes,Ainley's Storm-petrel,Mus musculus,Rodent attribution from IUCN.,,,,Vulnerable,Hydrobates leucorhous,Mus musculus,,0,0,,,,,,,,,,,,,,,,,,Procellariiformes,36.705,Seabirds,Burrow
Hydrobates homochroa,Ashy Storm-petrel,"Rattus rattus, Mus musculus",Rodent attribution from IUCN.,Mus musculus,"""""""""Mice were suspected of depredating… eggs and small chicks of the Ashy Storm-Petrel Oceanodroma homochroa on the Farallon Islands (Ainley et al. 1990)"""""""" - Reference not online","Harvey, A.L., Mazurkiewicz, D.M., McKOWN, M.W., Barnes, K.W. and Parker, M.W., 2016. Changing breeding status of the ashy storm-petrel Oceanodroma homochroa on Anacapa Island, California. Marine Ornithology, 44, pp.93-97; Carter, H.R., Ainley, D.G., WOLF, S.G. and Weinstein, A.M., 2016. Range-wide conservation and science of the Ashy Storm-Petrel Oceanodroma homochroa. Marine Ornithology, 44, pp.53-62.",Endangered,Oceanodroma homochroa,Mus musculus,Mus musculus,0,0,"Newton, K.M., McKown, M., Wolf, C., Gellerman, H., Coonan, T., Richards, D., Harvey, A.L., Holmes, N., Howald, G., Faulkner, K. and Tershy, B.R., 2016. Response of native species 10 years after rat eradication on Anacapa Island, California. Journal of Fish and Wildlife Management, 7(1), pp.72-85.",152,Predation,Predation,Predation,"",1,,0,,,"",,,Farallon Islands,37.6986,-123.0022,Procellariiformes,36.9,Seabirds,Burrow
Hydrobates homochroa,Ashy Storm-petrel,"Rattus rattus, Mus musculus",Rodent attribution from IUCN.,Rattus rattus,"""""""""No evidence of breeding ashy storm-petrels were found during sea cave searches pre- or post-eradication (2001 – 2010; Table 1) on Anacapa Island (Whitworth et al. 2012)."""""""" """"""""We found one active nest containing a nearly fledged ASSP chick in 2011, representing the first breeding record for the island."""""""" """"""""however, a small remnant population likely persisted in rat-inaccessible habitats before eradication, as judged from the 50 birds captured in mist nets in 1994 (Carter & Whitworth 2013)""""""""","Harvey, A.L., Mazurkiewicz, D.M., McKOWN, M.W., Barnes, K.W. and Parker, M.W., 2016. Changing breeding status of the ashy storm-petrel Oceanodroma homochroa on Anacapa Island, California. Marine Ornithology, 44, pp.93-97; Carter, H.R., Ainley, D.G., WOLF, S.G. and Weinstein, A.M., 2016. Range-wide conservation and science of the Ashy Storm-Petrel Oceanodroma homochroa. Marine Ornithology, 44, pp.53-62.",Endangered,Oceanodroma homochroa,Rattus rattus,Rattus rattus,0,0,"Newton, K.M., McKown, M., Wolf, C., Gellerman, H., Coonan, T., Richards, D., Harvey, A.L., Holmes, N., Howald, G., Faulkner, K. and Tershy, B.R., 2016. Response of native species 10 years after rat eradication on Anacapa Island, California. Journal of Fish and Wildlife Management, 7(1), pp.72-85.",151,Population,Reproductive success,Timing,"",1,,0,,,"",,,Anacapa Island,34.0044,-119.3996,Procellariiformes,36.9,Seabirds,Burrow
Hydrobates leucorhous,Leach's Storm-petrel,"Rattus rattus, Rattus norvegicus, Mus musculus",Rodent attribution from IUCN.,,,,Vulnerable,"Oceanodroma leucorhoa, Hydrobates socorroensis, Hydrobates cheimomnestes",Mus musculus,,1,1,,,,,,,,,,,,,,,,,,Procellariiformes,36.705,Seabirds,Burrow
Hydrobates leucorhous,Leach's Storm-petrel,"Rattus rattus, Rattus norvegicus, Mus musculus",Rodent attribution from IUCN.,,,,Vulnerable,"Oceanodroma leucorhoa, Hydrobates socorroensis, Hydrobates cheimomnestes",Rattus norvegicus,,1,1,,,,,,,,,,,,,,,,,,Procellariiformes,36.705,Seabirds,Burrow
Hydrobates leucorhous,Leach's Storm-petrel,"Rattus rattus, Rattus norvegicus, Mus musculus",Rodent attribution from IUCN.,,,,Vulnerable,"Oceanodroma leucorhoa, Hydrobates socorroensis, Hydrobates cheimomnestes",Rattus rattus,,1,1,,,,,,,,,,,,,,,,,,Procellariiformes,36.705,Seabirds,Burrow
Hydrobates matsudairae,Matsudaira's Storm-petrel,Rattus rattus,Rodent attribution from IUCN.,,,,Vulnerable,Oceanodroma matsudairae,Rattus rattus,,1,1,,,,,,,,,,,,,,,,,,Procellariiformes,62,Seabirds,Burrow
Hydrobates monorhis,Swinhoe’s Storm-petrel,Rattus norvegicus,Rodent attribution from IUCN.,,,,Near Threatened,Oceanodroma monorhis,Rattus norvegicus,,1,1,,,,,,,,,,,,,,,,,,Procellariiformes,39.8,Seabirds,Burrow
Hydrobates socorroensis,Townsend's Storm-petrel,Mus musculus,Rodent attribution from IUCN.,,,,Endangered,Hydrobates leucorhous,Mus musculus,,0,0,,,,,,,,,,,,,,,,,,Procellariiformes,36.705,Seabirds,Burrow
Hymenolaimus malacorhynchos,Blue Duck,Rattus,IUCN attribution was generic. Specific rodent was determined from literature review. See Table SX for references and notes.,Rattus,"""""""""Introduced possums and rats visited nests but none of the observed visitations resulted in predation.""""""""","",Endangered,Hymenolaimus malacorhynchus,Rattus exulans,Rattus exulans,0,0,"Whitehead, A.L., Edge, K.A., Smart, A.F., Hill, G.S. and Willans, M.J., 2008. Large scale predator control improves the productivity of a rare New Zealand riverine duck. Biological Conservation, 141(11), pp.2784-2794.",246,Predation,Predation,Predation,"",0,,0,,,"",,,Fiordland National Park,-45.4085,167.3591,Anseriformes,829.993333333333,Landbirds,Cliff-face
Hymenolaimus malacorhynchos,Blue Duck,Rattus,IUCN attribution was generic. Specific rodent was determined from literature review. See Table SX for references and notes.,Rattus,"""""""""Introduced possums and rats visited nests but none of the observed visitations resulted in predation.""""""""","",Endangered,Hymenolaimus malacorhynchus,Rattus norvegicus,Rattus norvegicus,0,0,"Whitehead, A.L., Edge, K.A., Smart, A.F., Hill, G.S. and Willans, M.J., 2008. Large scale predator control improves the productivity of a rare New Zealand riverine duck. Biological Conservation, 141(11), pp.2784-2794.",246,Predation,Predation,Predation,"",0,,0,,,"",,,Fiordland National Park,-45.4085,167.3591,Anseriformes,829.993333333333,Landbirds,Cliff-face
Hymenolaimus malacorhynchos,Blue Duck,Rattus,IUCN attribution was generic. Specific rodent was determined from literature review. See Table SX for references and notes.,Rattus,"""""""""Introduced possums and rats visited nests but none of the observed visitations resulted in predation.""""""""","",Endangered,Hymenolaimus malacorhynchus,Rattus rattus,Rattus rattus,0,0,"Whitehead, A.L., Edge, K.A., Smart, A.F., Hill, G.S. and Willans, M.J., 2008. Large scale predator control improves the productivity of a rare New Zealand riverine duck. Biological Conservation, 141(11), pp.2784-2794.",246,Predation,Predation,Predation,"",0,,0,,,"",,,Fiordland National Park,-45.4085,167.3591,Anseriformes,829.993333333333,Landbirds,Cliff-face
Hypotaenidia dieffenbachii,Dieffenbach's Rail,Rattus,IUCN attribution was generic. Specific rodent was determined from literature review. See Table SX for references and notes.,,,,Extinct,Gallirallus dieffenbachii,Rattus exulans,,1,0,,,,,,,,,,,,,,,,,,Gruiformes,400.495,Landbirds,
Hypotaenidia dieffenbachii,Dieffenbach's Rail,Rattus,IUCN attribution was generic. Specific rodent was determined from literature review. See Table SX for references and notes.,,,,Extinct,Gallirallus dieffenbachii,Rattus norvegicus,,1,0,,,,,,,,,,,,,,,,,,Gruiformes,400.495,Landbirds,
Hypotaenidia dieffenbachii,Dieffenbach's Rail,Rattus,IUCN attribution was generic. Specific rodent was determined from literature review. See Table SX for references and notes.,,,,Extinct,Gallirallus dieffenbachii,Rattus rattus,,1,0,,,,,,,,,,,,,,,,,,Gruiformes,400.495,Landbirds,
Hypotaenidia pacifica,Tahiti Rail,Rattus,IUCN attribution was generic. Specific rodent was determined from literature review. See Table SX for references and notes.,,,,Extinct,Gallirallus pacificus,Rattus exulans,,1,0,,,,,,,,,,,,,,,,,,Gruiformes,400.495,Landbirds,
Hypotaenidia pacifica,Tahiti Rail,Rattus,IUCN attribution was generic. Specific rodent was determined from literature review. See Table SX for references and notes.,,,,Extinct,Gallirallus pacificus,Rattus norvegicus,,1,0,,,,,,,,,,,,,,,,,,Gruiformes,400.495,Landbirds,
Hypotaenidia pacifica,Tahiti Rail,Rattus,IUCN attribution was generic. Specific rodent was determined from literature review. See Table SX for references and notes.,,,,Extinct,Gallirallus pacificus,Rattus rattus,,1,0,,,,,,,,,,,,,,,,,,Gruiformes,400.495,Landbirds,
Hypsipetes borbonicus,Reunion Bulbul,Rattus rattus,Rodent attribution from IUCN.,,,,Near Threatened,"",Rattus rattus,,0,0,,,,,,,,,,,,,,,,,,Passeriformes,55.3,Landbirds,Vegetation
Hypsipetes olivaceus,Mauritius Bulbul,Rattus,IUCN attribution was generic. Specific rodent was determined from literature review. See Table SX for references and notes.,,,,Vulnerable,"",Rattus norvegicus,,0,0,,,,,,,,,,,,,,,,,,Passeriformes,74.9933333333333,Landbirds,Vegetation
Hypsipetes olivaceus,Mauritius Bulbul,Rattus,IUCN attribution was generic. Specific rodent was determined from literature review. See Table SX for references and notes.,,,,Vulnerable,"",Rattus rattus,,0,0,,,,,,,,,,,,,,,,,,Passeriformes,74.9933333333333,Landbirds,Vegetation
Icterus northropi,Bahama Oriole,Rattus rattus,Rodent attribution from IUCN.,,,,Endangered,Icterus dominicensis,Rattus rattus,,0,0,,,,,,,,,,,,,,,,,,Passeriformes,40,Landbirds,Vegetation
Icterus oberi,Montserrat Oriole,Rattus,IUCN attribution was generic. Specific rodent was determined from literature review. See Table SX for references and notes.,"Rattus rattus, Rattus norvegicus","""""""""Both rats (n = 8) and Pearly-eyed Thrashers (n = 7) were recorded in similar proportions as nest predators.""""""""","",Vulnerable,"",Rattus norvegicus,Rattus norvegicus,0,0,"Allcorn, R.I., Hilton, G.M., Fenton, C., Atkinson, P.W., Bowden, C.G., Gray, G.A., Hulme, M., Madden, J., Mackley, E.K. and Oppel, S., 2012. Demography and breeding ecology of the critically endangered Montserrat Oriole. The Condor, 114(1), pp.227-235.",51,Predation,Predation,Predation,Unknown,1,24,0,,,"",,,Montserrat,16.7425,-62.1874,Passeriformes,35.7866666666667,Landbirds,Vegetation
Icterus oberi,Montserrat Oriole,Rattus,IUCN attribution was generic. Specific rodent was determined from literature review. See Table SX for references and notes.,"Rattus rattus, Rattus norvegicus","""""""""Both rats (n = 8) and Pearly-eyed Thrashers (n = 7) were recorded in similar proportions as nest predators.""""""""","",Vulnerable,"",Rattus rattus,Rattus rattus,0,0,"Allcorn, R.I., Hilton, G.M., Fenton, C., Atkinson, P.W., Bowden, C.G., Gray, G.A., Hulme, M., Madden, J., Mackley, E.K. and Oppel, S., 2012. Demography and breeding ecology of the critically endangered Montserrat Oriole. The Condor, 114(1), pp.227-235.",51,Predation,Predation,Predation,Unknown,1,24,0,,,"",,,Montserrat,16.7425,-62.1874,Passeriformes,35.7866666666667,Landbirds,Vegetation
Lalage newtoni,Reunion Cuckooshrike,"Rattus rattus, Rattus norvegicus",Rodent attribution from IUCN.,Rattus,"""""""""From 16 broods, nine were unsuccessful (one destroyed by wind, one by a harrier and most others by rats)"""""""" """"""""Rats are widespread in all forest types and there is circumstancial evidence of cuckoo-shrike brood losses attributable to them.""""""""","",Critically Endangered,Coracina newtoni,Rattus norvegicus,Rattus norvegicus,1,1,"Thiollay, J.M. and Probst, J.M., 1999. Ecology and conservation of a small insular bird population, the Réunion cuckoo-shrike Coracina newtoni. Biological conservation, 87(2), pp.191-200.",13,Predation,Predation,Predation,Unknown,1,,0,,,"",,,Réunion,-21.1151,55.5364,Passeriformes,42.9,Landbirds,Vegetation
Lalage newtoni,Reunion Cuckooshrike,"Rattus rattus, Rattus norvegicus",Rodent attribution from IUCN.,Rattus,"""""""""From 16 broods, nine were unsuccessful (one destroyed by wind, one by a harrier and most others by rats)"""""""" """"""""Rats are widespread in all forest types and there is circumstancial evidence of cuckoo-shrike brood losses attributable to them.""""""""","",Critically Endangered,Coracina newtoni,Rattus rattus,Rattus rattus,1,1,"Thiollay, J.M. and Probst, J.M., 1999. Ecology and conservation of a small insular bird population, the Réunion cuckoo-shrike Coracina newtoni. Biological conservation, 87(2), pp.191-200.",13,Predation,Predation,Predation,Unknown,1,,0,,,"",,,Réunion,-21.1151,55.5364,Passeriformes,42.9,Landbirds,Vegetation
Lanius newtoni,Newton's Fiscal,Rattus rattus,Rodent attribution from IUCN.,,,,Critically Endangered,"",Rattus rattus,,0,0,,,,,,,,,,,,,,,,,,Passeriformes,22.4,Landbirds,
Larosterna inca,Inca Tern,Rattus,IUCN attribution was generic. Specific rodent was determined from literature review. See Table SX for references and notes.,Rattus,"""""""""Mass reproductive failure can also be caused by rat predation, as recorded in Punta San Juan (Merino 2017)"""""""" Study is not in English","",Near Threatened,"",Rattus norvegicus,Rattus norvegicus,1,0,BirdLife International. 2018. Larosterna inca. The IUCN Red List of Threatened Species 2018: e.T22694834A132576903. https://dx.doi.org/10.2305/IUCN.UK.2018-2.RLTS.T22694834A132576903.en. Accessed on 17 December 2023.,89,Predation,Predation,Predation,Unknown,1,,0,,,"",,,Punta San Juan,13.2059,-88.5384,Charadriiformes,219,Landbirds,Burrow
Larosterna inca,Inca Tern,Rattus,IUCN attribution was generic. Specific rodent was determined from literature review. See Table SX for references and notes.,Rattus,"""""""""Mass reproductive failure can also be caused by rat predation, as recorded in Punta San Juan (Merino 2017)"""""""" Study is not in English","",Near Threatened,"",Rattus rattus,Rattus rattus,1,0,BirdLife International. 2018. Larosterna inca. The IUCN Red List of Threatened Species 2018: e.T22694834A132576903. https://dx.doi.org/10.2305/IUCN.UK.2018-2.RLTS.T22694834A132576903.en. Accessed on 17 December 2023.,89,Predation,Predation,Predation,Unknown,1,,0,,,"",,,Punta San Juan,13.2059,-88.5384,Charadriiformes,219,Landbirds,Burrow
Larus audouinii,Audouin's Gull,Rattus rattus,Rodent attribution from IUCN.,Rattus rattus,"""""""""Rats inhabiting breeding areas of gulls can scavenge on broken eggs rolled out of the nest or on eggs with softened shells after nest desertion, but it is unlikely that they prey on natural gull nests guarded by parents. We suggest that introduced black rats on Mediterranean islands can only marginally affect the productivity of gulls owing to egg predation""""""""","",Vulnerable,"",Rattus rattus,Rattus rattus,0,0,"Prieto, J., González-Solís, J., Ruiz, X. and Jover, L., 2003. Can rats prey on gull eggs? An experimental approach. Biodiversity & Conservation, 12, pp.2477-2486.",224,Predation,Predation,Predation,"",0,,0,,,"",,,Chafarinas Islands,35.2943,-2.9526,Charadriiformes,534.99,Landbirds,Ground
Larus bulleri,Black-billed Gull,Rattus norvegicus,Rodent attribution from IUCN.,,,,Near Threatened,"",Rattus norvegicus,,1,0,,,,,,,,,,,,,,,,,,Charadriiformes,230.16,Landbirds,Ground
Larus fuliginosus,Lava Gull,Rattus rattus,Rodent attribution from IUCN.,Rattus,"""""""""Invasive non-native species also pose a threat, particularly House Rats Rattus rattus, cats Felis catus and dogs Canis familiaris which have been shown to predate Lava Gull nests (Wiedenfeld and Jiménez-Uzcátegui 2008, Cepeda and Cruz 1994)."""""""" Cannot access Cepeda which is possibly why this statement mentions rats","",Vulnerable,"",Rattus rattus,Rattus rattus,0,0,BirdLife International. 2018. Larus fuliginosus. The IUCN Red List of Threatened Species 2018: e.T22694452A132552501. https://dx.doi.org/10.2305/IUCN.UK.2018-2.RLTS.T22694452A132552501.en. Accessed on 17 December 2023.,88,Predation,Predation,Predation,Unknown,1,,0,,,"",,,Galápagos Islands,-0.9538,-90.9656,Charadriiformes,380,Landbirds,Ground
Larus heermanni,Heermann's Gull,"Rattus rattus, Mus musculus",Rodent attribution from IUCN.,"Rattus rattus, Mus musculus","""""""""Egg collecting gradually decreased after 1964 when Isla Rasa was made a Nature Reserve and Migratory Bird Refuge (Ezcurra et al., 2002), but black rats (Rattus rattus) and house mice (Mus musculus), probably introduced during the guano mining era, continued to impact the breeding success of seabirds on the island. Since the eradication of these two rodents in 1995, the breeding success of Heermann’s gulls in rocky areas, where rodents had their greatest impact, has doubled, and the elegant tern nesting population has more than tripled (E. Velarde, pers. observ.).""""""""","",Near Threatened,"",Mus musculus,Mus musculus,0,0,"Bowen, T., Velarde, E., Anderson, D.W. and Marlett, S.A., 2015. Federico Craveri and changes in nesting seabirds on Isla Rasa, Gulf of California, since 1856. The Southwestern Naturalist, pp.1-5.",200,Population,Abundance,Timing,"",1,,0,,,"",,,Isla Rasa,28.8236,-112.98,Charadriiformes,499.993333333333,Landbirds,Ground
Larus heermanni,Heermann's Gull,"Rattus rattus, Mus musculus",Rodent attribution from IUCN.,"Rattus rattus, Mus musculus","""""""""Egg collecting gradually decreased after 1964 when Isla Rasa was made a Nature Reserve and Migratory Bird Refuge (Ezcurra et al., 2002), but black rats (Rattus rattus) and house mice (Mus musculus), probably introduced during the guano mining era, continued to impact the breeding success of seabirds on the island. Since the eradication of these two rodents in 1995, the breeding success of Heermann’s gulls in rocky areas, where rodents had their greatest impact, has doubled, and the elegant tern nesting population has more than tripled (E. Velarde, pers. observ.).""""""""","",Near Threatened,"",Rattus rattus,Rattus rattus,0,0,"Bowen, T., Velarde, E., Anderson, D.W. and Marlett, S.A., 2015. Federico Craveri and changes in nesting seabirds on Isla Rasa, Gulf of California, since 1856. The Southwestern Naturalist, pp.1-5.",200,Population,Abundance,Timing,"",1,,0,,,"",,,Isla Rasa,28.8236,-112.98,Charadriiformes,499.993333333333,Landbirds,Ground
Laterallus spilonota,Galapagos Rail,Rattus,IUCN attribution was generic. Specific rodent was determined from literature review. See Table SX for references and notes.,Rattus,"""""""""This species is probably vulnerable to introduced predators such as rats (predation on nests and fledglings potentially the biggest threat, D. Wiedenfeld in litt. 2012)""""""""","",Vulnerable,Laterallus spilonotus,Rattus norvegicus,Rattus norvegicus,0,0,BirdLife International. 2020. Laterallus spilonota. The IUCN Red List of Threatened Species 2020: e.T22692366A181476400. https://dx.doi.org/10.2305/IUCN.UK.2020-3.RLTS.T22692366A181476400.en. Accessed on 04 February 2024.,218,Predation,Predation,Predation,"Eggs, chicks",1,,0,,,"",,,Galápagos Islands,-0.9538,-90.9656,Gruiformes,40.22,Landbirds,Ground
Laterallus spilonota,Galapagos Rail,Rattus,IUCN attribution was generic. Specific rodent was determined from literature review. See Table SX for references and notes.,Rattus,"""""""""This species is probably vulnerable to introduced predators such as rats (predation on nests and fledglings potentially the biggest threat, D. Wiedenfeld in litt. 2012)""""""""","",Vulnerable,Laterallus spilonotus,Rattus rattus,Rattus rattus,0,0,BirdLife International. 2020. Laterallus spilonota. The IUCN Red List of Threatened Species 2020: e.T22692366A181476400. https://dx.doi.org/10.2305/IUCN.UK.2020-3.RLTS.T22692366A181476400.en. Accessed on 04 February 2024.,218,Predation,Predation,Predation,"Eggs, chicks",1,,0,,,"",,,Galápagos Islands,-0.9538,-90.9656,Gruiformes,40.22,Landbirds,Ground
Leptotila wellsi,Grenada Dove,Rattus,IUCN attribution was generic. Specific rodent was determined from literature review. See Table SX for references and notes.,,,,Critically Endangered,"",Rattus norvegicus,,0,0,,,,,,,,,,,,,,,,,,Columbiformes,200,Landbirds,Vegetation
Leucocarbo campbelli,Campbell Island Shag,Rattus,IUCN attribution was generic. Specific rodent was determined from literature review. See Table SX for references and notes.,,,,Vulnerable,Phalacrocorax campbelli,Rattus norvegicus,,0,0,,,,,,,,,,,,,,,,,,Suliformes,1897.38,Seabirds,Cliff-face
Lewinia muelleri,Auckland Island Rail,Mus musculus,Rodent attribution from IUCN.,,,,Vulnerable,"",Mus musculus,,1,0,,,,,,,,,,,,,,,,,,Gruiformes,93,Landbirds,Vegetation
Loxioides bailleui,Palila,Rattus rattus,Rodent attribution from IUCN.,Rattus rattus,"""""""""Rattus is rare in Loxioides habitat""""""""","Banko, P. C. and Farmer, C. 2014. Palila restoration research, 1996-2012. Hawai‘i Cooperative Studies Unit Technical Report HCSU-046. University of Hawai‘i at Hilo. Available at: http://www.uhh.hawaii.edu/hcsu/publications.php].",Critically Endangered,"",Rattus rattus,Rattus rattus,0,0,"Banko, P.C., Oboyski, P.T., Slotterback, J.W., Dougill, S.J., Goltz, D.M., Johnson, L., Laut, M.E. and Murray, T.C., 2002. Availability of food resources, distribution of invasive species, and conservation of a Hawaiian bird along a gradient of elevation. Journal of Biogeography, 29(5‐6), pp.789-808.",21,Population,Abundance,Temporal,"",0,,0,,,"",,,Mauna Kea Volcano,-19.4721,-155.5922,Passeriformes,37.8266666666667,Landbirds,Vegetation
Loxioides bailleui,Palila,Rattus rattus,Rodent attribution from IUCN.,Rattus rattus,"""""""""Rats (Rattus rattus), which are more abundant where naio trees are co-dominant with māmane (Amarasekare 1994), also destroy some palila nests (Banko et al. 2002a).""""""""","VanderWerf, E. A. 2012. Hawaiian Bird Conservation Action Plan: NWHI Passerines. Honolulu, Hawaii http://large.stanford.edu/courses/2017/ph241/lewis1/docs/HBCAP_complete1.pdf",Critically Endangered,"",Rattus rattus,Rattus rattus,0,0,"Banko, P. C. and Farmer, C. 2014. Palila restoration research, 1996-2012. Hawai‘i Cooperative Studies Unit Technical Report HCSU-046. University of Hawai‘i at Hilo. Available at: http://www.uhh.hawaii.edu/hcsu/publications.php].",22,Predation,Predation,Predation,Unknown,1,,0,,,"",,,Mauna Kea Volcano,-19.4721,-155.5922,Passeriformes,37.8266666666667,Landbirds,Vegetation
Loxioides bailleui,Palila,Rattus rattus,Rodent attribution from IUCN.,Rattus rattus,"""""""""distributions of rats and palila, as well as their microhabitat preferences, appear to be independent. Absence of palila in the lower elevations, where rats are most abundant, is likely a result of habitat destruction by heavy grazing rather than predation. Rats attain their lowest densities in areas of highest abundance of palila, which is inconsistent with a predator-prey interaction but is well explained by elevational variation in availability of microhabitats.""""""""","",Critically Endangered,"",Rattus rattus,Rattus rattus,0,0,"Amarasekare, P., 1994. Ecology of introduced small mammals on western Mauna Kea, Hawaii. Journal of Mammalogy, 75(1), pp.24-38.",23,Population,Abundance,Spatial,"",0,,0,,,"",,,Mauna Kea Volcano,-19.4721,-155.5922,Passeriformes,37.8266666666667,Landbirds,Vegetation
Loxops caeruleirostris,Akekee,Rattus,IUCN attribution was generic. Specific rodent was determined from literature review. See Table SX for references and notes.,Rattus,Table 1,"",Critically Endangered,"",Rattus exulans,Rattus exulans,0,0,"Hammond, R.L., Crampton, L.H. and Foster, J.T., 2015. Breeding biology of two endangered forest birds on the island of Kauai, Hawaii. The Condor: Ornithological Applications, 117(1), pp.31-40.",67,Predation,Predation,Predation,"",0,0,0,,,"",,,Kauai,22.0964,-159.5261,Passeriformes,10.8,Landbirds,Vegetation
Loxops caeruleirostris,Akekee,Rattus,IUCN attribution was generic. Specific rodent was determined from literature review. See Table SX for references and notes.,Rattus,"""""""""Predation on ‘Akikiki and ‘Akeke’e nests by rats has been documented by the KFBRP""""""""","",Critically Endangered,"",Rattus exulans,Rattus exulans,0,0,"VanderWerf, E. A. 2012. Hawaiian Bird Conservation Action Plan: NWHI Passerines. Honolulu, Hawaii http://large.stanford.edu/courses/2017/ph241/lewis1/docs/HBCAP_complete1.pdf",68,Predation,Predation,Predation,"",1,,0,,,"",,,Kauai,22.0964,-159.5261,Passeriformes,10.8,Landbirds,Vegetation
Loxops caeruleirostris,Akekee,Rattus,IUCN attribution was generic. Specific rodent was determined from literature review. See Table SX for references and notes.,Rattus,Table 1,"",Critically Endangered,"",Rattus norvegicus,Rattus norvegicus,0,0,"Hammond, R.L., Crampton, L.H. and Foster, J.T., 2015. Breeding biology of two endangered forest birds on the island of Kauai, Hawaii. The Condor: Ornithological Applications, 117(1), pp.31-40.",67,Predation,Predation,Predation,"",0,0,0,,,"",,,Kauai,22.0964,-159.5261,Passeriformes,10.8,Landbirds,Vegetation
Loxops caeruleirostris,Akekee,Rattus,IUCN attribution was generic. Specific rodent was determined from literature review. See Table SX for references and notes.,Rattus,"""""""""Predation on ‘Akikiki and ‘Akeke’e nests by rats has been documented by the KFBRP""""""""","",Critically Endangered,"",Rattus norvegicus,Rattus norvegicus,0,0,"VanderWerf, E. A. 2012. Hawaiian Bird Conservation Action Plan: NWHI Passerines. Honolulu, Hawaii http://large.stanford.edu/courses/2017/ph241/lewis1/docs/HBCAP_complete1.pdf",68,Predation,Predation,Predation,"",1,,0,,,"",,,Kauai,22.0964,-159.5261,Passeriformes,10.8,Landbirds,Vegetation
Loxops caeruleirostris,Akekee,Rattus,IUCN attribution was generic. Specific rodent was determined from literature review. See Table SX for references and notes.,Rattus,Table 1,"",Critically Endangered,"",Rattus rattus,Rattus rattus,0,0,"Hammond, R.L., Crampton, L.H. and Foster, J.T., 2015. Breeding biology of two endangered forest birds on the island of Kauai, Hawaii. The Condor: Ornithological Applications, 117(1), pp.31-40.",67,Predation,Predation,Predation,"",0,0,0,,,"",,,Kauai,22.0964,-159.5261,Passeriformes,10.8,Landbirds,Vegetation
Loxops caeruleirostris,Akekee,Rattus,IUCN attribution was generic. Specific rodent was determined from literature review. See Table SX for references and notes.,Rattus,"""""""""Predation on ‘Akikiki and ‘Akeke’e nests by rats has been documented by the KFBRP""""""""","",Critically Endangered,"",Rattus rattus,Rattus rattus,0,0,"VanderWerf, E. A. 2012. Hawaiian Bird Conservation Action Plan: NWHI Passerines. Honolulu, Hawaii http://large.stanford.edu/courses/2017/ph241/lewis1/docs/HBCAP_complete1.pdf",68,Predation,Predation,Predation,"",1,,0,,,"",,,Kauai,22.0964,-159.5261,Passeriformes,10.8,Landbirds,Vegetation
Loxops coccineus,Hawaii Akepa,Rattus,IUCN attribution was generic. Specific rodent was determined from literature review. See Table SX for references and notes.,,,,Endangered,"",Rattus exulans,,0,0,,,,,,,,,,,,,,,,,,Passeriformes,10.5,Landbirds,Vegetation
Loxops coccineus,Hawaii Akepa,Rattus,IUCN attribution was generic. Specific rodent was determined from literature review. See Table SX for references and notes.,,,,Endangered,"",Rattus norvegicus,,0,0,,,,,,,,,,,,,,,,,,Passeriformes,10.5,Landbirds,Vegetation
Loxops coccineus,Hawaii Akepa,Rattus,IUCN attribution was generic. Specific rodent was determined from literature review. See Table SX for references and notes.,,,,Endangered,"",Rattus rattus,,0,0,,,,,,,,,,,,,,,,,,Passeriformes,10.5,Landbirds,Vegetation
Macrocephalon maleo,Maleo,Rattus,IUCN attribution was generic. Specific rodent was determined from literature review. See Table SX for references and notes.,,,,Critically Endangered,"",Rattus exulans,,0,0,,,,,,,,,,,,,,,,,,Galliformes,1563.27333333333,Landbirds,Burrow
Macrocephalon maleo,Maleo,Rattus,IUCN attribution was generic. Specific rodent was determined from literature review. See Table SX for references and notes.,,,,Critically Endangered,"",Rattus rattus,,0,0,,,,,,,,,,,,,,,,,,Galliformes,1563.27333333333,Landbirds,Burrow
Magumma parva,Anianiau,Rattus,IUCN attribution was generic. Specific rodent was determined from literature review. See Table SX for references and notes.,,,,Vulnerable,"Hemignathus parvus, Viridonia parva parva",Rattus exulans,,0,0,,,,,,,,,,,,,,,,,,Passeriformes,9.3,Landbirds,Vegetation
Magumma parva,Anianiau,Rattus,IUCN attribution was generic. Specific rodent was determined from literature review. See Table SX for references and notes.,,,,Vulnerable,"Hemignathus parvus, Viridonia parva parva",Rattus norvegicus,,0,0,,,,,,,,,,,,,,,,,,Passeriformes,9.3,Landbirds,Vegetation
Magumma parva,Anianiau,Rattus,IUCN attribution was generic. Specific rodent was determined from literature review. See Table SX for references and notes.,,,,Vulnerable,"Hemignathus parvus, Viridonia parva parva",Rattus rattus,,0,0,,,,,,,,,,,,,,,,,,Passeriformes,9.3,Landbirds,Vegetation
Mayrornis versicolor,Ogea Monarch,Rattus,IUCN attribution was generic. Specific rodent was determined from literature review. See Table SX for references and notes.,,,,Near Threatened,"",Rattus exulans,,0,0,,,,,,,,,,,,,,,,,,Passeriformes,29,Landbirds,
Mayrornis versicolor,Ogea Monarch,Rattus,IUCN attribution was generic. Specific rodent was determined from literature review. See Table SX for references and notes.,,,,Near Threatened,"",Rattus norvegicus,,0,0,,,,,,,,,,,,,,,,,,Passeriformes,29,Landbirds,
Mayrornis versicolor,Ogea Monarch,Rattus,IUCN attribution was generic. Specific rodent was determined from literature review. See Table SX for references and notes.,,,,Near Threatened,"",Rattus rattus,,0,0,,,,,,,,,,,,,,,,,,Passeriformes,29,Landbirds,
Megapodius laperouse,Micronesian Scrubfowl,"Rattus, Rattus rattus",IUCN attribution was generic. Specific rodent was determined from literature review. See Table SX for references and notes.,Rattus,"""""""""rat occupancy probability... had a non-significant negative effect on scrubfowl numbers across islands"""""""" Table 1 and 3","",Near Threatened,"",Rattus exulans,Rattus exulans,0,0,"Radley, P.M., Davis, R.A. and Doherty, T.S., 2021. Impacts of invasive rats and tourism on a threatened island bird: the Palau Micronesian Scrubfowl. Bird Conservation International, 31(2), pp.206-218.",249,Population,Abundance,Spatial,"",0,,1,1,1,10,1,0,Palau,7.515,134.5825,Galliformes,308,Landbirds,Burrow
Megapodius laperouse,Micronesian Scrubfowl,"Rattus, Rattus rattus",IUCN attribution was generic. Specific rodent was determined from literature review. See Table SX for references and notes.,Rattus,"""""""""rat occupancy probability... had a non-significant negative effect on scrubfowl numbers across islands"""""""" Table 1 and 3","",Near Threatened,"",Rattus norvegicus,Rattus norvegicus,0,0,"Radley, P.M., Davis, R.A. and Doherty, T.S., 2021. Impacts of invasive rats and tourism on a threatened island bird: the Palau Micronesian Scrubfowl. Bird Conservation International, 31(2), pp.206-218.",249,Population,Abundance,Spatial,"",0,,1,1,1,10,1,0,Palau,7.515,134.5825,Galliformes,308,Landbirds,Burrow
Megapodius laperouse,Micronesian Scrubfowl,"Rattus, Rattus rattus",IUCN attribution was generic. Specific rodent was determined from literature review. See Table SX for references and notes.,Rattus,"""""""""rat occupancy probability... had a non-significant negative effect on scrubfowl numbers across islands"""""""" Table 1 and 3","",Near Threatened,"",Rattus rattus,Rattus rattus,0,0,"Radley, P.M., Davis, R.A. and Doherty, T.S., 2021. Impacts of invasive rats and tourism on a threatened island bird: the Palau Micronesian Scrubfowl. Bird Conservation International, 31(2), pp.206-218.",249,Population,Abundance,Spatial,"",0,,1,1,1,10,1,0,Palau,7.515,134.5825,Galliformes,308,Landbirds,Burrow
Melamprosops phaeosoma,Poo-uli,Rattus,IUCN attribution was generic. Specific rodent was determined from literature review. See Table SX for references and notes.,,,,Extinct,"",Rattus exulans,,0,0,,,,,,,,,,,,,,,,,,Passeriformes,25.5,Landbirds,Vegetation
Melamprosops phaeosoma,Poo-uli,Rattus,IUCN attribution was generic. Specific rodent was determined from literature review. See Table SX for references and notes.,,,,Extinct,"",Rattus norvegicus,,0,0,,,,,,,,,,,,,,,,,,Passeriformes,25.5,Landbirds,Vegetation
Melamprosops phaeosoma,Poo-uli,Rattus,IUCN attribution was generic. Specific rodent was determined from literature review. See Table SX for references and notes.,,,,Extinct,"",Rattus rattus,,0,0,,,,,,,,,,,,,,,,,,Passeriformes,25.5,Landbirds,Vegetation
Melanospiza richardsoni,Saint Lucia Black Finch,Rattus,IUCN attribution was generic. Specific rodent was determined from literature review. See Table SX for references and notes.,,,,Endangered,"",Rattus norvegicus,,0,0,,,,,,,,,,,,,,,,,,Passeriformes,20.9,Landbirds,Vegetation
Melanospiza richardsoni,Saint Lucia Black Finch,Rattus,IUCN attribution was generic. Specific rodent was determined from literature review. See Table SX for references and notes.,,,,Endangered,"",Rattus rattus,,0,0,,,,,,,,,,,,,,,,,,Passeriformes,20.9,Landbirds,Vegetation
Melopyrrha grandis,Saint Kitts Bullfinch,Rattus rattus,Rodent attribution from IUCN.,,,,Critically Endangered,"Loxigilla portoricensis, Pyrrhulagra portoricensis",Rattus rattus,,0,0,,,,,,,,,,,,,,,,,,Passeriformes,32,Landbirds,
Mergus australis,New Zealand Merganser,Rattus,IUCN attribution was generic. Specific rodent was determined from literature review. See Table SX for references and notes.,,,,Extinct,"",Rattus exulans,,0,0,,,,,,,,,,,,,,,,,,Anseriformes,1170.79833333333,Landbirds,
Mergus australis,New Zealand Merganser,Rattus,IUCN attribution was generic. Specific rodent was determined from literature review. See Table SX for references and notes.,,,,Extinct,"",Rattus norvegicus,,0,0,,,,,,,,,,,,,,,,,,Anseriformes,1170.79833333333,Landbirds,
Mergus australis,New Zealand Merganser,Rattus,IUCN attribution was generic. Specific rodent was determined from literature review. See Table SX for references and notes.,,,,Extinct,"",Rattus rattus,,0,0,,,,,,,,,,,,,,,,,,Anseriformes,1170.79833333333,Landbirds,
Mesitornis unicolor,Brown Mesite,Rattus,IUCN attribution was generic. Specific rodent was determined from literature review. See Table SX for references and notes.,,,,Vulnerable,"",Rattus norvegicus,,0,0,,,,,,,,,,,,,,,,,,Mesitornithiformes,148,Landbirds,Vegetation
Mesitornis unicolor,Brown Mesite,Rattus,IUCN attribution was generic. Specific rodent was determined from literature review. See Table SX for references and notes.,,,,Vulnerable,"",Rattus rattus,,0,0,,,,,,,,,,,,,,,,,,Mesitornithiformes,148,Landbirds,Vegetation
Mimus melanotis,San Cristobal Mockingbird,Rattus rattus,Rodent attribution from IUCN.,,,,Near Threatened,"",Rattus rattus,,0,0,,,,,,,,,,,,,,,,,,Passeriformes,50.52,Landbirds,Vegetation
Mimus trifasciatus,Floreana Mockingbird,Rattus rattus,Rodent attribution from IUCN.,Rattus rattus,"""""""""My studies on San Cristóbal in 1984 indicated that introduced black rats (Rattus rattus) can have a large detrimental impact on mockingbird nesting success. Clutches in at least 31% of the nests 1 studied at Cerro Brujo on San Cristóbal were destroyed by rats""""""""","",Endangered,"Nesomimus trifasciatus, Orpheus trifasciatus",Rattus rattus,Rattus rattus,1,0,"Curry, R.L., 1986. Whatever happened to the Floreana mockingbird? Notícias de Galápagos 43: 13-15.",81,Predation,Predation,Predation,Unknown,1,30,0,,,"",,,Floreana Island,-1.3083,-90.4314,Passeriformes,62.6866666666667,Landbirds,Vegetation
Moho bishopi,Bishop's Oo,Rattus rattus,Rodent attribution from IUCN.,,,,Extinct,"",Rattus rattus,,0,0,,,,,,,,,,,,,,,,,,Passeriformes,,Landbirds,Vegetation
Moho braccatus,Kauai Oo,Rattus rattus,Rodent attribution from IUCN.,,,,Extinct,"",Rattus rattus,,0,0,,,,,,,,,,,,,,,,,,Passeriformes,,Landbirds,Vegetation
Mohoua ochrocephala,Yellowhead,Rattus rattus,Rodent attribution from IUCN.,Rattus rattus,See Table 2,"",Near Threatened,"",Rattus rattus,Rattus rattus,1,0,"O'Donnell, C.F. and Phillipson, S.M., 1996. Predicting the incidence of mohua predation from the seedfall, mouse, and predator fluctuations in beech forests. New Zealand Journal of Zoology, 23(3), pp.287-293.",238,Population,Reproductive success,Temporal,"",1,,1,0,1,2 sites,1,0,Arthur's Pass National Park,-42.9363,171.7251,Passeriformes,27.6933333333333,Landbirds,Vegetation
Mohoua ochrocephala,Yellowhead,Rattus rattus,Rodent attribution from IUCN.,Rattus rattus,"Figure 3,4","",Near Threatened,"",Rattus rattus,Rattus rattus,1,0,"O'Donnell, C.F. and Hoare, J.M., 2012. Quantifying the benefits of long-term integrated pest control for forest bird populations in a New Zealand temperate rainforest. New Zealand Journal of Ecology, pp.131-140.",239,Population,Abundance,Temporal,"",0,,1,0,0,1,1,0,Landsborough Valley,-43.9711,169.4678,Passeriformes,27.6933333333333,Landbirds,Vegetation
Mohoua ochrocephala,Yellowhead,Rattus rattus,Rodent attribution from IUCN.,Rattus rattus,See Figure 2-4,"",Near Threatened,"",Rattus rattus,Rattus rattus,1,0,"Dilks, P., Willans, M., Pryde, M. and Fraser, I., 2003. Large scale stoat control to protect mohua (Mohoua ochrocephala) and kaka (Nestor meridionalis) in the Eglinton Valley, Fiordland, New Zealand. New Zealand Journal of Ecology, pp.1-9.",240,Population,Abundance,Temporal,"",1,,1,0,0,1,1,0,Fiordland,-45.4085,167.3591,Passeriformes,27.6933333333333,Landbirds,Vegetation
Mohoua ochrocephala,Yellowhead,Rattus rattus,Rodent attribution from IUCN.,Rattus rattus,"Fig 4, Table 3","Whitmore, N. (2021) An analysis of Makarora Mohua encounter rate 2011 -2020. Unpublished report for Central Otago Lakes Branch of Forest & Bird.; Whitmore, N. (2023a) An analysis of Mohua encounter rates at five South Island sites. Report for Department of Conservation.; Whitmore, N. (2023b) An analysis of Mohua encounter rates at Makarora 2011 – 2022. Southern Lakes Sanctuary unpublished report.",Near Threatened,"",Rattus rattus,Rattus rattus,1,0,"Tilson, J. (2024) Breeding success and survival of mohua at Makarora during the 2023 rat plague, and implications for future management. Southern Lakes Sanctuary",241,Population,Abundance,Temporal,"",1,,1,0,0,1,0,0,Makarora,-44.2319,169.2313,Passeriformes,27.6933333333333,Landbirds,Vegetation
Monias benschi,Subdesert Mesite,Rattus,IUCN attribution was generic. Specific rodent was determined from literature review. See Table SX for references and notes.,,,,Vulnerable,"",Rattus norvegicus,,0,0,,,,,,,,,,,,,,,,,,Mesitornithiformes,137.926666666667,Landbirds,Vegetation
Monias benschi,Subdesert Mesite,Rattus,IUCN attribution was generic. Specific rodent was determined from literature review. See Table SX for references and notes.,,,,Vulnerable,"",Rattus rattus,,0,0,,,,,,,,,,,,,,,,,,Mesitornithiformes,137.926666666667,Landbirds,Vegetation
Mundia elpenor,Ascension Crake,Rattus,IUCN attribution was generic. Specific rodent was determined from literature review. See Table SX for references and notes.,Rattus,"""""""""At some unknown time, rats and mice made their appearance. They were present by 1754 (La Caille, 1763) and Osbeck (1771, 11:84) felt that they came to the island with the wreck of William Dampier's ship Roebuck in 1701, although they may well have reached shore previously with vessels stopping for sea turtles or other supplies""""""""... Just how long after 1656 the Ascension rail survived is not known. If present, its numbers must have been considerably reduced by the 1700s as the species was never reported again.""""""""","",Extinct,Atlantisia elpenor,Rattus rattus,Rattus rattus,1,0,"Olson, Storrs L. """"""""Evolution of the rails of the South Atlantic islands (Aves: Rallidae)."""""""" (1973).",30,Population,Abundance,Timing,"",0,,0,,,"",,,Ascension Island,-7.9467,-14.3559,Gruiformes,,Landbirds,
Myadestes obscurus,Omao,Rattus,IUCN attribution was generic. Specific rodent was determined from literature review. See Table SX for references and notes.,,,,Vulnerable,"",Rattus exulans,,0,0,,,,,,,,,,,,,,,,,,Passeriformes,50.4266666666667,Landbirds,Ground
Myadestes obscurus,Omao,Rattus,IUCN attribution was generic. Specific rodent was determined from literature review. See Table SX for references and notes.,,,,Vulnerable,"",Rattus norvegicus,,0,0,,,,,,,,,,,,,,,,,,Passeriformes,50.4266666666667,Landbirds,Ground
Myadestes obscurus,Omao,Rattus,IUCN attribution was generic. Specific rodent was determined from literature review. See Table SX for references and notes.,,,,Vulnerable,"",Rattus rattus,,0,0,,,,,,,,,,,,,,,,,,Passeriformes,50.4266666666667,Landbirds,Ground
Myadestes palmeri,Puaiohi,Rattus,IUCN attribution was generic. Specific rodent was determined from literature review. See Table SX for references and notes.,Rattus,Table 2,"",Critically Endangered,"",Rattus exulans,Rattus exulans,0,0,"Tweed, E.J., Foster, J.T., Woodworth, B.L., Monahan, W.B., Kellerman, J.L. and Lieberman, A., 2006. Breeding biology and success of a reintroduced population of the critically endangered Puaiohi (Myadestes palmeri). The Auk, 123(3), pp.753-763.",59,Predation,Predation,Predation,"Eggs, adults (reintroduced)",1,33,,,,"",,,Kauai,22.0964,-159.5261,Passeriformes,39.6,Landbirds,Cliff-face
Myadestes palmeri,Puaiohi,Rattus,IUCN attribution was generic. Specific rodent was determined from literature review. See Table SX for references and notes.,Rattus,Table 2,"",Critically Endangered,"",Rattus exulans,Rattus exulans,0,0,"Tweed, E.J., Foster, J.T., Woodworth, B.L., Monahan, W.B., Kellerman, J.L. and Lieberman, A., 2006. Breeding biology and success of a reintroduced population of the critically endangered Puaiohi (Myadestes palmeri). The Auk, 123(3), pp.753-763.",60,Lethal program,Reproductive success,Temporal,"",0,,0,,,"",,,Kauai,22.0964,-159.5261,Passeriformes,39.6,Landbirds,Cliff-face
Myadestes palmeri,Puaiohi,Rattus,IUCN attribution was generic. Specific rodent was determined from literature review. See Table SX for references and notes.,Rattus,"""""""""The difference between adult male and adult female survival is consistent with rat (Rattus spp.) predation of females on the nest as a major source of mortality.""""""""","",Critically Endangered,"",Rattus exulans,Rattus exulans,0,0,"VanderWerf, E.A., Crampton, L.H., Diegmann, J.S., Atkinson, C.T. and Leonard, D.L., 2014. Survival estimates of wild and captive-bred released Puaiohi, an endangered Hawaiian thrush. The Condor: Ornithological Applications, 116(4), pp.609-618.",61,Predation,Predation,Predation,Adults,1,,0,,,"",,,Kauai,22.0964,-159.5261,Passeriformes,39.6,Landbirds,Cliff-face
Myadestes palmeri,Puaiohi,Rattus,IUCN attribution was generic. Specific rodent was determined from literature review. See Table SX for references and notes.,Rattus,Table 2,"",Critically Endangered,"",Rattus norvegicus,Rattus norvegicus,0,0,"Tweed, E.J., Foster, J.T., Woodworth, B.L., Monahan, W.B., Kellerman, J.L. and Lieberman, A., 2006. Breeding biology and success of a reintroduced population of the critically endangered Puaiohi (Myadestes palmeri). The Auk, 123(3), pp.753-763.",59,Predation,Predation,Predation,"Eggs, adults (reintroduced)",1,33,,,,"",,,Kauai,22.0964,-159.5261,Passeriformes,39.6,Landbirds,Cliff-face
Myadestes palmeri,Puaiohi,Rattus,IUCN attribution was generic. Specific rodent was determined from literature review. See Table SX for references and notes.,Rattus,Table 2,"",Critically Endangered,"",Rattus norvegicus,Rattus norvegicus,0,0,"Tweed, E.J., Foster, J.T., Woodworth, B.L., Monahan, W.B., Kellerman, J.L. and Lieberman, A., 2006. Breeding biology and success of a reintroduced population of the critically endangered Puaiohi (Myadestes palmeri). The Auk, 123(3), pp.753-763.",60,Lethal program,Reproductive success,Temporal,"",0,,0,,,"",,,Kauai,22.0964,-159.5261,Passeriformes,39.6,Landbirds,Cliff-face
Myadestes palmeri,Puaiohi,Rattus,IUCN attribution was generic. Specific rodent was determined from literature review. See Table SX for references and notes.,Rattus,"""""""""The difference between adult male and adult female survival is consistent with rat (Rattus spp.) predation of females on the nest as a major source of mortality.""""""""","",Critically Endangered,"",Rattus norvegicus,Rattus norvegicus,0,0,"VanderWerf, E.A., Crampton, L.H., Diegmann, J.S., Atkinson, C.T. and Leonard, D.L., 2014. Survival estimates of wild and captive-bred released Puaiohi, an endangered Hawaiian thrush. The Condor: Ornithological Applications, 116(4), pp.609-618.",61,Predation,Predation,Predation,Adults,1,,0,,,"",,,Kauai,22.0964,-159.5261,Passeriformes,39.6,Landbirds,Cliff-face
Myadestes palmeri,Puaiohi,Rattus,IUCN attribution was generic. Specific rodent was determined from literature review. See Table SX for references and notes.,Rattus rattus,"""""""""There was no evidence of rat predation at any of the nests with rat bait stations.""""""""","",Critically Endangered,"",Rattus rattus,Rattus rattus,0,0,"Snetsinger, T.J., Herrmann, C.M., Holmes, D.E., Hayward, C.D. and Fancy, S.G., 2005. Breeding ecology of the Puaiohi (Myadestes palmeri). The Wilson Bulletin, 117(1), pp.72-84.",62,Predation,Predation,Predation,"Eggs, chicks, adults",1,5,,,,"",,,Kauai,22.0964,-159.5261,Passeriformes,39.6,Landbirds,Cliff-face
Myadestes palmeri,Puaiohi,Rattus,IUCN attribution was generic. Specific rodent was determined from literature review. See Table SX for references and notes.,Rattus rattus,"""""""""Nest fate and nest protection with rat poison were not independent (x2 5 11.62, df 5 4, P 5 0.020). At protected nests, rat predation was 0%, owl or unknown predation was 3.7%, non-predation failure was 0%, unknown failure was 0%, and 96.3% fledged $1 young. At unprotected nests, rat predation was 7.4%, owl or unknown predation was 13.0%, non-predation failure was 16.7%, unknown failure was 1.9%, and 61.1% fledged $1 young. Nest failures confirmed to have been caused by rat predation increased from 0% in 1996 and 1997 to 36% (n 5 11 failures) in 1998, when eggs, nestlings, and an incubating female Puaiohi were depredated by rats. However, 8% of nests in 1996 and 3% of nests in 1997 failed due to unknown causes, at least a portion of which may have been caused by rat predation.","",Critically Endangered,"",Rattus rattus,Rattus rattus,0,0,"Snetsinger, T.J., Herrmann, C.M., Holmes, D.E., Hayward, C.D. and Fancy, S.G., 2005. Breeding ecology of the Puaiohi (Myadestes palmeri). The Wilson Bulletin, 117(1), pp.72-84.",63,Lethal program,Reproductive success,Spatial,"",1,,0,,,"",,,Kauai,22.0964,-159.5261,Passeriformes,39.6,Landbirds,Cliff-face
Myadestes palmeri,Puaiohi,Rattus,IUCN attribution was generic. Specific rodent was determined from literature review. See Table SX for references and notes.,Rattus,Table 2,"",Critically Endangered,"",Rattus rattus,Rattus rattus,0,0,"Tweed, E.J., Foster, J.T., Woodworth, B.L., Monahan, W.B., Kellerman, J.L. and Lieberman, A., 2006. Breeding biology and success of a reintroduced population of the critically endangered Puaiohi (Myadestes palmeri). The Auk, 123(3), pp.753-763.",59,Predation,Predation,Predation,"Eggs, adults (reintroduced)",1,33,,,,"",,,Kauai,22.0964,-159.5261,Passeriformes,39.6,Landbirds,Cliff-face
Myadestes palmeri,Puaiohi,Rattus,IUCN attribution was generic. Specific rodent was determined from literature review. See Table SX for references and notes.,Rattus,Table 2,"",Critically Endangered,"",Rattus rattus,Rattus rattus,0,0,"Tweed, E.J., Foster, J.T., Woodworth, B.L., Monahan, W.B., Kellerman, J.L. and Lieberman, A., 2006. Breeding biology and success of a reintroduced population of the critically endangered Puaiohi (Myadestes palmeri). The Auk, 123(3), pp.753-763.",60,Lethal program,Reproductive success,Temporal,"",0,,0,,,"",,,Kauai,22.0964,-159.5261,Passeriformes,39.6,Landbirds,Cliff-face
Myadestes palmeri,Puaiohi,Rattus,IUCN attribution was generic. Specific rodent was determined from literature review. See Table SX for references and notes.,Rattus,"""""""""The difference between adult male and adult female survival is consistent with rat (Rattus spp.) predation of females on the nest as a major source of mortality.""""""""","",Critically Endangered,"",Rattus rattus,Rattus rattus,0,0,"VanderWerf, E.A., Crampton, L.H., Diegmann, J.S., Atkinson, C.T. and Leonard, D.L., 2014. Survival estimates of wild and captive-bred released Puaiohi, an endangered Hawaiian thrush. The Condor: Ornithological Applications, 116(4), pp.609-618.",61,Predation,Predation,Predation,Adults,1,,0,,,"",,,Kauai,22.0964,-159.5261,Passeriformes,39.6,Landbirds,Cliff-face
Myzomela chermesina,Rotuma Myzomela,Rattus exulans,Rodent attribution from IUCN.,,,,Vulnerable,"",Rattus exulans,,0,0,,,,,,,,,,,,,,,,,,Passeriformes,10.8266666666667,Landbirds,Vegetation
Nannopterum harrisi,Flightless Cormorant,Rattus,IUCN attribution was generic. Specific rodent was determined from literature review. See Table SX for references and notes.,,,,Vulnerable,Phalacrocorax harrisi,Rattus norvegicus,,0,0,,,,,,,,,,,,,,,,,,Suliformes,3016.61,Seabirds,Cliff-face
Nannopterum harrisi,Flightless Cormorant,Rattus,IUCN attribution was generic. Specific rodent was determined from literature review. See Table SX for references and notes.,,,,Vulnerable,Phalacrocorax harrisi,Rattus rattus,,0,0,,,,,,,,,,,,,,,,,,Suliformes,3016.61,Seabirds,Cliff-face
Nesillas aldabrana,Aldabra Brush-warbler,Rattus,IUCN attribution was generic. Specific rodent was determined from literature review. See Table SX for references and notes.,,,,Extinct,"",Rattus norvegicus,,1,0,,,,,,,,,,,,,,,,,,Passeriformes,18.0942857142857,Landbirds,Vegetation
Nesillas aldabrana,Aldabra Brush-warbler,Rattus,IUCN attribution was generic. Specific rodent was determined from literature review. See Table SX for references and notes.,,,,Extinct,"",Rattus rattus,,1,0,,,,,,,,,,,,,,,,,,Passeriformes,18.0942857142857,Landbirds,Vegetation
Nesoenas cicur,Mauritius Turtle-dove,Rattus rattus,Rodent attribution from IUCN.,,,,Extinct,"",Rattus rattus,,1,0,,,,,,,,,,,,,,,,,,Columbiformes,252.38,Landbirds,
Nesoenas duboisi,Reunion Pigeon,Rattus,IUCN attribution was generic. Specific rodent was determined from literature review. See Table SX for references and notes.,,,,Extinct,Columba duboisi,Rattus norvegicus,,1,0,,,,,,,,,,,,,,,,,,Columbiformes,252.38,Landbirds,
Nesoenas duboisi,Reunion Pigeon,Rattus,IUCN attribution was generic. Specific rodent was determined from literature review. See Table SX for references and notes.,,,,Extinct,Columba duboisi,Rattus rattus,,1,0,,,,,,,,,,,,,,,,,,Columbiformes,252.38,Landbirds,
Nesoenas mayeri,Pink Pigeon,Rattus,IUCN attribution was generic. Specific rodent was determined from literature review. See Table SX for references and notes.,,,,Vulnerable,"Columba mayeri, Streptopelia mayeri",Rattus norvegicus,,0,0,,,,,,,,,,,,,,,,,,Columbiformes,302.773333333333,Landbirds,Vegetation
Nesoenas mayeri,Pink Pigeon,Rattus,IUCN attribution was generic. Specific rodent was determined from literature review. See Table SX for references and notes.,,,,Vulnerable,"Columba mayeri, Streptopelia mayeri",Rattus rattus,,0,0,,,,,,,,,,,,,,,,,,Columbiformes,302.773333333333,Landbirds,Vegetation
Nesoenas rodericanus,Rodrigues Turtle-dove,Rattus rattus,Rodent attribution from IUCN.,,,,Extinct,Alectroenas rodericana,Rattus rattus,,1,1,,,,,,,,,,,,,,,,,,Columbiformes,252.38,Landbirds,
Nesofregetta fuliginosa,Polynesian Storm-petrel,"Rattus exulans, Rattus rattus",Rodent attribution from IUCN.,,,,Endangered,"",Rattus exulans,,1,0,,,,,,,,,,,,,,,,,,Procellariiformes,70,Seabirds,Burrow
Nesofregetta fuliginosa,Polynesian Storm-petrel,"Rattus exulans, Rattus rattus",Rodent attribution from IUCN.,,,,Endangered,"",Rattus rattus,,1,0,,,,,,,,,,,,,,,,,,Procellariiformes,70,Seabirds,Burrow
Nesospiza acunhae,Inaccessible Island Finch,"Rattus, Mus musculus",IUCN attribution was generic. Specific rodent was determined from literature review. See Table SX for references and notes.,,,,Vulnerable,"",Mus musculus,,1,1,,,,,,,,,,,,,,,,,,Passeriformes,28.5266666666667,Landbirds,Vegetation
Nestor meridionalis,New Zealand Kaka,Rattus norvegicus,Rodent attribution from IUCN.,,,,Vulnerable,"",Rattus norvegicus,,0,0,,,,,,,,,,,,,,,,,,Psittaciformes,428.006666666667,Landbirds,Vegetation
Notiomystis cincta,Stitchbird,Rattus rattus,Rodent attribution from IUCN.,,,,Vulnerable,"",Rattus rattus,,1,0,,,,,,,,,,,,,,,,,,Passeriformes,93.38,Landbirds,Vegetation
Onychoprion aleuticus,Aleutian Tern,Rattus norvegicus,Rodent attribution from IUCN.,,,,Vulnerable,Sterna aleutica,Rattus norvegicus,,0,0,,,,,,,,,,,,,,,,,,Charadriiformes,120,Landbirds,Ground
Oreomystis bairdi,Akikiki,Rattus,IUCN attribution was generic. Specific rodent was determined from literature review. See Table SX for references and notes.,Rodent,Table 1,"",Critically Endangered,"",Rattus exulans,Rattus exulans,0,0,"Hammond, R.L., Crampton, L.H. and Foster, J.T., 2015. Breeding biology of two endangered forest birds on the island of Kauai, Hawaii. The Condor: Ornithological Applications, 117(1), pp.31-40.",65,Predation,Predation,Predation,"",1,,0,,,"",,,Kauai,22.0964,-159.5261,Passeriformes,14.2266666666667,Landbirds,Vegetation
Oreomystis bairdi,Akikiki,Rattus,IUCN attribution was generic. Specific rodent was determined from literature review. See Table SX for references and notes.,Rattus,"""""""""Predation on ‘Akikiki and ‘Akeke’e nests by rats has been documented by the KFBRP""""""""","",Critically Endangered,"",Rattus exulans,Rattus exulans,0,0,"VanderWerf, E. A. 2012. Hawaiian Bird Conservation Action Plan: NWHI Passerines. Honolulu, Hawaii http://large.stanford.edu/courses/2017/ph241/lewis1/docs/HBCAP_complete1.pdf",66,Predation,Predation,Predation,"",1,,0,,,"",,,Kauai,22.0964,-159.5261,Passeriformes,14.2266666666667,Landbirds,Vegetation
Oreomystis bairdi,Akikiki,Rattus,IUCN attribution was generic. Specific rodent was determined from literature review. See Table SX for references and notes.,Rodent,Table 1,"",Critically Endangered,"",Rattus norvegicus,Rattus norvegicus,0,0,"Hammond, R.L., Crampton, L.H. and Foster, J.T., 2015. Breeding biology of two endangered forest birds on the island of Kauai, Hawaii. The Condor: Ornithological Applications, 117(1), pp.31-40.",65,Predation,Predation,Predation,"",1,,0,,,"",,,Kauai,22.0964,-159.5261,Passeriformes,14.2266666666667,Landbirds,Vegetation
Oreomystis bairdi,Akikiki,Rattus,IUCN attribution was generic. Specific rodent was determined from literature review. See Table SX for references and notes.,Rattus,"""""""""Predation on ‘Akikiki and ‘Akeke’e nests by rats has been documented by the KFBRP""""""""","",Critically Endangered,"",Rattus norvegicus,Rattus norvegicus,0,0,"VanderWerf, E. A. 2012. Hawaiian Bird Conservation Action Plan: NWHI Passerines. Honolulu, Hawaii http://large.stanford.edu/courses/2017/ph241/lewis1/docs/HBCAP_complete1.pdf",66,Predation,Predation,Predation,"",1,,0,,,"",,,Kauai,22.0964,-159.5261,Passeriformes,14.2266666666667,Landbirds,Vegetation
Oreomystis bairdi,Akikiki,Rattus,IUCN attribution was generic. Specific rodent was determined from literature review. See Table SX for references and notes.,Rodent,Table 1,"",Critically Endangered,"",Rattus rattus,Rattus rattus,0,0,"Hammond, R.L., Crampton, L.H. and Foster, J.T., 2015. Breeding biology of two endangered forest birds on the island of Kauai, Hawaii. The Condor: Ornithological Applications, 117(1), pp.31-40.",65,Predation,Predation,Predation,"",1,,0,,,"",,,Kauai,22.0964,-159.5261,Passeriformes,14.2266666666667,Landbirds,Vegetation
Oreomystis bairdi,Akikiki,Rattus,IUCN attribution was generic. Specific rodent was determined from literature review. See Table SX for references and notes.,Rattus,"""""""""Predation on ‘Akikiki and ‘Akeke’e nests by rats has been documented by the KFBRP""""""""","",Critically Endangered,"",Rattus rattus,Rattus rattus,0,0,"VanderWerf, E. A. 2012. Hawaiian Bird Conservation Action Plan: NWHI Passerines. Honolulu, Hawaii http://large.stanford.edu/courses/2017/ph241/lewis1/docs/HBCAP_complete1.pdf",66,Predation,Predation,Predation,"",1,,0,,,"",,,Kauai,22.0964,-159.5261,Passeriformes,14.2266666666667,Landbirds,Vegetation
Otidiphaps insularis,Black-naped Pheasant-pigeon,Rattus exulans,Rodent attribution from IUCN.,,,,Critically Endangered,Otidiphaps nobilis,Rattus exulans,,0,0,,,,,,,,,,,,,,,,,,Columbiformes,499.99,Landbirds,Ground
Otus capnodes,Anjouan Scops-owl,Rattus rattus,Rodent attribution from IUCN.,Rattus,"""""""""Rats Rattus sp. are abundant in the forest (pers. obs.) and may affect breeding success by nest predation, although there is no concrete evidence.""""""""","",Endangered,"",Rattus rattus,Rattus rattus,0,0,"Safford, R.J., 1993. Rediscovery, taxonomy and conservation of the Anjouan Scops Owl Otus capnodes (Gurney 1889). Bird Conservation International, 3(1), pp.57-74.",45,Predation,Predation,Predation,"",0,,0,,,"",,,Anjouan,-12.2138,44.4371,Strigiformes,119,Landbirds,Vegetation
Otus insularis,Seychelles Scops-owl,Rattus rattus,Rodent attribution from IUCN.,Rattus rattus,"""""""""The nesting success of study pairs was low. Of the eight nests found only two successfully fledged a chick. At least two nests, and probably a third, failed due to de-predation by a mammal, almost certainly Black Rat Rattus rattus.""""""""","",Critically Endangered,"",Rattus rattus,Rattus rattus,0,0,"Currie, D.; Fanchette, R.; Millett, J.; Hoareau, C.; Shah, N. J. 2004. The breeding biology of the critically endangered Seychelles Scops-owl Otus insularis: consequences for conservation and management. Bird Conservation International 14: 123-137.",198,Predation,Predation,Predation,Unknown,1,25,0,,,"",,,"Mahé, Seychelles",-4.6827,55.4804,Strigiformes,144,Landbirds,Vegetation
Otus moheliensis,Moheli Scops-owl,Rattus,IUCN attribution was generic. Specific rodent was determined from literature review. See Table SX for references and notes.,,,,Endangered,"",Rattus rattus,,0,0,,,,,,,,,,,,,,,,,,Strigiformes,104.98,Landbirds,Vegetation
Otus pauliani,Grand Comoro Scops-owl,Rattus,IUCN attribution was generic. Specific rodent was determined from literature review. See Table SX for references and notes.,,,,Endangered,"",Rattus rattus,,0,0,,,,,,,,,,,,,,,,,,Strigiformes,69.4933333333333,Landbirds,Vegetation
Pachycephala jacquinoti,Tongan Whistler,"Rattus exulans, Rattus rattus",Rodent attribution from IUCN.,,,,Near Threatened,"",Rattus exulans,,0,0,,,,,,,,,,,,,,,,,,Passeriformes,36,Landbirds,Vegetation
Pachycephala jacquinoti,Tongan Whistler,"Rattus exulans, Rattus rattus",Rodent attribution from IUCN.,,,,Near Threatened,"",Rattus rattus,,0,0,,,,,,,,,,,,,,,,,,Passeriformes,36,Landbirds,Vegetation
Pachyptila macgillivrayi,MacGillivray's Prion,"Rattus, Mus musculus",IUCN attribution was generic. Specific rodent was determined from literature review. See Table SX for references and notes.,Mus musculus,"""""""""Mice killed the chicks of the recently discovered summer-breeding MacGillivray’s prion (Pachyptila macgillivrayi Mathews), with a chick mortality rate of 82%in 2013/14 and 100% in 2014/15.""""""""","",Critically Endangered,"",Mus musculus,Mus musculus,1,1,"Dilley, B.J., Davies, D., Bond, A.L. and Ryan, P.G., 2015. Effects of mouse predation on burrowing petrel chicks at Gough Island. Antarctic Science, 27(6), pp.543-553.",234,Predation,Predation,Predation,Chicks,1,,0,,,"",,,Gough Island,-40.3186,-9.9353,Procellariiformes,159,Seabirds,
Pachyptila macgillivrayi,MacGillivray's Prion,"Rattus, Mus musculus",IUCN attribution was generic. Specific rodent was determined from literature review. See Table SX for references and notes.,,,,Critically Endangered,"",Rattus norvegicus,,1,1,,,,,,,,,,,,,,,,,,Procellariiformes,159,Seabirds,
Pachyptila macgillivrayi,MacGillivray's Prion,"Rattus, Mus musculus",IUCN attribution was generic. Specific rodent was determined from literature review. See Table SX for references and notes.,Rattus rattus,"For two prion species combined: """"""""The most important population increases following eradication were for prions and flesh-footed shearwaters. This was particularly clear for prions which were not breeding on Saint-Paul prior to rat eradication due to rat predation. Although our population estimates are imprecise, we are quite confident in their accuracy since two independent monitoring methods gave relatively similar results for MacGillivray’s prion in colony 2."""""""" Also Table 3 shows this prion breeding on the island in the after eradication survey but not in the before survey","",Critically Endangered,"",Rattus rattus,Rattus rattus,1,1,"Barbraud, C., Delord, K., Le Bouard, F., Harivel, R., Demay, J., Chaigne, A. and Micol, T., 2021. Seabird population changes following mammal eradication at oceanic Saint-Paul Island, Indian Ocean. Journal for Nature Conservation, 63, p.126049.",233,Population,Abundance,Timing,"",1,,0,,,"",,,Saint-Paul Island,57.1208,-170.283,Procellariiformes,159,Seabirds,
Palmeria dolei,Akohekohe,Rattus,IUCN attribution was generic. Specific rodent was determined from literature review. See Table SX for references and notes.,Rattus,"""""""""Rats (Rattus spp.) were abundant at the study site, and we confirmed their depredating some ‘A ̄ kohekohe nests, so we did not expect to find such a high rate of nest success.""""""""","",Critically Endangered,"",Rattus exulans,Rattus exulans,0,0,"Simon, J.C., Pratt, T.K., Berlin, K.E. and Kowalsky, J.R., 2001. Reproductive ecology and demography of the ‘Ākohekohe. The Condor, 103(4), pp.736-745.",220,Predation,Predation,Predation,"",1,,0,,,"",,,Maui,20.7984,-156.3319,Passeriformes,26.08,Landbirds,Vegetation
Palmeria dolei,Akohekohe,Rattus,IUCN attribution was generic. Specific rodent was determined from literature review. See Table SX for references and notes.,Rattus,"""""""""Rats (Rattus spp.) were abundant at the study site, and we confirmed their depredating some ‘A ̄ kohekohe nests, so we did not expect to find such a high rate of nest success.""""""""","",Critically Endangered,"",Rattus norvegicus,Rattus norvegicus,0,0,"Simon, J.C., Pratt, T.K., Berlin, K.E. and Kowalsky, J.R., 2001. Reproductive ecology and demography of the ‘Ākohekohe. The Condor, 103(4), pp.736-745.",220,Predation,Predation,Predation,"",1,,0,,,"",,,Maui,20.7984,-156.3319,Passeriformes,26.08,Landbirds,Vegetation
Palmeria dolei,Akohekohe,Rattus,IUCN attribution was generic. Specific rodent was determined from literature review. See Table SX for references and notes.,Rattus,"""""""""Rats (Rattus spp.) were abundant at the study site, and we confirmed their depredating some ‘A ̄ kohekohe nests, so we did not expect to find such a high rate of nest success.""""""""","",Critically Endangered,"",Rattus rattus,Rattus rattus,0,0,"Simon, J.C., Pratt, T.K., Berlin, K.E. and Kowalsky, J.R., 2001. Reproductive ecology and demography of the ‘Ākohekohe. The Condor, 103(4), pp.736-745.",220,Predation,Predation,Predation,"",1,,0,,,"",,,Maui,20.7984,-156.3319,Passeriformes,26.08,Landbirds,Vegetation
Pampusana canifrons,Palau Ground-dove,Rattus,IUCN attribution was generic. Specific rodent was determined from literature review. See Table SX for references and notes.,Rattus,"""""""""The Palau Conservation Society reported observing a ground dove being killed by a rat in 2005 (A. Gupta in litt. 2011).""""""""","",Endangered,"Alopecoenas canifrons, Gallicolumba canifrons",Rattus exulans,Rattus exulans,1,0,BirdLife International. 2018. Alopecoenas canifrons (errata version published in 2022). The IUCN Red List of Threatened Species 2018: e.T22691071A216247017. Accessed on 17 February 2024.,247,Predation,Predation,Predation,"",1,,0,,,"",,,Palau,7.515,134.5825,Columbiformes,135,Landbirds,
Pampusana canifrons,Palau Ground-dove,Rattus,IUCN attribution was generic. Specific rodent was determined from literature review. See Table SX for references and notes.,Rattus,"""""""""The Palau Conservation Society reported observing a ground dove being killed by a rat in 2005 (A. Gupta in litt. 2011).""""""""","",Endangered,"Alopecoenas canifrons, Gallicolumba canifrons",Rattus norvegicus,Rattus norvegicus,1,0,BirdLife International. 2018. Alopecoenas canifrons (errata version published in 2022). The IUCN Red List of Threatened Species 2018: e.T22691071A216247017. Accessed on 17 February 2024.,247,Predation,Predation,Predation,"",1,,0,,,"",,,Palau,7.515,134.5825,Columbiformes,135,Landbirds,
Pampusana erythroptera,Polynesian Ground-dove,"Rattus rattus, Rattus exulans",Rodent attribution from IUCN.,,,,Critically Endangered,"Alopecoenas erythropterus, Gallicolumba erythroptera",Rattus exulans,,1,0,,,,,,,,,,,,,,,,,,Columbiformes,113.19,Landbirds,
Pampusana erythroptera,Polynesian Ground-dove,"Rattus rattus, Rattus exulans",Rodent attribution from IUCN.,,,,Critically Endangered,"Alopecoenas erythropterus, Gallicolumba erythroptera",Rattus rattus,,1,0,,,,,,,,,,,,,,,,,,Columbiformes,113.19,Landbirds,
Pampusana kubaryi,Caroline Ground-dove,Rattus,IUCN attribution was generic. Specific rodent was determined from literature review. See Table SX for references and notes.,,,,Endangered,"Alopecoenas kubaryi, Gallicolumba kubaryi",Rattus exulans,,1,0,,,,,,,,,,,,,,,,,,Columbiformes,162,Landbirds,Vegetation
Pampusana kubaryi,Caroline Ground-dove,Rattus,IUCN attribution was generic. Specific rodent was determined from literature review. See Table SX for references and notes.,,,,Endangered,"Alopecoenas kubaryi, Gallicolumba kubaryi",Rattus norvegicus,,1,0,,,,,,,,,,,,,,,,,,Columbiformes,162,Landbirds,Vegetation
Pampusana kubaryi,Caroline Ground-dove,Rattus,IUCN attribution was generic. Specific rodent was determined from literature review. See Table SX for references and notes.,,,,Endangered,"Alopecoenas kubaryi, Gallicolumba kubaryi",Rattus rattus,,1,0,,,,,,,,,,,,,,,,,,Columbiformes,162,Landbirds,Vegetation
Pampusana salamonis,Thick-billed Ground-dove,Rattus,IUCN attribution was generic. Specific rodent was determined from literature review. See Table SX for references and notes.,,,,Extinct,"Alopecoenas salamonis, Gallicolumba salamonis",Rattus exulans,,1,0,,,,,,,,,,,,,,,,,,Columbiformes,124.845714285714,Landbirds,
Pampusana salamonis,Thick-billed Ground-dove,Rattus,IUCN attribution was generic. Specific rodent was determined from literature review. See Table SX for references and notes.,,,,Extinct,"Alopecoenas salamonis, Gallicolumba salamonis",Rattus rattus,,1,0,,,,,,,,,,,,,,,,,,Columbiformes,124.845714285714,Landbirds,
Pampusana sanctaecrucis,Santa Cruz Ground-dove,Rattus rattus,Rodent attribution from IUCN.,,,,Endangered,"Alopecoenas sanctaecrucis, Gallicolumba sanctaecrucis",Rattus rattus,,0,0,,,,,,,,,,,,,,,,,,Columbiformes,171,Landbirds,Vegetation
Pampusana stairi,Shy Ground-dove,Rattus exulans,Rodent attribution from IUCN.,,,,Vulnerable,"Alopecoenas stairi, Gallicolumba stairi",Rattus exulans,,0,0,,,,,,,,,,,,,,,,,,Columbiformes,171,Landbirds,Vegetation
Pareudiastes pacificus,Samoan Moorhen,Rattus,IUCN attribution was generic. Specific rodent was determined from literature review. See Table SX for references and notes.,,,,Critically Endangered,Gallinula pacifica,Rattus exulans,,1,0,,,,,,,,,,,,,,,,,,Gruiformes,450,Landbirds,Ground
Pelecanoides garnotii,Peruvian Diving-petrel,"Rattus, Mus musculus",IUCN attribution was generic. Specific rodent was determined from literature review. See Table SX for references and notes.,,,,Near Threatened,"",Rattus norvegicus,,0,0,,,,,,,,,,,,,,,,,,Procellariiformes,219.713333333333,Seabirds,Cliff-face
Pelecanoides garnotii,Peruvian Diving-petrel,"Rattus, Mus musculus",IUCN attribution was generic. Specific rodent was determined from literature review. See Table SX for references and notes.,,,,Near Threatened,"",Rattus rattus,,0,0,,,,,,,,,,,,,,,,,,Procellariiformes,219.713333333333,Seabirds,Cliff-face
Pelecanoides whenuahouensis,Whenua Hou Diving-petrel,"Rattus exulans, Rattus norvegicus",Rodent attribution from IUCN.,Rattus exulans,"""""""""...statistical analysis… gave a 95% probability that the diving petrel colony was founded between 1338 and 1440 ad, lasted 40–310 years, and became extinct between 1475 and 1650 ad… analysis of five 14C AMS determinations on Pacific rat bone gelatin did not exclude the possibility that the Pacific rat arrived before the diving petrel colony was established. However, the enriched 513C of their bone gelatin suggests that the rats had a partially marine diet, and a terrestrial calibration procedure for their AMS ages was probably not appropriate""""""""","",Critically Endangered,Pelecanoides georgicus,Rattus exulans,Rattus exulans,0,0,"Holdaway, R.N., Jones, M.D. and Athfield, N.R.B., 2003. Establishment and extinction of a population of South Georgian diving petrel (Pelecanoides georgicus) at Mason Bay, Stewart Island, New Zealand, during the late Holocene. Journal of the Royal society of New Zealand, 33(3), pp.601-622.",172,Population,Abundance,Timing,"",1,,0,,,"",,,Stewart Island,-47.0103,167.8272,Procellariiformes,121,Seabirds,Burrow
Pelecanoides whenuahouensis,Whenua Hou Diving-petrel,"Rattus exulans, Rattus norvegicus",Rodent attribution from IUCN.,Rattus exulans,"""""""""Both estimates of Nt and k (based on pd,t data informed all 11 experts) indicated that the WHDP population was slowly increasing before invasive predator eradications and still is slowly increasing after- wards….The lack of change between the pre- and post-eradication k and the low post-eradication k indicated that after the inva- sive predator eradications other factors remained that limit the WHDP population growth and that additional manage- ment is required."""""""" But see Figure 4","",Critically Endangered,Pelecanoides georgicus,Rattus exulans,Rattus exulans,0,0,"Fischer, J.H., Taylor, G.A., Cole, R., Debski, I., Armstrong, D.P. and Wittmer, H.U., 2020. Population growth estimates of a threatened seabird indicate necessity for additional management following invasive predator eradications. Animal Conservation, 23(1), pp.94-103.",173,Population,Abundance,Timing,"",0,,0,,,"",,,Codfish Island,-46.7733,167.6321,Procellariiformes,121,Seabirds,Burrow
Pelecanoides whenuahouensis,Whenua Hou Diving-petrel,"Rattus exulans, Rattus norvegicus",Rodent attribution from IUCN.,,,,Critically Endangered,Pelecanoides georgicus,Rattus norvegicus,,0,0,,,,,,,,,,,,,,,,,,Procellariiformes,121,Seabirds,Burrow
Petroica multicolor,Norfolk Island Robin,Rattus rattus,Rodent attribution from IUCN.,Rattus,"""""""""We found evidence of invasive rats preying on eggs and chicks of all five focal nesting species at nest heights ranging from 1.3 to 8.3 m above the ground."""""""" + Table S4","",Endangered,"",Rattus rattus,Rattus rattus,1,0,"Nance, A.H., Mitchell, W.F., Dawlings, F., Cook, C.N. and Clarke, R.H., 2023. Rodent predation and specialised avian habitat requirements drive extinction risk for endemic island songbirds in the south-west Pacific. Emu-Austral Ornithology, 123(3), pp.217-231.",186,Predation,Predation,Predation,"Eggs, chicks",1,39,0,,,"",,,Norfolk Island,-29.0408,167.9547,Passeriformes,11.3733333333333,Landbirds,Vegetation
Petroica multicolor,Norfolk Island Robin,Rattus rattus,Rodent attribution from IUCN.,Rattus,"""""""""Bait station density was also positively correlated with DSR in all candidate models, indicating nest survival was higher in areas with more intensive baiting, although effect sizes were small (best model: z = 1.95, p = 0.05; Figure 2(b))"""""""" - Daily nest survival rate (DSR) - """"""""That rodents present as a key threatening process is further supported by mea- sures of nest vulnerability to rodents (i.e. in areas of lower bait density and higher nest connectivity) which were key predictors of daily nest survival.""""""""","",Endangered,"",Rattus rattus,Rattus rattus,1,0,"Nance, A.H., Mitchell, W.F., Dawlings, F., Cook, C.N. and Clarke, R.H., 2023. Rodent predation and specialised avian habitat requirements drive extinction risk for endemic island songbirds in the south-west Pacific. Emu-Austral Ornithology, 123(3), pp.217-231.",187,Lethal program,Reproductive success,Spatial,"",1,,0,,,"",,,Norfolk Island,-29.0408,167.9547,Passeriformes,11.3733333333333,Landbirds,Vegetation
Petroica traversi,Black Robin,Rattus,IUCN attribution was generic. Specific rodent was determined from literature review. See Table SX for references and notes.,,,,Vulnerable,"",Rattus exulans,,1,0,,,,,,,,,,,,,,,,,,Passeriformes,23.5,Landbirds,Vegetation
Petroica traversi,Black Robin,Rattus,IUCN attribution was generic. Specific rodent was determined from literature review. See Table SX for references and notes.,,,,Vulnerable,"",Rattus norvegicus,,1,0,,,,,,,,,,,,,,,,,,Passeriformes,23.5,Landbirds,Vegetation
Petroica traversi,Black Robin,Rattus,IUCN attribution was generic. Specific rodent was determined from literature review. See Table SX for references and notes.,,,,Vulnerable,"",Rattus rattus,,1,0,,,,,,,,,,,,,,,,,,Passeriformes,23.5,Landbirds,Vegetation
Phalacrocorax featherstoni,Pitt Island Shag,"Rattus rattus, Rattus norvegicus",Rodent attribution from IUCN.,,,,Endangered,Stictocarbo featherstoni,Rattus norvegicus,,0,0,,,,,,,,,,,,,,,,,,Suliformes,1041.86666666667,Seabirds,Cliff-face
Phalacrocorax featherstoni,Pitt Island Shag,"Rattus rattus, Rattus norvegicus",Rodent attribution from IUCN.,,,,Endangered,Stictocarbo featherstoni,Rattus rattus,,0,0,,,,,,,,,,,,,,,,,,Suliformes,1041.86666666667,Seabirds,Cliff-face
Philesturnus rufusater,North Island Saddleback,Rattus norvegicus,Rodent attribution from IUCN.,,,,Near Threatened,"",Rattus norvegicus,,0,0,,,,,,,,,,,,,,,,,,Passeriformes,74.71,Landbirds,Cliff-face
Phoebastria immutabilis,Laysan Albatross,Mus musculus,Rodent attribution from IUCN.,Mus musculus,"""""""""we show that, in addition to chicks, house mice (Mus musculus) prey on adult nesting LAAL on Midway Atoll""""""""","",Near Threatened,Diomedea immutabilis,Mus musculus,Mus musculus,0,0,"Work, T.M., Duhr, M. and Flint, B., 2021. Pathology of house mouse (Mus musculus) predation on Laysan albatross (Phoebastria immutabilis) on Midway Atoll National Wildlife Refuge. The Journal of Wildlife Diseases, 57(1), pp.125-131.",139,Predation,Predation,Predation,"Chicks, adults",1,,0,,,"",,,Midway Atoll National Wildlife Refuge,28.2482,-177.3335,Procellariiformes,3145.92,Seabirds,Ground
Phoebastria immutabilis,Laysan Albatross,Mus musculus,Rodent attribution from IUCN.,Mus musculus,"""""""""House mouse diet on Sand Island is dominated by arthropods (62%), with C3 plants, C4 plants, and mōlī contributing nearly equal proportions (15%, 12%, and 12%, respectively; Fig 3A, S4 Table).""""""""","",Near Threatened,Diomedea immutabilis,Mus musculus,Mus musculus,0,0,"Holthuijzen, W.A., Flint, E.N., Green, S.J., Plissner, J.H., Simberloff, D., Sweeney, D., Wolf, C.A. and Jones, H.P., 2023. An invasive appetite: Combining molecular and stable isotope analyses to reveal the diet of introduced house mice (Mus musculus) on a small, subtropical island. Plos one, 18(10), p.e0293092.",140,Predation,Predation,Predation,"Chicks, adults",1,,0,,,"",,,Midway Atoll National Wildlife Refuge,28.2482,-177.3335,Procellariiformes,3145.92,Seabirds,Ground
Phoebetria fusca,Sooty Albatross,"Rattus, Mus musculus",IUCN attribution was generic. Specific rodent was determined from literature review. See Table SX for references and notes.,Mus musculus,"""""""""Fig. 1. a. The carcass of a sooty albatross chick with wounds to its belly and abdomen and exposed viscera, and b. location of the mouse hole within the nest and beneath the carcass of the chick.","",Endangered,"",Mus musculus,Mus musculus,0,0,"Cuthbert, R.J., Louw, H., Parker, G., Rexer-Huber, K. and Visser, P., 2013. Observations of mice predation on dark-mantled sooty albatross and Atlantic yellow-nosed albatross chicks at Gough Island. Antarctic Science, 25(6), pp.763-766.",146,Predation,Predation,Predation,Chicks,1,,0,,,"",,,Gough Island,-40.3186,-9.9353,Procellariiformes,2553.67333333333,Seabirds,Cliff-face
Phoebetria fusca,Sooty Albatross,"Rattus, Mus musculus",IUCN attribution was generic. Specific rodent was determined from literature review. See Table SX for references and notes.,Mus musculus,"""""""""In 2015, mice attacked large chicks of all three albatross species that fledge in autumn: grey-headed (Thalassarche chrysostoma Forster) (at least 102 wounded chicks; 4.6% of fledglings), sooty (n = 45, 4.3%) and light-mantled albatross (P. palpebrata Forster) (n = 1, 4%). Filming at night confirmed that mice were responsible for wounds.""""""""","",Endangered,"",Mus musculus,Mus musculus,0,0,"Dilley, B.J., Schoombie, S., Schoombie, J. and Ryan, P.G., 2016. ‘Scalping’of albatross fledglings by introduced mice spreads rapidly at Marion Island. Antarctic Science, 28(2), pp.73-80.",148,Predation,Predation,Predation,Chicks,1,4.3,0,,,"",,,Marion Island,-46.9125,37.743611,Procellariiformes,2553.67333333333,Seabirds,Cliff-face
Phoebetria fusca,Sooty Albatross,"Rattus, Mus musculus",IUCN attribution was generic. Specific rodent was determined from literature review. See Table SX for references and notes.,Mus musculus,"""""""""We summarize evidence for mouse attacks on albatross chicks at sub-Antarctic Marion Island, where mice are also the only introduced mammal following the eradication of feral cats Felis catus in the early 1990s. Wounds consistent with mouse attacks have been found on wandering albatrosses Diomedea exulans since 2003 and dark-mantled sooty albatrosses Phoebetria fusca in 2009."""""""" """"""""However, in April 2009 localized attacks were recorded on dark-mantled sooty albatross chicks at Marion Island. Seven of 19 large chicks on two ledges of an inland cliff in the south-west of the island (Old Sea Cliffs, Toffee Lava) bore open wounds on the backs of their heads and/or necks (Fig. 2) similar to wounds observed on some Tristan albatross chicks on Gough Island""""""""","",Endangered,"",Mus musculus,Mus musculus,0,0,"Jones, M.G.W. and Ryan, P.G., 2010. Evidence of mouse attacks on albatross chicks on sub-Antarctic Marion Island. Antarctic Science, 22(1), pp.39-42.",149,Predation,Predation,Predation,Chicks,1,,0,,,"",,,Marion Island,-46.9125,37.743611,Procellariiformes,2553.67333333333,Seabirds,Cliff-face
Phoebetria fusca,Sooty Albatross,"Rattus, Mus musculus",IUCN attribution was generic. Specific rodent was determined from literature review. See Table SX for references and notes.,,,,Endangered,"",Rattus norvegicus,,0,0,,,,,,,,,,,,,,,,,,Procellariiformes,2553.67333333333,Seabirds,Cliff-face
Phoebetria fusca,Sooty Albatross,"Rattus, Mus musculus",IUCN attribution was generic. Specific rodent was determined from literature review. See Table SX for references and notes.,Rattus rattus,No difference in number of Sooty Albatross breeding pairs before and after rat eradication (Table 2),"",Endangered,"",Rattus rattus,Rattus rattus,0,0,"Barbraud, C., Delord, K., Le Bouard, F., Harivel, R., Demay, J., Chaigne, A. and Micol, T., 2021. Seabird population changes following mammal eradication at oceanic Saint-Paul Island, Indian Ocean. Journal for Nature Conservation, 63, p.126049.",147,Population,Abundance,Timing,"",0,,0,,,"",,,Saint-Paul Island,57.1208,-170.283,Procellariiformes,2553.67333333333,Seabirds,Cliff-face
Phoebetria palpebrata,Light-mantled Albatross,"Rattus, Mus musculus",IUCN attribution was generic. Specific rodent was determined from literature review. See Table SX for references and notes.,Mus musculus,"""""""""In 2015, mice attacked large chicks of all three albatross species that fledge in autumn: grey-headed (Thalassarche chrysostoma Forster) (at least 102 wounded chicks; 4.6% of fledglings), sooty (n = 45, 4.3%) and light-mantled albatross (P. palpebrata Forster) (n = 1, 4%). Filming at night confirmed that mice were responsible for wounds.""""""""","",Near Threatened,"",Mus musculus,Mus musculus,0,0,"Dilley, B.J., Schoombie, S., Schoombie, J. and Ryan, P.G., 2016. ‘Scalping’of albatross fledglings by introduced mice spreads rapidly at Marion Island. Antarctic Science, 28(2), pp.73-80.",150,Predation,Predation,Predation,Chicks,1,4,0,,,"",,,Marion Island,-46.9125,37.743611,Procellariiformes,3150,Seabirds,Cliff-face
Phoebetria palpebrata,Light-mantled Albatross,"Rattus, Mus musculus",IUCN attribution was generic. Specific rodent was determined from literature review. See Table SX for references and notes.,,,,Near Threatened,"",Rattus norvegicus,,0,0,,,,,,,,,,,,,,,,,,Procellariiformes,3150,Seabirds,Cliff-face
Phoebetria palpebrata,Light-mantled Albatross,"Rattus, Mus musculus",IUCN attribution was generic. Specific rodent was determined from literature review. See Table SX for references and notes.,,,,Near Threatened,"",Rattus rattus,,0,0,,,,,,,,,,,,,,,,,,Procellariiformes,3150,Seabirds,Cliff-face
Phylloscopus amoenus,Kolombangara Leaf-warbler,Rattus,IUCN attribution was generic. Specific rodent was determined from literature review. See Table SX for references and notes.,,,,Vulnerable,"",Rattus exulans,,0,0,,,,,,,,,,,,,,,,,,Passeriformes,10.52,Landbirds,
Phylloscopus amoenus,Kolombangara Leaf-warbler,Rattus,IUCN attribution was generic. Specific rodent was determined from literature review. See Table SX for references and notes.,,,,Vulnerable,"",Rattus rattus,,0,0,,,,,,,,,,,,,,,,,,Passeriformes,10.52,Landbirds,
Ploceus grandis,Giant Weaver,Rattus rattus,Rodent attribution from IUCN.,,,,Near Threatened,"",Rattus rattus,,0,0,,,,,,,,,,,,,,,,,,Passeriformes,63.4866666666667,Landbirds,
Pomarea dimidiata,Rarotonga Monarch,Rattus rattus,Rodent attribution from IUCN.,Rattus rattus,"""""""""nesting success was significantly better where we poisoned rats"""""""" In the Chan study Fig. 2 shows that Kakerori population size on Rarotonga increased between 1987 and 2007 to around 300 birds; the IUCN now lists them as 500 (including an introduced population)","Chan, C.H., Robertson, H.A., Saul, E.K., Nia, L.V., Luong, V.P., Kong, X., Zhao, Y. and Chambers, G.K., 2011. Genetic variation in the kakerori (Pomarea dimidiata), an endangered endemic bird successfully recovering in the Cook Islands. Conservation Genetics, 12, pp.441-447; BirdLife International. 2018. Pomarea dimidiata. The IUCN Red List of Threatened Species 2018: e.T22707172A132072143. https://dx.doi.org/10.2305/IUCN.UK.2018-2.RLTS.T22707172A132072143.en. Accessed on 14 December 2023.",Vulnerable,"",Rattus rattus,Rattus rattus,1,1,"Robertson, H.A., Hay, J.R., Saul, E.K. and Mccormack, G.V., 1994. Recovery of the kakerori: an endangered forest bird of the Cook Islands. Conservation Biology, 8(4), pp.1078-1086.",80,Lethal program,Reproductive success,Temporal,"",1,,0,,,"",,,Rarotonga,-21.2292,-159.7763,Passeriformes,23,Landbirds,Vegetation
Pomarea fluxa,Eiao Monarch,"Rattus exulans, Rattus rattus",Rodent attribution from IUCN.,"Rattus exulans, Rattus rattus","""""""""Introduced predators including feral cats, Polynesian rat Rattus exulans and possibly black rat R. rattus were present on the island at the time of the species's demise, and may have contributed to declines""""""""","",Extinct,"",Rattus exulans,Rattus exulans,1,1,BirdLife International. 2016. Pomarea fluxa. The IUCN Red List of Threatened Species 2016: e.T22732926A95051671. https://dx.doi.org/10.2305/IUCN.UK.2016-3.RLTS.T22732926A95051671.en. Accessed on 16 November 2023.,32,Population,Abundance,Timing,"",1,,0,,,"",,,Marquesas Islands,-9.7812,-139.0817,Passeriformes,28.9647058823529,Landbirds,
Pomarea fluxa,Eiao Monarch,"Rattus exulans, Rattus rattus",Rodent attribution from IUCN.,"Rattus exulans, Rattus rattus","""""""""Introduced predators including feral cats, Polynesian rat Rattus exulans and possibly black rat R. rattus were present on the island at the time of the species's demise, and may have contributed to declines""""""""","",Extinct,"",Rattus rattus,Rattus rattus,1,1,BirdLife International. 2016. Pomarea fluxa. The IUCN Red List of Threatened Species 2016: e.T22732926A95051671. https://dx.doi.org/10.2305/IUCN.UK.2016-3.RLTS.T22732926A95051671.en. Accessed on 16 November 2023.,32,Population,Abundance,Timing,"",1,,0,,,"",,,Marquesas Islands,-9.7812,-139.0817,Passeriformes,28.9647058823529,Landbirds,
Pomarea mendozae,Marquesas Monarch,Rattus exulans,Rodent attribution from IUCN.,,,,Endangered,"",Rattus exulans,,0,0,,,,,,,,,,,,,,,,,,Passeriformes,29.6,Landbirds,Vegetation
Pomarea mira,Ua Pou Monarch,Rattus rattus,Rodent attribution from IUCN.,,,,Critically Endangered,"",Rattus rattus,,0,0,,,,,,,,,,,,,,,,,,Passeriformes,29.6,Landbirds,Vegetation
Pomarea nigra,Tahiti Monarch,Rattus rattus,Rodent attribution from IUCN.,Rattus rattus,"Table 2, Tahiti monarch co-occurred with black rats since the 19th century","",Critically Endangered,"",Rattus rattus,Rattus rattus,1,1,"Thibault, J.C., Martin, J.L., Penloup, A. and Meyer, J.Y., 2002. Understanding the decline and extinction of monarchs (Aves) in Polynesian Islands. Biological conservation, 108(2), pp.161-174.",189,Population,Abundance,Timing,"",0,,0,,,"",,,Tahiti,-17.6509,-149.426,Passeriformes,25.4,Landbirds,Vegetation
Pomarea nigra,Tahiti Monarch,Rattus rattus,Rodent attribution from IUCN.,Rattus rattus,"""""""""Rat control campaigns involved two valleys in 1998, three in 1999, and four in 2000.""""""""... """"""""In 1999 and 2000, several transects of snap-traps were set before and 10 weeks after the start of the rat control campaign to establish the impact of the campaign on rodent density."""""""" """"""""According to the situation of each nest, the nesting tree and the surrounding trees were banded with a metal sleeve to prevent rats climbing to the nest. Except for a few nests in 1998 and nests which were not found, all nests were protected using this method."""""""" Study method unclear - there are """"""""protected"""""""" and """"""""unprotected"""""""" nests (Table 2) but all nests were banded to reduce rats climbing to nests (as quoted)","",Critically Endangered,"",Rattus rattus,Rattus rattus,1,1,"Blanvillain, C., Salducci, J.M., Tutururai, G. and Maeura, M., 2003. Impact of introduced birds on the recovery of the Tahiti Flycatcher (Pomarea nigra), a critically endangered forest bird of Tahiti. Biological conservation, 109(2), pp.197-205.",190,Population,Reproductive success,Spatiotemporal,"",1,,1,1,1,4,1,0,Tahiti,-17.6509,-149.426,Passeriformes,25.4,Landbirds,Vegetation
Pomarea nukuhivae,Nuku Hiva Monarch,Rattus rattus,Rodent attribution from IUCN.,,,,Extinct,"",Rattus rattus,,1,0,,,,,,,,,,,,,,,,,,Passeriformes,28.9647058823529,Landbirds,
Pomarea whitneyi,Fatu Hiva Monarch,Rattus rattus,Rodent attribution from IUCN.,Rattus rattus,"Table 2 and Figure 1 show population decline while internsive rat (and cat) control continued - """"""""Rat control started in 2007 in the monarch territories and has been undertaken throughout the year since 2009"""""""" """"""""Our initial assumption that controlling rats would improve breeding success, as observed for Tahiti and Rarotonga Monarchs, proved to be correct. However, in contrast to studies on the latter species, the improvement in breeding success for Fatu Hiva Monarch has not resulted in population increase. """""""" """"""""Our initial assumption that controlling rats would improve breeding success, as observed for Tahiti and Rarotonga Monarchs, proved to be correct. However, in contrast to studies on the latter species, the improvement in breeding success for Fatu Hiva Monarch has not resulted in population increase. """"""""","",Critically Endangered,"",Rattus rattus,Rattus rattus,1,1,"Ghestemme, T., Matohi, A., Blanvillain, C., Portier, E. and O’BRIEN, M.A.R.K., 2019. Catastrophic decline and subsequent conservation management of the Critically Endangered Fatu Hiva Monarch Pomarea whitneyi in the Marquesas Islands (French Polynesia). Bird Conservation International, 29(4), pp.598-615.",174,Lethal program,Abundance,Temporal,"",0,,0,,,"",,,Fatu Hiva,-10.4905,-138.6489,Passeriformes,42.5,Landbirds,Vegetation
Pomarea whitneyi,Fatu Hiva Monarch,Rattus rattus,Rodent attribution from IUCN.,Rattus rattus,"Figure 4 - Number of 2 month old chicks increases over time with high intensity rat poisoning and cat killing + """"""""we made 16 observations of newly-discovered pairs prior to the establishment of rat control on these territories. These pairs showed no sign of active breeding (neither nest building, chick rearing nor fledgling observed). While this is a very small sample size, it suggests that, in absence of rat control, Fatu Hiva Monarch nesting success was low.""""""""","",Critically Endangered,"",Rattus rattus,Rattus rattus,1,1,"Ghestemme, T., Matohi, A., Blanvillain, C., Portier, E. and O’BRIEN, M.A.R.K., 2019. Catastrophic decline and subsequent conservation management of the Critically Endangered Fatu Hiva Monarch Pomarea whitneyi in the Marquesas Islands (French Polynesia). Bird Conservation International, 29(4), pp.598-615.",175,Lethal program,Reproductive success,Temporal,"",1,,0,,,"",,,Fatu Hiva,-10.4905,-138.6489,Passeriformes,42.5,Landbirds,Vegetation
Pomarea whitneyi,Fatu Hiva Monarch,Rattus rattus,Rodent attribution from IUCN.,Rattus rattus,"""""""""Rat predation is considered responsible for one chick death."""""""" + Table 4","",Critically Endangered,"",Rattus rattus,Rattus rattus,1,1,"Ghestemme, T., Matohi, A., Blanvillain, C., Portier, E. and O’BRIEN, M.A.R.K., 2019. Catastrophic decline and subsequent conservation management of the Critically Endangered Fatu Hiva Monarch Pomarea whitneyi in the Marquesas Islands (French Polynesia). Bird Conservation International, 29(4), pp.598-615.",176,Predation,Predation,Predation,Chicks,1,1.56,0,,,"",,,Fatu Hiva,-10.4905,-138.6489,Passeriformes,42.5,Landbirds,Vegetation
Pomarea whitneyi,Fatu Hiva Monarch,Rattus rattus,Rodent attribution from IUCN.,Rattus rattus,"(inconclusive) """"""""On Fatuiva the proportion of pairs with young decreased significantly after the colonization of the island by rats: none of the 20 pairs observed in the latter period had young."""""""" This is based on Table 4 - in 1975 3 of 8 pairs had young, in 1998-2000 0 of 20 had young. Rats arrived in 2000. Unclear why 1998-1999 data is included here since rats are only known from 2000.","",Critically Endangered,"",Rattus rattus,Rattus rattus,1,1,"Thibault, J.C., Martin, J.L., Penloup, A. and Meyer, J.Y., 2002. Understanding the decline and extinction of monarchs (Aves) in Polynesian Islands. Biological Conservation, 108(2), pp.161-174.",177,Population,Reproductive success,Timing,"",1,,0,,,"",,,Fatu Hiva,-10.4905,-138.6489,Passeriformes,42.5,Landbirds,Vegetation
Pomarea whitneyi,Fatu Hiva Monarch,Rattus rattus,Rodent attribution from IUCN.,Rattus rattus,"The species was listed Threatened ion 1988, and Vulnerable in 1994 and 1996. Black rats were recorded in 2000.","",Critically Endangered,"",Rattus rattus,Rattus rattus,1,1,BirdLife International. 2019. Pomarea whitneyi (amended version of 2018 assessment). The IUCN Red List of Threatened Species 2019: e.T22707192A155462058. https://dx.doi.org/10.2305/IUCN.UK.2019-3.RLTS.T22707192A155462058.en. Accessed on 11 January 2024.,178,Population,Abundance,Timing,"",0,,0,,,"",,,Fatu Hiva,-10.4905,-138.6489,Passeriformes,42.5,Landbirds,Vegetation
Porphyrio paepae,"","",IUCN attribution was generic. Specific rodent was determined from literature review. See Table SX for references and notes.,,,,"","",Rattus exulans,,,,,,,,,,,,,,,,,,,,,Gruiformes,741.955,Landbirds,
Porphyrio paepae,"","",IUCN attribution was generic. Specific rodent was determined from literature review. See Table SX for references and notes.,,,,"","",Rattus norvegicus,,,,,,,,,,,,,,,,,,,,,Gruiformes,741.955,Landbirds,
Porphyrio paepae,"","",IUCN attribution was generic. Specific rodent was determined from literature review. See Table SX for references and notes.,,,,"","",Rattus rattus,,,,,,,,,,,,,,,,,,,,,Gruiformes,741.955,Landbirds,
Procellaria aequinoctialis,White-chinned Petrel,Rattus rattus,Rodent attribution from IUCN.,Rattus rattus,"Figure 1 - breeding success increased, (number of breeding pairs decreased) without obvious connection to poison baiting activities (low, high or none). Data on rat abundance is provided for 2 years without comparison to petrel numbers.","",Vulnerable,"",Rattus rattus,Rattus rattus,0,0,"Jouventin, P., Bried, J. and Micol, T., 2003. Insular bird populations can be saved from rats: a long-term experimental study of white-chinned petrels Procellaria aequinoctialis on Ile de la Possession (Crozet archipelago). Polar Biology, 26, pp.371-378.",116,Lethal program,Reproductive success,Temporal,"",0,,0,,,"",,,Ile de la Possession,-46.4269,51.7378,Procellariiformes,1213,Seabirds,Burrow
Procellaria aequinoctialis,White-chinned Petrel,Rattus rattus,Rodent attribution from IUCN.,Rattus rattus,"Figure 1 - breeding success was higher in poisoned colony in 2 of 3 years (Table 3), (but the number of breeding pairs was higher) in non-poisoned colony in 1 of 3 years and appears similar in other 2 - no stats were provided. Data on rat abundance is provided for 2 years without comparison to petrel numbers. Thus, not defined as a spatiotemporal study.","",Vulnerable,"",Rattus rattus,Rattus rattus,0,0,"Jouventin, P., Bried, J. and Micol, T., 2003. Insular bird populations can be saved from rats: a long-term experimental study of white-chinned petrels Procellaria aequinoctialis on Ile de la Possession (Crozet archipelago). Polar Biology, 26, pp.371-378.",117,Lethal program,Reproductive success,Spatial,"",0,,0,,,"",,,Ile de la Possession,-46.4269,51.7378,Procellariiformes,1213,Seabirds,Burrow
Procellaria aequinoctialis,White-chinned Petrel,Rattus rattus,Rodent attribution from IUCN.,Rattus rattus,"Figure 1 - (breeding success increased), number of breeding pairs decreased without obvious connection to poison baiting activities (low, high or none). Data on rat abundance is provided for 2 years without comparison to petrel numbers.","",Vulnerable,"",Rattus rattus,Rattus rattus,0,0,"Jouventin, P., Bried, J. and Micol, T., 2003. Insular bird populations can be saved from rats: a long-term experimental study of white-chinned petrels Procellaria aequinoctialis on Ile de la Possession (Crozet archipelago). Polar Biology, 26, pp.371-378.",118,Lethal program,Abundance,Temporal,"",0,,0,,,"",,,Ile de la Possession,-46.4269,51.7378,Procellariiformes,1213,Seabirds,Burrow
Procellaria aequinoctialis,White-chinned Petrel,Rattus rattus,Rodent attribution from IUCN.,Rattus rattus,"Figure 1 - (breeding success was higher) in poisoned colony in 2 of 3 years (Table 3), but the number of breeding pairs was higher in non-poisoned colony in 1 of 3 years and appears similar in other 2 - no stats were provided. Data on rat abundance is provided for 2 years without comparison to petrel numbers. Thus, not defined as a spatiotemporal study.","",Vulnerable,"",Rattus rattus,Rattus rattus,0,0,"Jouventin, P., Bried, J. and Micol, T., 2003. Insular bird populations can be saved from rats: a long-term experimental study of white-chinned petrels Procellaria aequinoctialis on Ile de la Possession (Crozet archipelago). Polar Biology, 26, pp.371-378.",119,Lethal program,Abundance,Spatial,"",0,,0,,,"",,,Ile de la Possession,-46.4269,51.7378,Procellariiformes,1213,Seabirds,Burrow
Procellaria cinerea,Grey Petrel,"Rattus rattus, Rattus norvegicus, Mus musculus",Rodent attribution from IUCN.,Mus musculus,"""""""""Several grey petrel (Procellaria cinerea Gmelin) chicks were found with mouse wounds and 60% of chicks failed (n = 35 hatchlings).""""""""","",Near Threatened,"",Mus musculus,Mus musculus,0,0,"Dilley, B.J., Davies, D., Bond, A.L. and Ryan, P.G., 2015. Effects of mouse predation on burrowing petrel chicks at Gough Island. Antarctic Science, 27(6), pp.543-553.",192,Predation,Predation,Predation,Chicks,1,,0,,,"",,,Gough Island,-40.3186,-9.9353,Procellariiformes,1131,Seabirds,Burrow
Procellaria cinerea,Grey Petrel,"Rattus rattus, Rattus norvegicus, Mus musculus",Rodent attribution from IUCN.,Mus musculus,"""""""""We assessed the extent of mouse predation by monitoring the inside of 55 burrow chambers with video surveillance cameras (4024 film days from 2012–16) and recorded fatal attacks on grey (3/18 nests filmed, 17%) and great-winged petrel chicks (1/19, 5%).""""""""","",Near Threatened,"",Mus musculus,Mus musculus,0,0,"Dilley, B.J., Schoombie, S., Stevens, K., Davies, D., Perold, V., Osborne, A., Schoombie, J., Brink, C.W., Carpenter-Kling, T. and Ryan, P.G., 2018. Mouse predation affects breeding success of burrow-nesting petrels at sub-Antarctic Marion Island. Antarctic Science, 30(2), pp.93-104.",193,Predation,Predation,Predation,Chicks,1,17,0,,,"",,,Marion Island,-46.9125,37.743611,Procellariiformes,1131,Seabirds,Burrow
Procellaria cinerea,Grey Petrel,"Rattus rattus, Rattus norvegicus, Mus musculus",Rodent attribution from IUCN.,,,,Near Threatened,"",Rattus norvegicus,,0,0,,,,,,,,,,,,,,,,,,Procellariiformes,1131,Seabirds,Burrow
Procellaria cinerea,Grey Petrel,"Rattus rattus, Rattus norvegicus, Mus musculus",Rodent attribution from IUCN.,Rattus rattus,Grey Petrel were present on the island before and after rat eradication (Table 3),"",Near Threatened,"",Rattus rattus,Rattus rattus,0,0,"Barbraud, C., Delord, K., Le Bouard, F., Harivel, R., Demay, J., Chaigne, A. and Micol, T., 2021. Seabird population changes following mammal eradication at oceanic Saint-Paul Island, Indian Ocean. Journal for Nature Conservation, 63, p.126049.",191,Population,Abundance,Timing,"",0,,0,,,"",,,Saint-Paul Island,57.1208,-170.283,Procellariiformes,1131,Seabirds,Burrow
Procellaria parkinsoni,Black Petrel,"Rattus exulans, Rattus rattus",Rodent attribution from IUCN.,,,,Vulnerable,"",Rattus exulans,,0,0,,,,,,,,,,,,,,,,,,Procellariiformes,702.2,Seabirds,Burrow
Procellaria parkinsoni,Black Petrel,"Rattus exulans, Rattus rattus",Rodent attribution from IUCN.,,,,Vulnerable,"",Rattus rattus,,0,0,,,,,,,,,,,,,,,,,,Procellariiformes,702.2,Seabirds,Burrow
Procellaria westlandica,Westland Petrel,Rattus,IUCN attribution was generic. Specific rodent was determined from literature review. See Table SX for references and notes.,,,,Endangered,"",Rattus exulans,,0,0,,,,,,,,,,,,,,,,,,Procellariiformes,1199,Seabirds,Burrow
Procellaria westlandica,Westland Petrel,Rattus,IUCN attribution was generic. Specific rodent was determined from literature review. See Table SX for references and notes.,,,,Endangered,"",Rattus norvegicus,,0,0,,,,,,,,,,,,,,,,,,Procellariiformes,1199,Seabirds,Burrow
Procellaria westlandica,Westland Petrel,Rattus,IUCN attribution was generic. Specific rodent was determined from literature review. See Table SX for references and notes.,,,,Endangered,"",Rattus rattus,,0,0,,,,,,,,,,,,,,,,,,Procellariiformes,1199,Seabirds,Burrow
Progne modesta,Galapagos Martin,Rattus,IUCN attribution was generic. Specific rodent was determined from literature review. See Table SX for references and notes.,,,,Endangered,"",Rattus norvegicus,,0,0,,,,,,,,,,,,,,,,,,Passeriformes,41.4,Landbirds,Cliff-face
Progne modesta,Galapagos Martin,Rattus,IUCN attribution was generic. Specific rodent was determined from literature review. See Table SX for references and notes.,,,,Endangered,"",Rattus rattus,,0,0,,,,,,,,,,,,,,,,,,Passeriformes,41.4,Landbirds,Cliff-face
Prosobonia cancellata,Christmas Sandpiper,Rattus,IUCN attribution was generic. Specific rodent was determined from literature review. See Table SX for references and notes.,,,,Extinct,Prosobonia parvirostris,Rattus norvegicus,,1,0,,,,,,,,,,,,,,,,,,Charadriiformes,36,Landbirds,
Prosobonia cancellata,Christmas Sandpiper,Rattus,IUCN attribution was generic. Specific rodent was determined from literature review. See Table SX for references and notes.,,,,Extinct,Prosobonia parvirostris,Rattus rattus,,1,0,,,,,,,,,,,,,,,,,,Charadriiformes,36,Landbirds,
Prosobonia ellisi,Moorea Sandpiper,Rattus,IUCN attribution was generic. Specific rodent was determined from literature review. See Table SX for references and notes.,,,,Extinct,"",Rattus exulans,,1,1,,,,,,,,,,,,,,,,,,Charadriiformes,36,Landbirds,
Prosobonia ellisi,Moorea Sandpiper,Rattus,IUCN attribution was generic. Specific rodent was determined from literature review. See Table SX for references and notes.,,,,Extinct,"",Rattus norvegicus,,1,1,,,,,,,,,,,,,,,,,,Charadriiformes,36,Landbirds,
Prosobonia ellisi,Moorea Sandpiper,Rattus,IUCN attribution was generic. Specific rodent was determined from literature review. See Table SX for references and notes.,,,,Extinct,"",Rattus rattus,,1,1,,,,,,,,,,,,,,,,,,Charadriiformes,36,Landbirds,
Prosobonia leucoptera,Tahiti Sandpiper,Rattus,IUCN attribution was generic. Specific rodent was determined from literature review. See Table SX for references and notes.,,,,Extinct,"",Rattus exulans,,1,1,,,,,,,,,,,,,,,,,,Charadriiformes,36,Landbirds,
Prosobonia leucoptera,Tahiti Sandpiper,Rattus,IUCN attribution was generic. Specific rodent was determined from literature review. See Table SX for references and notes.,,,,Extinct,"",Rattus norvegicus,,1,1,,,,,,,,,,,,,,,,,,Charadriiformes,36,Landbirds,
Prosobonia leucoptera,Tahiti Sandpiper,Rattus,IUCN attribution was generic. Specific rodent was determined from literature review. See Table SX for references and notes.,,,,Extinct,"",Rattus rattus,,1,1,,,,,,,,,,,,,,,,,,Charadriiformes,36,Landbirds,
Prosobonia parvirostris,Tuamotu Sandpiper,Rattus rattus,Rodent attribution from IUCN.,Rattus,"""""""""This species was formerly widespread, but is now restricted to predator-free, usually uninhabited islands.""""""""","",Endangered,Prosobonia cancellata,Rattus rattus,Rattus rattus,1,0,BirdLife International. 2016. Prosobonia parvirostris. The IUCN Red List of Threatened Species 2016: e.T62289271A95194072. https://dx.doi.org/10.2305/IUCN.UK.2016-3.RLTS.T62289271A95194072.en. Accessed on 17 November 2023.,39,Population,Abundance,Spatial,"",1,,0,,,"",,,Tuamotu Archipelago,-21.2959,-136.7491,Charadriiformes,36,Landbirds,Ground
Pseudobulweria aterrima,Mascarene Petrel,Rattus rattus,Rodent attribution from IUCN.,,,,Critically Endangered,"Procellaria aterrima, Pterodroma aterrima",Rattus rattus,,1,0,,,,,,,,,,,,,,,,,,Procellariiformes,232,Seabirds,Burrow
Pseudobulweria becki,Beck's Petrel,"Rattus rattus, Rattus exulans",Rodent attribution from IUCN.,,,,Critically Endangered,"Procellaria becki, Pterodroma becki",Rattus exulans,,0,0,,,,,,,,,,,,,,,,,,Procellariiformes,409,Seabirds,Burrow
Pseudobulweria becki,Beck's Petrel,"Rattus rattus, Rattus exulans",Rodent attribution from IUCN.,,,,Critically Endangered,"Procellaria becki, Pterodroma becki",Rattus rattus,,0,0,,,,,,,,,,,,,,,,,,Procellariiformes,409,Seabirds,Burrow
Pseudobulweria macgillivrayi,Fiji Petrel,"Rattus rattus, Rattus norvegicus, Rattus exulans",Rodent attribution from IUCN.,,,,Critically Endangered,"Pterodroma macgillivrayi, Thalassidroma macgillivrayi",Rattus exulans,,1,1,,,,,,,,,,,,,,,,,,Procellariiformes,143,Seabirds,Burrow
Pseudobulweria macgillivrayi,Fiji Petrel,"Rattus rattus, Rattus norvegicus, Rattus exulans",Rodent attribution from IUCN.,,,,Critically Endangered,"Pterodroma macgillivrayi, Thalassidroma macgillivrayi",Rattus norvegicus,,1,1,,,,,,,,,,,,,,,,,,Procellariiformes,143,Seabirds,Burrow
Pseudobulweria macgillivrayi,Fiji Petrel,"Rattus rattus, Rattus norvegicus, Rattus exulans",Rodent attribution from IUCN.,,,,Critically Endangered,"Pterodroma macgillivrayi, Thalassidroma macgillivrayi",Rattus rattus,,1,1,,,,,,,,,,,,,,,,,,Procellariiformes,143,Seabirds,Burrow
Pseudobulweria rostrata,Tahiti Petrel,Rattus,IUCN attribution was generic. Specific rodent was determined from literature review. See Table SX for references and notes.,,,,Near Threatened,Pterodroma rostrata,Rattus exulans,,0,0,,,,,,,,,,,,,,,,,,Procellariiformes,409,Seabirds,Burrow
Pseudobulweria rostrata,Tahiti Petrel,Rattus,IUCN attribution was generic. Specific rodent was determined from literature review. See Table SX for references and notes.,,,,Near Threatened,Pterodroma rostrata,Rattus norvegicus,,0,0,,,,,,,,,,,,,,,,,,Procellariiformes,409,Seabirds,Burrow
Pseudobulweria rostrata,Tahiti Petrel,Rattus,IUCN attribution was generic. Specific rodent was determined from literature review. See Table SX for references and notes.,,,,Near Threatened,Pterodroma rostrata,Rattus rattus,,0,0,,,,,,,,,,,,,,,,,,Procellariiformes,409,Seabirds,Burrow
Pseudonestor xanthophrys,Maui Parrotbill,Rattus,IUCN attribution was generic. Specific rodent was determined from literature review. See Table SX for references and notes.,Rattus,"""""""""Although they have not been documented as predators of parrotbill nests, rats have been documented predating Akohekohe nests at similar heights.""""""""","",Critically Endangered,"",Rattus exulans,Rattus exulans,0,0,"Mounce, H.L., Leonard, D.L., Swinnerton, K.J., Becker, C.D., Berthold, L.K., Iknayan, K.J. and Groombridge, J.J., 2013. Determining productivity of Maui Parrotbills, an endangered Hawaiian honeycreeper. Journal of Field Ornithology, 84(1), pp.32-39.",24,Predation,Predation,Predation,"",0,,0,,,"",,,Maui,20.7984,-156.3319,Passeriformes,22.1,Landbirds,Vegetation
Pseudonestor xanthophrys,Maui Parrotbill,Rattus,IUCN attribution was generic. Specific rodent was determined from literature review. See Table SX for references and notes.,Rattus,"""""""""Although our data suggest some variation in annual reproductive success of parrotbills between our two study areas, we found no significant spatial and temporal differences, even though predator control was conducted at over 62% of the HR3 site during our study, but was not conducted at FSB. Populations of non-native mammalian predators, including rats (Rattus spp.) and mongooses (Herpestes javanicus), were controlled using bait stations loaded with rodenticide and snap traps""""""""","",Critically Endangered,"",Rattus exulans,Rattus exulans,0,0,"Mounce, H.L., Leonard, D.L., Swinnerton, K.J., Becker, C.D., Berthold, L.K., Iknayan, K.J. and Groombridge, J.J., 2013. Determining productivity of Maui Parrotbills, an endangered Hawaiian honeycreeper. Journal of Field Ornithology, 84(1), pp.32-39.",25,Lethal program,Reproductive success,Spatial,"",0,,0,,,"",,,Maui,20.7984,-156.3319,Passeriformes,22.1,Landbirds,Vegetation
Pseudonestor xanthophrys,Maui Parrotbill,Rattus,IUCN attribution was generic. Specific rodent was determined from literature review. See Table SX for references and notes.,Rattus,"""""""""Although they have not been documented as predators of parrotbill nests, rats have been documented predating Akohekohe nests at similar heights.""""""""","",Critically Endangered,"",Rattus norvegicus,Rattus norvegicus,0,0,"Mounce, H.L., Leonard, D.L., Swinnerton, K.J., Becker, C.D., Berthold, L.K., Iknayan, K.J. and Groombridge, J.J., 2013. Determining productivity of Maui Parrotbills, an endangered Hawaiian honeycreeper. Journal of Field Ornithology, 84(1), pp.32-39.",24,Predation,Predation,Predation,"",0,,0,,,"",,,Maui,20.7984,-156.3319,Passeriformes,22.1,Landbirds,Vegetation
Pseudonestor xanthophrys,Maui Parrotbill,Rattus,IUCN attribution was generic. Specific rodent was determined from literature review. See Table SX for references and notes.,Rattus,"""""""""Although our data suggest some variation in annual reproductive success of parrotbills between our two study areas, we found no significant spatial and temporal differences, even though predator control was conducted at over 62% of the HR3 site during our study, but was not conducted at FSB. Populations of non-native mammalian predators, including rats (Rattus spp.) and mongooses (Herpestes javanicus), were controlled using bait stations loaded with rodenticide and snap traps""""""""","",Critically Endangered,"",Rattus norvegicus,Rattus norvegicus,0,0,"Mounce, H.L., Leonard, D.L., Swinnerton, K.J., Becker, C.D., Berthold, L.K., Iknayan, K.J. and Groombridge, J.J., 2013. Determining productivity of Maui Parrotbills, an endangered Hawaiian honeycreeper. Journal of Field Ornithology, 84(1), pp.32-39.",25,Lethal program,Reproductive success,Spatial,"",0,,0,,,"",,,Maui,20.7984,-156.3319,Passeriformes,22.1,Landbirds,Vegetation
Pseudonestor xanthophrys,Maui Parrotbill,Rattus,IUCN attribution was generic. Specific rodent was determined from literature review. See Table SX for references and notes.,Rattus,"""""""""Although they have not been documented as predators of parrotbill nests, rats have been documented predating Akohekohe nests at similar heights.""""""""","",Critically Endangered,"",Rattus rattus,Rattus rattus,0,0,"Mounce, H.L., Leonard, D.L., Swinnerton, K.J., Becker, C.D., Berthold, L.K., Iknayan, K.J. and Groombridge, J.J., 2013. Determining productivity of Maui Parrotbills, an endangered Hawaiian honeycreeper. Journal of Field Ornithology, 84(1), pp.32-39.",24,Predation,Predation,Predation,"",0,,0,,,"",,,Maui,20.7984,-156.3319,Passeriformes,22.1,Landbirds,Vegetation
Pseudonestor xanthophrys,Maui Parrotbill,Rattus,IUCN attribution was generic. Specific rodent was determined from literature review. See Table SX for references and notes.,Rattus,"""""""""Although our data suggest some variation in annual reproductive success of parrotbills between our two study areas, we found no significant spatial and temporal differences, even though predator control was conducted at over 62% of the HR3 site during our study, but was not conducted at FSB. Populations of non-native mammalian predators, including rats (Rattus spp.) and mongooses (Herpestes javanicus), were controlled using bait stations loaded with rodenticide and snap traps""""""""","",Critically Endangered,"",Rattus rattus,Rattus rattus,0,0,"Mounce, H.L., Leonard, D.L., Swinnerton, K.J., Becker, C.D., Berthold, L.K., Iknayan, K.J. and Groombridge, J.J., 2013. Determining productivity of Maui Parrotbills, an endangered Hawaiian honeycreeper. Journal of Field Ornithology, 84(1), pp.32-39.",25,Lethal program,Reproductive success,Spatial,"",0,,0,,,"",,,Maui,20.7984,-156.3319,Passeriformes,22.1,Landbirds,Vegetation
Psittirostra psittacea,Ou,Rattus,IUCN attribution was generic. Specific rodent was determined from literature review. See Table SX for references and notes.,,,,Critically Endangered,"",Rattus exulans,,1,0,,,,,,,,,,,,,,,,,,Passeriformes,28.6133333333333,Landbirds,
Psittirostra psittacea,Ou,Rattus,IUCN attribution was generic. Specific rodent was determined from literature review. See Table SX for references and notes.,,,,Critically Endangered,"",Rattus norvegicus,,1,0,,,,,,,,,,,,,,,,,,Passeriformes,28.6133333333333,Landbirds,
Psittirostra psittacea,Ou,Rattus,IUCN attribution was generic. Specific rodent was determined from literature review. See Table SX for references and notes.,,,,Critically Endangered,"",Rattus rattus,,1,0,,,,,,,,,,,,,,,,,,Passeriformes,28.6133333333333,Landbirds,
Pterodroma alba,Phoenix Petrel,Rattus exulans,Rodent attribution from IUCN.,Rattus exulans,"""""""""No evidence for Pacific Rat predation on eggs or chicks was found.""""""""","",Vulnerable,"",Rattus exulans,Rattus exulans,0,0,"Gangloff, B., Raust, P., Thibault, J.C. and Bretagnolle, V., 2009. Notes on the Phoenix Petrel (Pterodroma alba) from Hatuta'a Island, Marquesas. Waterbirds, 32(3), pp.453-458.",223,Predation,Predation,Predation,"",0,,0,,,"",,,Hatuta’a Island,-7.9172,-140.5679,Procellariiformes,259,Seabirds,Ground
Pterodroma arminjoniana,Trindade Petrel,Mus musculus,Rodent attribution from IUCN.,,,,Vulnerable,"",Mus musculus,,0,0,,,,,,,,,,,,,,,,,,Procellariiformes,394,Seabirds,Cliff-face
Pterodroma atrata,Henderson Petrel,Rattus exulans,Rodent attribution from IUCN.,Rattus exulans,"""""""""We also estimated the nest survival of 25 nests to be 28.5%, and most nest failures occurred within 7 days of hatching when chicks were killed by rats (n = 3) or a crab (n = 1).""""""""","",Endangered,"",Rattus exulans,Rattus exulans,1,1,"Oppel, S., Lavers, J.L., Donaldson, A.H., Forrest, A.K., McClelland, G.T., Bond, A.L. and Brooke, M.D.L., 2017. Population status, breeding success and ecology of the Henderson Petrel after a failed rat eradication on Henderson Island. Emu-Austral Ornithology, 117(2), pp.151-159.",161,Predation,Predation,Predation,Chicks,1,12,0,,,"",,,Henderson Island,-24.3744,-128.3271,Procellariiformes,394,Seabirds,Cliff-face
Pterodroma atrata,Henderson Petrel,Rattus exulans,Rodent attribution from IUCN.,Rattus exulans,"""""""""The higher nest survival in 2015, which is similar to nest survival estimates of other gadfly petrel populations persisting with Pacific rats (Rayner et al. 2007; Jones et al. 2015)...based on rat trapping in 2013 and 2015 which indicated that rat abundance had recovered to pre-eradication levels""""""""","",Endangered,"",Rattus exulans,Rattus exulans,1,1,"Oppel, S., Lavers, J.L., Donaldson, A.H., Forrest, A.K., McClelland, G.T., Bond, A.L. and Brooke, M.D.L., 2017. Population status, breeding success and ecology of the Henderson Petrel after a failed rat eradication on Henderson Island. Emu-Austral Ornithology, 117(2), pp.151-159.",162,Population,Reproductive success,Timing,"",0,,0,,,"",,,Henderson Island,-24.3744,-128.3271,Procellariiformes,394,Seabirds,Cliff-face
Pterodroma baraui,Barau's Petrel,Rattus,IUCN attribution was generic. Specific rodent was determined from literature review. See Table SX for references and notes.,,,,Endangered,"",Rattus norvegicus,,0,0,,,,,,,,,,,,,,,,,,Procellariiformes,400,Seabirds,Burrow
Pterodroma baraui,Barau's Petrel,Rattus,IUCN attribution was generic. Specific rodent was determined from literature review. See Table SX for references and notes.,,,,Endangered,"",Rattus rattus,,0,0,,,,,,,,,,,,,,,,,,Procellariiformes,400,Seabirds,Burrow
Pterodroma brevipes,Collared Petrel,Rattus,IUCN attribution was generic. Specific rodent was determined from literature review. See Table SX for references and notes.,,,,Vulnerable,"",Rattus norvegicus,,0,0,,,,,,,,,,,,,,,,,,Procellariiformes,147.066666666667,Seabirds,Ground
Pterodroma brevipes,Collared Petrel,Rattus,IUCN attribution was generic. Specific rodent was determined from literature review. See Table SX for references and notes.,"Rattus exulans, Rattus rattus","""""""""Cats (Felis catus), pigs (Sus scrofa) and rats are present on Vanua Lava (authors, pers. obs.) and while these predators may well be a threat to the collared petrel population, we found no direct evidence of predation on this species""""""""","",Vulnerable,"",Rattus rattus,Rattus rattus,0,0,"Tennyson, A.J., Miskelly, C.M. and Totterman, S.L., 2012. Observations of collared petrels (Pterodroma brevipes) on Vanua Lava, Vanuatu, and a review of the species’ breeding distribution. Notornis, 59, pp.39-48.",103,Predation,Predation,Predation,"",0,,0,,,"",,,Vanua Lava,-13.8443,167.4472,Procellariiformes,147.066666666667,Seabirds,Ground
Pterodroma cahow,Bermuda Petrel,Rattus,IUCN attribution was generic. Specific rodent was determined from literature review. See Table SX for references and notes.,,,,Endangered,"",Rattus norvegicus,,1,0,,,,,,,,,,,,,,,,,,Procellariiformes,246,Seabirds,Burrow
Pterodroma cahow,Bermuda Petrel,Rattus,IUCN attribution was generic. Specific rodent was determined from literature review. See Table SX for references and notes.,,,,Endangered,"",Rattus rattus,,1,0,,,,,,,,,,,,,,,,,,Procellariiformes,246,Seabirds,Burrow
Pterodroma caribbaea,Jamaican Petrel,Rattus,IUCN attribution was generic. Specific rodent was determined from literature review. See Table SX for references and notes.,Rattus,"""""""""predation by introduced rats (which took eggs)""""""""","",Critically Endangered,"",Rattus norvegicus,Rattus norvegicus,1,0,BirdLife International. 2018. Pterodroma caribbaea. The IUCN Red List of Threatened Species 2018: e.T22698097A132625182. https://dx.doi.org/10.2305/IUCN.UK.2018-2.RLTS.T22698097A132625182.en. Accessed on 30 December 2023.,113,Predation,Predation,Predation,Eggs,1,,0,,,"",,,John Crow Mountains,18.0835,-76.4017,Procellariiformes,278,Seabirds,Burrow
Pterodroma caribbaea,Jamaican Petrel,Rattus,IUCN attribution was generic. Specific rodent was determined from literature review. See Table SX for references and notes.,Rattus,"""""""""predation by introduced rats (which took eggs)""""""""","",Critically Endangered,"",Rattus rattus,Rattus rattus,1,0,BirdLife International. 2018. Pterodroma caribbaea. The IUCN Red List of Threatened Species 2018: e.T22698097A132625182. https://dx.doi.org/10.2305/IUCN.UK.2018-2.RLTS.T22698097A132625182.en. Accessed on 30 December 2023.,113,Predation,Predation,Predation,Eggs,1,,0,,,"",,,John Crow Mountains,18.0835,-76.4017,Procellariiformes,278,Seabirds,Burrow
Pterodroma cookii,Cook's Petrel,"Rattus exulans, Rattus rattus",Rodent attribution from IUCN.,Rattus exulans,"""""""""The Cook’s Petrel population on Codfish Island appears to have increased markedly since Weka (Gallirallis australis ) and Pacific Rat (Rattus exulans) were eradicated in 1980 and 1998""""""""…""""""""Comparison between our survey data and historic anecdotal observations of the distribution of Cook’s Petrel breeding on Codfish Island suggest that the population may have increased several times since the eradication of Weka in 1984. This increase may also have accelerated in the nine years since Pacific Rat eradication (Imber et al. 2003a).""""""""","",Vulnerable,Pterodroma cooki,Rattus exulans,Rattus exulans,1,0,"Rayner, M.J., Parker, K.A. and Imber, M.J., 2008. Population census of Cook's Petrel Pterodroma cookii breeding on Codfish Island (New Zealand) and the global conservation status of the species. Bird Conservation International, 18(3), pp.211-218.",96,Population,Abundance,Timing,"",1,,0,,,"",,,Codfish Island,-46.7733,167.6321,Procellariiformes,177.906666666667,Seabirds,Burrow
Pterodroma cookii,Cook's Petrel,"Rattus exulans, Rattus rattus",Rodent attribution from IUCN.,Rattus exulans,"""""""""Occasionally eggs were left unattended...all unattended eggs were eaten by Pacific rats"""""""" """"""""The predation rate on eggs by Pacific rats was 12.5% and 32% in 1972/73 and 1973/74 respectively. Equally detrimental was rat predation of chicks","",Vulnerable,Pterodroma cooki,Rattus exulans,Rattus exulans,1,0,"Imber, M.J., West, J.A. and Cooper, W.J., 2003. Cook's petrel (Pterodroma cookii): historic distribution, breeding biology and effects of predators. Notornis, 50(4), pp.221-230.",97,Predation,Predation,Predation,"Eggs, chicks",1,22.25,0,,,"",,,Little Barrier Island,-36.1946,175.0753,Procellariiformes,177.906666666667,Seabirds,Burrow
Pterodroma cookii,Cook's Petrel,"Rattus exulans, Rattus rattus",Rodent attribution from IUCN.,Rattus exulans,"""""""""On Whenua Hou (Table 5), breeding success in the presence of rats was significantly lower (x2=50.4,1 df, P<0.001)in the high study area than in the low study area, but it increased significantly (x2=29.3,1 df, P<0.001) in the high study area following eradication of rats. In the low studv area...""""""""","",Vulnerable,Pterodroma cooki,Rattus exulans,Rattus exulans,1,0,"Imber, M.J., West, J.A. and Cooper, W.J., 2003. Cook's petrel (Pterodroma cookii): historic distribution, breeding biology and effects of predators. Notornis, 50(4), pp.221-230.",98,Population,Reproductive success,Temporal,"",1,,1,1,1,2,1,0,Little Barrier Island,-36.1946,175.0753,Procellariiformes,177.906666666667,Seabirds,Burrow
Pterodroma cookii,Cook's Petrel,"Rattus exulans, Rattus rattus",Rodent attribution from IUCN.,Rattus exulans,"""""""""the status of the species has improved, in particular following the successful eradication of the last introduced predators (Pacific rat Rattus exulans) on Little Barrier Island (where by far the largest numbers breed), leading to an increase in fledging success from 5% to 70%"""""""" Unclear where this data comes from.","",Vulnerable,Pterodroma cooki,Rattus exulans,Rattus exulans,1,0,BirdLife International. 2018. Pterodroma cookii. The IUCN Red List of Threatened Species 2018: e.T22697975A132616449. https://dx.doi.org/10.2305/IUCN.UK.2018-2.RLTS.T22697975A132616449.en. Accessed on 28 December 2023.,99,Population,Abundance,Timing,"",1,,0,,,"",,,Little Barrier Island,-36.1946,175.0753,Procellariiformes,177.906666666667,Seabirds,Burrow
Pterodroma cookii,Cook's Petrel,"Rattus exulans, Rattus rattus",Rodent attribution from IUCN.,Rattus exulans,"""""""""Predation, however, fails to explain the presence (and survival during pre-Pacific Rat and pre-Cat eradications) of the low-altitude colonies of Cook’s Petrel present in our study. Alternative explanations may be that the colonies were established during the 26 years since eradication of Cats, or that localised Cat control conducted by resident rangers (Veitch 2001) may have helped to protect these sites.""""""""","",Vulnerable,Pterodroma cooki,Rattus exulans,Rattus exulans,1,0,"Rayner, M.J., Hauber, M.E. and Clout, M.N., 2007. Breeding habitat of the Cook’s Petrel (Pterodroma cookii) on Little Barrier Island (Hauturu): implications for the conservation of a New Zealand endemic. Emu, 107(1), pp.59-68.",100,Population,Abundance,Timing,"",0,,0,,,"",,,Little Barrier Island,-36.1946,175.0753,Procellariiformes,177.906666666667,Seabirds,Burrow
Pterodroma cookii,Cook's Petrel,"Rattus exulans, Rattus rattus",Rodent attribution from IUCN.,Rattus exulans,"Fig 1,2 """"""""The rat’s impact on prey productivity varied with elevation within the island. Rat eradication was followed by a rise in petrel productivity""""""""","",Vulnerable,Pterodroma cooki,Rattus exulans,Rattus exulans,1,0,"Rayner, M.J., Hauber, M.E., Imber, M.J., Stamp, R.K. and Clout, M.N., 2007. Spatial heterogeneity of mesopredator release within an oceanic island system. Proceedings of the National Academy of Sciences, 104(52), pp.20862-20865.",101,Population,Reproductive success,Spatiotemporal,"",1,,1,1,1,2 sites,1,0,Little Barrier Island,-36.1946,175.0753,Procellariiformes,177.906666666667,Seabirds,Burrow
Pterodroma cookii,Cook's Petrel,"Rattus exulans, Rattus rattus",Rodent attribution from IUCN.,,,,Vulnerable,Pterodroma cooki,Rattus rattus,,1,0,,,,,,,,,,,,,,,,,,Procellariiformes,177.906666666667,Seabirds,Burrow
Pterodroma defilippiana,Masatierra Petrel,Rattus,IUCN attribution was generic. Specific rodent was determined from literature review. See Table SX for references and notes.,,,,Vulnerable,"",Rattus norvegicus,,0,0,,,,,,,,,,,,,,,,,,Procellariiformes,169,Seabirds,Cliff-face
Pterodroma defilippiana,Masatierra Petrel,Rattus,IUCN attribution was generic. Specific rodent was determined from literature review. See Table SX for references and notes.,,,,Vulnerable,"",Rattus rattus,,0,0,,,,,,,,,,,,,,,,,,Procellariiformes,169,Seabirds,Cliff-face
Pterodroma externa,Juan Fernandez Petrel,"Rattus norvegicus, Rattus, Mus musculus",IUCN attribution was generic. Specific rodent was determined from literature review. See Table SX for references and notes.,Mus musculus,"""""""""There is also limited evidence of predation on chicks by House Mice Mus musculus, but this does not appear to be widespread (Hodum 2009)"""""""" (Reference not in English)","",Vulnerable,"",Mus musculus,Mus musculus,1,0,BirdLife International. 2018. Pterodroma externa. The IUCN Red List of Threatened Species 2018: e.T22698030A132620783. https://dx.doi.org/10.2305/IUCN.UK.2018-2.RLTS.T22698030A132620783.en. Accessed on 30 December 2023.,109,Predation,Predation,Predation,Chicks,1,,0,,,"",,,Unknown,,,Procellariiformes,428,Seabirds,Burrow
Pterodroma externa,Juan Fernandez Petrel,"Rattus norvegicus, Rattus, Mus musculus",IUCN attribution was generic. Specific rodent was determined from literature review. See Table SX for references and notes.,Rattus norvegicus,"""""""""Brown rats Rattus norvegicus also prey on chicks, though the incidence appears low and restricted to certain habitat types (J. C. Torres-Mura in litt. 1999, P. Hodum in litt. 2007).""""""""","",Vulnerable,"",Rattus norvegicus,Rattus norvegicus,1,0,BirdLife International. 2018. Pterodroma externa. The IUCN Red List of Threatened Species 2018: e.T22698030A132620783. https://dx.doi.org/10.2305/IUCN.UK.2018-2.RLTS.T22698030A132620783.en. Accessed on 30 December 2023.,108,Predation,Predation,Predation,Chicks,1,,0,,,"",,,Unknown,,,Procellariiformes,428,Seabirds,Burrow
Pterodroma externa,Juan Fernandez Petrel,"Rattus norvegicus, Rattus, Mus musculus",IUCN attribution was generic. Specific rodent was determined from literature review. See Table SX for references and notes.,,,,Vulnerable,"",Rattus rattus,,1,0,,,,,,,,,,,,,,,,,,Procellariiformes,428,Seabirds,Burrow
Pterodroma feae,Cape Verde Petrel,Rattus,IUCN attribution was generic. Specific rodent was determined from literature review. See Table SX for references and notes.,,,,Near Threatened,"",Rattus norvegicus,,0,0,,,,,,,,,,,,,,,,,,Procellariiformes,311,Seabirds,Burrow
Pterodroma feae,Cape Verde Petrel,Rattus,IUCN attribution was generic. Specific rodent was determined from literature review. See Table SX for references and notes.,,,,Near Threatened,"",Rattus rattus,,0,0,,,,,,,,,,,,,,,,,,Procellariiformes,311,Seabirds,Burrow
Pterodroma hasitata,Black-capped Petrel,Rattus,IUCN attribution was generic. Specific rodent was determined from literature review. See Table SX for references and notes.,,,,Endangered,"",Rattus norvegicus,,0,0,,,,,,,,,,,,,,,,,,Procellariiformes,278,Seabirds,Burrow
Pterodroma hasitata,Black-capped Petrel,Rattus,IUCN attribution was generic. Specific rodent was determined from literature review. See Table SX for references and notes.,,,,Endangered,"",Rattus rattus,,0,0,,,,,,,,,,,,,,,,,,Procellariiformes,278,Seabirds,Burrow
Pterodroma incerta,Atlantic Petrel,"Rattus, Mus musculus",IUCN attribution was generic. Specific rodent was determined from literature review. See Table SX for references and notes.,Mus musculus,"""""""""Wounds found on two live chicks and injuries found on Atlantic Pterodroma incerta petrel chicks strongly suggest that feral house mice Mus musculus are the most likely predator of Tristan albatross chicks (Cuthbert and Hilton, in press).""""""""","Cuthbert, R. and Hilton, G., 2004. Introduced house mice Mus musculus: a significant predator of threatened and endemic birds on Gough Island, South Atlantic Ocean?. Biological conservation, 117(5), pp.483-489.",Endangered,Procellaria incerta,Mus musculus,Mus musculus,1,1,"Cuthbert, R., Sommer, E., Ryan, P., Cooper, J. and Hilton, G., 2004. Demography and conservation of the Tristan albatross Diomedea [exulans] dabbenena. Biological Conservation, 117(5), pp.471-481.",164,Predation,Predation,Predation,Chicks,1,,0,,,"",,,Gough Island,-40.3186,-9.9353,Procellariiformes,520,Seabirds,Burrow
Pterodroma incerta,Atlantic Petrel,"Rattus, Mus musculus",IUCN attribution was generic. Specific rodent was determined from literature review. See Table SX for references and notes.,Mus musculus,"""""""""Mouse-induced mortality in 2004 was a significant cause of extremely poor breeding success for Tristan albatrosses, Diomedea dabbenena (0.27 fledglings/pair), and Atlantic petrels, Pterodroma incerta (0.33).""""""""","",Endangered,Procellaria incerta,Mus musculus,Mus musculus,1,1,"Wanless, R.M., Angel, A., Cuthbert, R.J., Hilton, G.M. and Ryan, P.G., 2007. Can predation by invasive mice drive seabird extinctions?. Biology letters, 3(3), pp.241-244.",165,Predation,Predation,Predation,Chicks,1,66,0,,,"",,,Gough Island,-40.3186,-9.9353,Procellariiformes,520,Seabirds,Burrow
Pterodroma incerta,Atlantic Petrel,"Rattus, Mus musculus",IUCN attribution was generic. Specific rodent was determined from literature review. See Table SX for references and notes.,Mus musculus,"""""""""From October 2003 to September 2004, we video-recorded attacks by mice on six (of 13) live, healthy Atlantic Petrel chicks""""""""","",Endangered,Procellaria incerta,Mus musculus,Mus musculus,1,1,"Wanless, R.M., Ratcliffe, N., Angel, A., Bowie, B.C., Cita, K., Hilton, G.M., Kritzinger, P., Ryan, P.G. and Slabber, M., 2012. Predation of Atlantic Petrel chicks by house mice on Gough Island. Animal Conservation, 15(5), pp.472-479.",166,Predation,Predation,Predation,Chicks,1,46,0,,,"",,,Gough Island,-40.3186,-9.9353,Procellariiformes,520,Seabirds,Burrow
Pterodroma incerta,Atlantic Petrel,"Rattus, Mus musculus",IUCN attribution was generic. Specific rodent was determined from literature review. See Table SX for references and notes.,Mus musculus,"""""""""All seven camera-monitored Atlantic petrel (Pterodroma incerta Schlegel) chicks were killed by mice within hours of hatching (average 7.2 ± 4.0 hours) with an 87% chick failure rate (n = 83 hatchlings)""""""""","",Endangered,Procellaria incerta,Mus musculus,Mus musculus,1,1,"Dilley, B.J., Davies, D., Bond, A.L. and Ryan, P.G., 2015. Effects of mouse predation on burrowing petrel chicks at Gough Island. Antarctic Science, 27(6), pp.543-553.",167,Predation,Predation,Predation,Chicks,1,100,0,,,"",,,Gough Island,-40.3186,-9.9353,Procellariiformes,520,Seabirds,Burrow
Pterodroma inexpectata,Mottled Petrel,Rattus rattus,Rodent attribution from IUCN.,,,,Near Threatened,"",Rattus rattus,,0,0,,,,,,,,,,,,,,,,,,Procellariiformes,316,Seabirds,Burrow
Pterodroma leucoptera,White-winged Petrel,Rattus rattus,Rodent attribution from IUCN.,,,,Vulnerable,"",Rattus rattus,,0,0,,,,,,,,,,,,,,,,,,Procellariiformes,147.066666666667,Seabirds,Cliff-face
Pterodroma longirostris,Stejneger's Petrel,"Rattus norvegicus, Mus musculus",Rodent attribution from IUCN.,,,,Vulnerable,"",Mus musculus,,1,0,,,,,,,,,,,,,,,,,,Procellariiformes,143,Seabirds,Burrow
Pterodroma longirostris,Stejneger's Petrel,"Rattus norvegicus, Mus musculus",Rodent attribution from IUCN.,,,,Vulnerable,"",Rattus norvegicus,,1,0,,,,,,,,,,,,,,,,,,Procellariiformes,143,Seabirds,Burrow
Pterodroma madeira,Zino's Petrel,Rattus rattus,Rodent attribution from IUCN.,Rattus rattus,"""""""""Predation of eggs and chicks by introduced House Rats Rattus rattus is a known source of reproductive failure.""""""""","",Endangered,"",Rattus rattus,Rattus rattus,0,0,BirdLife International. 2018. Pterodroma madeira. The IUCN Red List of Threatened Species 2018: e.T22698062A132622973. https://dx.doi.org/10.2305/IUCN.UK.2018-2.RLTS.T22698062A132622973.en. Accessed on 30 December 2023.,110,Predation,Predation,Predation,"Eggs, chicks",1,,0,,,"",,,Unknown,,,Procellariiformes,201.066666666667,Seabirds,Burrow
Pterodroma madeira,Zino's Petrel,Rattus rattus,Rodent attribution from IUCN.,Rattus rattus,"Table 1, Fig 1. No data analysis provided but numbers increased","",Endangered,"",Rattus rattus,Rattus rattus,0,0,"Zino, F., Oliveira, P., King, S., Buckle, A., Biscoito, M., Neves, H.C. and Vasconcelos, A., 2001. Conservation of Zino's petrel Pterodroma madeira in the archipelago of Madeira. Oryx, 35(2), pp.128-136.",111,Population,Reproductive success,Temporal,"",1,,1,0,0,1 site,0,0,Madeira,32.7607,-16.9595,Procellariiformes,201.066666666667,Seabirds,Burrow
Pterodroma madeira,Zino's Petrel,Rattus rattus,Rodent attribution from IUCN.,Rattus rattus,"Table 1, Fig 1. No data analysis provided but numbers increased","",Endangered,"",Rattus rattus,Rattus rattus,0,0,"Zino, F., Oliveira, P., King, S., Buckle, A., Biscoito, M., Neves, H.C. and Vasconcelos, A., 2001. Conservation of Zino's petrel Pterodroma madeira in the archipelago of Madeira. Oryx, 35(2), pp.128-136.",112,Population,Abundance,Temporal,"",1,,1,0,0,1 site,0,0,Madeira,32.7607,-16.9595,Procellariiformes,201.066666666667,Seabirds,Burrow
Pterodroma magentae,Magenta Petrel,Rattus rattus,Rodent attribution from IUCN.,Rattus,"""""""""Introduced species have previously represented the largest threat to this species, with pigs, cats and dogs predating adults and many other species, such as rats, hedgehogs, Weka and possums depredating nests and causing a loss of reproductive success.""""""""","",Critically Endangered,"",Rattus rattus,Rattus rattus,1,0,BirdLife International. 2018. Pterodroma magentae. The IUCN Red List of Threatened Species 2018: e.T22698049A131879320. Accessed on 08 December 2023.,70,Predation,Predation,Predation,Unknown,1,,0,,,"",,,Chatham Island,-43.9271,-176.4592,Procellariiformes,465,Seabirds,Burrow
Pterodroma phaeopygia,Galapagos Petrel,"Rattus rattus, Rattus norvegicus",Rodent attribution from IUCN.,Rattus norvegicus,"""""""""There was no evidence of petrel’s intake"""""""" """"""""In our study, Miconia seeds were the second most common food item found in the Norwegian rats’ stomachs"""""""" """"""""rats might not consume petrel as a complementary prey even when their preferred food is not so available in their habitat"""""""" (Table 2)","",Critically Endangered,"",Rattus norvegicus,Rattus norvegicus,1,1,"Riofrío-Lazo, M. and Páez-Rosas, D., 2015. Feeding habits of introduced black rats, Rattus rattus, in nesting colonies of Galapagos Petrel on San Cristóbal Island, Galapagos. PLoS One, 10(5), p.e0127901.",105,Predation,Predation,Predation,"",0,,0,,,"",,,San Cristóbal Island,-0.8675,-89.4364,Procellariiformes,400.813333333333,Seabirds,Cliff-face
Pterodroma phaeopygia,Galapagos Petrel,"Rattus rattus, Rattus norvegicus",Rodent attribution from IUCN.,Rattus,"""""""""Overall reproductive success in 53 monitored nests, estimated using the Mayfield method, was 23.6%, being 63.8% for eggs and 37.1% for chicks (Table 2). Rat predation caused the loss of a total of 10 eggs and 16 chicks, and was the main cause of reproductive failure (72.2%). All the chicks predated by rats were less than 21 days old, indicating that the first three weeks after hatching are probably when they are most vulnerable. No losses could be attributed to rat predation after that age.""""""""","",Critically Endangered,"",Rattus norvegicus,Rattus norvegicus,1,1,"Cruz-Delgado, F., Gonzalez, J.A. and Wiedenfeld, D.A., 2010. Breeding biology of the Critically Endangered Gálapagos Petrel Pterodroma phaeopygia on San Cristóbal Island: conservation and management implications. Bird Conservation International, 20(3), pp.306-319.",106,Predation,Predation,Predation,"Eggs, chicks",1,49,0,,,"",,,San Cristóbal Island,-0.8675,-89.4364,Procellariiformes,400.813333333333,Seabirds,Cliff-face
Pterodroma phaeopygia,Galapagos Petrel,"Rattus rattus, Rattus norvegicus",Rodent attribution from IUCN.,Rattus rattus,"""""""""There was no evidence of petrel’s intake""""""""…""""""""The diet of black rats was 98% plant material...and only 2% arthropods"""""""" """"""""rats might not consume petrel as a complementary prey even when their preferred food is not so available in their habitat"""""""" (Table 2)","",Critically Endangered,"",Rattus rattus,Rattus rattus,1,1,"Riofrío-Lazo, M. and Páez-Rosas, D., 2015. Feeding habits of introduced black rats, Rattus rattus, in nesting colonies of Galapagos Petrel on San Cristóbal Island, Galapagos. PLoS One, 10(5), p.e0127901.",104,Predation,Predation,Predation,"",0,,0,,,"",,,San Cristóbal Island,-0.8675,-89.4364,Procellariiformes,400.813333333333,Seabirds,Cliff-face
Pterodroma phaeopygia,Galapagos Petrel,"Rattus rattus, Rattus norvegicus",Rodent attribution from IUCN.,Rattus rattus,"Table 1,2","Cruz, J.B. and Cruz, F., 1996. Conservation of the dark-rumped petrel Pterodroma phaeopygia of the Galápagos Islands, 1982–1991. Bird Conservation International, 6(1), pp.23-32.",Critically Endangered,"",Rattus rattus,Rattus rattus,1,1,"Cruz, J.B. and Cruz, F., 1987. Conservation of the dark-rumped petrel Pterodroma phaeopygia in the Galapagos Islands, Ecuador. Biological Conservation, 42(4), pp.303-311.",107,Population,Reproductive success,Temporal,"",1,,0,,,"",,,Floreana Island,-1.3083,-90.4314,Procellariiformes,400.813333333333,Seabirds,Cliff-face
Pterodroma phaeopygia,Galapagos Petrel,"Rattus rattus, Rattus norvegicus",Rodent attribution from IUCN.,Rattus,"""""""""Overall reproductive success in 53 monitored nests, estimated using the Mayfield method, was 23.6%, being 63.8% for eggs and 37.1% for chicks (Table 2). Rat predation caused the loss of a total of 10 eggs and 16 chicks, and was the main cause of reproductive failure (72.2%). All the chicks predated by rats were less than 21 days old, indicating that the first three weeks after hatching are probably when they are most vulnerable. No losses could be attributed to rat predation after that age.""""""""","",Critically Endangered,"",Rattus rattus,Rattus rattus,1,1,"Cruz-Delgado, F., Gonzalez, J.A. and Wiedenfeld, D.A., 2010. Breeding biology of the Critically Endangered Gálapagos Petrel Pterodroma phaeopygia on San Cristóbal Island: conservation and management implications. Bird Conservation International, 20(3), pp.306-319.",106,Predation,Predation,Predation,"Eggs, chicks",1,49,0,,,"",,,San Cristóbal Island,-0.8675,-89.4364,Procellariiformes,400.813333333333,Seabirds,Cliff-face
Pterodroma pycrofti,Pycroft's Petrel,Rattus exulans,Rodent attribution from IUCN.,Rattus exulans,"""""""""Pooling these three years’ data revealed a lower breeding success on ‘kiore present’ Coppermine I. (average 29%) than on ‘kiore absent’ Lady Alice I. (54%), which was a highly significant result (χ2 = 7.86, 1 d.f., n = 213 nests, P < 0.01).""""""""","",Vulnerable,"",Rattus exulans,Rattus exulans,1,1,"Pierce, R.J., 2002. Kiore (Rattus exulans) impact on breeding success of Pycroft's petrels and little shearwaters (p. 24). Wellington: Department of Conservation.",102,Population,Reproductive success,Temporal,"",1,,1,0,1,2,0,0,"Lady Alice Island, Coppermine Island",-35.8911,174.7303,Procellariiformes,159,Seabirds,Burrow
Pterodroma sandwichensis,Hawaiian Petrel,Rattus,IUCN attribution was generic. Specific rodent was determined from literature review. See Table SX for references and notes.,Rattus,"""""""""We confirmed 309 endangered sea- birds as killed by introduced predators over the 7‐year study period, consisting of 57 Newell's shearwaters, 208 Hawaiian petrels, and 44 unidentified procellariids. Of the 309 dep- redations, 110 (35.6%) were by cats, 155 (50.2%) by black rats, 32 by pigs (10.4%), and 12 (3.9%) by barn owl."""""""" / """"""""Figure 2. Age classes of Newell's shearwater and Hawaiian petrel (both species combined) targeted by different introduced predators""""""""","",Endangered,"",Rattus exulans,Rattus exulans,1,0,"Raine, A.F., Driskill, S., Vynne, M., Harvey, D. and Pias, K., 2020. Managing the effects of introduced predators on Hawaiian endangered seabirds. The Journal of Wildlife Management, 84(3), pp.425-435.",83,Predation,Predation,Predation,"Eggs, chicks",1,,0,,,"",,,Kauai,22.0964,-159.5261,Procellariiformes,400.813333333333,Seabirds,Cliff-face
Pterodroma sandwichensis,Hawaiian Petrel,Rattus,IUCN attribution was generic. Specific rodent was determined from literature review. See Table SX for references and notes.,Rattus,"""""""""To consider the overall effectiveness of predator control, we compared the percentage change in reproductive success rate at monitored burrows at each site in the first year of monitoring (yr zero) with the most recent year when predator control operations were most refined (yr 2017). Reproductive success rate increased at all sites by a mean of 48.5% (range = 22.5–100.0%) for Hawaiian petrel and 35.8% (28.8% and 42.9%, respectively, for the 2 sites with monitored burrows of this species) for Newell's shearwater....The percentage of burrows depredated in 2017 was significantly lower than in year zero for cats (percent change; −68.1%, χ12 = 5.03, P = 0.025), black rats (percent change; −86.2%, χ12 = 23.21, P ≤ 0.001), and pigs (percent change; −100.0%, χ12 = 15.09, P ≤ 0.001; Fig. 3)""""""""","",Endangered,"",Rattus exulans,Rattus exulans,1,0,"Raine, A.F., Driskill, S., Vynne, M., Harvey, D. and Pias, K., 2020. Managing the effects of introduced predators on Hawaiian endangered seabirds. The Journal of Wildlife Management, 84(3), pp.425-435.",84,Lethal program,Reproductive success,Temporal,"",1,,0,,,"",,,Kauai,22.0964,-159.5261,Procellariiformes,400.813333333333,Seabirds,Cliff-face
Pterodroma sandwichensis,Hawaiian Petrel,Rattus,IUCN attribution was generic. Specific rodent was determined from literature review. See Table SX for references and notes.,Rattus,"""""""""We confirmed 309 endangered sea- birds as killed by introduced predators over the 7‐year study period, consisting of 57 Newell's shearwaters, 208 Hawaiian petrels, and 44 unidentified procellariids. Of the 309 dep- redations, 110 (35.6%) were by cats, 155 (50.2%) by black rats, 32 by pigs (10.4%), and 12 (3.9%) by barn owl."""""""" / """"""""Figure 2. Age classes of Newell's shearwater and Hawaiian petrel (both species combined) targeted by different introduced predators""""""""","",Endangered,"",Rattus norvegicus,Rattus norvegicus,1,0,"Raine, A.F., Driskill, S., Vynne, M., Harvey, D. and Pias, K., 2020. Managing the effects of introduced predators on Hawaiian endangered seabirds. The Journal of Wildlife Management, 84(3), pp.425-435.",83,Predation,Predation,Predation,"Eggs, chicks",1,,0,,,"",,,Kauai,22.0964,-159.5261,Procellariiformes,400.813333333333,Seabirds,Cliff-face
Pterodroma sandwichensis,Hawaiian Petrel,Rattus,IUCN attribution was generic. Specific rodent was determined from literature review. See Table SX for references and notes.,Rattus,"""""""""To consider the overall effectiveness of predator control, we compared the percentage change in reproductive success rate at monitored burrows at each site in the first year of monitoring (yr zero) with the most recent year when predator control operations were most refined (yr 2017). Reproductive success rate increased at all sites by a mean of 48.5% (range = 22.5–100.0%) for Hawaiian petrel and 35.8% (28.8% and 42.9%, respectively, for the 2 sites with monitored burrows of this species) for Newell's shearwater....The percentage of burrows depredated in 2017 was significantly lower than in year zero for cats (percent change; −68.1%, χ12 = 5.03, P = 0.025), black rats (percent change; −86.2%, χ12 = 23.21, P ≤ 0.001), and pigs (percent change; −100.0%, χ12 = 15.09, P ≤ 0.001; Fig. 3)""""""""","",Endangered,"",Rattus norvegicus,Rattus norvegicus,1,0,"Raine, A.F., Driskill, S., Vynne, M., Harvey, D. and Pias, K., 2020. Managing the effects of introduced predators on Hawaiian endangered seabirds. The Journal of Wildlife Management, 84(3), pp.425-435.",84,Lethal program,Reproductive success,Temporal,"",1,,0,,,"",,,Kauai,22.0964,-159.5261,Procellariiformes,400.813333333333,Seabirds,Cliff-face
Pterodroma sandwichensis,Hawaiian Petrel,Rattus,IUCN attribution was generic. Specific rodent was determined from literature review. See Table SX for references and notes.,Rattus,"""""""""We confirmed 309 endangered sea- birds as killed by introduced predators over the 7‐year study period, consisting of 57 Newell's shearwaters, 208 Hawaiian petrels, and 44 unidentified procellariids. Of the 309 dep- redations, 110 (35.6%) were by cats, 155 (50.2%) by black rats, 32 by pigs (10.4%), and 12 (3.9%) by barn owl."""""""" / """"""""Figure 2. Age classes of Newell's shearwater and Hawaiian petrel (both species combined) targeted by different introduced predators""""""""","",Endangered,"",Rattus rattus,Rattus rattus,1,0,"Raine, A.F., Driskill, S., Vynne, M., Harvey, D. and Pias, K., 2020. Managing the effects of introduced predators on Hawaiian endangered seabirds. The Journal of Wildlife Management, 84(3), pp.425-435.",83,Predation,Predation,Predation,"Eggs, chicks",1,,0,,,"",,,Kauai,22.0964,-159.5261,Procellariiformes,400.813333333333,Seabirds,Cliff-face
Pterodroma sandwichensis,Hawaiian Petrel,Rattus,IUCN attribution was generic. Specific rodent was determined from literature review. See Table SX for references and notes.,Rattus,"""""""""To consider the overall effectiveness of predator control, we compared the percentage change in reproductive success rate at monitored burrows at each site in the first year of monitoring (yr zero) with the most recent year when predator control operations were most refined (yr 2017). Reproductive success rate increased at all sites by a mean of 48.5% (range = 22.5–100.0%) for Hawaiian petrel and 35.8% (28.8% and 42.9%, respectively, for the 2 sites with monitored burrows of this species) for Newell's shearwater....The percentage of burrows depredated in 2017 was significantly lower than in year zero for cats (percent change; −68.1%, χ12 = 5.03, P = 0.025), black rats (percent change; −86.2%, χ12 = 23.21, P ≤ 0.001), and pigs (percent change; −100.0%, χ12 = 15.09, P ≤ 0.001; Fig. 3)""""""""","",Endangered,"",Rattus rattus,Rattus rattus,1,0,"Raine, A.F., Driskill, S., Vynne, M., Harvey, D. and Pias, K., 2020. Managing the effects of introduced predators on Hawaiian endangered seabirds. The Journal of Wildlife Management, 84(3), pp.425-435.",84,Lethal program,Reproductive success,Temporal,"",1,,0,,,"",,,Kauai,22.0964,-159.5261,Procellariiformes,400.813333333333,Seabirds,Cliff-face
Ptilinopus chrysogaster,Raiatea Fruit-dove,"Rattus exulans, Rattus rattus",Rodent attribution from IUCN.,,,,Endangered,"",Rattus exulans,,0,0,,,,,,,,,,,,,,,,,,Columbiformes,97.55,Landbirds,Vegetation
Ptilinopus chrysogaster,Raiatea Fruit-dove,"Rattus exulans, Rattus rattus",Rodent attribution from IUCN.,,,,Endangered,"",Rattus rattus,,0,0,,,,,,,,,,,,,,,,,,Columbiformes,97.55,Landbirds,Vegetation
Ptilinopus coralensis,Atoll Fruit-dove,Rattus rattus,Rodent attribution from IUCN.,,,,Near Threatened,"",Rattus rattus,,1,0,,,,,,,,,,,,,,,,,,Columbiformes,83.2266666666667,Landbirds,Vegetation
Ptilinopus huttoni,Rapa Fruit-dove,Rattus exulans,Rodent attribution from IUCN.,,,,Critically Endangered,"",Rattus exulans,,0,0,,,,,,,,,,,,,,,,,,Columbiformes,130,Landbirds,
Ptilinopus mercierii,Red-moustached Fruit-dove,Rattus,IUCN attribution was generic. Specific rodent was determined from literature review. See Table SX for references and notes.,,,,Extinct,"",Rattus exulans,,1,0,,,,,,,,,,,,,,,,,,Columbiformes,130.756216216216,Landbirds,
Ptilinopus mercierii,Red-moustached Fruit-dove,Rattus,IUCN attribution was generic. Specific rodent was determined from literature review. See Table SX for references and notes.,,,,Extinct,"",Rattus norvegicus,,1,0,,,,,,,,,,,,,,,,,,Columbiformes,130.756216216216,Landbirds,
Ptilinopus mercierii,Red-moustached Fruit-dove,Rattus,IUCN attribution was generic. Specific rodent was determined from literature review. See Table SX for references and notes.,,,,Extinct,"",Rattus rattus,,1,0,,,,,,,,,,,,,,,,,,Columbiformes,130.756216216216,Landbirds,
Ptychoramphus aleuticus,Cassin's Auklet,"Rattus rattus, Rattus norvegicus",Rodent attribution from IUCN.,,,,Near Threatened,"",Rattus norvegicus,,1,0,,,,,,,,,,,,,,,,,,Charadriiformes,184,Landbirds,Burrow
Ptychoramphus aleuticus,Cassin's Auklet,"Rattus rattus, Rattus norvegicus",Rodent attribution from IUCN.,Rattus rattus,"""""""""No Cassin’s auklet nests were found on Anacapa Island pre-eradication, with surveys dating back to 1910 (Whitworth et al. 2015). Breeding Cassin’s auklets (two nests) were found on Anacapa Island for the first time in 2003, post-eradication (Whitworth et al. 2005; Whitworth et al. 2015). Few if any nests were found between 2004 – 2008 (five total). In 2009, 11 Cassin’s auklet nests were found and 3 of these nests contained eggs or chicks (Whitworth et al. 2012; Whitworth et al. 2015). Overall, post-eradication (2003 – 2012), Whitworth et al. (2015) found 42 nests in 6 shoreline areas, 17 of which were confirmed nests, and 25 were nests where breeding was inferred. """"""""","Whitworth, D.L., Carter, H.R. and Gress, F., 2013. Recovery of a threatened seabird after eradication of an introduced predator: Eight years of progress for Scripps’s murrelet at Anacapa Island, California. Biological Conservation, 162, pp.52-59; WHITWORTH, D.L., HARVEY, A.L., CARTER, H.R., YOUNG, R.J., KOEPKE, J.S. and MAZURKIEWICZ, D.M., 2015. Breeding of Cassin's auklets Ptychoramphus aleuticus at Anacapa Island, California, after eradication of black rats Rattus rattus. Marine Ornithology, 43, pp.19-24.",Near Threatened,"",Rattus rattus,Rattus rattus,1,0,"Newton, K.M., McKown, M., Wolf, C., Gellerman, H., Coonan, T., Richards, D., Harvey, A.L., Holmes, N., Howald, G., Faulkner, K. and Tershy, B.R., 2016. Response of native species 10 years after rat eradication on Anacapa Island, California. Journal of Fish and Wildlife Management, 7(1), pp.72-85.",216,Population,Abundance,Timing,"",1,,1,1,1,8,0,0,Anacapa Island,34.0044,-119.3996,Charadriiformes,184,Landbirds,Burrow
Puffinus bannermani,Bannerman's Shearwater,Rattus rattus,Rodent attribution from IUCN.,,,,Endangered,"",Rattus rattus,,1,1,,,,,,,,,,,,,,,,,,Procellariiformes,192.78,Seabirds,Burrow
Puffinus bryani,Bryan's Shearwater,Rattus rattus,Rodent attribution from IUCN.,Rattus rattus,"""""""""On Higashijima Island, we found three carcasses of the Bryan’s Shearwater that had been preyed upon by rats""""""""","",Critically Endangered,"",Rattus rattus,Rattus rattus,1,1,"Kawakami, K., Eda, M., Horikoshi, K., Suzuki, H., Chiba, H. and Hiraoka, T., 2012. Bryan's shearwaters have survived on the Bonin Islands, northwestern Pacific. The Condor, 114(3), pp.507-512.",82,Predation,Predation,Predation,Adults,1,,0,,,"",,,Higashijima Island,26.9642,142.1063,Procellariiformes,147,Seabirds,Burrow
Puffinus heinrothi,Heinroth's Shearwater,Rattus,IUCN attribution was generic. Specific rodent was determined from literature review. See Table SX for references and notes.,,,,Vulnerable,"",Rattus exulans,,1,0,,,,,,,,,,,,,,,,,,Procellariiformes,192.76,Seabirds,
Puffinus heinrothi,Heinroth's Shearwater,Rattus,IUCN attribution was generic. Specific rodent was determined from literature review. See Table SX for references and notes.,,,,Vulnerable,"",Rattus norvegicus,,1,0,,,,,,,,,,,,,,,,,,Procellariiformes,192.76,Seabirds,
Puffinus heinrothi,Heinroth's Shearwater,Rattus,IUCN attribution was generic. Specific rodent was determined from literature review. See Table SX for references and notes.,,,,Vulnerable,"",Rattus rattus,,1,0,,,,,,,,,,,,,,,,,,Procellariiformes,192.76,Seabirds,
Puffinus mauretanicus,Balearic Shearwater,"Rattus rattus, Rattus norvegicus",Rodent attribution from IUCN.,,,,Critically Endangered,"",Rattus norvegicus,,0,0,,,,,,,,,,,,,,,,,,Procellariiformes,497,Seabirds,Cliff-face
Puffinus mauretanicus,Balearic Shearwater,"Rattus rattus, Rattus norvegicus",Rodent attribution from IUCN.,Rattus rattus,"""""""""Rat presence on islands was negatively related to storm petrel abundance, but did not influence either the presence or the abundance of the three shearwaters."""""""" See Table 3 for bird presence and Table 4 for abundance","",Critically Endangered,"",Rattus rattus,Rattus rattus,0,0,"Ruffino, L., Bourgeois, K., Vidal, E., Duhem, C., Paracuellos, M., Escribano, F., Sposimo, P., Baccetti, N., Pascal, M. and Oro, D., 2009. Invasive rats and seabirds after 2,000 years of an unwanted coexistence on Mediterranean islands. Biological invasions, 11, pp.1631-1651.",160,Population,Abundance,Spatial,"",0,,1,1,1,292,1,0,Western Mediterranean Basin (coordinates from one of the sites),39.9496,4.1104,Procellariiformes,497,Seabirds,Cliff-face
Puffinus myrtae,Rapa Shearwater,Rattus exulans,Rodent attribution from IUCN.,Rattus exulans,"""""""""Since becoming rat-free, Burgess Island has transformed into a seabird biodiversity hotspot, with the island now known to support 7 species of burrowing Procellariiformes (Ismar et al. 2012): grey- faced petrel (Pterodroma macroptera gouldi), fluttering shearwater (Puffinus gavia), sooty shearwater (Puffinus griseus), little shearwater (Puffinus assimilis), common diving petrel (Pelecanoides urinatrix), and white-faced storm petrel (Pelagodroma marina), all of which were confirmed in our October 2010 research trip.""""""""","",Critically Endangered,"Puffinus assimilis, Puffinus newelli",Rattus exulans,Rattus exulans,0,0,"Ismar, S.M., Baird, K.A., Gaskin, C.P., Taylor, G.A., Tennyson, A.J., Rayner, M.J., Bettesworth, D.E.R.E.K., Fitzgerald, N.E.I.L., Landers, T.J. and Imber, M.J., 2014. A case of natural recovery after the removal of invasive predators–community assemblage changes in the avifauna of Burgess Island. Notornis, 61, pp.188-195.",85,Population,Abundance,Timing,"",1,,0,,,"",,,Burgess Island,-35.9052,175.1136,Procellariiformes,350.8,Seabirds,Burrow
Puffinus myrtae,Rapa Shearwater,Rattus exulans,Rodent attribution from IUCN.,Rattus exulans,"""""""""The general pattern was similar on both islands with productivity being highest in the absence of kiore (Fig. 3, Table 5). Thus on Lady Alice I., productivity averaged 43% (range 38–50%) in the presence of rats and 68% (range 52–86%) in their absence (χ2 = 3.76, 1 d.f., n = 173 nests, P > 0.05). On Coppermine I., productivity averaged only about 5% in the two years when kiore were present and 56% in the three years after kiore were removed (χ2 = 16.01, 1 d.f., n = 92 nests, P < 0.001).""""""""","",Critically Endangered,"Puffinus assimilis, Puffinus newelli",Rattus exulans,Rattus exulans,0,0,"Pierce, R.J., 2002. Kiore (Rattus exulans) impact on breeding success of Pycroft's petrels and little shearwaters (p. 24). Wellington: Department of Conservation.",86,Population,Abundance,Temporal,"",1,,1,0,1,2,0,0,"Lady Alice Island, Coppermine Island",-35.8911,174.7303,Procellariiformes,350.8,Seabirds,Burrow
Puffinus myrtae,Rapa Shearwater,Rattus exulans,Rodent attribution from IUCN.,Rattus exulans,"""""""""Six nests had sign of their eggs having been eaten by rats""""""""","",Critically Endangered,"Puffinus assimilis, Puffinus newelli",Rattus exulans,Rattus exulans,0,0,"Pierce, R.J., 2002. Kiore (Rattus exulans) impact on breeding success of Pycroft's petrels and little shearwaters (p. 24). Wellington: Department of Conservation.",87,Predation,Predation,Predation,Eggs,1,,0,,,"",,,"Lady Alice Island, Coppermine Island",-35.8911,174.7303,Procellariiformes,350.8,Seabirds,Burrow
Puffinus newelli,Newell's Shearwater,"Rattus exulans, Rattus rattus, Rattus norvegicus, Mus musculus",Rodent attribution from IUCN.,,,,Critically Endangered,"",Mus musculus,,1,0,,,,,,,,,,,,,,,,,,Procellariiformes,350.8,Seabirds,Cliff-face
Puffinus newelli,Newell's Shearwater,"Rattus exulans, Rattus rattus, Rattus norvegicus, Mus musculus",Rodent attribution from IUCN.,Rattus,"""""""""We confirmed 309 endangered sea- birds as killed by introduced predators over the 7‐year study period, consisting of 57 Newell's shearwaters, 208 Hawaiian petrels, and 44 unidentified procellariids. Of the 309 dep- redations, 110 (35.6%) were by cats, 155 (50.2%) by black rats, 32 by pigs (10.4%), and 12 (3.9%) by barn owl."""""""" / """"""""Figure 2. Age classes of Newell's shearwater and Hawaiian petrel (both species combined) targeted by different introduced predators""""""""","",Critically Endangered,"",Rattus exulans,Rattus exulans,1,0,"Raine, A.F., Driskill, S., Vynne, M., Harvey, D. and Pias, K., 2020. Managing the effects of introduced predators on Hawaiian endangered seabirds. The Journal of Wildlife Management, 84(3), pp.425-435.",168,Predation,Predation,Predation,"Eggs, chicks, adults",1,,0,,,"",,,Kauai,22.0964,-159.5261,Procellariiformes,350.8,Seabirds,Cliff-face
Puffinus newelli,Newell's Shearwater,"Rattus exulans, Rattus rattus, Rattus norvegicus, Mus musculus",Rodent attribution from IUCN.,Rattus,"""""""""To consider the overall effectiveness of predator control, we compared the percentage change in reproductive success rate at monitored burrows at each site in the first year of monitoring (yr zero) with the most recent year when predator control operations were most refined (yr 2017). Reproductive success rate increased at all sites by a mean of 48.5% (range = 22.5–100.0%) for Hawaiian petrel and 35.8% (28.8% and 42.9%, respectively, for the 2 sites with monitored burrows of this species) for Newell's shearwater....The percentage of burrows depredated in 2017 was significantly lower than in year zero for cats (percent change; −68.1%, χ12 = 5.03, P = 0.025), black rats (percent change; −86.2%, χ12 = 23.21, P ≤ 0.001), and pigs (percent change; −100.0%, χ12 = 15.09, P ≤ 0.001; Fig. 3)""""""""","",Critically Endangered,"",Rattus exulans,Rattus exulans,1,0,"Raine, A.F., Driskill, S., Vynne, M., Harvey, D. and Pias, K., 2020. Managing the effects of introduced predators on Hawaiian endangered seabirds. The Journal of Wildlife Management, 84(3), pp.425-435.",169,Lethal program,Reproductive success,Temporal,"",1,,0,,,"",,,Kauai,22.0964,-159.5261,Procellariiformes,350.8,Seabirds,Cliff-face
Puffinus newelli,Newell's Shearwater,"Rattus exulans, Rattus rattus, Rattus norvegicus, Mus musculus",Rodent attribution from IUCN.,Rattus,"""""""""We confirmed 309 endangered sea- birds as killed by introduced predators over the 7‐year study period, consisting of 57 Newell's shearwaters, 208 Hawaiian petrels, and 44 unidentified procellariids. Of the 309 dep- redations, 110 (35.6%) were by cats, 155 (50.2%) by black rats, 32 by pigs (10.4%), and 12 (3.9%) by barn owl."""""""" / """"""""Figure 2. Age classes of Newell's shearwater and Hawaiian petrel (both species combined) targeted by different introduced predators""""""""","",Critically Endangered,"",Rattus norvegicus,Rattus norvegicus,1,0,"Raine, A.F., Driskill, S., Vynne, M., Harvey, D. and Pias, K., 2020. Managing the effects of introduced predators on Hawaiian endangered seabirds. The Journal of Wildlife Management, 84(3), pp.425-435.",168,Predation,Predation,Predation,"Eggs, chicks, adults",1,,0,,,"",,,Kauai,22.0964,-159.5261,Procellariiformes,350.8,Seabirds,Cliff-face
Puffinus newelli,Newell's Shearwater,"Rattus exulans, Rattus rattus, Rattus norvegicus, Mus musculus",Rodent attribution from IUCN.,Rattus,"""""""""To consider the overall effectiveness of predator control, we compared the percentage change in reproductive success rate at monitored burrows at each site in the first year of monitoring (yr zero) with the most recent year when predator control operations were most refined (yr 2017). Reproductive success rate increased at all sites by a mean of 48.5% (range = 22.5–100.0%) for Hawaiian petrel and 35.8% (28.8% and 42.9%, respectively, for the 2 sites with monitored burrows of this species) for Newell's shearwater....The percentage of burrows depredated in 2017 was significantly lower than in year zero for cats (percent change; −68.1%, χ12 = 5.03, P = 0.025), black rats (percent change; −86.2%, χ12 = 23.21, P ≤ 0.001), and pigs (percent change; −100.0%, χ12 = 15.09, P ≤ 0.001; Fig. 3)""""""""","",Critically Endangered,"",Rattus norvegicus,Rattus norvegicus,1,0,"Raine, A.F., Driskill, S., Vynne, M., Harvey, D. and Pias, K., 2020. Managing the effects of introduced predators on Hawaiian endangered seabirds. The Journal of Wildlife Management, 84(3), pp.425-435.",169,Lethal program,Reproductive success,Temporal,"",1,,0,,,"",,,Kauai,22.0964,-159.5261,Procellariiformes,350.8,Seabirds,Cliff-face
Puffinus newelli,Newell's Shearwater,"Rattus exulans, Rattus rattus, Rattus norvegicus, Mus musculus",Rodent attribution from IUCN.,Rattus,"""""""""We confirmed 309 endangered sea- birds as killed by introduced predators over the 7‐year study period, consisting of 57 Newell's shearwaters, 208 Hawaiian petrels, and 44 unidentified procellariids. Of the 309 dep- redations, 110 (35.6%) were by cats, 155 (50.2%) by black rats, 32 by pigs (10.4%), and 12 (3.9%) by barn owl."""""""" / """"""""Figure 2. Age classes of Newell's shearwater and Hawaiian petrel (both species combined) targeted by different introduced predators""""""""","",Critically Endangered,"",Rattus rattus,Rattus rattus,1,0,"Raine, A.F., Driskill, S., Vynne, M., Harvey, D. and Pias, K., 2020. Managing the effects of introduced predators on Hawaiian endangered seabirds. The Journal of Wildlife Management, 84(3), pp.425-435.",168,Predation,Predation,Predation,"Eggs, chicks, adults",1,,0,,,"",,,Kauai,22.0964,-159.5261,Procellariiformes,350.8,Seabirds,Cliff-face
Puffinus newelli,Newell's Shearwater,"Rattus exulans, Rattus rattus, Rattus norvegicus, Mus musculus",Rodent attribution from IUCN.,Rattus,"""""""""To consider the overall effectiveness of predator control, we compared the percentage change in reproductive success rate at monitored burrows at each site in the first year of monitoring (yr zero) with the most recent year when predator control operations were most refined (yr 2017). Reproductive success rate increased at all sites by a mean of 48.5% (range = 22.5–100.0%) for Hawaiian petrel and 35.8% (28.8% and 42.9%, respectively, for the 2 sites with monitored burrows of this species) for Newell's shearwater....The percentage of burrows depredated in 2017 was significantly lower than in year zero for cats (percent change; −68.1%, χ12 = 5.03, P = 0.025), black rats (percent change; −86.2%, χ12 = 23.21, P ≤ 0.001), and pigs (percent change; −100.0%, χ12 = 15.09, P ≤ 0.001; Fig. 3)""""""""","",Critically Endangered,"",Rattus rattus,Rattus rattus,1,0,"Raine, A.F., Driskill, S., Vynne, M., Harvey, D. and Pias, K., 2020. Managing the effects of introduced predators on Hawaiian endangered seabirds. The Journal of Wildlife Management, 84(3), pp.425-435.",169,Lethal program,Reproductive success,Temporal,"",1,,0,,,"",,,Kauai,22.0964,-159.5261,Procellariiformes,350.8,Seabirds,Cliff-face
Puffinus opisthomelas,Black-vented Shearwater,Rodentia,IUCN attribution was generic. Specific rodent was determined from literature review. See Table SX for references and notes.,"Rattus rattus, Mus musculus","Between 2010 and 2014 we collected evidence of the presence of nesting BVSH on the island, such as increased frequency of calls heard at night, evidence of burrow activity, collection of an addled shearwater egg and photo images. For several years after the rodent eradication (1995), and even before that, BVSHs were seldom heard calling, although some individuals were sighted while boat cruises approached or left the island.","",Near Threatened,"",Mus musculus,Mus musculus,0,0,"Velarde, E., Ruiz, E.A., Aguilar, A. and Gallo, J.P., 2015. Black-vented Shearwater Puffinus opisthomelas nesting in the Gulf of California: a major extension of breeding range. Marine Ornithology, 43, pp.249-254.",43,Population,Abundance,Temporal,"",1,,0,,,"",,,Isla Rasa,28.8236,-112.98,Procellariiformes,408,Seabirds,Burrow
Puffinus opisthomelas,Black-vented Shearwater,Rodentia,IUCN attribution was generic. Specific rodent was determined from literature review. See Table SX for references and notes.,"Rattus rattus, Mus musculus","Between 2010 and 2014 we collected evidence of the presence of nesting BVSH on the island, such as increased frequency of calls heard at night, evidence of burrow activity, collection of an addled shearwater egg and photo images. For several years after the rodent eradication (1995), and even before that, BVSHs were seldom heard calling, although some individuals were sighted while boat cruises approached or left the island.","",Near Threatened,"",Rattus rattus,Rattus rattus,0,0,"Velarde, E., Ruiz, E.A., Aguilar, A. and Gallo, J.P., 2015. Black-vented Shearwater Puffinus opisthomelas nesting in the Gulf of California: a major extension of breeding range. Marine Ornithology, 43, pp.249-254.",43,Population,Abundance,Temporal,"",1,,0,,,"",,,Isla Rasa,28.8236,-112.98,Procellariiformes,408,Seabirds,Burrow
Puffinus yelkouan,Yelkouan Shearwater,Rattus rattus,Rodent attribution from IUCN.,Rattus rattus,"""""""""Rat presence on islands was negatively related to storm petrel abundance, but did not influence either the presence or the abundance of the three shearwaters."""""""" See Table 3 for bird presence and Table 4 for abundance","",Vulnerable,"",Rattus rattus,Rattus rattus,1,0,"Ruffino, L., Bourgeois, K., Vidal, E., Duhem, C., Paracuellos, M., Escribano, F., Sposimo, P., Baccetti, N., Pascal, M. and Oro, D., 2009. Invasive rats and seabirds after 2,000 years of an unwanted coexistence on Mediterranean islands. Biological invasions, 11, pp.1631-1651.",124,Population,Abundance,Spatial,"",0,,1,1,1,292,1,0,Western Mediterranean Basin (coordinates from one of the sites),41.5579,9.3253,Procellariiformes,497,Seabirds,Burrow
Puffinus yelkouan,Yelkouan Shearwater,Rattus rattus,Rodent attribution from IUCN.,Rattus rattus,"""""""""Breeding success was zero because of ship rat predation on the Tavolara islands in 2006 and on Montecristo Island in some years (Italy, N. Baccetti, G. Spano & M. Putzu, pers. comm.).","",Vulnerable,"",Rattus rattus,Rattus rattus,1,0,"Bourgeois, K. and Vidal, E., 2008. The endemic Mediterranean yelkouan shearwater Puffinus yelkouan: distribution, threats and a plea for more data. Oryx, 42(2), pp.187-194.",125,Predation,Predation,Predation,"",1,,0,,,"",,,Tavolara Island,40.9062,9.7133,Procellariiformes,497,Seabirds,Burrow
Puffinus yelkouan,Yelkouan Shearwater,Rattus rattus,Rodent attribution from IUCN.,Rattus rattus,"""""""""Breeding success was zero because of ship rat predation on the Tavolara islands in 2006 and on Montecristo Island in some years (Italy, N. Baccetti, G. Spano & M. Putzu, pers. comm.).""""""""","",Vulnerable,"",Rattus rattus,Rattus rattus,1,0,"Bourgeois, K. and Vidal, E., 2008. The endemic Mediterranean yelkouan shearwater Puffinus yelkouan: distribution, threats and a plea for more data. Oryx, 42(2), pp.187-194.",126,Predation,Predation,Predation,"",1,,0,,,"",,,Montecristo,42.3357,10.3105,Procellariiformes,497,Seabirds,Burrow
Puffinus yelkouan,Yelkouan Shearwater,Rattus rattus,Rodent attribution from IUCN.,Rattus rattus,"""""""""Rats are also the main cause of breeding failure in the largest Maltese colony (J.J. Borg, pers. comm.).","",Vulnerable,"",Rattus rattus,Rattus rattus,1,0,"Bourgeois, K. and Vidal, E., 2008. The endemic Mediterranean yelkouan shearwater Puffinus yelkouan: distribution, threats and a plea for more data. Oryx, 42(2), pp.187-194.",127,Predation,Predation,Predation,"",1,,0,,,"",,,Malta,35.9375,14.3754,Procellariiformes,497,Seabirds,Burrow
Puffinus yelkouan,Yelkouan Shearwater,Rattus rattus,Rodent attribution from IUCN.,Rattus rattus,"""""""""For 2 years before and 3 years after rat eradication, the Zembretta Yelkouan shearwater breeding colony was checked yearly at the end of the breeding season. The number of recorded breeding pairs reaching 176 and 145, respectively, increases of 10.4 and 8.5-fold two and 3 years after rat eradication.","",Vulnerable,"",Rattus rattus,Rattus rattus,1,0,"Bourgeois, K., Ouni, R., Pascal, M., Dromzée, S., Fourcy, D. and Abiadh, A., 2013. Dramatic increase in the Zembretta Yelkouan shearwater breeding population following ship rat eradication spurs interest in managing a 1500-year old invasion. Biological Invasions, 15, pp.475-482.",128,Population,Abundance,Temporal,"",1,,1,,0,1,0,0,Zembretta Island,37.107,10.8744,Procellariiformes,497,Seabirds,Burrow
Puffinus yelkouan,Yelkouan Shearwater,Rattus rattus,Rodent attribution from IUCN.,Rattus rattus,"""""""""Vigne (1988; Supplementary material) found evidence that the ship rat invaded Zembra Island at least by 500 years AD.""""""""","",Vulnerable,"",Rattus rattus,Rattus rattus,1,0,"Bourgeois, K., Ouni, R., Pascal, M., Dromzée, S., Fourcy, D. and Abiadh, A., 2013. Dramatic increase in the Zembretta Yelkouan shearwater breeding population following ship rat eradication spurs interest in managing a 1500-year old invasion. Biological Invasions, 15, pp.475-482.",129,Population,Abundance,Timing,"",0,,0,,,"",,,Zembretta Island,37.107,10.8744,Procellariiformes,497,Seabirds,Burrow
Puffinus yelkouan,Yelkouan Shearwater,Rattus rattus,Rodent attribution from IUCN.,Rattus rattus,"""""""""Despite the significant increase in the frequency of visits of shearwater breeding cavities by rats, maybe due to the extent of rat home ranges following the high decrease of cat predation, no breeding failure could be attributed to rat predation (no rat teeth or claw marks were observed on eggs).""""""""","",Vulnerable,"",Rattus rattus,Rattus rattus,1,0,"Bonnaud, E., Zarzoso‐Lacoste, D., Bourgeois, K., Ruffino, L., Legrand, J. and Vidal, E., 2010. Top‐predator control on islands boosts endemic prey but not mesopredator. Animal Conservation, 13(6), pp.556-567.",130,Predation,Predation,Predation,"",0,,0,,,"",,,Port-Cros Island,43.0036,6.3944,Procellariiformes,497,Seabirds,Burrow
Puffinus yelkouan,Yelkouan Shearwater,Rattus rattus,Rodent attribution from IUCN.,Rattus rattus,"""""""""Very few rat visits were recorded at the shearwater-occupied cavities and no predation event was recorded. These intriguing results reveal a low level of interaction between introduced black rats and yelkouan shearwaters, which may have facilitated their long-term coexistence for thousands of years on some Mediterranean islands.""""""""","",Vulnerable,"",Rattus rattus,Rattus rattus,1,0,"Ruffino, L., Bourgeois, K., Vidal, E., Icard, J., Torre, F. and Legrand, J., 2008. Introduced predators and cavity-nesting seabirds: unexpected low level of interaction at breeding sites. Canadian Journal of Zoology, 86(9), pp.1068-1073.",131,Predation,Predation,Predation,"",0,0,0,,,"",,,Port-Cros Island,43.0036,6.3944,Procellariiformes,497,Seabirds,Burrow
Puffinus yelkouan,Yelkouan Shearwater,Rattus rattus,Rodent attribution from IUCN.,Rattus rattus,"""""""""Very few rat visits were recorded at the shearwater-occupied cavities and no predation event was recorded. These intriguing results reveal a low level of interaction between introduced black rats and yelkouan shearwaters, which may have facilitated their long-term coexistence for thousands of years on some Mediterranean islands.""""""""","",Vulnerable,"",Rattus rattus,Rattus rattus,1,0,"Ruffino, L., Bourgeois, K., Vidal, E., Icard, J., Torre, F. and Legrand, J., 2008. Introduced predators and cavity-nesting seabirds: unexpected low level of interaction at breeding sites. Canadian Journal of Zoology, 86(9), pp.1068-1073.",132,Population,Reproductive success,Temporal,"",0,,1,0,0,1 site,0,0,Port-Cros Island,43.0036,6.3944,Procellariiformes,497,Seabirds,Burrow
Puffinus yelkouan,Yelkouan Shearwater,Rattus rattus,Rodent attribution from IUCN.,Rattus rattus,"""""""""Very few rat visits were recorded at the shearwater-occupied cavities and no predation event was recorded. These intriguing results reveal a low level of interaction between introduced black rats and yelkouan shearwaters, which may have facilitated their long-term coexistence for thousands of years on some Mediterranean islands.""""""""","",Vulnerable,"",Rattus rattus,Rattus rattus,1,0,"Ruffino, L., Bourgeois, K., Vidal, E., Icard, J., Torre, F. and Legrand, J., 2008. Introduced predators and cavity-nesting seabirds: unexpected low level of interaction at breeding sites. Canadian Journal of Zoology, 86(9), pp.1068-1073.",133,Population,Abundance,Timing,"",0,,0,,,"",,,Mediterranean islands,34.5531,18.048,Procellariiformes,497,Seabirds,Burrow
Puffinus yelkouan,Yelkouan Shearwater,Rattus rattus,Rodent attribution from IUCN.,Rattus rattus,"""""""""We did not detect significant effects of rats on the Mediterranean Shearwater""""""""","",Vulnerable,"",Rattus rattus,Rattus rattus,1,0,"Martin, J.L., Thibault, J.C. and Bretagnolle, V., 2000. Black rats, island characteristics, and colonial nesting birds in the Mediterranean: consequences of an ancient introduction. Conservation Biology, 14(5), pp.1452-1466.",134,Population,Abundance,Spatial,"",0,,1,1,1,15,1,0,Cabrera Islands,39.1407,2.9451,Procellariiformes,497,Seabirds,Burrow
Pyrocephalus dubius,Least Vermilion Flycatcher,Rattus,IUCN attribution was generic. Specific rodent was determined from literature review. See Table SX for references and notes.,,,,Extinct,"",Rattus rattus,,1,0,,,,,,,,,,,,,,,,,,Passeriformes,14.4,Landbirds,
Pyrrhula murina,Azores Bullfinch,Rattus,IUCN attribution was generic. Specific rodent was determined from literature review. See Table SX for references and notes.,,,,Vulnerable,"",Rattus norvegicus,,0,0,,,,,,,,,,,,,,,,,,Passeriformes,30,Landbirds,Vegetation
Pyrrhula murina,Azores Bullfinch,Rattus,IUCN attribution was generic. Specific rodent was determined from literature review. See Table SX for references and notes.,,,,Vulnerable,"",Rattus rattus,,0,0,,,,,,,,,,,,,,,,,,Passeriformes,30,Landbirds,Vegetation
Rallus semiplumbeus,Bogota Rail,Rattus,IUCN attribution was generic. Specific rodent was determined from literature review. See Table SX for references and notes.,,,,Vulnerable,"",Rattus norvegicus,,0,0,,,,,,,,,,,,,,,,,,Gruiformes,84.1,Landbirds,
Rallus semiplumbeus,Bogota Rail,Rattus,IUCN attribution was generic. Specific rodent was determined from literature review. See Table SX for references and notes.,,,,Vulnerable,"",Rattus rattus,,0,0,,,,,,,,,,,,,,,,,,Gruiformes,84.1,Landbirds,
Ramphocinclus brachyurus,White-breasted Thrasher,Rattus,IUCN attribution was generic. Specific rodent was determined from literature review. See Table SX for references and notes.,,,,Endangered,"",Rattus norvegicus,,0,0,,,,,,,,,,,,,,,,,,Passeriformes,50,Landbirds,Vegetation
Ramphocinclus brachyurus,White-breasted Thrasher,Rattus,IUCN attribution was generic. Specific rodent was determined from literature review. See Table SX for references and notes.,Rattus rattus,"Rats explain 1.9% of variation in bird habitat preference in one model (negative association), and does not appear in 2 other models. For sample size: Table S2, """"""""8 pixels (0.12%)""""""""; for relationship Table 2 and Figure S4","",Endangered,"",Rattus rattus,Rattus rattus,0,0,"Sass, E.M., Mortensen, J.L. and Reed, J.M., 2017. Habitat suitability models indicate the White-breasted Thrasher Ramphocinclus brachyurus occupies all suitable habitat in Saint Lucia. Bird Conservation International, 27(1), pp.96-110.",213,Population,Abundance,Spatial,"",0,,1,1,1,6667 pixels,1,0,Saint Lucia,13.9094,-60.9789,Passeriformes,50,Landbirds,Vegetation
Rhipidura semirubra,Manus Fantail,Rattus,IUCN attribution was generic. Specific rodent was determined from literature review. See Table SX for references and notes.,,,,Vulnerable,"",Rattus exulans,,0,0,,,,,,,,,,,,,,,,,,Passeriformes,8,Landbirds,
Rhipidura semirubra,Manus Fantail,Rattus,IUCN attribution was generic. Specific rodent was determined from literature review. See Table SX for references and notes.,,,,Vulnerable,"",Rattus rattus,,0,0,,,,,,,,,,,,,,,,,,Passeriformes,8,Landbirds,
Rhynochetos jubatus,Kagu,Rattus,IUCN attribution was generic. Specific rodent was determined from literature review. See Table SX for references and notes.,Rattus,Mentioned as unpublished data,"",Endangered,"",Rattus exulans,Rattus exulans,0,0,"Ekstrom, J.M., Jones, J.P., Willis, J., Tobias, J., Dutson, G. and Barre, N., 2002. New information on the distribution, status and conservation of terrestrial bird species in Grande Terre, New Caledonia. Emu, 102(2), pp.197-207.",184,Predation,Predation,Predation,Chicks,1,55,0,,,"",,,Riviere Bleue Park,-22.1397,166.7175,Eurypygiformes,859.993333333333,Landbirds,Ground
Rhynochetos jubatus,Kagu,Rattus,IUCN attribution was generic. Specific rodent was determined from literature review. See Table SX for references and notes.,Rattus,Mentioned as unpublished data,"",Endangered,"",Rattus norvegicus,Rattus norvegicus,0,0,"Ekstrom, J.M., Jones, J.P., Willis, J., Tobias, J., Dutson, G. and Barre, N., 2002. New information on the distribution, status and conservation of terrestrial bird species in Grande Terre, New Caledonia. Emu, 102(2), pp.197-207.",184,Predation,Predation,Predation,Chicks,1,55,0,,,"",,,Riviere Bleue Park,-22.1397,166.7175,Eurypygiformes,859.993333333333,Landbirds,Ground
Rhynochetos jubatus,Kagu,Rattus,IUCN attribution was generic. Specific rodent was determined from literature review. See Table SX for references and notes.,Rattus rattus,Table 1 - zero predations recorded,"",Endangered,"",Rattus rattus,Rattus rattus,0,0,"Gula, R., Theuerkauf, J., Rouys, S. and Legault, A., 2010. An audio/video surveillance system for wildlife. European Journal of Wildlife Research, 56, pp.803-807.",185,Predation,Predation,Predation,"",0,0,0,,,"",,,New Caledonia,-20.9043,165.618,Eurypygiformes,859.993333333333,Landbirds,Ground
Rhynochetos jubatus,Kagu,Rattus,IUCN attribution was generic. Specific rodent was determined from literature review. See Table SX for references and notes.,Rattus,Mentioned as unpublished data,"",Endangered,"",Rattus rattus,Rattus rattus,0,0,"Ekstrom, J.M., Jones, J.P., Willis, J., Tobias, J., Dutson, G. and Barre, N., 2002. New information on the distribution, status and conservation of terrestrial bird species in Grande Terre, New Caledonia. Emu, 102(2), pp.197-207.",184,Predation,Predation,Predation,Chicks,1,55,0,,,"",,,Riviere Bleue Park,-22.1397,166.7175,Eurypygiformes,859.993333333333,Landbirds,Ground
Rhyticeros narcondami,Narcondam Hornbill,Rattus,IUCN attribution was generic. Specific rodent was determined from literature review. See Table SX for references and notes.,,,,Vulnerable,Aceros narcondami,Rattus rattus,,0,0,,,,,,,,,,,,,,,,,,Bucerotiformes,697.185,Landbirds,Vegetation
Rhyticeros narcondami,Narcondam Hornbill,Rattus,IUCN attribution was generic. Specific rodent was determined from literature review. See Table SX for references and notes.,,,,Vulnerable,Aceros narcondami,Rattus tiomanicus,,0,0,,,,,,,,,,,,,,,,,,Bucerotiformes,697.185,Landbirds,Vegetation
Rowettia goughensis,Gough Island Finch,Mus musculus,Rodent attribution from IUCN.,Mus musculus,"""""""""Two bunting nests were deserted during incubation and one nest appeared to have been predated, with small fragments of broken eggshell (indicative of rodent predation; Brown et al., 1998) scattered around the nest. Of the 12 nests in which chicks hatched, three were probably predated, with chicks disappearing from two nests (leaving no sign) and one dead 6-day-old chick being found at a nest (the other egg in this nest did not hatch). The chick appeared undamaged apart from a small round puncture wound (ca. 1 mm in diameter) located on the carpal joint of the wing, indicating predation by a small mammal, rather than a bird."""""""" """"""""Of the 21 predated nests with eggs intact enough to examine for signs of predation, 18 (86%) had been predated by mice""""""""","",Critically Endangered,Nesospiza goughensis,Mus musculus,Mus musculus,1,1,"Cuthbert, R. and Hilton, G., 2004. Introduced house mice Mus musculus: a significant predator of threatened and endemic birds on Gough Island, South Atlantic Ocean?. Biological Conservation, 117(5), pp.483-489.",46,Predation,Predation,Predation,"Eggs, chicks",1,86,0,,,"",,,Gough Island,-40.3186,-9.9353,Passeriformes,53,Landbirds,Cliff-face
Saxicola dacotiae,Fuerteventura Stonechat,"Rattus, Rattus rattus",IUCN attribution was generic. Specific rodent was determined from literature review. See Table SX for references and notes.,,,,Near Threatened,"",Rattus norvegicus,,0,0,,,,,,,,,,,,,,,,,,Passeriformes,12.2,Landbirds,Ground
Saxicola dacotiae,Fuerteventura Stonechat,"Rattus, Rattus rattus",IUCN attribution was generic. Specific rodent was determined from literature review. See Table SX for references and notes.,,,,Near Threatened,"",Rattus rattus,,0,0,,,,,,,,,,,,,,,,,,Passeriformes,12.2,Landbirds,Ground
Sephanoides fernandensis,Juan Fernandez Firecrown,Rattus,IUCN attribution was generic. Specific rodent was determined from literature review. See Table SX for references and notes.,Rattus,"""""""""Although not directly observed on the Juan Fernandez Islands, rats will eat bird eggs and seeds of native plants. They are therefore an impediment to the conser- vation of the Juan Fernandez firecrown and island restoration, and must be controlled."""""""" + IUCN - """"""""long-term monitoring during the breeding season has not documented nest predation by mammals (P. Hodum in litt. 2020).""""""""",BirdLife International. 2020. Sephanoides fernandensis. The IUCN Red List of Threatened Species 2020: e.T22687863A179402328. https://dx.doi.org/10.2305/IUCN.UK.2020-3.RLTS.T22687863A179402328.en. Accessed on 30 January 2024.,Critically Endangered,"",Rattus norvegicus,Rattus norvegicus,0,0,"Roy, M.S., Torres-Mura, J.C., Hertel, F., Lemus, M. and Sponer, R., 1999. Conservation of the Juan Fernandez firecrown and its island habitat. Oryx, 33(3), pp.223-232.",212,Predation,Predation,Predation,"",0,,0,,,"",,,Juan Fernandez archipelago,-33.6614,-78.9278,Apodiformes,8.72,Landbirds,Vegetation
Sephanoides fernandensis,Juan Fernandez Firecrown,Rattus,IUCN attribution was generic. Specific rodent was determined from literature review. See Table SX for references and notes.,Rattus,"""""""""Although not directly observed on the Juan Fernandez Islands, rats will eat bird eggs and seeds of native plants. They are therefore an impediment to the conser- vation of the Juan Fernandez firecrown and island restoration, and must be controlled."""""""" + IUCN - """"""""long-term monitoring during the breeding season has not documented nest predation by mammals (P. Hodum in litt. 2020).""""""""",BirdLife International. 2020. Sephanoides fernandensis. The IUCN Red List of Threatened Species 2020: e.T22687863A179402328. https://dx.doi.org/10.2305/IUCN.UK.2020-3.RLTS.T22687863A179402328.en. Accessed on 30 January 2024.,Critically Endangered,"",Rattus rattus,Rattus rattus,0,0,"Roy, M.S., Torres-Mura, J.C., Hertel, F., Lemus, M. and Sponer, R., 1999. Conservation of the Juan Fernandez firecrown and its island habitat. Oryx, 33(3), pp.223-232.",212,Predation,Predation,Predation,"",0,,0,,,"",,,Juan Fernandez archipelago,-33.6614,-78.9278,Apodiformes,8.72,Landbirds,Vegetation
Siphonorhis americana,Jamaican Poorwill,"Rattus rattus, Rattus norvegicus",Rodent attribution from IUCN.,,,,Critically Endangered,Siphonorhis americanus,Rattus norvegicus,,1,0,,,,,,,,,,,,,,,,,,Caprimulgiformes,37,Landbirds,Ground
Siphonorhis americana,Jamaican Poorwill,"Rattus rattus, Rattus norvegicus",Rodent attribution from IUCN.,,,,Critically Endangered,Siphonorhis americanus,Rattus rattus,,1,0,,,,,,,,,,,,,,,,,,Caprimulgiformes,37,Landbirds,Ground
Siphonorhis brewsteri,Least Poorwill,"Rattus rattus, Rattus norvegicus",Rodent attribution from IUCN.,,,,Near Threatened,"",Rattus norvegicus,,0,0,,,,,,,,,,,,,,,,,,Caprimulgiformes,37,Landbirds,Ground
Siphonorhis brewsteri,Least Poorwill,"Rattus rattus, Rattus norvegicus",Rodent attribution from IUCN.,,,,Near Threatened,"",Rattus rattus,,0,0,,,,,,,,,,,,,,,,,,Caprimulgiformes,37,Landbirds,Ground
Spheniscus humboldti,Humboldt Penguin,"Rattus rattus, Rattus norvegicus",Rodent attribution from IUCN.,"Rattus rattus, Rattus norvegicus","""""""""We investigated the effects of rat predation on Humboldt Penguins (Spheniscus humboldti) by simulating unattended clutches with domestic Chicken eggs. Experiments were independently set at two Humboldt Penguin colonies in north (Pa ́jaros Island, 29°S) and central Chile (Algarrobo Island, 33°S). At both colonies, eggs were primarily predated by rats (Rattus rattus = 70.8""""""""","",Vulnerable,"",Rattus norvegicus,Rattus norvegicus,0,0,"Simeone, A. and Luna-Jorquera, G., 2012. Estimating rat predation on Humboldt Penguin colonies in north-central Chile. Journal of Ornithology, 153, pp.1079-1085.",221,Predation,Predation,Predation,Eggs,1,,0,,,"",,,Algarrobo Island,15.6684,-63.618,Sphenisciformes,4366.39333333333,Seabirds,Cliff-face
Spheniscus humboldti,Humboldt Penguin,"Rattus rattus, Rattus norvegicus",Rodent attribution from IUCN.,"Rattus rattus, Rattus norvegicus","""""""""Introduced rats (House Rat Rattus rattus and Brown Rat R. norvegicus) predate unattended eggs at several colonies in north and central Chile (Simeone and Luna-Jorquera 2012) and have also been recorded killing chicks in Punta San Juan, Peru (S. Cárdenas-Alayza pers. obs.).""""""""","",Vulnerable,"",Rattus norvegicus,Rattus norvegicus,0,0,BirdLife International. 2020. Spheniscus humboldti. The IUCN Red List of Threatened Species 2020: e.T22697817A182714418. https://dx.doi.org/10.2305/IUCN.UK.2020-3.RLTS.T22697817A182714418.en. Accessed on 04 February 2024.,222,Predation,Predation,Predation,Chicks,1,,0,,,"",,,Punta San Juan,13.2059,-88.5384,Sphenisciformes,4366.39333333333,Seabirds,Cliff-face
Spheniscus humboldti,Humboldt Penguin,"Rattus rattus, Rattus norvegicus",Rodent attribution from IUCN.,"Rattus rattus, Rattus norvegicus","""""""""We investigated the effects of rat predation on Humboldt Penguins (Spheniscus humboldti) by simulating unattended clutches with domestic Chicken eggs. Experiments were independently set at two Humboldt Penguin colonies in north (Pa ́jaros Island, 29°S) and central Chile (Algarrobo Island, 33°S). At both colonies, eggs were primarily predated by rats (Rattus rattus = 70.8""""""""","",Vulnerable,"",Rattus rattus,Rattus rattus,0,0,"Simeone, A. and Luna-Jorquera, G., 2012. Estimating rat predation on Humboldt Penguin colonies in north-central Chile. Journal of Ornithology, 153, pp.1079-1085.",221,Predation,Predation,Predation,Eggs,1,,0,,,"",,,Algarrobo Island,15.6684,-63.618,Sphenisciformes,4366.39333333333,Seabirds,Cliff-face
Spheniscus humboldti,Humboldt Penguin,"Rattus rattus, Rattus norvegicus",Rodent attribution from IUCN.,"Rattus rattus, Rattus norvegicus","""""""""Introduced rats (House Rat Rattus rattus and Brown Rat R. norvegicus) predate unattended eggs at several colonies in north and central Chile (Simeone and Luna-Jorquera 2012) and have also been recorded killing chicks in Punta San Juan, Peru (S. Cárdenas-Alayza pers. obs.).""""""""","",Vulnerable,"",Rattus rattus,Rattus rattus,0,0,BirdLife International. 2020. Spheniscus humboldti. The IUCN Red List of Threatened Species 2020: e.T22697817A182714418. https://dx.doi.org/10.2305/IUCN.UK.2020-3.RLTS.T22697817A182714418.en. Accessed on 04 February 2024.,222,Predation,Predation,Predation,Chicks,1,,0,,,"",,,Punta San Juan,13.2059,-88.5384,Sphenisciformes,4366.39333333333,Seabirds,Cliff-face
Spheniscus mendiculus,Galapagos Penguin,Rattus,IUCN attribution was generic. Specific rodent was determined from literature review. See Table SX for references and notes.,,,,Endangered,"",Rattus norvegicus,,0,0,,,,,,,,,,,,,,,,,,Sphenisciformes,1921.87333333333,Seabirds,Cliff-face
Spheniscus mendiculus,Galapagos Penguin,Rattus,IUCN attribution was generic. Specific rodent was determined from literature review. See Table SX for references and notes.,,,,Endangered,"",Rattus rattus,,0,0,,,,,,,,,,,,,,,,,,Sphenisciformes,1921.87333333333,Seabirds,Cliff-face
Sterna striata,White-fronted Tern,Rattus,IUCN attribution was generic. Specific rodent was determined from literature review. See Table SX for references and notes.,,,,Near Threatened,"",Rattus exulans,,1,0,,,,,,,,,,,,,,,,,,Charadriiformes,129,Landbirds,Ground
Sterna striata,White-fronted Tern,Rattus,IUCN attribution was generic. Specific rodent was determined from literature review. See Table SX for references and notes.,,,,Near Threatened,"",Rattus norvegicus,,1,0,,,,,,,,,,,,,,,,,,Charadriiformes,129,Landbirds,Ground
Sterna striata,White-fronted Tern,Rattus,IUCN attribution was generic. Specific rodent was determined from literature review. See Table SX for references and notes.,,,,Near Threatened,"",Rattus rattus,,1,0,,,,,,,,,,,,,,,,,,Charadriiformes,129,Landbirds,Ground
Strigops habroptila,Kakapo,"Rattus rattus, Rattus exulans",Rodent attribution from IUCN.,,,,Critically Endangered,"",Rattus exulans,,1,0,,,,,,,,,,,,,,,,,,Psittaciformes,1732.06666666667,Landbirds,Cliff-face
Strigops habroptila,Kakapo,"Rattus rattus, Rattus exulans",Rodent attribution from IUCN.,,,,Critically Endangered,"",Rattus rattus,,1,0,,,,,,,,,,,,,,,,,,Psittaciformes,1732.06666666667,Landbirds,Cliff-face
Synthliboramphus craveri,Craveri's Murrelet,"Rattus, Mus musculus",IUCN attribution was generic. Specific rodent was determined from literature review. See Table SX for references and notes.,,,,Vulnerable,Brachyramphus craveri,Mus musculus,,1,0,,,,,,,,,,,,,,,,,,Charadriiformes,151,Landbirds,Burrow
Synthliboramphus craveri,Craveri's Murrelet,"Rattus, Mus musculus",IUCN attribution was generic. Specific rodent was determined from literature review. See Table SX for references and notes.,,,,Vulnerable,Brachyramphus craveri,Rattus rattus,,1,0,,,,,,,,,,,,,,,,,,Charadriiformes,151,Landbirds,Burrow
Synthliboramphus hypoleucus,Guadalupe Murrelet,Rattus rattus,Rodent attribution from IUCN.,,,,Endangered,"",Rattus rattus,,1,0,,,,,,,,,,,,,,,,,,Charadriiformes,167,Landbirds,Burrow
Synthliboramphus scrippsi,Scripps’s murrelet,"Rattus rattus, Mus musculus, Peromyscus maniculatus",Rodent attribution from IUCN.,,,,Vulnerable,Synthliboramphus hypoleucus scrippsi,Mus musculus,,1,0,,,,,,,,,,,,,,,,,,Charadriiformes,167,Landbirds,Cliff-face
Synthliboramphus scrippsi,Scripps’s murrelet,"Rattus rattus, Mus musculus, Peromyscus maniculatus",Rodent attribution from IUCN.,Peromyscus maniculatus,"From IUCN quote: """"""""Deer Mice Peromyscus maniculatus anacapae (native to nearby Cedros Island) have also been introduced to the San Benito Islands. Deer Mice depredated 46% of all monitored eggs on Santa Barbara (Murray et al. 1983), which is the largest known breeding site for the species (Howard et al. 2014). However, on Anacapa, Deer Mice were established long before the introduction of rats, precluding them from consideration as the cause of declines there (Jones et al. 2005).""""""""","",Vulnerable,Synthliboramphus hypoleucus scrippsi,Peromyscus maniculatus,Peromyscus maniculatus,1,0,"Murray, K.G., Winnett-Murray, K., Eppley, Z.A., Hunt Jr, G.L. and Schwartz, D.B., 1983. Breeding biology of the Xantus’ Murrelet. The Condor, 85(1), pp.12-21.",205,Predation,Predation,Predation,"Eggs, chicks",1,44,0,,,"",,,Santa Barbara Island,33.4756,-119.0373,Charadriiformes,167,Landbirds,Cliff-face
Synthliboramphus scrippsi,Scripps’s murrelet,"Rattus rattus, Mus musculus, Peromyscus maniculatus",Rodent attribution from IUCN.,Rattus rattus,"""""""""We found a significant difference between pre- and post-eradication time periods for two of the three variables examined: proportion of eggs hatched clutch-1 (t-test, t(3,1) = -3.2547, p = 0.0237) and rodent depredation rates on eggs (t(3,1) = 3.4301, p = 0.0208). While there was no significant difference in percent occupancy, 191% more Scripp’s murrelet eggs were hatching and 94% fewer nests were depredated on Anacapa Island post-eradication (Figure 2). These results indicate that, compared to the control island, there was a significant effect of the rat eradication on Scripps’s murrelet breeding.""""""""","",Vulnerable,Synthliboramphus hypoleucus scrippsi,Rattus rattus,Rattus rattus,1,0,"Newton, K.M., McKown, M., Wolf, C., Gellerman, H., Coonan, T., Richards, D., Harvey, A.L., Holmes, N., Howald, G., Faulkner, K. and Tershy, B.R., 2016. Response of native species 10 years after rat eradication on Anacapa Island, California. Journal of Fish and Wildlife Management, 7(1), pp.72-85.",202,Population,Reproductive success,Spatiotemporal,"",1,,1,1,1,2,0,1,Anacapa and Santa Barbara Islands,34.0044,-119.3996,Charadriiformes,167,Landbirds,Cliff-face
Synthliboramphus scrippsi,Scripps’s murrelet,"Rattus rattus, Mus musculus, Peromyscus maniculatus",Rodent attribution from IUCN.,Rattus rattus,"""""""""Baseline (2001–2002) and post-eradication (2003–2010) monitoring in ten sea caves recorded a nearly 3-fold increase in hatching success (30% versus 85%), due mainly to a drastic reduction in egg predation."""""""" """"""""Differences in the frequencies of nest fates were observed in the post- and pre-eradication periods (G = 20.06, df = 2, P < 0.001). Overall hatching success was 64%, but was much higher (Gc = 9.65, df = 1, P < 0.005) post-eradication (80%) than pre-eradication (42%). Post-eradication hatching success was consistently high (73%–83%; Table 1, Fig. 2); pre-eradication, it was quite variable (18%–78%). Note: rat eradication completed 2002, and pre-eradication data starts 2000/2001.","Newton, K.M., McKown, M., Wolf, C., Gellerman, H., Coonan, T., Richards, D., Harvey, A.L., Holmes, N., Howald, G., Faulkner, K. and Tershy, B.R., 2016. Response of native species 10 years after rat eradication on Anacapa Island, California. Journal of Fish and Wildlife Management, 7(1), pp.72-85.; Whitworth, D.L., Carter, H.R., Young, R.J., Koepke, J.S., Gress, F. and Fangman, S., 2005. Initial recovery of Xantus's Murrelets following rat eradication on Anacapa Island, California. Marine Ornithology, 33, pp.131-137.; Whitworth, D.L. and Carter, H.R., 2018. Population trends for Scripps's Murrelet following eradication of black rats. The Journal of Wildlife Management, 82(1), pp.232-237.",Vulnerable,Synthliboramphus hypoleucus scrippsi,Rattus rattus,Rattus rattus,1,0,"Whitworth, D.L., Carter, H.R. and Gress, F., 2013. Recovery of a threatened seabird after eradication of an introduced predator: Eight years of progress for Scripps’s murrelet at Anacapa Island, California. Biological Conservation, 162, pp.52-59.",203,Population,Reproductive success,Temporal,"",1,,1,,0,1,0,0,Anacapa Island,34.0044,-119.3996,Charadriiformes,167,Landbirds,Cliff-face
Synthliboramphus scrippsi,Scripps’s murrelet,"Rattus rattus, Mus musculus, Peromyscus maniculatus",Rodent attribution from IUCN.,Rattus rattus,"""""""""Despite the difficult access to sea caves, rat-depredated eggs were recorded in seven of eight murrelet occupied caves before eradication.""""""""","Whitworth, D.L., Carter, H.R., Young, R.J., Koepke, J.S., Gress, F. and Fangman, S., 2005. Initial recovery of Xantus's Murrelets following rat eradication on Anacapa Island, California. Marine Ornithology, 33, pp.131-137.; Whitworth, D.L., Carter, H.R., Parker, M.W., Gress, F. and Booker, M., 2018. Long-term monitoring of Scripps's Murrelet and Guadalupe Murrelet at San Clemente Island, California: evaluation of baseline data in 2012–2016. Western North American Naturalist, 78(3), pp.457-473.; Whitworth, D.L., Carter, H.R., Dvorak, T.M., Farley, L.S. and King, J.L., 2014. Status, distribution, and conservation of Scripps's murrelet at Santa Catalina Island, California. Monographs of the Western North American Naturalist, 7(1), pp.321-338.",Vulnerable,Synthliboramphus hypoleucus scrippsi,Rattus rattus,Rattus rattus,1,0,"Whitworth, D.L., Carter, H.R. and Gress, F., 2013. Recovery of a threatened seabird after eradication of an introduced predator: Eight years of progress for Scripps’s murrelet at Anacapa Island, California. Biological Conservation, 162, pp.52-59.",204,Predation,Predation,Predation,"Eggs, adults",1,88,0,,,"",,,Anacapa Island,34.0044,-119.3996,Charadriiformes,167,Landbirds,Cliff-face
Synthliboramphus wumizusume,Japanese Murrelet,"Rattus norvegicus, Rattus",IUCN attribution was generic. Specific rodent was determined from literature review. See Table SX for references and notes.,Rattus norvegicus,"""""""""Brown rat Rattus norvegicus has been introduced to some nesting colonies and almost extirpated the population on Koya-Jima, before rats were been eradicated in 1987/198""""""""","",Vulnerable,"",Rattus norvegicus,Rattus norvegicus,0,0,BirdLife International. 2018. Synthliboramphus wumizusume. The IUCN Red List of Threatened Species 2018: e.T22694899A132580332. https://dx.doi.org/10.2305/IUCN.UK.2018-2.RLTS.T22694899A132580332.en. Accessed on 17 December 2023.,91,Population,Abundance,Timing,"",1,,0,,,"",,,Koya-Jima (coordinates used for Kyushu),32.59,130.8,Charadriiformes,198,Landbirds,Burrow
Synthliboramphus wumizusume,Japanese Murrelet,"Rattus norvegicus, Rattus",IUCN attribution was generic. Specific rodent was determined from literature review. See Table SX for references and notes.,Rattus,"""""""""In 1987, the remains of 145 individuals were found on Koya Island, where the birds had apparently been killed by rats (Takeishi 1987, Ono 1993). The estimated total mortality was 414 birds."""""""" References unavailable online","",Vulnerable,"",Rattus norvegicus,Rattus norvegicus,0,0,BirdLife International. 2018. Synthliboramphus wumizusume. The IUCN Red List of Threatened Species 2018: e.T22694899A132580332. https://dx.doi.org/10.2305/IUCN.UK.2018-2.RLTS.T22694899A132580332.en. Accessed on 17 December 2023.,90,Predation,Predation,Predation,Adults,1,,0,,,"",,,Koya Island (coordinates used for Kyushu),32.59,130.8,Charadriiformes,198,Landbirds,Burrow
Synthliboramphus wumizusume,Japanese Murrelet,"Rattus norvegicus, Rattus",IUCN attribution was generic. Specific rodent was determined from literature review. See Table SX for references and notes.,Rattus,"""""""""In 1987, the remains of 145 individuals were found on Koya Island, where the birds had apparently been killed by rats (Takeishi 1987, Ono 1993). The estimated total mortality was 414 birds."""""""" References unavailable online","",Vulnerable,"",Rattus rattus,Rattus rattus,0,0,BirdLife International. 2018. Synthliboramphus wumizusume. The IUCN Red List of Threatened Species 2018: e.T22694899A132580332. https://dx.doi.org/10.2305/IUCN.UK.2018-2.RLTS.T22694899A132580332.en. Accessed on 17 December 2023.,90,Predation,Predation,Predation,Adults,1,,0,,,"",,,Koya Island (coordinates used for Kyushu),32.59,130.8,Charadriiformes,198,Landbirds,Burrow
Synthliboramphus wumizusume,Japanese Murrelet,"Rattus norvegicus, Rattus",IUCN attribution was generic. Specific rodent was determined from literature review. See Table SX for references and notes.,Rattus,"""""""""In 1987, the remains of 145 individuals were found on Koya Island, where the birds had apparently been killed by rats (Takeishi 1987, Ono 1993). The estimated total mortality was 414 birds."""""""" References unavailable online","",Vulnerable,"",Rattus tanezumi,Rattus tanezumi,0,0,BirdLife International. 2018. Synthliboramphus wumizusume. The IUCN Red List of Threatened Species 2018: e.T22694899A132580332. https://dx.doi.org/10.2305/IUCN.UK.2018-2.RLTS.T22694899A132580332.en. Accessed on 17 December 2023.,90,Predation,Predation,Predation,Adults,1,,0,,,"",,,Koya Island (coordinates used for Kyushu),32.59,130.8,Charadriiformes,198,Landbirds,Burrow
Tachycineta euchrysea,Golden Swallow,Rattus,IUCN attribution was generic. Specific rodent was determined from literature review. See Table SX for references and notes.,,,,Vulnerable,Kalochelidon euchrysea,Rattus norvegicus,,0,0,,,,,,,,,,,,,,,,,,Passeriformes,17,Landbirds,Cliff-face
Tachycineta euchrysea,Golden Swallow,Rattus,IUCN attribution was generic. Specific rodent was determined from literature review. See Table SX for references and notes.,,,,Vulnerable,Kalochelidon euchrysea,Rattus rattus,,0,0,,,,,,,,,,,,,,,,,,Passeriformes,17,Landbirds,Cliff-face
Telespiza ultima,Nihoa Finch,Rattus rattus,Rodent attribution from IUCN.,,,,Critically Endangered,"",Rattus rattus,,0,0,,,,,,,,,,,,,,,,,,Passeriformes,24.2266666666667,Landbirds,Cliff-face
Thalassarche chlororhynchos,Atlantic Yellow-nosed Albatross,Mus musculus,Rodent attribution from IUCN.,Mus musculus,"""""""""Fig. 2. a. The carcass of an Atlantic yellow-nosed albatross chick with wounds on the belly and exposed viscera, and b. location of the mouse hole within the nest mound and entrance of the mouse hole at the base of the pedestal."""""""" """"""""This predated chick was one of 52 hatched chicks in the long-term study colony where regular (more than twice weekly) checks were made in the 2009/10 season, suggesting mice preyed upon a minimum of 2% of chicks in this season.""""""""","",Endangered,"",Mus musculus,Mus musculus,0,0,"Cuthbert, R.J., Louw, H., Parker, G., Rexer-Huber, K. and Visser, P., 2013. Observations of mice predation on dark-mantled sooty albatross and Atlantic yellow-nosed albatross chicks at Gough Island. Antarctic Science, 25(6), pp.763-766.",143,Predation,Predation,Predation,Chicks,1,1.92,0,,,"",,,Gough Island,-40.3186,-9.9353,Procellariiformes,2128.82666666667,Seabirds,Ground
Thalassarche chlororhynchos,Atlantic Yellow-nosed Albatross,Mus musculus,Rodent attribution from IUCN.,Mus musculus,"""""""""During an incubation census of Atlantic Yellow-nosed Albatross Thalassarche chlororhynchos conducted from 18 to 26 October 2018 on Gough Island, an incubating individual was found on 19 October with a wound on the central back. The wound (~ 2 cm in diameter) had punctured the dermal layer and caused minor bleeding, but the adult bird was responsive and appeared unaffected. However, during the census, of 618 incubators counted in long-term census plots, a total of 23 freshly dead carcasses of Atlantic Yellownosed Albatrosses were found next to empty nests in nearby colonies to where the mouse wounded bird was found. The cause of death could not be determined and remains speculative.","",Endangered,"",Mus musculus,Mus musculus,0,0,"Jones, C.W., Risi, M.M., Cleeland, J. and Ryan, P.G., 2019. First evidence of mouse attacks on adult albatrosses and petrels breeding on sub-Antarctic Marion and Gough Islands. Polar Biology, 42, pp.619-623.",144,Predation,Predation,Predation,Adults,1,3.72,0,,,"",,,Gough Island,-40.3186,-9.9353,Procellariiformes,2128.82666666667,Seabirds,Ground
Thalassarche chlororhynchos,Atlantic Yellow-nosed Albatross,Mus musculus,Rodent attribution from IUCN.,Mus musculus,"""""""""Prior to 2017, there were no definite records of incubating or brooding adult seabirds on Marion or Gough Islands with wounds consistent with those inflicted by mice on albatross or petrel chicks."""""""" *This species was defined Endangered in 2003 (IUCN Red List 2023)","",Endangered,"",Mus musculus,Mus musculus,0,0,"Jones, C.W., Risi, M.M., Cleeland, J. and Ryan, P.G., 2019. First evidence of mouse attacks on adult albatrosses and petrels breeding on sub-Antarctic Marion and Gough Islands. Polar Biology, 42, pp.619-623.",145,Population,Reproductive success,Timing,"",0,,0,,,"",,,Gough Island,-40.3186,-9.9353,Procellariiformes,2128.82666666667,Seabirds,Ground
Thalassarche chrysostoma,Grey-headed Albatross,Mus musculus,Rodent attribution from IUCN.,Mus musculus,"""""""""In 2015, mice attacked large chicks of all three albatross species that fledge in autumn: grey-headed (Thalassarche chrysostoma Forster) (at least 102 wounded chicks; 4.6% of fledglings), sooty (n = 45, 4.3%) and light-mantled albatross (P. palpebrata Forster) (n = 1, 4%). Filming at night confirmed that mice were responsible for wounds.""""""""","",Endangered,Diomedea chrysostoma,Mus musculus,Mus musculus,0,0,"Dilley, B.J., Schoombie, S., Schoombie, J. and Ryan, P.G., 2016. ‘Scalping’of albatross fledglings by introduced mice spreads rapidly at Marion Island. Antarctic Science, 28(2), pp.73-80.",141,Predation,Predation,Predation,Chicks,1,4.6,0,,,"",,,Marion Island,-46.9125,37.743611,Procellariiformes,3499.02,Seabirds,Cliff-face
Thalassarche chrysostoma,Grey-headed Albatross,Mus musculus,Rodent attribution from IUCN.,Mus musculus,"""""""""There has been no evidence of mouse attacks on greyheaded albatross or northern giant petrel chicks, either in the study colonies or from incidental observations.""""""""","",Endangered,Diomedea chrysostoma,Mus musculus,Mus musculus,0,0,"Jones, M.G.W. and Ryan, P.G., 2010. Evidence of mouse attacks on albatross chicks on sub-Antarctic Marion Island. Antarctic Science, 22(1), pp.39-42.",142,Predation,Predation,Predation,"",0,,0,,,"",,,Marion Island,-46.9125,37.743611,Procellariiformes,3499.02,Seabirds,Cliff-face
Thalasseus bernsteini,Chinese Crested Tern,Rattus,IUCN attribution was generic. Specific rodent was determined from literature review. See Table SX for references and notes.,,,,Critically Endangered,Sterna bernsteini,Rattus losea,,0,0,,,,,,,,,,,,,,,,,,Charadriiformes,284,Landbirds,Ground
Thalasseus bernsteini,Chinese Crested Tern,Rattus,IUCN attribution was generic. Specific rodent was determined from literature review. See Table SX for references and notes.,,,,Critically Endangered,Sterna bernsteini,Rattus norvegicus,,0,0,,,,,,,,,,,,,,,,,,Charadriiformes,284,Landbirds,Ground
Thalasseus bernsteini,Chinese Crested Tern,Rattus,IUCN attribution was generic. Specific rodent was determined from literature review. See Table SX for references and notes.,,,,Critically Endangered,Sterna bernsteini,Rattus rattus,,0,0,,,,,,,,,,,,,,,,,,Charadriiformes,284,Landbirds,Ground
Thalasseus elegans,Elegant Tern,Rattus,IUCN attribution was generic. Specific rodent was determined from literature review. See Table SX for references and notes.,,,,Near Threatened,Sterna elegans,Rattus norvegicus,,0,0,,,,,,,,,,,,,,,,,,Charadriiformes,260,Landbirds,Ground
Thalasseus elegans,Elegant Tern,Rattus,IUCN attribution was generic. Specific rodent was determined from literature review. See Table SX for references and notes.,"Rattus rattus, Mus musculus","Supplementary file provides """"""""lambda"""""""" values relative to rat eradications. The lambda value is >1 (population growth). The data is unpublished and raw data is not provided.","",Near Threatened,Sterna elegans,Rattus rattus,Rattus rattus,0,0,"Brooke, M.D.L., Bonnaud, E., Dilley, B.J., Flint, E.N., Holmes, N.D., Jones, H.P., Provost, P., Rocamora, G., Ryan, P.G., Surman, C. and Buxton, R.T., 2018. Seabird population changes following mammal eradications on islands. Animal Conservation, 21(1), pp.3-12.",201,Population,Abundance,Temporal,"",1,,1,0,1,181 populations,1,0,Isla Rasa,28.8236,-112.98,Charadriiformes,260,Landbirds,Ground
Thinornis novaeseelandiae,Shore Plover,Rattus norvegicus,Rodent attribution from IUCN.,,,,Endangered,"",Rattus norvegicus,,1,0,,,,,,,,,,,,,,,,,,Charadriiformes,61,Landbirds,Cliff-face
Todiramphus gambieri,Tuamotu Kingfisher,"Rattus rattus, Rattus exulans",Rodent attribution from IUCN.,,,,Critically Endangered,"Halcyon gambieri ssp. gambieri,",Rattus exulans,,0,0,,,,,,,,,,,,,,,,,,Coraciiformes,39,Landbirds,Vegetation
Todiramphus gambieri,Tuamotu Kingfisher,"Rattus rattus, Rattus exulans",Rodent attribution from IUCN.,,,,Critically Endangered,"Halcyon gambieri ssp. gambieri,",Rattus rattus,,0,0,,,,,,,,,,,,,,,,,,Coraciiformes,39,Landbirds,Vegetation
Todiramphus godeffroyi,Marquesas Kingfisher,"Rattus exulans, Rattus rattus",Rodent attribution from IUCN.,,,,Critically Endangered,"Halcyon godeffroyi, Todirhamphus godeffroyi",Rattus exulans,,0,0,,,,,,,,,,,,,,,,,,Coraciiformes,63.3666666666667,Landbirds,Vegetation
Todiramphus godeffroyi,Marquesas Kingfisher,"Rattus exulans, Rattus rattus",Rodent attribution from IUCN.,,,,Critically Endangered,"Halcyon godeffroyi, Todirhamphus godeffroyi",Rattus rattus,,0,0,,,,,,,,,,,,,,,,,,Coraciiformes,63.3666666666667,Landbirds,Vegetation
Todiramphus pelewensis,Palau Kingfisher,Rattus,IUCN attribution was generic. Specific rodent was determined from literature review. See Table SX for references and notes.,,,,Near Threatened,"",Rattus exulans,,0,0,,,,,,,,,,,,,,,,,,Coraciiformes,62.2,Landbirds,Vegetation
Todiramphus pelewensis,Palau Kingfisher,Rattus,IUCN attribution was generic. Specific rodent was determined from literature review. See Table SX for references and notes.,,,,Near Threatened,"",Rattus norvegicus,,0,0,,,,,,,,,,,,,,,,,,Coraciiformes,62.2,Landbirds,Vegetation
Todiramphus tutus,Chattering Kingfisher,Rattus,IUCN attribution was generic. Specific rodent was determined from literature review. See Table SX for references and notes.,,,,Near Threatened,Todirhamphus tuta tuta,Rattus exulans,,0,0,,,,,,,,,,,,,,,,,,Coraciiformes,42.3133333333333,Landbirds,Vegetation
Todiramphus tutus,Chattering Kingfisher,Rattus,IUCN attribution was generic. Specific rodent was determined from literature review. See Table SX for references and notes.,,,,Near Threatened,Todirhamphus tuta tuta,Rattus norvegicus,,0,0,,,,,,,,,,,,,,,,,,Coraciiformes,42.3133333333333,Landbirds,Vegetation
Todiramphus tutus,Chattering Kingfisher,Rattus,IUCN attribution was generic. Specific rodent was determined from literature review. See Table SX for references and notes.,,,,Near Threatened,Todirhamphus tuta tuta,Rattus rattus,,0,0,,,,,,,,,,,,,,,,,,Coraciiformes,42.3133333333333,Landbirds,Vegetation
Treron griveaudi,Comoro Green-pigeon,Rattus,IUCN attribution was generic. Specific rodent was determined from literature review. See Table SX for references and notes.,,,,Endangered,"",Rattus rattus,,0,0,,,,,,,,,,,,,,,,,,Columbiformes,229,Landbirds,
Tribonyx hodgenorum,Hodgen's Waterhen,Rattus exulans,Rodent attribution from IUCN.,,,,Extinct,"",Rattus exulans,,1,0,,,,,,,,,,,,,,,,,,Gruiformes,839.06,Landbirds,
Turdus eremita,Tristan Thrush,Rattus rattus,Rodent attribution from IUCN.,,,,Near Threatened,Nesocichla eremita,Rattus rattus,,0,0,,,,,,,,,,,,,,,,,,Passeriformes,90.995,Landbirds,Cliff-face
Turdus xanthorhynchus,Principe Thrush,Rattus rattus,Rodent attribution from IUCN.,,,,Critically Endangered,"",Rattus rattus,,0,0,,,,,,,,,,,,,,,,,,Passeriformes,82.5,Landbirds,Cliff-face
Turnagra capensis,South Island Piopio,Rattus,IUCN attribution was generic. Specific rodent was determined from literature review. See Table SX for references and notes.,,,,Extinct,"",Rattus exulans,,1,1,,,,,,,,,,,,,,,,,,Passeriformes,,Landbirds,
Turnagra capensis,South Island Piopio,Rattus,IUCN attribution was generic. Specific rodent was determined from literature review. See Table SX for references and notes.,,,,Extinct,"",Rattus norvegicus,,1,1,,,,,,,,,,,,,,,,,,Passeriformes,,Landbirds,
Turnagra capensis,South Island Piopio,Rattus,IUCN attribution was generic. Specific rodent was determined from literature review. See Table SX for references and notes.,,,,Extinct,"",Rattus rattus,,1,1,,,,,,,,,,,,,,,,,,Passeriformes,,Landbirds,
Turnagra tanagra,North Island Piopio,Rattus,IUCN attribution was generic. Specific rodent was determined from literature review. See Table SX for references and notes.,,,,Extinct,"",Rattus exulans,,1,0,,,,,,,,,,,,,,,,,,Passeriformes,,Landbirds,Vegetation
Turnagra tanagra,North Island Piopio,Rattus,IUCN attribution was generic. Specific rodent was determined from literature review. See Table SX for references and notes.,,,,Extinct,"",Rattus norvegicus,,1,0,,,,,,,,,,,,,,,,,,Passeriformes,,Landbirds,Vegetation
Turnagra tanagra,North Island Piopio,Rattus,IUCN attribution was generic. Specific rodent was determined from literature review. See Table SX for references and notes.,,,,Extinct,"",Rattus rattus,,1,0,,,,,,,,,,,,,,,,,,Passeriformes,,Landbirds,Vegetation
Uratelornis chimaera,Long-tailed Ground-roller,Rattus,IUCN attribution was generic. Specific rodent was determined from literature review. See Table SX for references and notes.,,,,Vulnerable,"",Rattus norvegicus,,0,0,,,,,,,,,,,,,,,,,,Coraciiformes,226,Landbirds,Burrow
Uratelornis chimaera,Long-tailed Ground-roller,Rattus,IUCN attribution was generic. Specific rodent was determined from literature review. See Table SX for references and notes.,,,,Vulnerable,"",Rattus rattus,,0,0,,,,,,,,,,,,,,,,,,Coraciiformes,226,Landbirds,Burrow
Vini kuhlii,Rimatara Lorikeet,Rattus rattus,Rodent attribution from IUCN.,,,,Endangered,"",Rattus rattus,,0,0,,,,,,,,,,,,,,,,,,Psittaciformes,40,Landbirds,Vegetation
Vini peruviana,Blue Lorikeet,Rattus rattus,Rodent attribution from IUCN.,Rattus rattus,Table 2,"",Vulnerable,"",Rattus rattus,Rattus rattus,1,1,"Seitre, J., 1992. Causes of land-bird extinctions in French Polynesia. Oryx, 26(4), pp.215-222.",236,Population,Abundance,Spatial,"",1,,1,1,1,8,1,0,French Polynesia,-17.6797,-149.4068,Psittaciformes,29,Landbirds,Vegetation
Vini ultramarina,Ultramarine Lorikeet,Rattus rattus,Rodent attribution from IUCN.,Rattus rattus,"""""""""the decline of the Ultramarine Lorikeet from Nuku Hiva and Ua Pou, and from Fatu Hiva to where it was previously translocated (Kuehler et al. 1997), coincides with the introduction of the black rat Rattus rattus""""""""","",Critically Endangered,"",Rattus rattus,Rattus rattus,1,1,"Doukas, T. and Ziembicki, M., 2022. Conservation status and biology of the Ultramarine Lorikeet Vini ultramarina in the Marquesas Islands, French Polynesia. Bird Conservation International, 32(1), pp.111-126.",77,Population,Abundance,Timing,"",1,,0,,,"",,,Fatu Hiva,-10.4905,-138.6489,Psittaciformes,46.3333333333333,Landbirds,Vegetation
Vini ultramarina,Ultramarine Lorikeet,Rattus rattus,Rodent attribution from IUCN.,Rattus rattus,"""""""""The only remaining robust population of Ultramarine Lorikeets was confined to the small, rat-free island of Ua Huka with approximate estimates of between 1,000 and 1,500 individuals in 1991""""""""","",Critically Endangered,"",Rattus rattus,Rattus rattus,1,1,"Doukas, T. and Ziembicki, M., 2022. Conservation status and biology of the Ultramarine Lorikeet Vini ultramarina in the Marquesas Islands, French Polynesia. Bird Conservation International, 32(1), pp.111-126.",78,Population,Abundance,Spatial,"",1,,0,,,"",,,Fatu Hiva,-10.4905,-138.6489,Psittaciformes,46.3333333333333,Landbirds,Vegetation
Vini ultramarina,Ultramarine Lorikeet,Rattus rattus,Rodent attribution from IUCN.,Rattus rattus,Table 2,"",Critically Endangered,"",Rattus rattus,Rattus rattus,1,1,"Seitre, J., 1992. Causes of land-bird extinctions in French Polynesia. Oryx, 26(4), pp.215-222.",79,Population,Abundance,Spatial,"",1,,1,1,1,3,0,0,French Polynesia,-17.6797,-149.4068,Psittaciformes,46.3333333333333,Landbirds,Vegetation
Xenicus gilviventris,New Zealand Rockwren,Mus musculus,Rodent attribution from IUCN.,Mus musculus,"""""""""Of the 146 nests monitored, the outcome (success or fail) was confirmed for 140 nests....House Mice (4 of 36 nests, 11% [of predations])...Mice gnawed and cracked open eggs in the nest, leaving behind broken eggshell, and preyed upon nestlings, leaving gnaw marks and fatal wounds.""""""""","",Endangered,"",Mus musculus,Mus musculus,0,0,"Weston, K.A., O'Donnell, C.F., van dam‐Bates, P. and Monks, J.M., 2018. Control of invasive predators improves breeding success of an endangered alpine passerine. Ibis, 160(4), pp.892-899.",245,Predation,Predation,Predation,"Eggs, chicks",1,2.86,0,,,"",,,"Mount Aspiring National Park, Fiordland National Park",-45.4085,167.3591,Passeriformes,17.5933333333333,Landbirds,Burrow
Zapornia monasa,Kosrae Crake,Rattus,IUCN attribution was generic. Specific rodent was determined from literature review. See Table SX for references and notes.,Rattus,"""""""""Its extinction quickly followed the arrival of rats from missionary and whaling ships in the 1830s and 1840s (Taylor 1998)""""""""","",Extinct,Porzana monasa,Rattus exulans,Rattus exulans,1,1,BirdLife International. 2016. Zapornia monasa. The IUCN Red List of Threatened Species 2016: e.T22692708A93366211. https://dx.doi.org/10.2305/IUCN.UK.2016-3.RLTS.T22692708A93366211.en. Accessed on 10 November 2023.,5,Population,Abundance,Timing,"",1,,0,,,"",,,Kosrae,5.3166654,162.9833294,Gruiformes,73.4115,Landbirds,
Zapornia monasa,Kosrae Crake,Rattus,IUCN attribution was generic. Specific rodent was determined from literature review. See Table SX for references and notes.,Rattus,"""""""""Its extinction quickly followed the arrival of rats from missionary and whaling ships in the 1830s and 1840s (Taylor 1998)""""""""","",Extinct,Porzana monasa,Rattus rattus,Rattus rattus,1,1,BirdLife International. 2016. Zapornia monasa. The IUCN Red List of Threatened Species 2016: e.T22692708A93366211. https://dx.doi.org/10.2305/IUCN.UK.2016-3.RLTS.T22692708A93366211.en. Accessed on 10 November 2023.,5,Population,Abundance,Timing,"",1,,0,,,"",,,Kosrae,5.3166654,162.9833294,Gruiformes,73.4115,Landbirds,
Zapornia palmeri,Laysan Rail,Rattus,IUCN attribution was generic. Specific rodent was determined from literature review. See Table SX for references and notes.,,,,Extinct,Porzana palmeri,Rattus exulans,,1,0,,,,,,,,,,,,,,,,,,Gruiformes,73.4115,Landbirds,
Zapornia palmeri,Laysan Rail,Rattus,IUCN attribution was generic. Specific rodent was determined from literature review. See Table SX for references and notes.,,,,Extinct,Porzana palmeri,Rattus norvegicus,,1,0,,,,,,,,,,,,,,,,,,Gruiformes,73.4115,Landbirds,
Zapornia palmeri,Laysan Rail,Rattus,IUCN attribution was generic. Specific rodent was determined from literature review. See Table SX for references and notes.,,,,Extinct,Porzana palmeri,Rattus rattus,,1,0,,,,,,,,,,,,,,,,,,Gruiformes,73.4115,Landbirds,
Zapornia sandwichensis,Hawaiian Rail,Rattus,IUCN attribution was generic. Specific rodent was determined from literature review. See Table SX for references and notes.,,,,Extinct,Porzana sandwichensis,Rattus exulans,,0,0,,,,,,,,,,,,,,,,,,Gruiformes,73.4115,Landbirds,
Zapornia sandwichensis,Hawaiian Rail,Rattus,IUCN attribution was generic. Specific rodent was determined from literature review. See Table SX for references and notes.,,,,Extinct,Porzana sandwichensis,Rattus norvegicus,,0,0,,,,,,,,,,,,,,,,,,Gruiformes,73.4115,Landbirds,
Zapornia sandwichensis,Hawaiian Rail,Rattus,IUCN attribution was generic. Specific rodent was determined from literature review. See Table SX for references and notes.,,,,Extinct,Porzana sandwichensis,Rattus rattus,,0,0,,,,,,,,,,,,,,,,,,Gruiformes,73.4115,Landbirds,
Zenaida graysoni,Socorro Dove,Mus musculus,Rodent attribution from IUCN.,Mus musculus,"""""""""mice remain an issue on the island and must be removed due to their predation of dove chicks (J. Lowen in litt. 2020)""""""""","",Extinct in the Wild,"",Mus musculus,Mus musculus,0,0,BirdLife International. 2020. Zenaida graysoni. The IUCN Red List of Threatened Species 2020: e.T22690740A178409463. https://dx.doi.org/10.2305/IUCN.UK.2020-3.RLTS.T22690740A178409463.en. Accessed on 20 January 2024.,199,Predation,Predation,Predation,Chicks,1,,0,,,"",,,Revillagigedo Islands,18.798,-110.9754,Columbiformes,192,Landbirds,
Zoothera atrigena,Bougainville Thrush,Rattus,IUCN attribution was generic. Specific rodent was determined from literature review. See Table SX for references and notes.,,,,Near Threatened,"",Rattus exulans,,0,0,,,,,,,,,,,,,,,,,,Passeriformes,65.3,Landbirds,
Zoothera atrigena,Bougainville Thrush,Rattus,IUCN attribution was generic. Specific rodent was determined from literature review. See Table SX for references and notes.,,,,Near Threatened,"",Rattus rattus,,0,0,,,,,,,,,,,,,,,,,,Passeriformes,65.3,Landbirds,
Zoothera margaretae,Makira Thrush,Rattus rattus,Rodent attribution from IUCN.,,,,Near Threatened,"",Rattus rattus,,0,0,,,,,,,,,,,,,,,,,,Passeriformes,65.2733333333334,Landbirds,
Zoothera terrestris,Bonin Thrush,Rattus,IUCN attribution was generic. Specific rodent was determined from literature review. See Table SX for references and notes.,,,,Extinct,"",Rattus norvegicus,,1,0,,,,,,,,,,,,,,,,,,Passeriformes,86.6529487179487,Landbirds,
Zoothera terrestris,Bonin Thrush,Rattus,IUCN attribution was generic. Specific rodent was determined from literature review. See Table SX for references and notes.,,,,Extinct,"",Rattus rattus,,1,0,,,,,,,,,,,,,,,,,,Passeriformes,86.6529487179487,Landbirds,
Zoothera turipavae,Guadalcanal Thrush,Rattus,IUCN attribution was generic. Specific rodent was determined from literature review. See Table SX for references and notes.,,,,Vulnerable,"",Rattus exulans,,1,0,,,,,,,,,,,,,,,,,,Passeriformes,65.2733333333334,Landbirds,
Zoothera turipavae,Guadalcanal Thrush,Rattus,IUCN attribution was generic. Specific rodent was determined from literature review. See Table SX for references and notes.,,,,Vulnerable,"",Rattus rattus,,1,0,,,,,,,,,,,,,,,,,,Passeriformes,65.2733333333334,Landbirds,
Zosterops albogularis,White-chested White-eye,Rattus rattus,Rodent attribution from IUCN.,Rattus rattus,"""""""""There have been a number of other reports during 1978-2005, however a three-week survey in 2009 failed to find the species and estimated a 90% chance that the species is functionally extinct .... The principal threat is probably predation by black rat Rattus rattus, which is thought to have been introduced in the mid-1940s.""""""""","",Critically Endangered,"",Rattus rattus,Rattus rattus,1,1,BirdLife International. 2018. Zosterops albogularis. The IUCN Red List of Threatened Species 2018: e.T22714229A130968395. https://dx.doi.org/10.2305/IUCN.UK.2018-2.RLTS.T22714229A130968395.en. Accessed on 03 December 2023.,69,Population,Abundance,Timing,"",1,,0,,,"",,,Norfolk Island,-29.0408,167.9547,Passeriformes,30,Landbirds,Vegetation
Zosterops chloronothos,Mauritius Olive White-eye,Rattus,IUCN attribution was generic. Specific rodent was determined from literature review. See Table SX for references and notes.,"Rattus rattus, Rattus norvegicus","""""""""Rat management had a significant effect on [nestling survival rate] increasing survival from 85% with Control management to 93% and 98% with Trap and Poison management, respectively"""""""". The study did measure effects of methods of killing rats on rat abundance: """"""""results of rat snap-trapping show that the presence of poison had a significant effect on rat abundance in September... with the average [catch per unit effort] reduced by 23% with Trap management compared with a reduction of 92% with Poison management"""""""". Hoever since no data is provided linking rat abundance with any of the Z. chloronothos parameter, nor is data provided that could be linked in this way, the study is categorised as a lethal program study.","",Critically Endangered,"",Rattus norvegicus,Rattus norvegicus,1,0,"Maggs, G., Nicoll, M., Zuël, N., White, P.J., Winfield, E., Poongavanan, S., Tatayah, V., Jones, C.G. and Norris, K., 2015. Rattus management is essential for population persistence in a critically endangered passerine: Combining small-scale field experiments and population modelling. Biological Conservation, 191, pp.274-281.",54,Lethal program,Reproductive success,Spatial,"",1,,0,,,"",,,"Black River Gorges National Park, Mauritius",-20.4264,57.4509,Passeriformes,8.1,Landbirds,Vegetation
Zosterops chloronothos,Mauritius Olive White-eye,Rattus,IUCN attribution was generic. Specific rodent was determined from literature review. See Table SX for references and notes.,Rattus rattus,"""""""""Four nests, all with nestlings less than five days old, were emptied but intact which is consistent with nest predation by the highly arboreal Ship Rat Rattus rattus on Mauritius... The other nest was predated during incubation with one egg having been eaten along the longitudinal axis and with several smaller pieces of eggshell being found below the intact nest, all of which is consistent with egg predation by R. rattus""""""""","",Critically Endangered,"",Rattus rattus,Rattus rattus,1,0,"Nichols, R.K., Woolaver, L.G. and Jones, C.G., 2005. Breeding biology of the endangered Mauritius Olive White-eye Zosterops chloronothos. Ostrich, 76(1&2), pp.1-7.",53,Predation,Predation,Predation,"Eggs, chicks",1,83,0,,,"",,,"Black River Gorges National Park, Mauritius",-20.4264,57.4509,Passeriformes,8.1,Landbirds,Vegetation
Zosterops chloronothos,Mauritius Olive White-eye,Rattus,IUCN attribution was generic. Specific rodent was determined from literature review. See Table SX for references and notes.,"Rattus rattus, Rattus norvegicus","""""""""Rat management had a significant effect on [nestling survival rate] increasing survival from 85% with Control management to 93% and 98% with Trap and Poison management, respectively"""""""". The study did measure effects of methods of killing rats on rat abundance: """"""""results of rat snap-trapping show that the presence of poison had a significant effect on rat abundance in September... with the average [catch per unit effort] reduced by 23% with Trap management compared with a reduction of 92% with Poison management"""""""". Hoever since no data is provided linking rat abundance with any of the Z. chloronothos parameter, nor is data provided that could be linked in this way, the study is categorised as a lethal program study.","",Critically Endangered,"",Rattus rattus,Rattus rattus,1,0,"Maggs, G., Nicoll, M., Zuël, N., White, P.J., Winfield, E., Poongavanan, S., Tatayah, V., Jones, C.G. and Norris, K., 2015. Rattus management is essential for population persistence in a critically endangered passerine: Combining small-scale field experiments and population modelling. Biological Conservation, 191, pp.274-281.",54,Lethal program,Reproductive success,Spatial,"",1,,0,,,"",,,"Black River Gorges National Park, Mauritius",-20.4264,57.4509,Passeriformes,8.1,Landbirds,Vegetation
Zosterops modestus,Seychelles White-eye,"Rattus rattus, Rattus norvegicus",Rodent attribution from IUCN.,Rattus norvegicus,"""""""""Conception was previously inhabited by R. norvegicus but an eradication operation was conducted in August 2007 (G. Rocamora in litt. 2007)."""""""" Endangered status remained unchanged until 2016 but the number counted did increase until black rats arrived","",Vulnerable,"",Rattus norvegicus,Rattus norvegicus,1,0,BirdLife International. 2021. Zosterops modestus. The IUCN Red List of Threatened Species 2021: e.T22714018A177958015. Accessed on 19 January 2024.,197,Population,Abundance,Timing,"",1,,0,,,"",,,"Conception, Seychelles",-4.6643,55.3655,Passeriformes,12.8,Landbirds,Vegetation
Zosterops modestus,Seychelles White-eye,"Rattus rattus, Rattus norvegicus",Rodent attribution from IUCN.,Rattus rattus,"Defined """"""""Threatened"""""""" in 1988 and Critically Endangered 1994-2004, Endangered 2005-2015, Vulnerable since 2016. Black rats estbalished in 2015-2017","",Vulnerable,"",Rattus rattus,Rattus rattus,1,0,BirdLife International. 2021. Zosterops modestus. The IUCN Red List of Threatened Species 2021: e.T22714018A177958015. Accessed on 19 January 2024.,195,Population,Abundance,Timing,"",0,,0,,,"",,,Seychelles,-4.6796,55.492,Passeriformes,12.8,Landbirds,Vegetation
Zosterops modestus,Seychelles White-eye,"Rattus rattus, Rattus norvegicus",Rodent attribution from IUCN.,Rattus rattus,"""""""""The population on Conception was estimated at c.275 (244-336) individuals in 1999, c.230 (189-266) in 2006, c.340 in 2009 (Rocamora and Labiche 2009) and c.310 individuals in 2014 (G. Rocamora in litt. 2019). In 2017 it was discovered that Black Rats Rattus rattus had colonised the island, probably about two years before in view of the rat distribution and abundance observed during visits. Subsequently, the population of Seychelles White-eye on Conception was almost eliminated, estimated at 10 to 15 individuals in late 2018 (G. Rocamora in litt. 2019, IBC-UniSey unpubl.; A Skerret, pers. comm., 2020).""""""""","",Vulnerable,"",Rattus rattus,Rattus rattus,1,0,BirdLife International. 2021. Zosterops modestus. The IUCN Red List of Threatened Species 2021: e.T22714018A177958015. Accessed on 19 January 2024.,196,Population,Abundance,Temporal,"",1,,1,,0,1,0,0,"Conception, Seychelles",-4.6643,55.3655,Passeriformes,12.8,Landbirds,Vegetation
Zosterops mouroniensis,Mount Karthala White-eye,Rattus,IUCN attribution was generic. Specific rodent was determined from literature review. See Table SX for references and notes.,,,,Vulnerable,"",Rattus rattus,,0,0,,,,,,,,,,,,,,,,,,Passeriformes,9.9,Landbirds,Vegetation
Zosterops rotensis,Rota White-eye,Rattus,IUCN attribution was generic. Specific rodent was determined from literature review. See Table SX for references and notes.,Rattus,"""""""""We filmed six nests and captured two nest predation events on video. A Mariana Crow (Corvus kubaryi), which is also an endangered species, was filmed taking nestlings from one white-eye nest. Another nest containing eggs was depredated by a rat (Rattus spp.); however, this may have occurred after the nest was abandoned due to the presence of the camera.""""""""","",Critically Endangered,"",Rattus exulans,Rattus exulans,0,0,"Berry, L. and Taisacan, E., 2008. Nest success and nest predation of the Endangered Rota White-eye (Zosterops rotensis). The Wilson Journal of Ornithology, 120(3), pp.618-619.",55,Predation,Predation,Predation,"",0,,0,,,"",,,Micronesia,7.4256,150.5508,Passeriformes,10,Landbirds,Vegetation
Zosterops rotensis,Rota White-eye,Rattus,IUCN attribution was generic. Specific rodent was determined from literature review. See Table SX for references and notes.,Rattus,"""""""""We filmed six nests and captured two nest predation events on video. A Mariana Crow (Corvus kubaryi), which is also an endangered species, was filmed taking nestlings from one white-eye nest. Another nest containing eggs was depredated by a rat (Rattus spp.); however, this may have occurred after the nest was abandoned due to the presence of the camera.""""""""","",Critically Endangered,"",Rattus rattus,Rattus rattus,0,0,"Berry, L. and Taisacan, E., 2008. Nest success and nest predation of the Endangered Rota White-eye (Zosterops rotensis). The Wilson Journal of Ornithology, 120(3), pp.618-619.",55,Predation,Predation,Predation,"",0,,0,,,"",,,Micronesia,7.4256,150.5508,Passeriformes,10,Landbirds,Vegetation
Zosterops samoensis,Samoan White-eye,Rattus rattus,Rodent attribution from IUCN.,,,,Vulnerable,"",Rattus rattus,,0,0,,,,,,,,,,,,,,,,,,Passeriformes,10.6,Landbirds,
Zosterops strenuus,Robust White-eye,Rattus rattus,Rodent attribution from IUCN.,Rattus rattus,"""""""""It was very common before 1918 (McAllan et al. 2004), with the last records coming from 1908 (Hull 1909), but it plummeted to extinction following the arrival of black rats Rattus rattus on the island (Hindwood 1940). It could not be found in 1928 (Sharland 1929).""""""""","",Extinct,"",Rattus rattus,Rattus rattus,1,1,BirdLife International. 2016. Zosterops strenuus. The IUCN Red List of Threatened Species 2016: e.T22714223A94406811. https://dx.doi.org/10.2305/IUCN.UK.2016-3.RLTS.T22714223A94406811.en. Accessed on 11 November 2023.,17,Population,Abundance,Timing,"",1,,0,,,"",,,Lord Howe Island,-31.5553,159.0821,Passeriformes,11.7676811594203,Landbirds,Vegetation
Zosterops tenuirostris,Slender-billed White-eye,"Rattus exulans, Rattus rattus,Mus musculus",Rodent attribution from IUCN.,,,,Vulnerable,"",Mus musculus,,1,0,,,,,,,,,,,,,,,,,,Passeriformes,17.2,Landbirds,Vegetation
Zosterops tenuirostris,Slender-billed White-eye,"Rattus exulans, Rattus rattus,Mus musculus",Rodent attribution from IUCN.,Rattus,"""""""""Bait station density was also positively correlated with DSR in all candidate models, indicating nest survival was higher in areas with more intensive baiting, although effect sizes were small (best model: z = 1.95, p = 0.05; Figure 2(b))"""""""" - Daily nest survival rate (DSR) - """"""""That rodents present as a key threatening process is further supported by mea- sures of nest vulnerability to rodents (i.e. in areas of lower bait density and higher nest connectivity) which were key predictors of daily nest survival.""""""""","",Vulnerable,"",Rattus exulans,Rattus exulans,1,0,"Nance, A.H., Mitchell, W.F., Dawlings, F., Cook, C.N. and Clarke, R.H., 2023. Rodent predation and specialised avian habitat requirements drive extinction risk for endemic island songbirds in the south-west Pacific. Emu-Austral Ornithology, 123(3), pp.217-231.",242,Lethal program,Reproductive success,Spatial,"",1,,0,,,"",,,Norfolk Island,-29.0408,167.9547,Passeriformes,17.2,Landbirds,Vegetation
Zosterops tenuirostris,Slender-billed White-eye,"Rattus exulans, Rattus rattus,Mus musculus",Rodent attribution from IUCN.,Rattus,"""""""""We found evidence of invasive rats preying on eggs and chicks of all five focal nesting species at nest heights ranging from 1.3 to 8.3 m above the ground."""""""" + Table S4","",Vulnerable,"",Rattus exulans,Rattus exulans,1,0,"Nance, A.H., Mitchell, W.F., Dawlings, F., Cook, C.N. and Clarke, R.H., 2023. Rodent predation and specialised avian habitat requirements drive extinction risk for endemic island songbirds in the south-west Pacific. Emu-Austral Ornithology, 123(3), pp.217-231.",243,Predation,Predation,Predation,"Eggs, chicks",1,39,0,,,"",,,Norfolk Island,-29.0408,167.9547,Passeriformes,17.2,Landbirds,Vegetation
Zosterops tenuirostris,Slender-billed White-eye,"Rattus exulans, Rattus rattus,Mus musculus",Rodent attribution from IUCN.,Rattus,"""""""""Bait station density was also positively correlated with DSR in all candidate models, indicating nest survival was higher in areas with more intensive baiting, although effect sizes were small (best model: z = 1.95, p = 0.05; Figure 2(b))"""""""" - Daily nest survival rate (DSR) - """"""""That rodents present as a key threatening process is further supported by mea- sures of nest vulnerability to rodents (i.e. in areas of lower bait density and higher nest connectivity) which were key predictors of daily nest survival.""""""""","",Vulnerable,"",Rattus rattus,Rattus rattus,1,0,"Nance, A.H., Mitchell, W.F., Dawlings, F., Cook, C.N. and Clarke, R.H., 2023. Rodent predation and specialised avian habitat requirements drive extinction risk for endemic island songbirds in the south-west Pacific. Emu-Austral Ornithology, 123(3), pp.217-231.",242,Lethal program,Reproductive success,Spatial,"",1,,0,,,"",,,Norfolk Island,-29.0408,167.9547,Passeriformes,17.2,Landbirds,Vegetation
Zosterops tenuirostris,Slender-billed White-eye,"Rattus exulans, Rattus rattus,Mus musculus",Rodent attribution from IUCN.,Rattus,"""""""""We found evidence of invasive rats preying on eggs and chicks of all five focal nesting species at nest heights ranging from 1.3 to 8.3 m above the ground."""""""" + Table S4","",Vulnerable,"",Rattus rattus,Rattus rattus,1,0,"Nance, A.H., Mitchell, W.F., Dawlings, F., Cook, C.N. and Clarke, R.H., 2023. Rodent predation and specialised avian habitat requirements drive extinction risk for endemic island songbirds in the south-west Pacific. Emu-Austral Ornithology, 123(3), pp.217-231.",243,Predation,Predation,Predation,"Eggs, chicks",1,39,0,,,"",,,Norfolk Island,-29.0408,167.9547,Passeriformes,17.2,Landbirds,Vegetation
