Bird_scientific_name,redlistCategory,Migratory_status,Single_island_endemic,Evidence,Eradication_ID,Island_Name,Archipelago,Region,Country,Longitude,Latitude,Rodent_attributed_final
Ptychoramphus aleuticus,Near Threatened,Not a Migrant,no,Population study with data in support,392,Anacapa East,Channel Islands,Pacific Ocean - North East,United States,-119.3674569,34.01469286,Rattus rattus
Synthliboramphus scrippsi,Vulnerable,Not a Migrant,no,Population study with data in support,392,Anacapa East,Channel Islands,Pacific Ocean - North East,United States,-119.3674569,34.01469286,Rattus rattus
Ptychoramphus aleuticus,Near Threatened,Not a Migrant,no,Population study with data in support,2195,Anacapa East,Channel Islands,Pacific Ocean - North East,United States,-119.3674569,34.01469286,Rattus rattus
Synthliboramphus scrippsi,Vulnerable,Not a Migrant,no,Population study with data in support,2195,Anacapa East,Channel Islands,Pacific Ocean - North East,United States,-119.3674569,34.01469286,Rattus rattus
Synthliboramphus craveri,Vulnerable,Not a Migrant,no,No studies found,392,Anacapa East,Channel Islands,Pacific Ocean - North East,United States,-119.3674569,34.01469286,Rattus rattus
Synthliboramphus hypoleucus,Endangered,Not a Migrant,no,No studies found,392,Anacapa East,Channel Islands,Pacific Ocean - North East,United States,-119.3674569,34.01469286,Rattus rattus
Synthliboramphus hypoleucus,Endangered,Not a Migrant,no,No studies found,392,Anacapa East,Channel Islands,Pacific Ocean - North East,United States,-119.3674569,34.01469286,Rattus rattus
Synthliboramphus craveri,Vulnerable,Not a Migrant,no,No studies found,2195,Anacapa East,Channel Islands,Pacific Ocean - North East,United States,-119.3674569,34.01469286,Rattus rattus
Synthliboramphus hypoleucus,Endangered,Not a Migrant,no,No studies found,2195,Anacapa East,Channel Islands,Pacific Ocean - North East,United States,-119.3674569,34.01469286,Rattus rattus
Synthliboramphus hypoleucus,Endangered,Not a Migrant,no,No studies found,2195,Anacapa East,Channel Islands,Pacific Ocean - North East,United States,-119.3674569,34.01469286,Rattus rattus
Ptychoramphus aleuticus,Near Threatened,Not a Migrant,no,Population study with data in support,1056,Anacapa Middle,Channel Islands,Pacific Ocean - North East,United States,-119.3931864,34.00581062,Rattus rattus
Synthliboramphus scrippsi,Vulnerable,Not a Migrant,no,Population study with data in support,1056,Anacapa Middle,Channel Islands,Pacific Ocean - North East,United States,-119.3931864,34.00581062,Rattus rattus
Synthliboramphus craveri,Vulnerable,Not a Migrant,no,No studies found,1056,Anacapa Middle,Channel Islands,Pacific Ocean - North East,United States,-119.3931864,34.00581062,Rattus rattus
Synthliboramphus hypoleucus,Endangered,Not a Migrant,no,No studies found,1056,Anacapa Middle,Channel Islands,Pacific Ocean - North East,United States,-119.3931864,34.00581062,Rattus rattus
Synthliboramphus hypoleucus,Endangered,Not a Migrant,no,No studies found,1056,Anacapa Middle,Channel Islands,Pacific Ocean - North East,United States,-119.3931864,34.00581062,Rattus rattus
Synthliboramphus scrippsi,Vulnerable,Not a Migrant,no,Population study with data in support,391,Anacapa West,Channel Islands,Pacific Ocean - North East,United States,-119.4256841,34.01100568,Rattus rattus
Hydrobates homochroa,Endangered,Full migrant,no,Population study without data in support,391,Anacapa West,Channel Islands,Pacific Ocean - North East,United States,-119.4256841,34.01100568,Rattus rattus
Hydrobates leucorhous,Vulnerable,Full migrant,no,No studies found,391,Anacapa West,Channel Islands,Pacific Ocean - North East,United States,-119.4256841,34.01100568,Rattus rattus
Synthliboramphus hypoleucus,Endangered,Not a Migrant,no,No studies found,391,Anacapa West,Channel Islands,Pacific Ocean - North East,United States,-119.4256841,34.01100568,Rattus rattus
Puffinus bryani,Critically Endangered,Full migrant,no,Only predation in support,1677,Anijima,Ogasawara Islands (Chichijima Group),Pacific Ocean - North West,Japan,142.2096992,27.12242876,Rattus rattus
Columba versicolor,Extinct,Not a Migrant,no,No studies found,1677,Anijima,Ogasawara Islands (Chichijima Group),Pacific Ocean - North West,Japan,142.2096992,27.12242876,Rattus rattus
Puffinus bannermani,Endangered,Full migrant,no,No studies found,1677,Anijima,Ogasawara Islands (Chichijima Group),Pacific Ocean - North West,Japan,142.2096992,27.12242876,Rattus rattus
Falco araeus,Vulnerable,Not a Migrant,no,No studies found,1747,Anonyme,Seychelles,Indian Ocean - West,Seychelles,55.52452998,-4.6636749,Rattus rattus
Falco araeus,Vulnerable,Not a Migrant,no,No studies found,2169,Anonyme,Seychelles,Indian Ocean - West,Seychelles,55.52452998,-4.6636749,Rattus rattus
Procellaria cinerea,Near Threatened,Full migrant,no,All studies are not in support,1140,Australia,Kerguelen Islands (Golfe du Morbihan),Indian Ocean - West,French Southern Territories,69.85042007,-49.45383115,Rattus rattus
Phoebetria palpebrata,Near Threatened,Full migrant,no,No studies found,1140,Australia,Kerguelen Islands (Golfe du Morbihan),Indian Ocean - West,French Southern Territories,69.85042007,-49.45383115,Rattus rattus
Callaeas cinereus,Critically Endangered,Not a Migrant,no,Population study with all qualities in support,461,Awaiti (Tawhitinui),Marlborough Sound,Pacific Ocean - South West,New Zealand,173.8067899,-41.05311314,Rattus rattus
Ardenna grisea,Near Threatened,Full migrant,no,No studies found,461,Awaiti (Tawhitinui),Marlborough Sound,Pacific Ocean - South West,New Zealand,173.8067899,-41.05311314,Rattus rattus
Certhidea olivacea,Vulnerable,Not a Migrant,no,No studies found,1736,Bainbridge - 1,Galapagos Islands,Pacific Ocean - North East,Ecuador,-90.55892297,-0.343556724,Rattus rattus
Spheniscus mendiculus,Endangered,Not a Migrant,no,No studies found,1736,Bainbridge - 1,Galapagos Islands,Pacific Ocean - North East,Ecuador,-90.55892297,-0.343556724,Rattus rattus
Certhidea olivacea,Vulnerable,Not a Migrant,no,No studies found,861,Bainbridge - 1,Galapagos Islands,Pacific Ocean - North East,Ecuador,-90.55892297,-0.343556724,Rattus rattus
Spheniscus mendiculus,Endangered,Not a Migrant,no,No studies found,861,Bainbridge - 1,Galapagos Islands,Pacific Ocean - North East,Ecuador,-90.55892297,-0.343556724,Rattus rattus
Certhidea olivacea,Vulnerable,Not a Migrant,no,No studies found,862,Bainbridge - 2,Galapagos Islands,Pacific Ocean - North East,Ecuador,-90.55846518,-0.348447432,Rattus rattus
Spheniscus mendiculus,Endangered,Not a Migrant,no,No studies found,862,Bainbridge - 2,Galapagos Islands,Pacific Ocean - North East,Ecuador,-90.55846518,-0.348447432,Rattus rattus
Certhidea olivacea,Vulnerable,Not a Migrant,no,No studies found,1718,Bainbridge - 3,Galapagos Islands,Pacific Ocean - North East,Ecuador,-90.56610087,-0.351330041,Rattus rattus
Spheniscus mendiculus,Endangered,Not a Migrant,no,No studies found,1718,Bainbridge - 3,Galapagos Islands,Pacific Ocean - North East,Ecuador,-90.56610087,-0.351330041,Rattus rattus
Certhidea olivacea,Vulnerable,Not a Migrant,no,No studies found,2805,Bainbridge - 4,Galapagos Islands,Pacific Ocean - North East,Ecuador,-90.56430998,-0.359298923,Rattus rattus
Spheniscus mendiculus,Endangered,Not a Migrant,no,No studies found,2805,Bainbridge - 4,Galapagos Islands,Pacific Ocean - North East,Ecuador,-90.56430998,-0.359298923,Rattus rattus
Certhidea olivacea,Vulnerable,Not a Migrant,no,No studies found,1780,Bainbridge - 5,Galapagos Islands,Pacific Ocean - North East,Ecuador,-90.56643696,-0.364662085,Rattus rattus
Spheniscus mendiculus,Endangered,Not a Migrant,no,No studies found,1780,Bainbridge - 5,Galapagos Islands,Pacific Ocean - North East,Ecuador,-90.56643696,-0.364662085,Rattus rattus
Certhidea olivacea,Vulnerable,Not a Migrant,no,No studies found,1779,Bainbridge - 6,Galapagos Islands,Pacific Ocean - North East,Ecuador,-90.570288,-0.368006764,Rattus rattus
Spheniscus mendiculus,Endangered,Not a Migrant,no,No studies found,1779,Bainbridge - 6,Galapagos Islands,Pacific Ocean - North East,Ecuador,-90.570288,-0.368006764,Rattus rattus
Larus fuliginosus,Vulnerable,Not a Migrant,no,Only predation in support,2141,Bartolomé,Galapagos Islands,Pacific Ocean - North East,Ecuador,-90.54928144,-0.285256054,Rattus rattus
Certhidea olivacea,Vulnerable,Not a Migrant,no,No studies found,2141,Bartolomé,Galapagos Islands,Pacific Ocean - North East,Ecuador,-90.54928144,-0.285256054,Rattus rattus
Progne modesta,Endangered,Not a Migrant,no,No studies found,2141,Bartolomé,Galapagos Islands,Pacific Ocean - North East,Ecuador,-90.54928144,-0.285256054,Rattus rattus
Spheniscus mendiculus,Endangered,Not a Migrant,no,No studies found,2141,Bartolomé,Galapagos Islands,Pacific Ocean - North East,Ecuador,-90.54928144,-0.285256054,Rattus rattus
Ardenna grisea,Near Threatened,Full migrant,no,No studies found,1751,Battleship Rock,Bay of Islands (Black Rocks),Pacific Ocean - South West,New Zealand,174.1143323,-35.20873745,Rattus rattus
Certhidea olivacea,Vulnerable,Not a Migrant,no,No studies found,1775,Beagle Oeste,Galapagos Islands,Pacific Ocean - North East,Ecuador,-90.63152006,-0.416618713,Rattus rattus
Mohoua ochrocephala,Near Threatened,Not a Migrant,no,Population study with data in support,1691,Bench,Stewart Islands,Pacific Ocean - South West,New Zealand,168.2398052,-46.90934994,Rattus rattus
Coenocorypha iredalei,Extinct,Not a Migrant,no,Population study without data in support,1691,Bench,Stewart Islands,Pacific Ocean - South West,New Zealand,168.2398052,-46.90934994,Rattus rattus
Mergus australis,Extinct,Not a Migrant,no,No studies found,1691,Bench,Stewart Islands,Pacific Ocean - South West,New Zealand,168.2398052,-46.90934994,Rattus rattus
Pterodroma leucoptera,Vulnerable,Full migrant,no,No studies found,903,Broughton,Myall Coast Islands,Pacific Ocean - South West,Australia,152.3163473,-32.61689943,Rattus rattus
Puffinus mauretanicus,Critically Endangered,Full migrant,no,All studies are not in support,3188,Cabrera Gran,Balearic Islands (Cabrera Group),Mediterranean,Spain,2.9435009,39.14509784,Rattus rattus
Dendrocygna arborea,Near Threatened,Not a Migrant,no,All studies are not in support,1720,Congo Cay,Lesser Antilles (US Virgin Islands),Caribbean,Virgin Islands U.S.,-64.80303422,18.36767804,Rattus rattus
Dendrocygna arborea,Near Threatened,Not a Migrant,no,All studies are not in support,1721,Congo Cay,Lesser Antilles (US Virgin Islands),Caribbean,Virgin Islands U.S.,-64.80303422,18.36767804,Rattus rattus
Dendrocygna arborea,Near Threatened,Not a Migrant,no,All studies are not in support,2145,Congo Cay,Lesser Antilles (US Virgin Islands),Caribbean,Virgin Islands U.S.,-64.80303422,18.36767804,Rattus rattus
Larus audouinii,Vulnerable,Full migrant,no,All studies are not in support,2737,Congreso,Chafarinas Archipelago,Mediterranean,Spain,-2.44095164,35.17880104,Rattus rattus
Larus audouinii,Vulnerable,Full migrant,no,All studies are not in support,2757,Conillis (Conillera),Balearic Islands (Ibiza Group),Mediterranean,Spain,1.21197903,38.9852825,Rattus rattus
Puffinus mauretanicus,Critically Endangered,Full migrant,no,All studies are not in support,2757,Conillis (Conillera),Balearic Islands (Ibiza Group),Mediterranean,Spain,1.21197903,38.9852825,Rattus rattus
Puffinus mauretanicus,Critically Endangered,Full migrant,no,All studies are not in support,2746,Conills (Conillera),Balearic Islands (Cabrera Group),Mediterranean,Spain,2.96416321,39.18349561,Rattus rattus
Puffinus mauretanicus,Critically Endangered,Full migrant,no,All studies are not in support,2901,Conills (Conillera),Balearic Islands (Cabrera Group),Mediterranean,Spain,2.96416321,39.18349561,Rattus rattus
Spheniscus mendiculus,Endangered,Not a Migrant,no,No studies found,2047,Cousin Rock,Galapagos Islands,Pacific Ocean - North East,Ecuador,-90.57458004,-0.235563127,Rattus rattus
Coracopsis barklyi,Vulnerable,Not a Migrant,no,No studies found,141,Curieuse,Seychelles,Indian Ocean - West,Seychelles,55.72550979,-4.282829418,Rattus rattus
Falco araeus,Vulnerable,Not a Migrant,no,No studies found,141,Curieuse,Seychelles,Indian Ocean - West,Seychelles,55.72550979,-4.282829418,Rattus rattus
Fratercula arctica,Vulnerable,Full migrant,no,Population study without data in support,2876,Dames,Bay of Morlaix,Atlantic Ocean - North,France,-3.88400035,48.68612618,Rattus rattus
Copsychus sechellarum,Endangered,Not a Migrant,no,No studies found,448,Denis,Seychelles,Indian Ocean - West,Seychelles,55.6669783,-3.805198508,Rattus rattus
Copsychus sechellarum,Endangered,Not a Migrant,no,No studies found,142,Denis,Seychelles,Indian Ocean - West,Seychelles,55.6669783,-3.805198508,Rattus rattus
Puffinus yelkouan,Vulnerable,Full migrant,no,Population study with data in support,2940,Dragonada,Crete Islands (Dionysades),Mediterranean,Greece,26.17795756,35.3452876,Rattus rattus
Larus audouinii,Vulnerable,Full migrant,no,All studies are not in support,2940,Dragonada,Crete Islands (Dionysades),Mediterranean,Greece,26.17795756,35.3452876,Rattus rattus
Ardenna grisea,Near Threatened,Full migrant,no,No studies found,2261,East Atoll,Bay of Islands (Black Rocks),Pacific Ocean - South West,New Zealand,174.0804658,-35.20201921,Rattus rattus
Ptychoramphus aleuticus,Near Threatened,Not a Migrant,no,Population study with data in support,2395,East Murchison,British Columbia (Haida Gwaii),Pacific Ocean - North East,Canada,-131.4334429,52.60013813,Rattus rattus
Anas laysanensis,Critically Endangered,Not a Migrant,no,All studies are not in support,185,Eastern,Hawaiian Islands (Midway Atoll),Pacific Ocean - North East,United States,-177.3314535,28.20955113,Rattus rattus
Zapornia palmeri,Extinct,Not a Migrant,no,No studies found,185,Eastern,Hawaiian Islands (Midway Atoll),Pacific Ocean - North East,United States,-177.3314535,28.20955113,Rattus rattus
Fratercula arctica,Vulnerable,Full migrant,no,Population study without data in support,3054,Eilean Mhuire,Scotland Islands (Shiant Isles),Atlantic Ocean - North,United Kingdom,-6.334769474,57.90224788,Rattus rattus
Fratercula arctica,Vulnerable,Full migrant,no,Population study without data in support,3060,Eilean an Tighe,Scotland Islands (Shiant Isles),Atlantic Ocean - North,United Kingdom,-6.353067755,57.88861537,Rattus rattus
Puffinus mauretanicus,Critically Endangered,Full migrant,no,All studies are not in support,2293,Esclata-sang,Balearic Islands (Cabrera Group),Mediterranean,Spain,2.94315685,39.1257243,Rattus rattus
Larus audouinii,Vulnerable,Full migrant,no,All studies are not in support,2745,Espalmador,Balearic Islands (Fomentera Group),Mediterranean,Spain,1.42473033,38.78603441,Rattus rattus
Puffinus mauretanicus,Critically Endangered,Full migrant,no,All studies are not in support,2747,Estell Xapat,Balearic Islands (Cabrera Group),Mediterranean,Spain,2.93953539,39.12526414,Rattus rattus
Fratercula arctica,Vulnerable,Full migrant,no,Population study without data in support,3227,Eynhallow,Scotland Islands (Orkney Islands),Atlantic Ocean - North,United Kingdom,-3.12029052,59.14407477,Rattus rattus
Hydrobates leucorhous,Vulnerable,Full migrant,no,No studies found,2393,Faraday,British Columbia (Haida Gwaii),Pacific Ocean - North East,Canada,-131.488335,52.60554761,Rattus rattus
Synthliboramphus craveri,Vulnerable,Not a Migrant,no,No studies found,1314,Farallón de San Ignacio,Gulf of California,Pacific Ocean - North East,Mexico,-109.3775956,25.43666799,Rattus rattus
Ardenna grisea,Near Threatened,Full migrant,no,No studies found,2271,Flat Top Rock,Bay of Islands (Black Rocks),Pacific Ocean - South West,New Zealand,174.1110981,-35.20101649,Rattus rattus
Pterodroma phaeopygia,Critically Endangered,Full migrant,no,Population study without data in support,3135,Floreana,Galapagos Islands,Pacific Ocean - North East,Ecuador,-90.43505189,-1.293963978,Rattus rattus
Laterallus spilonota,Vulnerable,Not a Migrant,no,Only predation in support,3135,Floreana,Galapagos Islands,Pacific Ocean - North East,Ecuador,-90.43505189,-1.293963978,Rattus rattus
Mimus trifasciatus,Endangered,Not a Migrant,no,Only predation in support,3135,Floreana,Galapagos Islands,Pacific Ocean - North East,Ecuador,-90.43505189,-1.293963978,Rattus rattus
Geospiza pauper,Critically Endangered,Not a Migrant,yes,No studies found,3135,Floreana,Galapagos Islands,Pacific Ocean - North East,Ecuador,-90.43505189,-1.293963978,Rattus rattus
Geospiza psittacula,Vulnerable,Not a Migrant,no,No studies found,3135,Floreana,Galapagos Islands,Pacific Ocean - North East,Ecuador,-90.43505189,-1.293963978,Rattus rattus
Progne modesta,Endangered,Not a Migrant,no,No studies found,3135,Floreana,Galapagos Islands,Pacific Ocean - North East,Ecuador,-90.43505189,-1.293963978,Rattus rattus
Puffinus mauretanicus,Critically Endangered,Full migrant,no,All studies are not in support,2288,Fonoll,Balearic Islands (Cabrera Group),Mediterranean,Spain,2.96372256,39.14828851,Rattus rattus
Ardenna grisea,Near Threatened,Full migrant,no,No studies found,1218,Fortyseven,Bay of Islands,Pacific Ocean - South West,New Zealand,174.134065,-35.237948,Rattus rattus
Fratercula arctica,Vulnerable,Full migrant,no,Population study without data in support,2855,Garbh Eilean,Scotland Islands (Shiant Isles),Atlantic Ocean - North,United Kingdom,-6.366044729,57.90040348,Rattus rattus
Puffinus yelkouan,Vulnerable,Full migrant,no,Population study with data in support,2939,Gianysada,Crete Islands (Dionysades),Mediterranean,Greece,26.17400149,35.32774185,Rattus rattus
Larus audouinii,Vulnerable,Full migrant,no,All studies are not in support,2939,Gianysada,Crete Islands (Dionysades),Mediterranean,Greece,26.17400149,35.32774185,Rattus rattus
Coturnix novaezelandiae,Extinct,Not a Migrant,no,No studies found,2907,Great Mercury,Mercury Islands,Pacific Ocean - South West,New Zealand,175.7957877,-36.61610385,Rattus rattus
Mergus australis,Extinct,Not a Migrant,no,No studies found,2907,Great Mercury,Mercury Islands,Pacific Ocean - South West,New Zealand,175.7957877,-36.61610385,Rattus rattus
Ardenna grisea,Near Threatened,Full migrant,no,No studies found,456,Harakeke (Galakek),Bay of Islands,Pacific Ocean - South West,New Zealand,174.1326108,-35.15568405,Rattus rattus
Ardenna grisea,Near Threatened,Full migrant,no,No studies found,1812,Hat,Bay of Islands (Urupukapuka),Pacific Ocean - South West,New Zealand,174.2524414,-35.21722652,Rattus rattus
Callaeas cinereus,Critically Endangered,Not a Migrant,no,Population study with all qualities in support,329,Haulashore,Nelson Islands,Pacific Ocean - South West,New Zealand,173.2574878,-41.26730488,Rattus rattus
Ardenna grisea,Near Threatened,Full migrant,no,No studies found,329,Haulashore,Nelson Islands,Pacific Ocean - South West,New Zealand,173.2574878,-41.26730488,Rattus rattus
Pterodroma brevipes,Vulnerable,Not a Migrant,no,All studies are not in support,2138,Hiuveru,Tuamotu Archipelago (Rangiroa),Pacific Ocean - South East,French Polynesia,-147.7964808,-15.20760904,Rattus rattus
Pampusana erythroptera,Critically Endangered,Not a Migrant,no,No studies found,2138,Hiuveru,Tuamotu Archipelago (Rangiroa),Pacific Ocean - South East,French Polynesia,-147.7964808,-15.20760904,Rattus rattus
Ptilinopus coralensis,Near Threatened,Not a Migrant,no,No studies found,2138,Hiuveru,Tuamotu Archipelago (Rangiroa),Pacific Ocean - South East,French Polynesia,-147.7964808,-15.20760904,Rattus rattus
Pterodroma brevipes,Vulnerable,Not a Migrant,no,All studies are not in support,2137,Hiveu,Tuamotu Archipelago (Rangiroa),Pacific Ocean - South East,French Polynesia,-147.79947,-15.2079536,Rattus rattus
Pterodroma brevipes,Vulnerable,Not a Migrant,no,All studies are not in support,2360,Hiveu,Tuamotu Archipelago (Rangiroa),Pacific Ocean - South East,French Polynesia,-147.79947,-15.2079536,Rattus rattus
Pampusana erythroptera,Critically Endangered,Not a Migrant,no,No studies found,2137,Hiveu,Tuamotu Archipelago (Rangiroa),Pacific Ocean - South East,French Polynesia,-147.79947,-15.2079536,Rattus rattus
Pampusana erythroptera,Critically Endangered,Not a Migrant,no,No studies found,2360,Hiveu,Tuamotu Archipelago (Rangiroa),Pacific Ocean - South East,French Polynesia,-147.79947,-15.2079536,Rattus rattus
Ptilinopus coralensis,Near Threatened,Not a Migrant,no,No studies found,2137,Hiveu,Tuamotu Archipelago (Rangiroa),Pacific Ocean - South East,French Polynesia,-147.79947,-15.2079536,Rattus rattus
Ptilinopus coralensis,Near Threatened,Not a Migrant,no,No studies found,2360,Hiveu,Tuamotu Archipelago (Rangiroa),Pacific Ocean - South East,French Polynesia,-147.79947,-15.2079536,Rattus rattus
Hymenolaimus malacorhynchos,Endangered,Not a Migrant,no,All studies are not in support,847,Hokianga,Ohiwa Harbour,Pacific Ocean - South West,New Zealand,177.1341853,-38.01978794,Rattus rattus
Ardenna grisea,Near Threatened,Full migrant,no,No studies found,847,Hokianga,Ohiwa Harbour,Pacific Ocean - South West,New Zealand,177.1341853,-38.01978794,Rattus rattus
Coturnix novaezelandiae,Extinct,Not a Migrant,no,No studies found,847,Hokianga,Ohiwa Harbour,Pacific Ocean - South West,New Zealand,177.1341853,-38.01978794,Rattus rattus
Mergus australis,Extinct,Not a Migrant,no,No studies found,847,Hokianga,Ohiwa Harbour,Pacific Ocean - South West,New Zealand,177.1341853,-38.01978794,Rattus rattus
Turnagra tanagra,Extinct,Not a Migrant,yes,No studies found,847,Hokianga,Ohiwa Harbour,Pacific Ocean - South West,New Zealand,177.1341853,-38.01978794,Rattus rattus
Foudia rubra,Endangered,Not a Migrant,yes,Only predation in support,382,Ile aux Aigrettes,Mauritius Islands,Indian Ocean - West,Mauritius,57.73363991,-20.41948159,Rattus rattus
Foudia rubra,Endangered,Not a Migrant,yes,Only predation in support,2196,Ile aux Aigrettes,Mauritius Islands,Indian Ocean - West,Mauritius,57.73363991,-20.41948159,Rattus rattus
Callaeas cinereus,Critically Endangered,Not a Migrant,no,Population study with all qualities in support,2260,Indian,Dusky Sound,Pacific Ocean - South West,New Zealand,166.5874989,-45.77853395,Rattus rattus
Cyanoramphus auriceps,Near Threatened,Not a Migrant,no,All studies are not in support,2260,Indian,Dusky Sound,Pacific Ocean - South West,New Zealand,166.5874989,-45.77853395,Rattus rattus
Ardenna grisea,Near Threatened,Full migrant,no,No studies found,2260,Indian,Dusky Sound,Pacific Ocean - South West,New Zealand,166.5874989,-45.77853395,Rattus rattus
Coturnix novaezelandiae,Extinct,Not a Migrant,no,No studies found,2260,Indian,Dusky Sound,Pacific Ocean - South West,New Zealand,166.5874989,-45.77853395,Rattus rattus
Mergus australis,Extinct,Not a Migrant,no,No studies found,2260,Indian,Dusky Sound,Pacific Ocean - South West,New Zealand,166.5874989,-45.77853395,Rattus rattus
Pterodroma inexpectata,Near Threatened,Full migrant,no,No studies found,2260,Indian,Dusky Sound,Pacific Ocean - South West,New Zealand,166.5874989,-45.77853395,Rattus rattus
Turnagra capensis,Extinct,Not a Migrant,yes,No studies found,2260,Indian,Dusky Sound,Pacific Ocean - South West,New Zealand,166.5874989,-45.77853395,Rattus rattus
Geospiza psittacula,Vulnerable,Not a Migrant,no,No studies found,2144,Islote Gran Felipe,Galapagos Islands,Pacific Ocean - North East,Ecuador,-90.55406447,-0.291192307,Rattus rattus
Spheniscus mendiculus,Endangered,Not a Migrant,no,No studies found,2144,Islote Gran Felipe,Galapagos Islands,Pacific Ocean - North East,Ecuador,-90.55406447,-0.291192307,Rattus rattus
Coturnix novaezelandiae,Extinct,Not a Migrant,no,No studies found,1678,Kaikoura,Great Barrier Islands,Pacific Ocean - South West,New Zealand,175.3252891,-36.17637718,Rattus rattus
Mergus australis,Extinct,Not a Migrant,no,No studies found,1678,Kaikoura,Great Barrier Islands,Pacific Ocean - South West,New Zealand,175.3252891,-36.17637718,Rattus rattus
Ardenna grisea,Near Threatened,Full migrant,no,No studies found,1214,Koi,Hauraki Gulf (Waiheke Island),Pacific Ocean - South West,New Zealand,175.0556283,-36.82691667,Rattus rattus
Ardenna grisea,Near Threatened,Full migrant,no,No studies found,1814,Kuiamokimoki,Bay of Islands (Moturoa),Pacific Ocean - South West,New Zealand,174.19849,-35.23039829,Rattus rattus
Pterodroma leucoptera,Vulnerable,Full migrant,no,No studies found,901,Little Broughton,Myall Coast Islands,Pacific Ocean - South West,Australia,152.3336639,-32.62108476,Rattus rattus
Ptychoramphus aleuticus,Near Threatened,Not a Migrant,no,Population study with data in support,2394,Little Faraday,British Columbia (Haida Gwaii),Pacific Ocean - North East,Canada,-131.464924,52.61362123,Rattus rattus
Ardenna grisea,Near Threatened,Full migrant,no,No studies found,1206,Little Rat,Bay of Islands (Black Rocks),Pacific Ocean - South West,New Zealand,174.0992937,-35.20475981,Rattus rattus
Larus fuliginosus,Vulnerable,Not a Migrant,no,Only predation in support,2023,Logie (Lougie),Galapagos Islands,Pacific Ocean - North East,Ecuador,-90.57770813,-0.254561722,Rattus rattus
Progne modesta,Endangered,Not a Migrant,no,No studies found,2023,Logie (Lougie),Galapagos Islands,Pacific Ocean - North East,Ecuador,-90.57770813,-0.254561722,Rattus rattus
Pterodroma leucoptera,Vulnerable,Full migrant,no,No studies found,902,Looking Glas (South Rock),Myall Coast Islands,Pacific Ocean - South West,Australia,152.3170464,-32.62930348,Rattus rattus
Fratercula arctica,Vulnerable,Full migrant,no,Population study without data in support,186,Lundy,Bristol Channel,Atlantic Ocean - North,United Kingdom,-4.66958038,51.17794887,Rattus rattus
Ardenna grisea,Near Threatened,Full migrant,no,No studies found,618,Macquarie,Macquarie Islands,Pacific Ocean - South West,Australia,158.8643089,-54.62839539,Rattus rattus
Phoebetria palpebrata,Near Threatened,Full migrant,no,No studies found,618,Macquarie,Macquarie Islands,Pacific Ocean - South West,Australia,158.8643089,-54.62839539,Rattus rattus
Ardenna grisea,Near Threatened,Full migrant,no,No studies found,1743,Mahenotiti,Bay of Islands (Urupukapuka),Pacific Ocean - South West,New Zealand,174.2479817,-35.22754213,Rattus rattus
Spheniscus mendiculus,Endangered,Not a Migrant,no,No studies found,2807,Marielas Este,Galapagos Islands,Pacific Ocean - North East,Ecuador,-91.09036355,-0.594654923,Rattus rattus
Spheniscus mendiculus,Endangered,Not a Migrant,no,No studies found,3119,Marielas Este,Galapagos Islands,Pacific Ocean - North East,Ecuador,-91.09036355,-0.594654923,Rattus rattus
Spheniscus mendiculus,Endangered,Not a Migrant,no,No studies found,3120,Marielas Norte,Galapagos Islands,Pacific Ocean - North East,Ecuador,-91.09092703,-0.595941497,Rattus rattus
Spheniscus mendiculus,Endangered,Not a Migrant,no,No studies found,2418,Marielas Norte,Galapagos Islands,Pacific Ocean - North East,Ecuador,-91.09092703,-0.595941497,Rattus rattus
Spheniscus mendiculus,Endangered,Not a Migrant,no,No studies found,3121,Marielas Sur,Galapagos Islands,Pacific Ocean - North East,Ecuador,-91.09055959,-0.599271767,Rattus rattus
Spheniscus mendiculus,Endangered,Not a Migrant,no,No studies found,12,Marielas Sur,Galapagos Islands,Pacific Ocean - North East,Ecuador,-91.09055959,-0.599271767,Rattus rattus
Spheniscus mendiculus,Endangered,Not a Migrant,no,No studies found,2417,Marielas Sur,Galapagos Islands,Pacific Ocean - North East,Ecuador,-91.09055959,-0.599271767,Rattus rattus
Pterodroma brevipes,Vulnerable,Not a Migrant,no,All studies are not in support,1119,Mato,New Caledonia Islands,Pacific Ocean - South West,New Caledonia,166.7921364,-22.55015074,Rattus rattus
Ardenna grisea,Near Threatened,Full migrant,no,No studies found,1043,Mokopuna (Leper),Wellington Harbour,Pacific Ocean - South West,New Zealand,174.8649452,-41.25140147,Rattus rattus
Hemignathus lucidus,Extinct,Not a Migrant,yes,Population study without data in support,2806,Moku'auia (Goat Island),Hawaiian Islands,Pacific Ocean - North East,United States,-157.9227435,21.66281095,Rattus rattus
Hemignathus lucidus,Extinct,Not a Migrant,yes,Population study without data in support,2478,Moku'auia (Goat Island),Hawaiian Islands,Pacific Ocean - North East,United States,-157.9227435,21.66281095,Rattus rattus
Hemignathus lucidus,Extinct,Not a Migrant,yes,Population study without data in support,2834,Moku'auia (Goat Island),Hawaiian Islands,Pacific Ocean - North East,United States,-157.9227435,21.66281095,Rattus rattus
Puffinus yelkouan,Vulnerable,Full migrant,no,Population study with data in support,388,Molara,Sardinian Islands,Mediterranean,Italy,9.72760314,40.86870561,Rattus rattus
Agelaius xanthomus,Endangered,Not a Migrant,no,No studies found,425,Monito,Greater Antilles (Puerto Rican Islands),Caribbean,Puerto Rico,-67.94899162,18.1596361,Rattus rattus
Agelaius xanthomus,Endangered,Not a Migrant,no,No studies found,869,Monito,Greater Antilles (Puerto Rican Islands),Caribbean,Puerto Rico,-67.94899162,18.1596361,Rattus rattus
Puffinus yelkouan,Vulnerable,Full migrant,no,Population study with data in support,2124,Montecristo,Tuscan Islands,Mediterranean,Italy,10.30908051,42.33229226,Rattus rattus
Certhidea olivacea,Vulnerable,Not a Migrant,no,No studies found,1254,Mosquera,Galapagos Islands,Pacific Ocean - North East,Ecuador,-90.27772006,-0.404960503,Rattus rattus
Certhidea olivacea,Vulnerable,Not a Migrant,no,No studies found,2419,Mosquera,Galapagos Islands,Pacific Ocean - North East,Ecuador,-90.27772006,-0.404960503,Rattus rattus
Ardenna grisea,Near Threatened,Full migrant,no,No studies found,2416,Motukaha,Hauraki Gulf,Pacific Ocean - South West,New Zealand,174.9857277,-36.79511101,Rattus rattus
Coturnix novaezelandiae,Extinct,Not a Migrant,no,No studies found,2416,Motukaha,Hauraki Gulf,Pacific Ocean - South West,New Zealand,174.9857277,-36.79511101,Rattus rattus
Mergus australis,Extinct,Not a Migrant,no,No studies found,2416,Motukaha,Hauraki Gulf,Pacific Ocean - South West,New Zealand,174.9857277,-36.79511101,Rattus rattus
Turnagra tanagra,Extinct,Not a Migrant,yes,No studies found,2416,Motukaha,Hauraki Gulf,Pacific Ocean - South West,New Zealand,174.9857277,-36.79511101,Rattus rattus
Apteryx mantelli,Vulnerable,Not a Migrant,no,All studies are not in support,1815,Motukaraka,Hokianga Harbour,Pacific Ocean - South West,New Zealand,173.4828504,-35.39046811,Rattus rattus
Ardenna grisea,Near Threatened,Full migrant,no,No studies found,1815,Motukaraka,Hokianga Harbour,Pacific Ocean - South West,New Zealand,173.4828504,-35.39046811,Rattus rattus
Coturnix novaezelandiae,Extinct,Not a Migrant,no,No studies found,1815,Motukaraka,Hokianga Harbour,Pacific Ocean - South West,New Zealand,173.4828504,-35.39046811,Rattus rattus
Mergus australis,Extinct,Not a Migrant,no,No studies found,1815,Motukaraka,Hokianga Harbour,Pacific Ocean - South West,New Zealand,173.4828504,-35.39046811,Rattus rattus
Turnagra tanagra,Extinct,Not a Migrant,yes,No studies found,1815,Motukaraka,Hokianga Harbour,Pacific Ocean - South West,New Zealand,173.4828504,-35.39046811,Rattus rattus
Ardenna grisea,Near Threatened,Full migrant,no,No studies found,1816,Motuoi,Bay of Islands (Moturoa),Pacific Ocean - South West,New Zealand,174.1819477,-35.21909192,Rattus rattus
Ardenna grisea,Near Threatened,Full migrant,no,No studies found,332,Moturoa,Bay of Islands (Black Rocks),Pacific Ocean - South West,New Zealand,174.0898421,-35.20988997,Rattus rattus
Coturnix novaezelandiae,Extinct,Not a Migrant,no,No studies found,332,Moturoa,Bay of Islands (Black Rocks),Pacific Ocean - South West,New Zealand,174.0898421,-35.20988997,Rattus rattus
Mergus australis,Extinct,Not a Migrant,no,No studies found,332,Moturoa,Bay of Islands (Black Rocks),Pacific Ocean - South West,New Zealand,174.0898421,-35.20988997,Rattus rattus
Turnagra tanagra,Extinct,Not a Migrant,yes,No studies found,332,Moturoa,Bay of Islands (Black Rocks),Pacific Ocean - South West,New Zealand,174.0898421,-35.20988997,Rattus rattus
Ardenna grisea,Near Threatened,Full migrant,no,No studies found,1693,Moturua,Bay of Islands,Pacific Ocean - South West,New Zealand,174.1909514,-35.2236004,Rattus rattus
Coturnix novaezelandiae,Extinct,Not a Migrant,no,No studies found,1693,Moturua,Bay of Islands,Pacific Ocean - South West,New Zealand,174.1909514,-35.2236004,Rattus rattus
Mergus australis,Extinct,Not a Migrant,no,No studies found,1693,Moturua,Bay of Islands,Pacific Ocean - South West,New Zealand,174.1909514,-35.2236004,Rattus rattus
Turnagra tanagra,Extinct,Not a Migrant,yes,No studies found,1693,Moturua,Bay of Islands,Pacific Ocean - South West,New Zealand,174.1909514,-35.2236004,Rattus rattus
Ardenna grisea,Near Threatened,Full migrant,no,No studies found,1229,Motutapu,Hauraki Gulf,Pacific Ocean - South West,New Zealand,174.915858,-36.76471453,Rattus rattus
Coturnix novaezelandiae,Extinct,Not a Migrant,no,No studies found,1229,Motutapu,Hauraki Gulf,Pacific Ocean - South West,New Zealand,174.915858,-36.76471453,Rattus rattus
Mergus australis,Extinct,Not a Migrant,no,No studies found,1229,Motutapu,Hauraki Gulf,Pacific Ocean - South West,New Zealand,174.915858,-36.76471453,Rattus rattus
Turnagra tanagra,Extinct,Not a Migrant,yes,No studies found,1229,Motutapu,Hauraki Gulf,Pacific Ocean - South West,New Zealand,174.915858,-36.76471453,Rattus rattus
Ardenna grisea,Near Threatened,Full migrant,no,No studies found,1795,Mouse,Bay of Islands (Black Rocks),Pacific Ocean - South West,New Zealand,174.1032424,-35.20337348,Rattus rattus
Apalopteron familiare,Near Threatened,Not a Migrant,no,Only predation in support,1685,Mukojima,Ogasawara Islands (Mukojima Group),Pacific Ocean - North West,Japan,142.1389193,27.68095793,Rattus rattus
Puffinus bryani,Critically Endangered,Full migrant,no,Only predation in support,1685,Mukojima,Ogasawara Islands (Mukojima Group),Pacific Ocean - North West,Japan,142.1389193,27.68095793,Rattus rattus
Apalopteron familiare,Near Threatened,Not a Migrant,no,Only predation in support,1686,Mukojima,Ogasawara Islands (Mukojima Group),Pacific Ocean - North West,Japan,142.1389193,27.68095793,Rattus rattus
Puffinus bryani,Critically Endangered,Full migrant,no,Only predation in support,1686,Mukojima,Ogasawara Islands (Mukojima Group),Pacific Ocean - North West,Japan,142.1389193,27.68095793,Rattus rattus
Columba versicolor,Extinct,Not a Migrant,no,No studies found,1685,Mukojima,Ogasawara Islands (Mukojima Group),Pacific Ocean - North West,Japan,142.1389193,27.68095793,Rattus rattus
Puffinus bannermani,Endangered,Full migrant,no,No studies found,1685,Mukojima,Ogasawara Islands (Mukojima Group),Pacific Ocean - North West,Japan,142.1389193,27.68095793,Rattus rattus
Columba versicolor,Extinct,Not a Migrant,no,No studies found,1686,Mukojima,Ogasawara Islands (Mukojima Group),Pacific Ocean - North West,Japan,142.1389193,27.68095793,Rattus rattus
Puffinus bannermani,Endangered,Full migrant,no,No studies found,1686,Mukojima,Ogasawara Islands (Mukojima Group),Pacific Ocean - North West,Japan,142.1389193,27.68095793,Rattus rattus
Ptychoramphus aleuticus,Near Threatened,Not a Migrant,no,Population study with data in support,2391,Murchison,British Columbia (Haida Gwaii),Pacific Ocean - North East,Canada,-131.4590144,52.59349111,Rattus rattus
Ptychoramphus aleuticus,Near Threatened,Not a Migrant,no,Population study with data in support,2392,Murchison Passage,British Columbia (Haida Gwaii),Pacific Ocean - North East,Canada,-131.4672777,52.59691859,Rattus rattus
Ardenna grisea,Near Threatened,Full migrant,no,No studies found,2275,NE Crater Rim,Bay of Islands (Black Rocks),Pacific Ocean - South West,New Zealand,174.1127129,-35.20350583,Rattus rattus
Ardenna grisea,Near Threatened,Full migrant,no,No studies found,2273,NW Crater Rim,Bay of Islands (Black Rocks),Pacific Ocean - South West,New Zealand,174.1108509,-35.2029227,Rattus rattus
Mohoua ochrocephala,Near Threatened,Not a Migrant,no,Population study with data in support,2910,Native,Stewart Islands (Paterson Inlet),Pacific Ocean - South West,New Zealand,168.1538712,-46.91541411,Rattus rattus
Mohoua ochrocephala,Near Threatened,Not a Migrant,no,Population study with data in support,2912,Native,Stewart Islands (Paterson Inlet),Pacific Ocean - South West,New Zealand,168.1538712,-46.91541411,Rattus rattus
Coenocorypha iredalei,Extinct,Not a Migrant,no,Population study without data in support,2910,Native,Stewart Islands (Paterson Inlet),Pacific Ocean - South West,New Zealand,168.1538712,-46.91541411,Rattus rattus
Coenocorypha iredalei,Extinct,Not a Migrant,no,Population study without data in support,2912,Native,Stewart Islands (Paterson Inlet),Pacific Ocean - South West,New Zealand,168.1538712,-46.91541411,Rattus rattus
Mergus australis,Extinct,Not a Migrant,no,No studies found,2910,Native,Stewart Islands (Paterson Inlet),Pacific Ocean - South West,New Zealand,168.1538712,-46.91541411,Rattus rattus
Mergus australis,Extinct,Not a Migrant,no,No studies found,2912,Native,Stewart Islands (Paterson Inlet),Pacific Ocean - South West,New Zealand,168.1538712,-46.91541411,Rattus rattus
Megapodius laperouse,Near Threatened,Not a Migrant,no,All studies are not in support,2684,Ngeriungs,Kayangel Atoll,Pacific Ocean - North West,Palau,134.7111281,8.058650668,Rattus rattus
Puffinus bryani,Critically Endangered,Full migrant,no,Only predation in support,405,Nishijima,Ogasawara Islands (Chichijima Group),Pacific Ocean - North West,Japan,142.1668615,27.11713842,Rattus rattus
Puffinus bryani,Critically Endangered,Full migrant,no,Only predation in support,2096,Nishijima,Ogasawara Islands (Chichijima Group),Pacific Ocean - North West,Japan,142.1668615,27.11713842,Rattus rattus
Columba versicolor,Extinct,Not a Migrant,no,No studies found,405,Nishijima,Ogasawara Islands (Chichijima Group),Pacific Ocean - North West,Japan,142.1668615,27.11713842,Rattus rattus
Puffinus bannermani,Endangered,Full migrant,no,No studies found,405,Nishijima,Ogasawara Islands (Chichijima Group),Pacific Ocean - North West,Japan,142.1668615,27.11713842,Rattus rattus
Columba versicolor,Extinct,Not a Migrant,no,No studies found,2096,Nishijima,Ogasawara Islands (Chichijima Group),Pacific Ocean - North West,Japan,142.1668615,27.11713842,Rattus rattus
Puffinus bannermani,Endangered,Full migrant,no,No studies found,2096,Nishijima,Ogasawara Islands (Chichijima Group),Pacific Ocean - North West,Japan,142.1668615,27.11713842,Rattus rattus
Zosterops modestus,Vulnerable,Not a Migrant,no,Population study with data in support,1690,North,Seychelles,Indian Ocean - West,Seychelles,55.24490282,-4.39222232,Rattus rattus
Zosterops modestus,Vulnerable,Not a Migrant,no,Population study with data in support,447,North,Seychelles,Indian Ocean - West,Seychelles,55.24490282,-4.39222232,Rattus rattus
Falco araeus,Vulnerable,Not a Migrant,no,No studies found,1690,North,Seychelles,Indian Ocean - West,Seychelles,55.24490282,-4.39222232,Rattus rattus
Falco araeus,Vulnerable,Not a Migrant,no,No studies found,447,North,Seychelles,Indian Ocean - West,Seychelles,55.24490282,-4.39222232,Rattus rattus
Hymenolaimus malacorhynchos,Endangered,Not a Migrant,no,All studies are not in support,1153,Ohakana (Ohana),Ohiwa Harbour,Pacific Ocean - South West,New Zealand,177.0763858,-37.98803493,Rattus rattus
Ardenna grisea,Near Threatened,Full migrant,no,No studies found,1153,Ohakana (Ohana),Ohiwa Harbour,Pacific Ocean - South West,New Zealand,177.0763858,-37.98803493,Rattus rattus
Coturnix novaezelandiae,Extinct,Not a Migrant,no,No studies found,1153,Ohakana (Ohana),Ohiwa Harbour,Pacific Ocean - South West,New Zealand,177.0763858,-37.98803493,Rattus rattus
Mergus australis,Extinct,Not a Migrant,no,No studies found,1153,Ohakana (Ohana),Ohiwa Harbour,Pacific Ocean - South West,New Zealand,177.0763858,-37.98803493,Rattus rattus
Turnagra tanagra,Extinct,Not a Migrant,yes,No studies found,1153,Ohakana (Ohana),Ohiwa Harbour,Pacific Ocean - South West,New Zealand,177.0763858,-37.98803493,Rattus rattus
Ardenna grisea,Near Threatened,Full migrant,no,No studies found,1712,Okahu,Bay of Islands,Pacific Ocean - South West,New Zealand,174.2091029,-35.19850051,Rattus rattus
Pterodroma brevipes,Vulnerable,Not a Migrant,no,All studies are not in support,1722,Onetahi,Society Islands,Pacific Ocean - South East,French Polynesia,-149.5912563,-17.0186367,Rattus rattus
Megapodius laperouse,Near Threatened,Not a Migrant,no,All studies are not in support,2691,Orak,Kayangel Atoll,Pacific Ocean - North West,Palau,134.6939706,8.03991554,Rattus rattus
Puffinus bryani,Critically Endangered,Full migrant,no,Only predation in support,1679,Otoutojima,Ogasawara Islands (Chichijima Group),Pacific Ocean - North West,Japan,142.1908281,27.16628846,Rattus rattus
Columba versicolor,Extinct,Not a Migrant,no,No studies found,1679,Otoutojima,Ogasawara Islands (Chichijima Group),Pacific Ocean - North West,Japan,142.1908281,27.16628846,Rattus rattus
Puffinus bannermani,Endangered,Full migrant,no,No studies found,1679,Otoutojima,Ogasawara Islands (Chichijima Group),Pacific Ocean - North West,Japan,142.1908281,27.16628846,Rattus rattus
Ardenna grisea,Near Threatened,Full migrant,no,No studies found,2265,Outer Little Rat,Bay of Islands (Black Rocks),Pacific Ocean - South West,New Zealand,174.0957646,-35.20011152,Rattus rattus
Ardenna grisea,Near Threatened,Full migrant,no,No studies found,2281,Outer Stuck Anchor Rock,Bay of Islands (Black Rocks),Pacific Ocean - South West,New Zealand,174.1130798,-35.21171792,Rattus rattus
Coturnix novaezelandiae,Extinct,Not a Migrant,no,No studies found,20,Oyster Island,Great Barrier Islands,Pacific Ocean - South West,New Zealand,175.3252154,-36.14208,Rattus rattus
Mergus australis,Extinct,Not a Migrant,no,No studies found,20,Oyster Island,Great Barrier Islands,Pacific Ocean - South West,New Zealand,175.3252154,-36.14208,Rattus rattus
Notiomystis cincta,Vulnerable,Not a Migrant,no,No studies found,20,Oyster Island,Great Barrier Islands,Pacific Ocean - South West,New Zealand,175.3252154,-36.14208,Rattus rattus
Pterodroma cookii,Vulnerable,Full migrant,no,No studies found,20,Oyster Island,Great Barrier Islands,Pacific Ocean - South West,New Zealand,175.3252154,-36.14208,Rattus rattus
Ardenna grisea,Near Threatened,Full migrant,no,No studies found,1821,Pakatahi,Bay of Islands (Moturoa),Pacific Ocean - South West,New Zealand,174.2000723,-35.23115647,Rattus rattus
Puffinus yelkouan,Vulnerable,Full migrant,no,Population study with data in support,2872,Palmarola,Pontine Islands,Mediterranean,Italy,12.85717333,40.93667554,Rattus rattus
Pterodroma brevipes,Vulnerable,Not a Migrant,no,All studies are not in support,1321,Palmyra,Line Islands,Pacific Ocean - North East,United States Minor Outlying Islands,-162.0777883,5.883944632,Rattus rattus
Pterodroma brevipes,Vulnerable,Not a Migrant,no,All studies are not in support,890,Palmyra,Line Islands,Pacific Ocean - North East,United States Minor Outlying Islands,-162.0777883,5.883944632,Rattus rattus
Hymenolaimus malacorhynchos,Endangered,Not a Migrant,no,All studies are not in support,1045,Patiti (Banded),Lake Rotomahana,Pacific Ocean - South West,New Zealand,176.4459231,-38.26767285,Rattus rattus
Coturnix novaezelandiae,Extinct,Not a Migrant,no,No studies found,1045,Patiti (Banded),Lake Rotomahana,Pacific Ocean - South West,New Zealand,176.4459231,-38.26767285,Rattus rattus
Mergus australis,Extinct,Not a Migrant,no,No studies found,1045,Patiti (Banded),Lake Rotomahana,Pacific Ocean - South West,New Zealand,176.4459231,-38.26767285,Rattus rattus
Turnagra tanagra,Extinct,Not a Migrant,yes,No studies found,1045,Patiti (Banded),Lake Rotomahana,Pacific Ocean - South West,New Zealand,176.4459231,-38.26767285,Rattus rattus
Coenocorypha iredalei,Extinct,Not a Migrant,no,Population study without data in support,1682,Pearl,Stewart Islands,Pacific Ocean - South West,New Zealand,167.7073568,-47.19181788,Rattus rattus
Mergus australis,Extinct,Not a Migrant,no,No studies found,1682,Pearl,Stewart Islands,Pacific Ocean - South West,New Zealand,167.7073568,-47.19181788,Rattus rattus
Puffinus yelkouan,Vulnerable,Full migrant,no,Population study with data in support,269,Peraiola,Tuscan Islands,Mediterranean,Italy,9.79696095,43.03189855,Rattus rattus
Ardenna grisea,Near Threatened,Full migrant,no,No studies found,1793,Phil's Hat,Bay of Islands (Black Rocks),Pacific Ocean - South West,New Zealand,174.1062553,-35.20675354,Rattus rattus
Puffinus yelkouan,Vulnerable,Full migrant,no,Population study with data in support,2586,Pianosa,Tuscan Islands,Mediterranean,Italy,15.74741661,42.22502273,Rattus rattus
Callaeas cinereus,Critically Endangered,Not a Migrant,no,Population study with all qualities in support,1697,Pickersgill,Queen Charlotte Sound,Pacific Ocean - South West,New Zealand,174.2821797,-41.16052755,Rattus rattus
Ardenna grisea,Near Threatened,Full migrant,no,No studies found,1697,Pickersgill,Queen Charlotte Sound,Pacific Ocean - South West,New Zealand,174.2821797,-41.16052755,Rattus rattus
Certhidea olivacea,Vulnerable,Not a Migrant,no,No studies found,2213,Pinzón,Galapagos Islands,Pacific Ocean - North East,Ecuador,-90.66589399,-0.610869147,Rattus rattus
Geospiza psittacula,Vulnerable,Not a Migrant,no,No studies found,2213,Pinzón,Galapagos Islands,Pacific Ocean - North East,Ecuador,-90.66589399,-0.610869147,Rattus rattus
Progne modesta,Endangered,Not a Migrant,no,No studies found,2213,Pinzón,Galapagos Islands,Pacific Ocean - North East,Ecuador,-90.66589399,-0.610869147,Rattus rattus
Certhidea olivacea,Vulnerable,Not a Migrant,no,No studies found,302,Pinzón,Galapagos Islands,Pacific Ocean - North East,Ecuador,-90.66589399,-0.610869147,Rattus rattus
Geospiza psittacula,Vulnerable,Not a Migrant,no,No studies found,302,Pinzón,Galapagos Islands,Pacific Ocean - North East,Ecuador,-90.66589399,-0.610869147,Rattus rattus
Progne modesta,Endangered,Not a Migrant,no,No studies found,302,Pinzón,Galapagos Islands,Pacific Ocean - North East,Ecuador,-90.66589399,-0.610869147,Rattus rattus
Callaeas cinereus,Critically Endangered,Not a Migrant,no,Population study with all qualities in support,2827,Pomona,Lake Manapouri,Pacific Ocean - South West,New Zealand,167.4736057,-45.50674923,Rattus rattus
Callaeas cinereus,Critically Endangered,Not a Migrant,no,Population study with all qualities in support,1042,Pomona,Lake Manapouri,Pacific Ocean - South West,New Zealand,167.4736057,-45.50674923,Rattus rattus
Mohoua ochrocephala,Near Threatened,Not a Migrant,no,Population study with data in support,2827,Pomona,Lake Manapouri,Pacific Ocean - South West,New Zealand,167.4736057,-45.50674923,Rattus rattus
Mohoua ochrocephala,Near Threatened,Not a Migrant,no,Population study with data in support,1042,Pomona,Lake Manapouri,Pacific Ocean - South West,New Zealand,167.4736057,-45.50674923,Rattus rattus
Cyanoramphus auriceps,Near Threatened,Not a Migrant,no,All studies are not in support,2827,Pomona,Lake Manapouri,Pacific Ocean - South West,New Zealand,167.4736057,-45.50674923,Rattus rattus
Hymenolaimus malacorhynchos,Endangered,Not a Migrant,no,All studies are not in support,2827,Pomona,Lake Manapouri,Pacific Ocean - South West,New Zealand,167.4736057,-45.50674923,Rattus rattus
Cyanoramphus auriceps,Near Threatened,Not a Migrant,no,All studies are not in support,1042,Pomona,Lake Manapouri,Pacific Ocean - South West,New Zealand,167.4736057,-45.50674923,Rattus rattus
Hymenolaimus malacorhynchos,Endangered,Not a Migrant,no,All studies are not in support,1042,Pomona,Lake Manapouri,Pacific Ocean - South West,New Zealand,167.4736057,-45.50674923,Rattus rattus
Coturnix novaezelandiae,Extinct,Not a Migrant,no,No studies found,2827,Pomona,Lake Manapouri,Pacific Ocean - South West,New Zealand,167.4736057,-45.50674923,Rattus rattus
Cyanoramphus malherbi,Critically Endangered,Not a Migrant,yes,No studies found,2827,Pomona,Lake Manapouri,Pacific Ocean - South West,New Zealand,167.4736057,-45.50674923,Rattus rattus
Mergus australis,Extinct,Not a Migrant,no,No studies found,2827,Pomona,Lake Manapouri,Pacific Ocean - South West,New Zealand,167.4736057,-45.50674923,Rattus rattus
Turnagra capensis,Extinct,Not a Migrant,yes,No studies found,2827,Pomona,Lake Manapouri,Pacific Ocean - South West,New Zealand,167.4736057,-45.50674923,Rattus rattus
Coturnix novaezelandiae,Extinct,Not a Migrant,no,No studies found,1042,Pomona,Lake Manapouri,Pacific Ocean - South West,New Zealand,167.4736057,-45.50674923,Rattus rattus
Cyanoramphus malherbi,Critically Endangered,Not a Migrant,yes,No studies found,1042,Pomona,Lake Manapouri,Pacific Ocean - South West,New Zealand,167.4736057,-45.50674923,Rattus rattus
Mergus australis,Extinct,Not a Migrant,no,No studies found,1042,Pomona,Lake Manapouri,Pacific Ocean - South West,New Zealand,167.4736057,-45.50674923,Rattus rattus
Turnagra capensis,Extinct,Not a Migrant,yes,No studies found,1042,Pomona,Lake Manapouri,Pacific Ocean - South West,New Zealand,167.4736057,-45.50674923,Rattus rattus
Puffinus yelkouan,Vulnerable,Full migrant,no,Population study with data in support,3221,Proratora,Sardinian Islands,Mediterranean,Italy,9.723123782,40.8464801,Rattus rattus
Puffinus yelkouan,Vulnerable,Full migrant,no,Population study with data in support,2208,Proratora,Sardinian Islands,Mediterranean,Italy,9.723123782,40.8464801,Rattus rattus
Callaeas cinereus,Critically Endangered,Not a Migrant,no,Population study with all qualities in support,1698,Quail,Canterbury Islands,Pacific Ocean - South West,New Zealand,172.6909702,-43.6284509,Rattus rattus
Mohoua ochrocephala,Near Threatened,Not a Migrant,no,Population study with data in support,1698,Quail,Canterbury Islands,Pacific Ocean - South West,New Zealand,172.6909702,-43.6284509,Rattus rattus
Coturnix novaezelandiae,Extinct,Not a Migrant,no,No studies found,1698,Quail,Canterbury Islands,Pacific Ocean - South West,New Zealand,172.6909702,-43.6284509,Rattus rattus
Mergus australis,Extinct,Not a Migrant,no,No studies found,1698,Quail,Canterbury Islands,Pacific Ocean - South West,New Zealand,172.6909702,-43.6284509,Rattus rattus
Turnagra capensis,Extinct,Not a Migrant,yes,No studies found,1698,Quail,Canterbury Islands,Pacific Ocean - South West,New Zealand,172.6909702,-43.6284509,Rattus rattus
Ardenna grisea,Near Threatened,Full migrant,no,No studies found,1822,Rangiatea,Bay of Islands (Moturoa),Pacific Ocean - South West,New Zealand,174.1797091,-35.21804184,Rattus rattus
Ardenna grisea,Near Threatened,Full migrant,no,No studies found,1237,Rangitoto,Hauraki Gulf,Pacific Ocean - South West,New Zealand,174.863184,-36.78649262,Rattus rattus
Coturnix novaezelandiae,Extinct,Not a Migrant,no,No studies found,1237,Rangitoto,Hauraki Gulf,Pacific Ocean - South West,New Zealand,174.863184,-36.78649262,Rattus rattus
Mergus australis,Extinct,Not a Migrant,no,No studies found,1237,Rangitoto,Hauraki Gulf,Pacific Ocean - South West,New Zealand,174.863184,-36.78649262,Rattus rattus
Turnagra tanagra,Extinct,Not a Migrant,yes,No studies found,1237,Rangitoto,Hauraki Gulf,Pacific Ocean - South West,New Zealand,174.863184,-36.78649262,Rattus rattus
Synthliboramphus craveri,Vulnerable,Not a Migrant,no,No studies found,479,Rasa,Gulf of California (Midriff Islands),Pacific Ocean - North East,Mexico,-112.9798053,28.82381016,Rattus rattus
Ardenna grisea,Near Threatened,Full migrant,no,No studies found,1194,Rat,Bay of Islands (Black Rocks),Pacific Ocean - South West,New Zealand,174.0986825,-35.20344009,Rattus rattus
Puffinus mauretanicus,Critically Endangered,Full migrant,no,All studies are not in support,3198,Rates,Balearic Islands (Cabrera Group),Mediterranean,Spain,2.92313107,39.13268704,Rattus rattus
Puffinus mauretanicus,Critically Endangered,Full migrant,no,All studies are not in support,2294,Rates,Balearic Islands (Cabrera Group),Mediterranean,Spain,2.92313107,39.13268704,Rattus rattus
Larus audouinii,Vulnerable,Full migrant,no,All studies are not in support,83,Rey Francisco,Chafarinas Archipelago,Mediterranean,Spain,-2.42223863,35.18082813,Rattus rattus
Larus audouinii,Vulnerable,Full migrant,no,All studies are not in support,264,Rey Francisco,Chafarinas Archipelago,Mediterranean,Spain,-2.42223863,35.18082813,Rattus rattus
Larus audouinii,Vulnerable,Full migrant,no,All studies are not in support,2736,Rey Francisco,Chafarinas Archipelago,Mediterranean,Spain,-2.42223863,35.18082813,Rattus rattus
Certhidea olivacea,Vulnerable,Not a Migrant,no,No studies found,1755,Roca Beagle Sur,Galapagos Islands,Pacific Ocean - North East,Ecuador,-90.62935922,-0.418442415,Rattus rattus
Ardenna grisea,Near Threatened,Full migrant,no,No studies found,1823,Round,Bay of Islands (Urupukapuka),Pacific Ocean - South West,New Zealand,174.2366307,-35.22818295,Rattus rattus
Ardenna carneipes,Near Threatened,Full migrant,no,Population study without data in support,229,Saint-Paul,Amsterdam and St. Paul Islands,Indian Ocean - West,French Southern Territories,77.52352343,-38.72212156,Rattus rattus
Eudyptes moseleyi,Endangered,Full migrant,no,All studies are not in support,229,Saint-Paul,Amsterdam and St. Paul Islands,Indian Ocean - West,French Southern Territories,77.52352343,-38.72212156,Rattus rattus
Procellaria cinerea,Near Threatened,Full migrant,no,All studies are not in support,229,Saint-Paul,Amsterdam and St. Paul Islands,Indian Ocean - West,French Southern Territories,77.52352343,-38.72212156,Rattus rattus
Synthliboramphus craveri,Vulnerable,Not a Migrant,no,No studies found,205,San Jorge Este,Gulf of California,Pacific Ocean - North East,Mexico,-113.2482091,31.01793412,Rattus rattus
Synthliboramphus craveri,Vulnerable,Not a Migrant,no,No studies found,437,San Jorge Medio,Gulf of California,Pacific Ocean - North East,Mexico,-113.2440806,31.01222994,Rattus rattus
Synthliboramphus craveri,Vulnerable,Not a Migrant,no,No studies found,438,San Jorge Oeste,Gulf of California,Pacific Ocean - North East,Mexico,-113.2431372,31.00632429,Rattus rattus
Synthliboramphus craveri,Vulnerable,Not a Migrant,no,No studies found,1316,San Pedro Mártir,Gulf of California (Midriff Islands),Pacific Ocean - North East,Mexico,-112.3066361,28.38145886,Rattus rattus
Ptychoramphus aleuticus,Near Threatened,Not a Migrant,no,Population study with data in support,823,San Roque,Pacific Coast Baja California Peninsula,Pacific Ocean - North East,Mexico,-114.3770111,27.14690418,Rattus rattus
Synthliboramphus scrippsi,Vulnerable,Not a Migrant,no,Population study with data in support,823,San Roque,Pacific Coast Baja California Peninsula,Pacific Ocean - North East,Mexico,-114.3770111,27.14690418,Rattus rattus
Synthliboramphus craveri,Vulnerable,Not a Migrant,no,No studies found,823,San Roque,Pacific Coast Baja California Peninsula,Pacific Ocean - North East,Mexico,-114.3770111,27.14690418,Rattus rattus
Synthliboramphus hypoleucus,Endangered,Not a Migrant,no,No studies found,823,San Roque,Pacific Coast Baja California Peninsula,Pacific Ocean - North East,Mexico,-114.3770111,27.14690418,Rattus rattus
Synthliboramphus hypoleucus,Endangered,Not a Migrant,no,No studies found,823,San Roque,Pacific Coast Baja California Peninsula,Pacific Ocean - North East,Mexico,-114.3770111,27.14690418,Rattus rattus
Anas laysanensis,Critically Endangered,Not a Migrant,no,All studies are not in support,184,Sand,Hawaiian Islands (Midway Atoll),Pacific Ocean - North East,United States,-177.378933,28.20777515,Rattus rattus
Zapornia palmeri,Extinct,Not a Migrant,no,No studies found,184,Sand,Hawaiian Islands (Midway Atoll),Pacific Ocean - North East,United States,-177.378933,28.20777515,Rattus rattus
Larus fuliginosus,Vulnerable,Not a Migrant,no,Only predation in support,1255,Seymour Norte,Galapagos Islands,Pacific Ocean - North East,Ecuador,-90.2849004,-0.395017292,Rattus rattus
Larus fuliginosus,Vulnerable,Not a Migrant,no,Only predation in support,3138,Seymour Norte,Galapagos Islands,Pacific Ocean - North East,Ecuador,-90.2849004,-0.395017292,Rattus rattus
Certhidea olivacea,Vulnerable,Not a Migrant,no,No studies found,1255,Seymour Norte,Galapagos Islands,Pacific Ocean - North East,Ecuador,-90.2849004,-0.395017292,Rattus rattus
Progne modesta,Endangered,Not a Migrant,no,No studies found,1255,Seymour Norte,Galapagos Islands,Pacific Ocean - North East,Ecuador,-90.2849004,-0.395017292,Rattus rattus
Certhidea olivacea,Vulnerable,Not a Migrant,no,No studies found,3138,Seymour Norte,Galapagos Islands,Pacific Ocean - North East,Ecuador,-90.2849004,-0.395017292,Rattus rattus
Progne modesta,Endangered,Not a Migrant,no,No studies found,3138,Seymour Norte,Galapagos Islands,Pacific Ocean - North East,Ecuador,-90.2849004,-0.395017292,Rattus rattus
Certhidea olivacea,Vulnerable,Not a Migrant,no,No studies found,1717,Sombrero Chino,Galapagos Islands,Pacific Ocean - North East,Ecuador,-90.58331963,-0.370320789,Rattus rattus
Spheniscus mendiculus,Endangered,Not a Migrant,no,No studies found,1717,Sombrero Chino,Galapagos Islands,Pacific Ocean - North East,Ecuador,-90.58331963,-0.370320789,Rattus rattus
Ardenna grisea,Near Threatened,Full migrant,no,No studies found,864,Somes (Matiu),Wellington Harbor,Pacific Ocean - South West,New Zealand,174.8651843,-41.25800801,Rattus rattus
Ardenna grisea,Near Threatened,Full migrant,no,No studies found,2277,South Crater Rim,Bay of Islands (Black Rocks),Pacific Ocean - South West,New Zealand,174.1117711,-35.20532153,Rattus rattus
Ardenna grisea,Near Threatened,Full migrant,no,No studies found,2279,Stuck Anchor Rock,Bay of Islands (Black Rocks),Pacific Ocean - South West,New Zealand,174.1122491,-35.21017846,Rattus rattus
Pterodroma brevipes,Vulnerable,Not a Migrant,no,All studies are not in support,305,Surprise,New Caledonia Islands,Pacific Ocean - South West,New Caledonia,163.0863698,-18.4813456,Rattus rattus
Pterodroma brevipes,Vulnerable,Not a Migrant,no,All studies are not in support,1766,Table,New Caledonia Islands,Pacific Ocean - South West,New Caledonia,164.1847381,-20.55786934,Rattus rattus
Larus audouinii,Vulnerable,Full migrant,no,All studies are not in support,3200,Tagomago,Balearic Islands (Ibiza Group),Mediterranean,Spain,1.64393908,39.03650039,Rattus rattus
Coenocorypha iredalei,Extinct,Not a Migrant,no,Population study without data in support,418,Taukihepa/Big South Cape,Stewart Islands,Pacific Ocean - South West,New Zealand,167.4079514,-47.24063574,Rattus rattus
Eudyptes pachyrhynchus,Near Threatened,Full migrant,no,No studies found,418,Taukihepa/Big South Cape,Stewart Islands,Pacific Ocean - South West,New Zealand,167.4079514,-47.24063574,Rattus rattus
Mergus australis,Extinct,Not a Migrant,no,No studies found,418,Taukihepa/Big South Cape,Stewart Islands,Pacific Ocean - South West,New Zealand,167.4079514,-47.24063574,Rattus rattus
Pterodroma inexpectata,Near Threatened,Full migrant,no,No studies found,418,Taukihepa/Big South Cape,Stewart Islands,Pacific Ocean - South West,New Zealand,167.4079514,-47.24063574,Rattus rattus
Puffinus yelkouan,Vulnerable,Full migrant,no,Population study with data in support,2871,Tavolara,Sardinian Islands,Mediterranean,Italy,9.7125437,40.90549087,Rattus rattus
Callaeas cinereus,Critically Endangered,Not a Migrant,no,Population study with all qualities in support,896,Tawhitinui (Oaie),Marlborough Sound,Pacific Ocean - South West,New Zealand,173.8005739,-41.04945957,Rattus rattus
Ardenna grisea,Near Threatened,Full migrant,no,No studies found,896,Tawhitinui (Oaie),Marlborough Sound,Pacific Ocean - South West,New Zealand,173.8005739,-41.04945957,Rattus rattus
Ardenna grisea,Near Threatened,Full migrant,no,No studies found,1740,Te Ao,Bay of Islands (Urupukapuka),Pacific Ocean - South West,New Zealand,174.2414585,-35.22760283,Rattus rattus
Pterodroma brevipes,Vulnerable,Not a Migrant,no,All studies are not in support,2796,Tenarunga (Tenania),Tuamotu Archipelago,Pacific Ocean - South East,French Polynesia,-136.5416276,-21.34388419,Rattus rattus
Ardenna grisea,Near Threatened,Full migrant,no,No studies found,2269,Tern Rock,Bay of Islands (Black Rocks),Pacific Ocean - South West,New Zealand,174.1091402,-35.19912512,Rattus rattus
Pterodroma brevipes,Vulnerable,Not a Migrant,no,All studies are not in support,1692,Tetiaroa Atoll (Honuea),Society Islands,Pacific Ocean - South East,French Polynesia,-149.5849878,-17.00926361,Rattus rattus
Ducula galeata,Endangered,Not a Migrant,no,All studies are not in support,22,Teuaua (Ua-Uka),Marquesas,Pacific Ocean - South East,French Polynesia,-139.5931222,-8.954210196,Rattus rattus
Pterodroma brevipes,Vulnerable,Not a Migrant,no,All studies are not in support,22,Teuaua (Ua-Uka),Marquesas,Pacific Ocean - South East,French Polynesia,-139.5931222,-8.954210196,Rattus rattus
Pterodroma brevipes,Vulnerable,Not a Migrant,no,All studies are not in support,1981,Tiarao,Tuamotu Archipelago (Rangiroa),Pacific Ocean - South East,French Polynesia,-147.8002877,-15.20575533,Rattus rattus
Pterodroma brevipes,Vulnerable,Not a Migrant,no,All studies are not in support,2361,Tiarao,Tuamotu Archipelago (Rangiroa),Pacific Ocean - South East,French Polynesia,-147.8002877,-15.20575533,Rattus rattus
Pampusana erythroptera,Critically Endangered,Not a Migrant,no,No studies found,1981,Tiarao,Tuamotu Archipelago (Rangiroa),Pacific Ocean - South East,French Polynesia,-147.8002877,-15.20575533,Rattus rattus
Pampusana erythroptera,Critically Endangered,Not a Migrant,no,No studies found,2361,Tiarao,Tuamotu Archipelago (Rangiroa),Pacific Ocean - South East,French Polynesia,-147.8002877,-15.20575533,Rattus rattus
Ptilinopus coralensis,Near Threatened,Not a Migrant,no,No studies found,1981,Tiarao,Tuamotu Archipelago (Rangiroa),Pacific Ocean - South East,French Polynesia,-147.8002877,-15.20575533,Rattus rattus
Ptilinopus coralensis,Near Threatened,Not a Migrant,no,No studies found,2361,Tiarao,Tuamotu Archipelago (Rangiroa),Pacific Ocean - South East,French Polynesia,-147.8002877,-15.20575533,Rattus rattus
Callaeas cinereus,Critically Endangered,Not a Migrant,no,Population study with all qualities in support,465,Titi,Marlborough Sound,Pacific Ocean - South West,New Zealand,174.1392583,-40.9511942,Rattus rattus
Cyanoramphus auriceps,Near Threatened,Not a Migrant,no,All studies are not in support,465,Titi,Marlborough Sound,Pacific Ocean - South West,New Zealand,174.1392583,-40.9511942,Rattus rattus
Prosobonia parvirostris,Endangered,Not a Migrant,no,Population study without data in support,2187,Toreauta (Tahanea Atoll),Tuamotu Archipelago,Pacific Ocean - South East,French Polynesia,-144.7017545,-16.97742876,Rattus rattus
Pterodroma brevipes,Vulnerable,Not a Migrant,no,All studies are not in support,2187,Toreauta (Tahanea Atoll),Tuamotu Archipelago,Pacific Ocean - South East,French Polynesia,-144.7017545,-16.97742876,Rattus rattus
Pampusana erythroptera,Critically Endangered,Not a Migrant,no,No studies found,2187,Toreauta (Tahanea Atoll),Tuamotu Archipelago,Pacific Ocean - South East,French Polynesia,-144.7017545,-16.97742876,Rattus rattus
Ptilinopus coralensis,Near Threatened,Not a Migrant,no,No studies found,2187,Toreauta (Tahanea Atoll),Tuamotu Archipelago,Pacific Ocean - South East,French Polynesia,-144.7017545,-16.97742876,Rattus rattus
Puffinus bryani,Critically Endangered,Full migrant,no,Only predation in support,2862,Torishima,Ogasawara Islands (Mukojima Group),Pacific Ocean - North West,Japan,142.1715733,27.62451662,Rattus rattus
Puffinus bryani,Critically Endangered,Full migrant,no,Only predation in support,1756,Torishima,Ogasawara Islands (Mukojima Group),Pacific Ocean - North West,Japan,142.1715733,27.62451662,Rattus rattus
Columba versicolor,Extinct,Not a Migrant,no,No studies found,2862,Torishima,Ogasawara Islands (Mukojima Group),Pacific Ocean - North West,Japan,142.1715733,27.62451662,Rattus rattus
Puffinus bannermani,Endangered,Full migrant,no,No studies found,2862,Torishima,Ogasawara Islands (Mukojima Group),Pacific Ocean - North West,Japan,142.1715733,27.62451662,Rattus rattus
Columba versicolor,Extinct,Not a Migrant,no,No studies found,1756,Torishima,Ogasawara Islands (Mukojima Group),Pacific Ocean - North West,Japan,142.1715733,27.62451662,Rattus rattus
Puffinus bannermani,Endangered,Full migrant,no,No studies found,1756,Torishima,Ogasawara Islands (Mukojima Group),Pacific Ocean - North West,Japan,142.1715733,27.62451662,Rattus rattus
Ardenna grisea,Near Threatened,Full migrant,no,No studies found,1792,Unnamed Cape Wiwiki A (Snail Rock),Bay of Islands (Cape Wiwiki),Pacific Ocean - South West,New Zealand,174.1222147,-35.15366114,Rattus rattus
Ardenna grisea,Near Threatened,Full migrant,no,No studies found,1221,Unnamed Cape Wiwiki B (Gorse Island),Bay of Islands (Cape Wiwiki),Pacific Ocean - South West,New Zealand,174.1215032,-35.15274242,Rattus rattus
Ardenna grisea,Near Threatened,Full migrant,no,No studies found,1684,Urupukapuka,Bay of Islands,Pacific Ocean - South West,New Zealand,174.2318392,-35.21482764,Rattus rattus
Coturnix novaezelandiae,Extinct,Not a Migrant,no,No studies found,1684,Urupukapuka,Bay of Islands,Pacific Ocean - South West,New Zealand,174.2318392,-35.21482764,Rattus rattus
Mergus australis,Extinct,Not a Migrant,no,No studies found,1684,Urupukapuka,Bay of Islands,Pacific Ocean - South West,New Zealand,174.2318392,-35.21482764,Rattus rattus
Turnagra tanagra,Extinct,Not a Migrant,yes,No studies found,1684,Urupukapuka,Bay of Islands,Pacific Ocean - South West,New Zealand,174.2318392,-35.21482764,Rattus rattus
Puffinus mauretanicus,Critically Endangered,Full migrant,no,All studies are not in support,2743,Vedranell,Balearic Islands (Ibiza Group),Mediterranean,Spain,1.21166264,38.86832562,Rattus rattus
Larus audouinii,Vulnerable,Full migrant,no,All studies are not in support,2742,Vedrá,Balearic Islands (Ibiza Group),Mediterranean,Spain,1.1974562,38.86687297,Rattus rattus
Certhidea olivacea,Vulnerable,Not a Migrant,no,No studies found,1258,Venecia,Galapagos Islands,Pacific Ocean - North East,Ecuador,-90.4757509,-0.518408857,Rattus rattus
Ardenna grisea,Near Threatened,Full migrant,no,No studies found,1794,West Atoll,Bay of Islands (Black Rocks),Pacific Ocean - South West,New Zealand,174.0789085,-35.20218735,Rattus rattus
Ardenna grisea,Near Threatened,Full migrant,no,No studies found,2267,West Tern Rock,Bay of Islands (Black Rocks),Pacific Ocean - South West,New Zealand,174.1067185,-35.19931853,Rattus rattus
Puffinus yelkouan,Vulnerable,Full migrant,no,Population study with data in support,389,Zannone,Pontine Islands,Mediterranean,Italy,13.05487082,40.96868508,Rattus rattus
Fratercula arctica,Vulnerable,Full migrant,no,Population study with data in support,2311,Annet,Isles of Scilly,Atlantic Ocean - North,United Kingdom,-6.3720306,49.89570146,Rattus norvegicus
Ptychoramphus aleuticus,Near Threatened,Not a Migrant,no,No studies found,2107,Arichika,British Columbia (Haida Gwaii),Pacific Ocean - North East,Canada,-131.3412837,52.47166577,Rattus norvegicus
Onychoprion aleuticus,Vulnerable,Full migrant,no,No studies found,3097,Aureola,Aleutian Islands (Adak Island (Bay of Islands)),Pacific Ocean - North East,United States,-176.7597608,51.80279098,Rattus norvegicus
Ptychoramphus aleuticus,Near Threatened,Not a Migrant,no,No studies found,3097,Aureola,Aleutian Islands (Adak Island (Bay of Islands)),Pacific Ocean - North East,United States,-176.7597608,51.80279098,Rattus norvegicus
Ardenna grisea,Near Threatened,Full migrant,no,Population study without data in support,1862,Battleship Rock,Bay of Islands (Black Rocks),Pacific Ocean - South West,New Zealand,174.1143323,-35.20873745,Rattus norvegicus
Cinclodes antarcticus,Near Threatened,Not a Migrant,no,Population study with all qualities in support,3046,Bense,Falkland Islands (Bense Islands group),Atlantic Ocean - South,Falkland Islands (Malvinas),-60.52293637,-51.49393691,Rattus norvegicus
Eudyptes chrysolophus,Vulnerable,Full migrant,no,No studies found,3046,Bense,Falkland Islands (Bense Islands group),Atlantic Ocean - South,Falkland Islands (Malvinas),-60.52293637,-51.49393691,Rattus norvegicus
Cinclodes antarcticus,Near Threatened,Not a Migrant,no,Population study with all qualities in support,55,Big Samuel,Falkland Islands (Choiseul Sound),Atlantic Ocean - South,Falkland Islands (Malvinas),-58.66832992,-51.94261946,Rattus norvegicus
Eudyptes chrysolophus,Vulnerable,Full migrant,no,No studies found,55,Big Samuel,Falkland Islands (Choiseul Sound),Atlantic Ocean - South,Falkland Islands (Malvinas),-58.66832992,-51.94261946,Rattus norvegicus
Ardenna grisea,Near Threatened,Full migrant,no,Population study without data in support,1259,Big Shag,Falkland Islands (Salvador Waters),Atlantic Ocean - South,Falkland Islands (Malvinas),-58.31518897,-51.39495645,Rattus norvegicus
Hydrobates leucorhous,Vulnerable,Full migrant,no,No studies found,2108,Bischof,British Columbia (Haida Gwaii),Pacific Ocean - North East,Canada,-131.5664526,52.57874545,Rattus norvegicus
Onychoprion aleuticus,Vulnerable,Full migrant,no,No studies found,3095,Black,Aleutian Islands (Adak Island (Bay of Islands)),Pacific Ocean - North East,United States,-176.8172691,51.80693471,Rattus norvegicus
Ptychoramphus aleuticus,Near Threatened,Not a Migrant,no,No studies found,3095,Black,Aleutian Islands (Adak Island (Bay of Islands)),Pacific Ocean - North East,United States,-176.8172691,51.80693471,Rattus norvegicus
Fratercula arctica,Vulnerable,Full migrant,no,Population study with data in support,256,Bono,Sept les Archipelago,Atlantic Ocean - North,France,-3.480987181,48.882881,Rattus norvegicus
Ardenna grisea,Near Threatened,Full migrant,no,Population study without data in support,31,Bottom,Falkland Islands (Blanco Bay),Atlantic Ocean - South,Falkland Islands (Malvinas),-57.72764503,-51.67349968,Rattus norvegicus
Ardenna grisea,Near Threatened,Full migrant,no,Population study without data in support,470,Browns,Hauraki Gulf,Pacific Ocean - South West,New Zealand,174.8945564,-36.83074946,Rattus norvegicus
Fratercula arctica,Vulnerable,Full migrant,no,Population study with data in support,3230,Calf of Man,Irish Sea,Atlantic Ocean - North,United Kingdom,-4.81489421,54.05341867,Rattus norvegicus
Onychoprion aleuticus,Vulnerable,Full migrant,no,No studies found,3094,Camouflage,Aleutian Islands (Adak Island (Bay of Islands)),Pacific Ocean - North East,United States,-176.8298438,51.80812556,Rattus norvegicus
Ptychoramphus aleuticus,Near Threatened,Not a Migrant,no,No studies found,3094,Camouflage,Aleutian Islands (Adak Island (Bay of Islands)),Pacific Ocean - North East,United States,-176.8298438,51.80812556,Rattus norvegicus
Ardenna grisea,Near Threatened,Full migrant,no,Population study without data in support,415,Campbell,Campbell Islands,Pacific Ocean - South West,New Zealand,169.1670251,-52.54380497,Rattus norvegicus
Anas nesiotis,Vulnerable,Not a Migrant,no,No studies found,415,Campbell,Campbell Islands,Pacific Ocean - South West,New Zealand,169.1670251,-52.54380497,Rattus norvegicus
Eudyptes chrysolophus,Vulnerable,Full migrant,no,No studies found,415,Campbell,Campbell Islands,Pacific Ocean - South West,New Zealand,169.1670251,-52.54380497,Rattus norvegicus
Phoebetria palpebrata,Near Threatened,Full migrant,no,No studies found,415,Campbell,Campbell Islands,Pacific Ocean - South West,New Zealand,169.1670251,-52.54380497,Rattus norvegicus
Fratercula arctica,Vulnerable,Full migrant,no,Population study with data in support,928,Canna,Scotland Islands (Inner Hebrides),Atlantic Ocean - North,United Kingdom,-6.55100045,57.05673038,Rattus norvegicus
Fratercula arctica,Vulnerable,Full migrant,no,Population study with data in support,193,Cardigan,null,Atlantic Ocean - North,United Kingdom,-4.68945477,52.13179327,Rattus norvegicus
Cinclodes antarcticus,Near Threatened,Not a Migrant,no,Population study with all qualities in support,1260,Centre,Falkland Islands (Salvador Waters),Atlantic Ocean - South,Falkland Islands (Malvinas),-58.30821873,-51.42338212,Rattus norvegicus
Ardenna grisea,Near Threatened,Full migrant,no,Population study without data in support,1260,Centre,Falkland Islands (Salvador Waters),Atlantic Ocean - South,Falkland Islands (Malvinas),-58.30821873,-51.42338212,Rattus norvegicus
Hymenolaimus malacorhynchos,Endangered,Not a Migrant,no,All studies are not in support,2680,Centre,Lake Te Anau,Pacific Ocean - South West,New Zealand,167.7734997,-45.23421795,Rattus norvegicus
Eudyptes chrysolophus,Vulnerable,Full migrant,no,No studies found,1260,Centre,Falkland Islands (Salvador Waters),Atlantic Ocean - South,Falkland Islands (Malvinas),-58.30821873,-51.42338212,Rattus norvegicus
Coturnix novaezelandiae,Extinct,Not a Migrant,no,No studies found,2680,Centre,Lake Te Anau,Pacific Ocean - South West,New Zealand,167.7734997,-45.23421795,Rattus norvegicus
Cyanoramphus auriceps,Near Threatened,Not a Migrant,no,No studies found,2680,Centre,Lake Te Anau,Pacific Ocean - South West,New Zealand,167.7734997,-45.23421795,Rattus norvegicus
Cyanoramphus malherbi,Critically Endangered,Not a Migrant,yes,No studies found,2680,Centre,Lake Te Anau,Pacific Ocean - South West,New Zealand,167.7734997,-45.23421795,Rattus norvegicus
Mergus australis,Extinct,Not a Migrant,no,No studies found,2680,Centre,Lake Te Anau,Pacific Ocean - South West,New Zealand,167.7734997,-45.23421795,Rattus norvegicus
Nestor meridionalis,Vulnerable,Not a Migrant,no,No studies found,2680,Centre,Lake Te Anau,Pacific Ocean - South West,New Zealand,167.7734997,-45.23421795,Rattus norvegicus
Turnagra capensis,Extinct,Not a Migrant,yes,No studies found,2680,Centre,Lake Te Anau,Pacific Ocean - South West,New Zealand,167.7734997,-45.23421795,Rattus norvegicus
Cinclodes antarcticus,Near Threatened,Not a Migrant,no,Population study with all qualities in support,1261,Chain,Falkland Islands (Beaver Island Group),Atlantic Ocean - South,Falkland Islands (Malvinas),-61.22347235,-51.87145471,Rattus norvegicus
Eudyptes chrysolophus,Vulnerable,Full migrant,no,No studies found,1261,Chain,Falkland Islands (Beaver Island Group),Atlantic Ocean - South,Falkland Islands (Malvinas),-61.22347235,-51.87145471,Rattus norvegicus
Cinclodes antarcticus,Near Threatened,Not a Migrant,no,Population study with all qualities in support,1262,Chain Islet,Falkland Islands (Beaver Island Group),Atlantic Ocean - South,Falkland Islands (Malvinas),-61.22009346,-51.86989376,Rattus norvegicus
Eudyptes chrysolophus,Vulnerable,Full migrant,no,No studies found,1262,Chain Islet,Falkland Islands (Beaver Island Group),Atlantic Ocean - South,Falkland Islands (Malvinas),-61.22009346,-51.86989376,Rattus norvegicus
Onychoprion aleuticus,Vulnerable,Full migrant,no,No studies found,3145,Channel 1,Aleutian Islands (Adak Island (Bay of Islands-Channel Islands Group)),Pacific Ocean - North East,United States,-176.8151918,51.81273212,Rattus norvegicus
Ptychoramphus aleuticus,Near Threatened,Not a Migrant,no,No studies found,3145,Channel 1,Aleutian Islands (Adak Island (Bay of Islands-Channel Islands Group)),Pacific Ocean - North East,United States,-176.8151918,51.81273212,Rattus norvegicus
Onychoprion aleuticus,Vulnerable,Full migrant,no,No studies found,3146,Channel 4,Aleutian Islands (Adak Island (Bay of Islands-Channel Islands Group)),Pacific Ocean - North East,United States,-176.8189221,51.8111058,Rattus norvegicus
Ptychoramphus aleuticus,Near Threatened,Not a Migrant,no,No studies found,3146,Channel 4,Aleutian Islands (Adak Island (Bay of Islands-Channel Islands Group)),Pacific Ocean - North East,United States,-176.8189221,51.8111058,Rattus norvegicus
Fratercula arctica,Vulnerable,Full migrant,no,Population study with data in support,1257,Chretien,Molene Archipelago,Atlantic Ocean - North,France,-4.938677378,48.37888199,Rattus norvegicus
Zosterops modestus,Vulnerable,Not a Migrant,no,Population study without data in support,1705,Conception,Seychelles,Indian Ocean - West,Seychelles,55.36636899,-4.66363302,Rattus norvegicus
Falco araeus,Vulnerable,Not a Migrant,no,No studies found,1705,Conception,Seychelles,Indian Ocean - West,Seychelles,55.36636899,-4.66363302,Rattus norvegicus
Onychoprion aleuticus,Vulnerable,Full migrant,no,No studies found,1863,Cormorant,Aleutian Islands (Adak Island (Bay of Islands)),Pacific Ocean - North East,United States,-176.8091166,51.81025253,Rattus norvegicus
Ptychoramphus aleuticus,Near Threatened,Not a Migrant,no,No studies found,1863,Cormorant,Aleutian Islands (Adak Island (Bay of Islands)),Pacific Ocean - North East,United States,-176.8091166,51.81025253,Rattus norvegicus
Cinclodes antarcticus,Near Threatened,Not a Migrant,no,Population study with all qualities in support,1108,Cucumber,Falkland Islands (Beaver Island Group),Atlantic Ocean - South,Falkland Islands (Malvinas),-61.20488021,-51.83180353,Rattus norvegicus
Eudyptes chrysolophus,Vulnerable,Full migrant,no,No studies found,1108,Cucumber,Falkland Islands (Beaver Island Group),Atlantic Ocean - South,Falkland Islands (Malvinas),-61.20488021,-51.83180353,Rattus norvegicus
Ardenna grisea,Near Threatened,Full migrant,no,Population study without data in support,1202,David Rocks - A,Hauraki Gulf (Noises Group),Pacific Ocean - South West,New Zealand,174.9980202,-36.69881154,Rattus norvegicus
Ardenna grisea,Near Threatened,Full migrant,no,Population study without data in support,1203,David Rocks - B,Hauraki Gulf (Noises Group),Pacific Ocean - South West,New Zealand,174.9974758,-36.70092047,Rattus norvegicus
Ardenna grisea,Near Threatened,Full migrant,no,Population study without data in support,1204,David Rocks - C,Hauraki Gulf (Noises Group),Pacific Ocean - South West,New Zealand,174.9974758,-36.70092047,Rattus norvegicus
Hymenolaimus malacorhynchos,Endangered,Not a Migrant,no,All studies are not in support,2653,Doubtful Centre,Lake Te Anau,Pacific Ocean - South West,New Zealand,167.6880875,-45.19743743,Rattus norvegicus
Coturnix novaezelandiae,Extinct,Not a Migrant,no,No studies found,2653,Doubtful Centre,Lake Te Anau,Pacific Ocean - South West,New Zealand,167.6880875,-45.19743743,Rattus norvegicus
Cyanoramphus auriceps,Near Threatened,Not a Migrant,no,No studies found,2653,Doubtful Centre,Lake Te Anau,Pacific Ocean - South West,New Zealand,167.6880875,-45.19743743,Rattus norvegicus
Cyanoramphus malherbi,Critically Endangered,Not a Migrant,yes,No studies found,2653,Doubtful Centre,Lake Te Anau,Pacific Ocean - South West,New Zealand,167.6880875,-45.19743743,Rattus norvegicus
Mergus australis,Extinct,Not a Migrant,no,No studies found,2653,Doubtful Centre,Lake Te Anau,Pacific Ocean - South West,New Zealand,167.6880875,-45.19743743,Rattus norvegicus
Nestor meridionalis,Vulnerable,Not a Migrant,no,No studies found,2653,Doubtful Centre,Lake Te Anau,Pacific Ocean - South West,New Zealand,167.6880875,-45.19743743,Rattus norvegicus
Turnagra capensis,Extinct,Not a Migrant,yes,No studies found,2653,Doubtful Centre,Lake Te Anau,Pacific Ocean - South West,New Zealand,167.6880875,-45.19743743,Rattus norvegicus
Onychoprion aleuticus,Vulnerable,Full migrant,no,No studies found,3098,Duh,Aleutian Islands (Adak Island (Bay of Islands)),Pacific Ocean - North East,United States,-176.7584939,51.80256065,Rattus norvegicus
Ptychoramphus aleuticus,Near Threatened,Not a Migrant,no,No studies found,3098,Duh,Aleutian Islands (Adak Island (Bay of Islands)),Pacific Ocean - North East,United States,-176.7584939,51.80256065,Rattus norvegicus
Ardenna grisea,Near Threatened,Full migrant,no,Population study without data in support,1166,East Atoll,Bay of Islands (Black Rocks),Pacific Ocean - South West,New Zealand,174.0804658,-35.20201921,Rattus norvegicus
Ardenna grisea,Near Threatened,Full migrant,no,Population study without data in support,1109,Ella's,Falkland Islands (North East Island Group),Atlantic Ocean - South,Falkland Islands (Malvinas),-58.38011549,-52.00809902,Rattus norvegicus
Cinclodes antarcticus,Near Threatened,Not a Migrant,no,Population study with all qualities in support,1836,First Passage,Falkland Islands,Atlantic Ocean - South,Falkland Islands (Malvinas),-60.68042804,-51.6470221,Rattus norvegicus
Eudyptes chrysolophus,Vulnerable,Full migrant,no,No studies found,1836,First Passage,Falkland Islands,Atlantic Ocean - South,Falkland Islands (Malvinas),-60.68042804,-51.6470221,Rattus norvegicus
Fratercula arctica,Vulnerable,Full migrant,no,Population study with data in support,3225,Flat Holm,Bristol Channel,Atlantic Ocean - North,United Kingdom,-3.12086531,51.37748955,Rattus norvegicus
Ardenna grisea,Near Threatened,Full migrant,no,Population study without data in support,2270,Flat Top Rock,Bay of Islands (Black Rocks),Pacific Ocean - South West,New Zealand,174.1110981,-35.20101649,Rattus norvegicus
Fratercula arctica,Vulnerable,Full migrant,no,Population study with data in support,71,Flatey,null,Atlantic Ocean - North,Iceland,-22.91189441,65.3753527,Rattus norvegicus
Zosterops modestus,Vulnerable,Not a Migrant,no,Population study without data in support,450,Fregate,Seychelles,Indian Ocean - West,Seychelles,55.9415527,-4.585436726,Rattus norvegicus
Zosterops modestus,Vulnerable,Not a Migrant,no,Population study without data in support,14,Fregate,Seychelles,Indian Ocean - West,Seychelles,55.9415527,-4.585436726,Rattus norvegicus
Copsychus sechellarum,Endangered,Not a Migrant,no,All studies are not in support,450,Fregate,Seychelles,Indian Ocean - West,Seychelles,55.9415527,-4.585436726,Rattus norvegicus
Copsychus sechellarum,Endangered,Not a Migrant,no,All studies are not in support,14,Fregate,Seychelles,Indian Ocean - West,Seychelles,55.9415527,-4.585436726,Rattus norvegicus
Cinclodes antarcticus,Near Threatened,Not a Migrant,no,Population study with all qualities in support,2320,Ghost,Falkland Islands (Bleaker Island Group),Atlantic Ocean - South,Falkland Islands (Malvinas),-58.83078911,-52.1898344,Rattus norvegicus
Cinclodes antarcticus,Near Threatened,Not a Migrant,no,Population study with all qualities in support,60,Governor,Falkland Islands (Beaver Island Group),Atlantic Ocean - South,Falkland Islands (Malvinas),-61.1862073,-51.85571637,Rattus norvegicus
Eudyptes chrysolophus,Vulnerable,Full migrant,no,No studies found,60,Governor,Falkland Islands (Beaver Island Group),Atlantic Ocean - South,Falkland Islands (Malvinas),-61.1862073,-51.85571637,Rattus norvegicus
Cinclodes antarcticus,Near Threatened,Not a Migrant,no,Population study with all qualities in support,3044,Great,Falkland Islands (Falkland Sound),Atlantic Ocean - South,Falkland Islands (Malvinas),-59.69595956,-51.96457667,Rattus norvegicus
Eudyptes chrysolophus,Vulnerable,Full migrant,no,No studies found,3044,Great,Falkland Islands (Falkland Sound),Atlantic Ocean - South,Falkland Islands (Malvinas),-59.69595956,-51.96457667,Rattus norvegicus
Onychoprion aleuticus,Vulnerable,Full migrant,no,No studies found,1850,Green,Aleutian Islands (Adak Island (Bay of Islands)),Pacific Ocean - North East,United States,-176.8353723,51.81316092,Rattus norvegicus
Ptychoramphus aleuticus,Near Threatened,Not a Migrant,no,No studies found,1850,Green,Aleutian Islands (Adak Island (Bay of Islands)),Pacific Ocean - North East,United States,-176.8353723,51.81316092,Rattus norvegicus
Fratercula arctica,Vulnerable,Full migrant,no,Population study with data in support,2217,Gugh,Isles of Scilly,Atlantic Ocean - North,United Kingdom,-6.33195332,49.89373835,Rattus norvegicus
Fratercula arctica,Vulnerable,Full migrant,no,Population study with data in support,3205,Handa,Scotland Islands,Atlantic Ocean - North,United Kingdom,-5.18759093,58.38076152,Rattus norvegicus
Ardenna grisea,Near Threatened,Full migrant,no,Population study without data in support,1875,Hat,Bay of Islands (Urupukapuka),Pacific Ocean - South West,New Zealand,174.2524414,-35.21722652,Rattus norvegicus
Himantopus novaezelandiae,Critically Endangered,Not a Migrant,no,No studies found,856,Hauturu (Clark),Whangamata,Pacific Ocean - South West,New Zealand,175.8911439,-37.21433414,Rattus norvegicus
Ardenna grisea,Near Threatened,Full migrant,no,Population study without data in support,1110,Hutchy's,Falkland Islands (North East Island Group),Atlantic Ocean - South,Falkland Islands (Malvinas),-58.38867596,-52.00793235,Rattus norvegicus
Onychoprion aleuticus,Vulnerable,Full migrant,no,No studies found,1893,Ina,Aleutian Islands (Adak Island (Bay of Islands)),Pacific Ocean - North East,United States,-176.7559322,51.79897735,Rattus norvegicus
Ptychoramphus aleuticus,Near Threatened,Not a Migrant,no,No studies found,1893,Ina,Aleutian Islands (Adak Island (Bay of Islands)),Pacific Ocean - North East,United States,-176.7559322,51.79897735,Rattus norvegicus
Cinclodes antarcticus,Near Threatened,Not a Migrant,no,Population study with all qualities in support,48,Inner North West,Falkland Islands (North West Island Group),Atlantic Ocean - South,Falkland Islands (Malvinas),-59.18891226,-51.58629073,Rattus norvegicus
Cinclodes antarcticus,Near Threatened,Not a Migrant,no,Population study with all qualities in support,53,Inner North West,Falkland Islands (North West Island Group),Atlantic Ocean - South,Falkland Islands (Malvinas),-59.18891226,-51.58629073,Rattus norvegicus
Eudyptes chrysolophus,Vulnerable,Full migrant,no,No studies found,48,Inner North West,Falkland Islands (North West Island Group),Atlantic Ocean - South,Falkland Islands (Malvinas),-59.18891226,-51.58629073,Rattus norvegicus
Eudyptes chrysolophus,Vulnerable,Full migrant,no,No studies found,53,Inner North West,Falkland Islands (North West Island Group),Atlantic Ocean - South,Falkland Islands (Malvinas),-59.18891226,-51.58629073,Rattus norvegicus
Apteryx mantelli,Vulnerable,Not a Migrant,no,All studies are not in support,888,Kapiti,Kapiti Islands,Pacific Ocean - South West,New Zealand,174.9113428,-40.85674274,Rattus norvegicus
Coturnix novaezelandiae,Extinct,Not a Migrant,no,No studies found,888,Kapiti,Kapiti Islands,Pacific Ocean - South West,New Zealand,174.9113428,-40.85674274,Rattus norvegicus
Mergus australis,Extinct,Not a Migrant,no,No studies found,888,Kapiti,Kapiti Islands,Pacific Ocean - South West,New Zealand,174.9113428,-40.85674274,Rattus norvegicus
Nestor meridionalis,Vulnerable,Not a Migrant,no,No studies found,888,Kapiti,Kapiti Islands,Pacific Ocean - South West,New Zealand,174.9113428,-40.85674274,Rattus norvegicus
Philesturnus rufusater,Near Threatened,Not a Migrant,no,No studies found,888,Kapiti,Kapiti Islands,Pacific Ocean - South West,New Zealand,174.9113428,-40.85674274,Rattus norvegicus
Turnagra tanagra,Extinct,Not a Migrant,yes,No studies found,888,Kapiti,Kapiti Islands,Pacific Ocean - South West,New Zealand,174.9113428,-40.85674274,Rattus norvegicus
Cinclodes antarcticus,Near Threatened,Not a Migrant,no,Population study with all qualities in support,1270,Knoll,Falkland Islands,Atlantic Ocean - South,Falkland Islands (Malvinas),-60.77020907,-52.14127421,Rattus norvegicus
Ardenna grisea,Near Threatened,Full migrant,no,Population study without data in support,1308,Koi,Hauraki Gulf (Waiheke Island),Pacific Ocean - South West,New Zealand,175.0556283,-36.82691667,Rattus norvegicus
Ardenna grisea,Near Threatened,Full migrant,no,Population study without data in support,1876,Kuiamokimoki,Bay of Islands (Moturoa),Pacific Ocean - South West,New Zealand,174.19849,-35.23039829,Rattus norvegicus
Fratercula arctica,Vulnerable,Full migrant,no,Population study with data in support,2175,Les Mottes,Sept les Archipelago,Atlantic Ocean - North,France,-3.487435821,48.88034757,Rattus norvegicus
Cinclodes antarcticus,Near Threatened,Not a Migrant,no,Population study with all qualities in support,3049,Little Bense,Falkland Islands (Bense Islands group),Atlantic Ocean - South,Falkland Islands (Malvinas),-60.51110277,-51.48493937,Rattus norvegicus
Eudyptes chrysolophus,Vulnerable,Full migrant,no,No studies found,3049,Little Bense,Falkland Islands (Bense Islands group),Atlantic Ocean - South,Falkland Islands (Malvinas),-60.51110277,-51.48493937,Rattus norvegicus
Ardenna grisea,Near Threatened,Full migrant,no,Population study without data in support,1873,Little Rat,Bay of Islands (Black Rocks),Pacific Ocean - South West,New Zealand,174.0992937,-35.20475981,Rattus norvegicus
Fratercula arctica,Vulnerable,Full migrant,no,Population study with data in support,235,Lundy,Bristol Channel,Atlantic Ocean - North,United Kingdom,-4.66958038,51.17794887,Rattus norvegicus
Ardenna grisea,Near Threatened,Full migrant,no,Population study without data in support,1859,Mahenotiti,Bay of Islands (Urupukapuka),Pacific Ocean - South West,New Zealand,174.2479817,-35.22754213,Rattus norvegicus
Fratercula arctica,Vulnerable,Full migrant,no,Population study with data in support,2326,Malban,Sept les Archipelago,Atlantic Ocean - North,France,-3.465167138,48.89188715,Rattus norvegicus
Ardenna grisea,Near Threatened,Full migrant,no,Population study without data in support,466,Maria,Hauraki Gulf,Pacific Ocean - South West,New Zealand,175.0058469,-36.70914809,Rattus norvegicus
Ardenna grisea,Near Threatened,Full migrant,no,Population study without data in support,73,Matakohe (Limestone/Whangarei),Whangarei Harbour,Pacific Ocean - South West,New Zealand,174.3592187,-35.7841762,Rattus norvegicus
Apteryx mantelli,Vulnerable,Not a Migrant,no,All studies are not in support,73,Matakohe (Limestone/Whangarei),Whangarei Harbour,Pacific Ocean - South West,New Zealand,174.3592187,-35.7841762,Rattus norvegicus
Coturnix novaezelandiae,Extinct,Not a Migrant,no,No studies found,73,Matakohe (Limestone/Whangarei),Whangarei Harbour,Pacific Ocean - South West,New Zealand,174.3592187,-35.7841762,Rattus norvegicus
Mergus australis,Extinct,Not a Migrant,no,No studies found,73,Matakohe (Limestone/Whangarei),Whangarei Harbour,Pacific Ocean - South West,New Zealand,174.3592187,-35.7841762,Rattus norvegicus
Nestor meridionalis,Vulnerable,Not a Migrant,no,No studies found,73,Matakohe (Limestone/Whangarei),Whangarei Harbour,Pacific Ocean - South West,New Zealand,174.3592187,-35.7841762,Rattus norvegicus
Turnagra tanagra,Extinct,Not a Migrant,yes,No studies found,73,Matakohe (Limestone/Whangarei),Whangarei Harbour,Pacific Ocean - South West,New Zealand,174.3592187,-35.7841762,Rattus norvegicus
Coturnix novaezelandiae,Extinct,Not a Migrant,no,No studies found,484,Mayor (Tuhua),Bay of Plenty,Pacific Ocean - South West,New Zealand,176.2554517,-37.28663952,Rattus norvegicus
Cyanoramphus malherbi,Critically Endangered,Not a Migrant,yes,No studies found,484,Mayor (Tuhua),Bay of Plenty,Pacific Ocean - South West,New Zealand,176.2554517,-37.28663952,Rattus norvegicus
Mergus australis,Extinct,Not a Migrant,no,No studies found,484,Mayor (Tuhua),Bay of Plenty,Pacific Ocean - South West,New Zealand,176.2554517,-37.28663952,Rattus norvegicus
Nestor meridionalis,Vulnerable,Not a Migrant,no,No studies found,484,Mayor (Tuhua),Bay of Plenty,Pacific Ocean - South West,New Zealand,176.2554517,-37.28663952,Rattus norvegicus
Fratercula arctica,Vulnerable,Full migrant,no,Population study with data in support,247,Moines,Sept les Archipelago,Atlantic Ocean - North,France,-3.491644497,48.87863924,Rattus norvegicus
Apteryx mantelli,Vulnerable,Not a Migrant,no,All studies are not in support,1105,Mokoia,Lake Rotorua,Pacific Ocean - South West,New Zealand,176.2876889,-38.07997516,Rattus norvegicus
Hymenolaimus malacorhynchos,Endangered,Not a Migrant,no,All studies are not in support,1105,Mokoia,Lake Rotorua,Pacific Ocean - South West,New Zealand,176.2876889,-38.07997516,Rattus norvegicus
Apteryx mantelli,Vulnerable,Not a Migrant,no,All studies are not in support,3217,Mokoia,Lake Rotorua,Pacific Ocean - South West,New Zealand,176.2876889,-38.07997516,Rattus norvegicus
Hymenolaimus malacorhynchos,Endangered,Not a Migrant,no,All studies are not in support,3217,Mokoia,Lake Rotorua,Pacific Ocean - South West,New Zealand,176.2876889,-38.07997516,Rattus norvegicus
Coturnix novaezelandiae,Extinct,Not a Migrant,no,No studies found,1105,Mokoia,Lake Rotorua,Pacific Ocean - South West,New Zealand,176.2876889,-38.07997516,Rattus norvegicus
Himantopus novaezelandiae,Critically Endangered,Not a Migrant,no,No studies found,1105,Mokoia,Lake Rotorua,Pacific Ocean - South West,New Zealand,176.2876889,-38.07997516,Rattus norvegicus
Mergus australis,Extinct,Not a Migrant,no,No studies found,1105,Mokoia,Lake Rotorua,Pacific Ocean - South West,New Zealand,176.2876889,-38.07997516,Rattus norvegicus
Turnagra tanagra,Extinct,Not a Migrant,yes,No studies found,1105,Mokoia,Lake Rotorua,Pacific Ocean - South West,New Zealand,176.2876889,-38.07997516,Rattus norvegicus
Coturnix novaezelandiae,Extinct,Not a Migrant,no,No studies found,3217,Mokoia,Lake Rotorua,Pacific Ocean - South West,New Zealand,176.2876889,-38.07997516,Rattus norvegicus
Himantopus novaezelandiae,Critically Endangered,Not a Migrant,no,No studies found,3217,Mokoia,Lake Rotorua,Pacific Ocean - South West,New Zealand,176.2876889,-38.07997516,Rattus norvegicus
Mergus australis,Extinct,Not a Migrant,no,No studies found,3217,Mokoia,Lake Rotorua,Pacific Ocean - South West,New Zealand,176.2876889,-38.07997516,Rattus norvegicus
Turnagra tanagra,Extinct,Not a Migrant,yes,No studies found,3217,Mokoia,Lake Rotorua,Pacific Ocean - South West,New Zealand,176.2876889,-38.07997516,Rattus norvegicus
Ardenna grisea,Near Threatened,Full migrant,no,Population study without data in support,2692,Motiti,Hokianga Harbour,Pacific Ocean - South West,New Zealand,173.552736,-35.3531485,Rattus norvegicus
Apteryx mantelli,Vulnerable,Not a Migrant,no,All studies are not in support,2692,Motiti,Hokianga Harbour,Pacific Ocean - South West,New Zealand,173.552736,-35.3531485,Rattus norvegicus
Coturnix novaezelandiae,Extinct,Not a Migrant,no,No studies found,2692,Motiti,Hokianga Harbour,Pacific Ocean - South West,New Zealand,173.552736,-35.3531485,Rattus norvegicus
Mergus australis,Extinct,Not a Migrant,no,No studies found,2692,Motiti,Hokianga Harbour,Pacific Ocean - South West,New Zealand,173.552736,-35.3531485,Rattus norvegicus
Nestor meridionalis,Vulnerable,Not a Migrant,no,No studies found,2692,Motiti,Hokianga Harbour,Pacific Ocean - South West,New Zealand,173.552736,-35.3531485,Rattus norvegicus
Turnagra tanagra,Extinct,Not a Migrant,yes,No studies found,2692,Motiti,Hokianga Harbour,Pacific Ocean - South West,New Zealand,173.552736,-35.3531485,Rattus norvegicus
Himantopus novaezelandiae,Critically Endangered,Not a Migrant,no,No studies found,454,Motu-o-Kura (Bare),Hawke's Bay,Pacific Ocean - South West,New Zealand,177.0273021,-39.83347025,Rattus norvegicus
Ardenna grisea,Near Threatened,Full migrant,no,Population study without data in support,2183,Motuarohia,Bay of Islands,Pacific Ocean - South West,New Zealand,174.1657474,-35.233027,Rattus norvegicus
Ardenna grisea,Near Threatened,Full migrant,no,Population study without data in support,2903,Motuarohia,Bay of Islands,Pacific Ocean - South West,New Zealand,174.1657474,-35.233027,Rattus norvegicus
Ardenna grisea,Near Threatened,Full migrant,no,Population study without data in support,295,Motuhoropapa,Hauraki Gulf,Pacific Ocean - South West,New Zealand,174.9638439,-36.68910099,Rattus norvegicus
Ardenna grisea,Near Threatened,Full migrant,no,Population study without data in support,147,Motuhoropapa,Hauraki Gulf,Pacific Ocean - South West,New Zealand,174.9638439,-36.68910099,Rattus norvegicus
Ardenna grisea,Near Threatened,Full migrant,no,Population study without data in support,294,Motuhoropapa,Hauraki Gulf,Pacific Ocean - South West,New Zealand,174.9638439,-36.68910099,Rattus norvegicus
Ardenna grisea,Near Threatened,Full migrant,no,Population study without data in support,487,Motuhoropapa,Hauraki Gulf,Pacific Ocean - South West,New Zealand,174.9638439,-36.68910099,Rattus norvegicus
Ardenna grisea,Near Threatened,Full migrant,no,Population study without data in support,829,Motuhoropapa,Hauraki Gulf,Pacific Ocean - South West,New Zealand,174.9638439,-36.68910099,Rattus norvegicus
Ardenna grisea,Near Threatened,Full migrant,no,Population study without data in support,830,Motuhoropapa,Hauraki Gulf,Pacific Ocean - South West,New Zealand,174.9638439,-36.68910099,Rattus norvegicus
Ardenna grisea,Near Threatened,Full migrant,no,Population study without data in support,863,Motuhoropapa,Hauraki Gulf,Pacific Ocean - South West,New Zealand,174.9638439,-36.68910099,Rattus norvegicus
Ardenna grisea,Near Threatened,Full migrant,no,Population study without data in support,442,Motuihe,Hauraki Gulf,Pacific Ocean - South West,New Zealand,174.9461854,-36.8124031,Rattus norvegicus
Ardenna grisea,Near Threatened,Full migrant,no,Population study without data in support,2714,Motuihe,Hauraki Gulf,Pacific Ocean - South West,New Zealand,174.9461854,-36.8124031,Rattus norvegicus
Ardenna grisea,Near Threatened,Full migrant,no,Population study without data in support,8,Motuihe,Hauraki Gulf,Pacific Ocean - South West,New Zealand,174.9461854,-36.8124031,Rattus norvegicus
Coturnix novaezelandiae,Extinct,Not a Migrant,no,No studies found,442,Motuihe,Hauraki Gulf,Pacific Ocean - South West,New Zealand,174.9461854,-36.8124031,Rattus norvegicus
Coturnix novaezelandiae,Extinct,Not a Migrant,no,No studies found,2714,Motuihe,Hauraki Gulf,Pacific Ocean - South West,New Zealand,174.9461854,-36.8124031,Rattus norvegicus
Mergus australis,Extinct,Not a Migrant,no,No studies found,442,Motuihe,Hauraki Gulf,Pacific Ocean - South West,New Zealand,174.9461854,-36.8124031,Rattus norvegicus
Mergus australis,Extinct,Not a Migrant,no,No studies found,2714,Motuihe,Hauraki Gulf,Pacific Ocean - South West,New Zealand,174.9461854,-36.8124031,Rattus norvegicus
Turnagra tanagra,Extinct,Not a Migrant,yes,No studies found,442,Motuihe,Hauraki Gulf,Pacific Ocean - South West,New Zealand,174.9461854,-36.8124031,Rattus norvegicus
Turnagra tanagra,Extinct,Not a Migrant,yes,No studies found,2714,Motuihe,Hauraki Gulf,Pacific Ocean - South West,New Zealand,174.9461854,-36.8124031,Rattus norvegicus
Coturnix novaezelandiae,Extinct,Not a Migrant,no,No studies found,8,Motuihe,Hauraki Gulf,Pacific Ocean - South West,New Zealand,174.9461854,-36.8124031,Rattus norvegicus
Mergus australis,Extinct,Not a Migrant,no,No studies found,8,Motuihe,Hauraki Gulf,Pacific Ocean - South West,New Zealand,174.9461854,-36.8124031,Rattus norvegicus
Turnagra tanagra,Extinct,Not a Migrant,yes,No studies found,8,Motuihe,Hauraki Gulf,Pacific Ocean - South West,New Zealand,174.9461854,-36.8124031,Rattus norvegicus
Ardenna grisea,Near Threatened,Full migrant,no,Population study without data in support,1870,Motungarara (Cliff Rock),Bay of Islands (Okahu Island),Pacific Ocean - South West,New Zealand,174.2044992,-35.20296911,Rattus norvegicus
Ardenna grisea,Near Threatened,Full migrant,no,Population study without data in support,1877,Motuoi,Bay of Islands (Moturoa),Pacific Ocean - South West,New Zealand,174.1819477,-35.21909192,Rattus norvegicus
Ardenna grisea,Near Threatened,Full migrant,no,Population study without data in support,406,Moturemu,Kaipara Harbor,Pacific Ocean - South West,New Zealand,174.3931099,-36.42229159,Rattus norvegicus
Ardenna grisea,Near Threatened,Full migrant,no,Population study without data in support,152,Moturemu,Kaipara Harbor,Pacific Ocean - South West,New Zealand,174.3931099,-36.42229159,Rattus norvegicus
Himantopus novaezelandiae,Critically Endangered,Not a Migrant,no,No studies found,406,Moturemu,Kaipara Harbor,Pacific Ocean - South West,New Zealand,174.3931099,-36.42229159,Rattus norvegicus
Himantopus novaezelandiae,Critically Endangered,Not a Migrant,no,No studies found,152,Moturemu,Kaipara Harbor,Pacific Ocean - South West,New Zealand,174.3931099,-36.42229159,Rattus norvegicus
Ardenna grisea,Near Threatened,Full migrant,no,Population study without data in support,390,Moturoa,Bay of Islands (Black Rocks),Pacific Ocean - South West,New Zealand,174.0898421,-35.20988997,Rattus norvegicus
Ardenna grisea,Near Threatened,Full migrant,no,Population study without data in support,2218,Moturoa,Bay of Islands (Black Rocks),Pacific Ocean - South West,New Zealand,174.0898421,-35.20988997,Rattus norvegicus
Coturnix novaezelandiae,Extinct,Not a Migrant,no,No studies found,390,Moturoa,Bay of Islands (Black Rocks),Pacific Ocean - South West,New Zealand,174.0898421,-35.20988997,Rattus norvegicus
Coturnix novaezelandiae,Extinct,Not a Migrant,no,No studies found,2218,Moturoa,Bay of Islands (Black Rocks),Pacific Ocean - South West,New Zealand,174.0898421,-35.20988997,Rattus norvegicus
Mergus australis,Extinct,Not a Migrant,no,No studies found,390,Moturoa,Bay of Islands (Black Rocks),Pacific Ocean - South West,New Zealand,174.0898421,-35.20988997,Rattus norvegicus
Mergus australis,Extinct,Not a Migrant,no,No studies found,2218,Moturoa,Bay of Islands (Black Rocks),Pacific Ocean - South West,New Zealand,174.0898421,-35.20988997,Rattus norvegicus
Turnagra tanagra,Extinct,Not a Migrant,yes,No studies found,390,Moturoa,Bay of Islands (Black Rocks),Pacific Ocean - South West,New Zealand,174.0898421,-35.20988997,Rattus norvegicus
Turnagra tanagra,Extinct,Not a Migrant,yes,No studies found,2218,Moturoa,Bay of Islands (Black Rocks),Pacific Ocean - South West,New Zealand,174.0898421,-35.20988997,Rattus norvegicus
Ardenna grisea,Near Threatened,Full migrant,no,Population study without data in support,1841,Moturua,Bay of Islands,Pacific Ocean - South West,New Zealand,174.1909514,-35.2236004,Rattus norvegicus
Coturnix novaezelandiae,Extinct,Not a Migrant,no,No studies found,1841,Moturua,Bay of Islands,Pacific Ocean - South West,New Zealand,174.1909514,-35.2236004,Rattus norvegicus
Mergus australis,Extinct,Not a Migrant,no,No studies found,1841,Moturua,Bay of Islands,Pacific Ocean - South West,New Zealand,174.1909514,-35.2236004,Rattus norvegicus
Turnagra tanagra,Extinct,Not a Migrant,yes,No studies found,1841,Moturua,Bay of Islands,Pacific Ocean - South West,New Zealand,174.1909514,-35.2236004,Rattus norvegicus
Ardenna grisea,Near Threatened,Full migrant,no,Population study without data in support,1231,Motutapu,Hauraki Gulf,Pacific Ocean - South West,New Zealand,174.915858,-36.76471453,Rattus norvegicus
Ardenna grisea,Near Threatened,Full migrant,no,Population study without data in support,2471,Motutapu,Bay of Islands,Pacific Ocean - South West,New Zealand,174.0179199,-35.19288021,Rattus norvegicus
Coturnix novaezelandiae,Extinct,Not a Migrant,no,No studies found,1231,Motutapu,Hauraki Gulf,Pacific Ocean - South West,New Zealand,174.915858,-36.76471453,Rattus norvegicus
Mergus australis,Extinct,Not a Migrant,no,No studies found,1231,Motutapu,Hauraki Gulf,Pacific Ocean - South West,New Zealand,174.915858,-36.76471453,Rattus norvegicus
Turnagra tanagra,Extinct,Not a Migrant,yes,No studies found,1231,Motutapu,Hauraki Gulf,Pacific Ocean - South West,New Zealand,174.915858,-36.76471453,Rattus norvegicus
Ardenna grisea,Near Threatened,Full migrant,no,Population study without data in support,1848,Motutara,Bay of Islands (Motukiekie),Pacific Ocean - South West,New Zealand,174.1950463,-35.21439622,Rattus norvegicus
Ardenna grisea,Near Threatened,Full migrant,no,Population study without data in support,1208,Motuterahiki,Bay of Islands,Pacific Ocean - South West,New Zealand,174.0952508,-35.18530024,Rattus norvegicus
Ardenna grisea,Near Threatened,Full migrant,no,Population study without data in support,1205,Mouse,Bay of Islands (Black Rocks),Pacific Ocean - South West,New Zealand,174.1032424,-35.20337348,Rattus norvegicus
Coturnix novaezelandiae,Extinct,Not a Migrant,no,No studies found,414,Moutohora,Bay of Plenty,Pacific Ocean - South West,New Zealand,176.9730937,-37.85510639,Rattus norvegicus
Mergus australis,Extinct,Not a Migrant,no,No studies found,414,Moutohora,Bay of Plenty,Pacific Ocean - South West,New Zealand,176.9730937,-37.85510639,Rattus norvegicus
Ardenna grisea,Near Threatened,Full migrant,no,Population study without data in support,2274,NE Crater Rim,Bay of Islands (Black Rocks),Pacific Ocean - South West,New Zealand,174.1127129,-35.20350583,Rattus norvegicus
Ardenna grisea,Near Threatened,Full migrant,no,Population study without data in support,2272,NW Crater Rim,Bay of Islands (Black Rocks),Pacific Ocean - South West,New Zealand,174.1108509,-35.2029227,Rattus norvegicus
Mergus australis,Extinct,Not a Migrant,no,No studies found,2911,Native,Stewart Islands (Paterson Inlet),Pacific Ocean - South West,New Zealand,168.1538712,-46.91541411,Rattus norvegicus
Mergus australis,Extinct,Not a Migrant,no,No studies found,2913,Native,Stewart Islands (Paterson Inlet),Pacific Ocean - South West,New Zealand,168.1538712,-46.91541411,Rattus norvegicus
Ardenna grisea,Near Threatened,Full migrant,no,Population study without data in support,1879,Ngatokaparangi 1,Bay of Islands (Motukiekie),Pacific Ocean - South West,New Zealand,174.2086656,-35.22244456,Rattus norvegicus
Ardenna grisea,Near Threatened,Full migrant,no,Population study without data in support,1880,Ngatokaparangi 2,Bay of Islands (Motukiekie),Pacific Ocean - South West,New Zealand,174.2110907,-35.22250802,Rattus norvegicus
Ardenna grisea,Near Threatened,Full migrant,no,Population study without data in support,1881,Ngatokaparangi 3,Bay of Islands (Motukiekie),Pacific Ocean - South West,New Zealand,174.2080844,-35.2234912,Rattus norvegicus
Megapodius laperouse,Near Threatened,Not a Migrant,no,All studies are not in support,2687,Ngerebelas,Kayangel Atoll,Pacific Ocean - North West,Palau,134.69963,8.042511082,Rattus norvegicus
Cinclodes antarcticus,Near Threatened,Not a Migrant,no,Population study with all qualities in support,57,North East,Falkland Islands (North East Island Group),Atlantic Ocean - South,Falkland Islands (Malvinas),-58.36856044,-52.00660522,Rattus norvegicus
Ardenna grisea,Near Threatened,Full migrant,no,Population study without data in support,57,North East,Falkland Islands (North East Island Group),Atlantic Ocean - South,Falkland Islands (Malvinas),-58.36856044,-52.00660522,Rattus norvegicus
Eudyptes chrysolophus,Vulnerable,Full migrant,no,No studies found,57,North East,Falkland Islands (North East Island Group),Atlantic Ocean - South,Falkland Islands (Malvinas),-58.36856044,-52.00660522,Rattus norvegicus
Onychoprion aleuticus,Vulnerable,Full migrant,no,No studies found,3101,North Rocks,Aleutian Islands (Adak Island (Bay of Islands)),Pacific Ocean - North East,United States,-176.7975933,51.82731695,Rattus norvegicus
Ptychoramphus aleuticus,Near Threatened,Not a Migrant,no,No studies found,3101,North Rocks,Aleutian Islands (Adak Island (Bay of Islands)),Pacific Ocean - North East,United States,-176.7975933,51.82731695,Rattus norvegicus
Onychoprion aleuticus,Vulnerable,Full migrant,no,No studies found,3093,North-Western Chain,Aleutian Islands (Adak Island (Bay of Islands-Channel Islands Group)),Pacific Ocean - North East,United States,-176.8239477,51.81462733,Rattus norvegicus
Ptychoramphus aleuticus,Near Threatened,Not a Migrant,no,No studies found,3093,North-Western Chain,Aleutian Islands (Adak Island (Bay of Islands-Channel Islands Group)),Pacific Ocean - North East,United States,-176.8239477,51.81462733,Rattus norvegicus
Ardenna grisea,Near Threatened,Full migrant,no,Population study without data in support,1161,Ohakana (Ohana),Ohiwa Harbour,Pacific Ocean - South West,New Zealand,177.0763858,-37.98803493,Rattus norvegicus
Hymenolaimus malacorhynchos,Endangered,Not a Migrant,no,All studies are not in support,1161,Ohakana (Ohana),Ohiwa Harbour,Pacific Ocean - South West,New Zealand,177.0763858,-37.98803493,Rattus norvegicus
Coturnix novaezelandiae,Extinct,Not a Migrant,no,No studies found,1161,Ohakana (Ohana),Ohiwa Harbour,Pacific Ocean - South West,New Zealand,177.0763858,-37.98803493,Rattus norvegicus
Himantopus novaezelandiae,Critically Endangered,Not a Migrant,no,No studies found,1161,Ohakana (Ohana),Ohiwa Harbour,Pacific Ocean - South West,New Zealand,177.0763858,-37.98803493,Rattus norvegicus
Mergus australis,Extinct,Not a Migrant,no,No studies found,1161,Ohakana (Ohana),Ohiwa Harbour,Pacific Ocean - South West,New Zealand,177.0763858,-37.98803493,Rattus norvegicus
Turnagra tanagra,Extinct,Not a Migrant,yes,No studies found,1161,Ohakana (Ohana),Ohiwa Harbour,Pacific Ocean - South West,New Zealand,177.0763858,-37.98803493,Rattus norvegicus
Ardenna grisea,Near Threatened,Full migrant,no,Population study without data in support,1852,Okahu,Bay of Islands,Pacific Ocean - South West,New Zealand,174.2091029,-35.19850051,Rattus norvegicus
Ardenna grisea,Near Threatened,Full migrant,no,Population study without data in support,292,Otata (Otatou),Hauraki Gulf,Pacific Ocean - South West,New Zealand,174.9751315,-36.69569515,Rattus norvegicus
Ardenna grisea,Near Threatened,Full migrant,no,Population study without data in support,148,Otata (Otatou),Hauraki Gulf,Pacific Ocean - South West,New Zealand,174.9751315,-36.69569515,Rattus norvegicus
Ardenna grisea,Near Threatened,Full migrant,no,Population study without data in support,293,Otata (Otatou),Hauraki Gulf,Pacific Ocean - South West,New Zealand,174.9751315,-36.69569515,Rattus norvegicus
Ardenna grisea,Near Threatened,Full migrant,no,Population study without data in support,441,Otata (Otatou),Hauraki Gulf,Pacific Ocean - South West,New Zealand,174.9751315,-36.69569515,Rattus norvegicus
Ardenna grisea,Near Threatened,Full migrant,no,Population study without data in support,488,Otata (Otatou),Hauraki Gulf,Pacific Ocean - South West,New Zealand,174.9751315,-36.69569515,Rattus norvegicus
Ardenna grisea,Near Threatened,Full migrant,no,Population study without data in support,2264,Outer Little Rat,Bay of Islands (Black Rocks),Pacific Ocean - South West,New Zealand,174.0957646,-35.20011152,Rattus norvegicus
Cinclodes antarcticus,Near Threatened,Not a Migrant,no,Population study with all qualities in support,47,Outer North West,Falkland Islands (North West Island Group),Atlantic Ocean - South,Falkland Islands (Malvinas),-59.21201224,-51.58782479,Rattus norvegicus
Cinclodes antarcticus,Near Threatened,Not a Migrant,no,Population study with all qualities in support,52,Outer North West,Falkland Islands (North West Island Group),Atlantic Ocean - South,Falkland Islands (Malvinas),-59.21201224,-51.58782479,Rattus norvegicus
Cinclodes antarcticus,Near Threatened,Not a Migrant,no,Population study with all qualities in support,1274,Outer North West,Falkland Islands (North West Island Group),Atlantic Ocean - South,Falkland Islands (Malvinas),-59.21201224,-51.58782479,Rattus norvegicus
Eudyptes chrysolophus,Vulnerable,Full migrant,no,No studies found,47,Outer North West,Falkland Islands (North West Island Group),Atlantic Ocean - South,Falkland Islands (Malvinas),-59.21201224,-51.58782479,Rattus norvegicus
Eudyptes chrysolophus,Vulnerable,Full migrant,no,No studies found,52,Outer North West,Falkland Islands (North West Island Group),Atlantic Ocean - South,Falkland Islands (Malvinas),-59.21201224,-51.58782479,Rattus norvegicus
Eudyptes chrysolophus,Vulnerable,Full migrant,no,No studies found,1274,Outer North West,Falkland Islands (North West Island Group),Atlantic Ocean - South,Falkland Islands (Malvinas),-59.21201224,-51.58782479,Rattus norvegicus
Ardenna grisea,Near Threatened,Full migrant,no,Population study without data in support,2280,Outer Stuck Anchor Rock,Bay of Islands (Black Rocks),Pacific Ocean - South West,New Zealand,174.1130798,-35.21171792,Rattus norvegicus
Ardenna grisea,Near Threatened,Full migrant,no,Population study without data in support,1885,Pakatahi,Bay of Islands (Moturoa),Pacific Ocean - South West,New Zealand,174.2000723,-35.23115647,Rattus norvegicus
Ardenna grisea,Near Threatened,Full migrant,no,Population study without data in support,2694,Pakihi,Hauraki Gulf,Pacific Ocean - South West,New Zealand,175.1610352,-36.91027199,Rattus norvegicus
Coturnix novaezelandiae,Extinct,Not a Migrant,no,No studies found,2694,Pakihi,Hauraki Gulf,Pacific Ocean - South West,New Zealand,175.1610352,-36.91027199,Rattus norvegicus
Mergus australis,Extinct,Not a Migrant,no,No studies found,2694,Pakihi,Hauraki Gulf,Pacific Ocean - South West,New Zealand,175.1610352,-36.91027199,Rattus norvegicus
Turnagra tanagra,Extinct,Not a Migrant,yes,No studies found,2694,Pakihi,Hauraki Gulf,Pacific Ocean - South West,New Zealand,175.1610352,-36.91027199,Rattus norvegicus
Hymenolaimus malacorhynchos,Endangered,Not a Migrant,no,All studies are not in support,1104,Patiti (Banded),Lake Rotomahana,Pacific Ocean - South West,New Zealand,176.4459231,-38.26767285,Rattus norvegicus
Coturnix novaezelandiae,Extinct,Not a Migrant,no,No studies found,1104,Patiti (Banded),Lake Rotomahana,Pacific Ocean - South West,New Zealand,176.4459231,-38.26767285,Rattus norvegicus
Himantopus novaezelandiae,Critically Endangered,Not a Migrant,no,No studies found,1104,Patiti (Banded),Lake Rotomahana,Pacific Ocean - South West,New Zealand,176.4459231,-38.26767285,Rattus norvegicus
Mergus australis,Extinct,Not a Migrant,no,No studies found,1104,Patiti (Banded),Lake Rotomahana,Pacific Ocean - South West,New Zealand,176.4459231,-38.26767285,Rattus norvegicus
Turnagra tanagra,Extinct,Not a Migrant,yes,No studies found,1104,Patiti (Banded),Lake Rotomahana,Pacific Ocean - South West,New Zealand,176.4459231,-38.26767285,Rattus norvegicus
Mergus australis,Extinct,Not a Migrant,no,No studies found,1838,Pearl,Stewart Islands,Pacific Ocean - South West,New Zealand,167.7073568,-47.19181788,Rattus norvegicus
Ardenna grisea,Near Threatened,Full migrant,no,Population study without data in support,1871,Phil's Hat,Bay of Islands (Black Rocks),Pacific Ocean - South West,New Zealand,174.1062553,-35.20675354,Rattus norvegicus
Fratercula arctica,Vulnerable,Full migrant,no,Population study with data in support,255,Plate,Sept les Archipelago,Atlantic Ocean - North,France,-3.497948221,48.88291191,Rattus norvegicus
Ardenna grisea,Near Threatened,Full migrant,no,Population study without data in support,1861,Poroporo,Bay of Islands,Pacific Ocean - South West,New Zealand,174.224338,-35.22900794,Rattus norvegicus
Fratercula arctica,Vulnerable,Full migrant,no,Population study with data in support,228,Puffin,null,Atlantic Ocean - North,United Kingdom,-4.02681091,53.31864642,Rattus norvegicus
Ardenna grisea,Near Threatened,Full migrant,no,Population study without data in support,297,Rakino,Hauraki Gulf,Pacific Ocean - South West,New Zealand,174.9477689,-36.71849935,Rattus norvegicus
Ardenna grisea,Near Threatened,Full migrant,no,Population study without data in support,150,Rakino,Hauraki Gulf,Pacific Ocean - South West,New Zealand,174.9477689,-36.71849935,Rattus norvegicus
Ardenna grisea,Near Threatened,Full migrant,no,Population study without data in support,2410,Rakino,Hauraki Gulf,Pacific Ocean - South West,New Zealand,174.9477689,-36.71849935,Rattus norvegicus
Coturnix novaezelandiae,Extinct,Not a Migrant,no,No studies found,297,Rakino,Hauraki Gulf,Pacific Ocean - South West,New Zealand,174.9477689,-36.71849935,Rattus norvegicus
Mergus australis,Extinct,Not a Migrant,no,No studies found,297,Rakino,Hauraki Gulf,Pacific Ocean - South West,New Zealand,174.9477689,-36.71849935,Rattus norvegicus
Turnagra tanagra,Extinct,Not a Migrant,yes,No studies found,297,Rakino,Hauraki Gulf,Pacific Ocean - South West,New Zealand,174.9477689,-36.71849935,Rattus norvegicus
Coturnix novaezelandiae,Extinct,Not a Migrant,no,No studies found,150,Rakino,Hauraki Gulf,Pacific Ocean - South West,New Zealand,174.9477689,-36.71849935,Rattus norvegicus
Mergus australis,Extinct,Not a Migrant,no,No studies found,150,Rakino,Hauraki Gulf,Pacific Ocean - South West,New Zealand,174.9477689,-36.71849935,Rattus norvegicus
Turnagra tanagra,Extinct,Not a Migrant,yes,No studies found,150,Rakino,Hauraki Gulf,Pacific Ocean - South West,New Zealand,174.9477689,-36.71849935,Rattus norvegicus
Coturnix novaezelandiae,Extinct,Not a Migrant,no,No studies found,2410,Rakino,Hauraki Gulf,Pacific Ocean - South West,New Zealand,174.9477689,-36.71849935,Rattus norvegicus
Mergus australis,Extinct,Not a Migrant,no,No studies found,2410,Rakino,Hauraki Gulf,Pacific Ocean - South West,New Zealand,174.9477689,-36.71849935,Rattus norvegicus
Turnagra tanagra,Extinct,Not a Migrant,yes,No studies found,2410,Rakino,Hauraki Gulf,Pacific Ocean - South West,New Zealand,174.9477689,-36.71849935,Rattus norvegicus
Fratercula arctica,Vulnerable,Full migrant,no,Population study with data in support,236,Ramsey,Pembrokeshire,Atlantic Ocean - North,United Kingdom,-5.34022689,51.86630023,Rattus norvegicus
Ardenna grisea,Near Threatened,Full migrant,no,Population study without data in support,1886,Rangiatea,Bay of Islands (Moturoa),Pacific Ocean - South West,New Zealand,174.1797091,-35.21804184,Rattus norvegicus
Ardenna grisea,Near Threatened,Full migrant,no,Population study without data in support,1239,Rangitoto,Hauraki Gulf,Pacific Ocean - South West,New Zealand,174.863184,-36.78649262,Rattus norvegicus
Coturnix novaezelandiae,Extinct,Not a Migrant,no,No studies found,1239,Rangitoto,Hauraki Gulf,Pacific Ocean - South West,New Zealand,174.863184,-36.78649262,Rattus norvegicus
Mergus australis,Extinct,Not a Migrant,no,No studies found,1239,Rangitoto,Hauraki Gulf,Pacific Ocean - South West,New Zealand,174.863184,-36.78649262,Rattus norvegicus
Turnagra tanagra,Extinct,Not a Migrant,yes,No studies found,1239,Rangitoto,Hauraki Gulf,Pacific Ocean - South West,New Zealand,174.863184,-36.78649262,Rattus norvegicus
Ardenna grisea,Near Threatened,Full migrant,no,Population study without data in support,1285,Raoul,Kermadec Islands,Pacific Ocean - South East,New Zealand,-177.9294217,-29.26572148,Rattus norvegicus
Cinclodes antarcticus,Near Threatened,Not a Migrant,no,Population study with all qualities in support,2321,Rat,Falkland Islands (Beaver Island Group),Atlantic Ocean - South,Falkland Islands (Malvinas),-61.21992,-51.84443,Rattus norvegicus
Cinclodes antarcticus,Near Threatened,Not a Migrant,no,Population study with all qualities in support,1183,Rat,Falkland Islands (Beaver Island Group),Atlantic Ocean - South,Falkland Islands (Malvinas),-61.21992,-51.84443,Rattus norvegicus
Ardenna grisea,Near Threatened,Full migrant,no,Population study without data in support,1275,Rat,Falkland Islands (Salvador Waters),Atlantic Ocean - South,Falkland Islands (Malvinas),-58.33083749,-51.44780909,Rattus norvegicus
Ardenna grisea,Near Threatened,Full migrant,no,Population study without data in support,1872,Rat,Bay of Islands (Black Rocks),Pacific Ocean - South West,New Zealand,174.0986825,-35.20344009,Rattus norvegicus
Fratercula arctica,Vulnerable,Full migrant,no,Population study with data in support,1164,Rats,Sept les Archipelago,Atlantic Ocean - North,France,-3.500302599,48.88725737,Rattus norvegicus
Ardenna grisea,Near Threatened,Full migrant,no,Population study without data in support,1887,Round,Bay of Islands (Urupukapuka),Pacific Ocean - South West,New Zealand,174.2366307,-35.22818295,Rattus norvegicus
Fratercula arctica,Vulnerable,Full migrant,no,Population study with data in support,260,Rouzic (Rougic),Sept les Archipelago,Atlantic Ocean - North,France,-3.437560012,48.89915691,Rattus norvegicus
Certhidea olivacea,Vulnerable,Not a Migrant,no,No studies found,1837,Rábida,Galapagos Islands,Pacific Ocean - North East,Ecuador,-90.70867487,-0.413861509,Rattus norvegicus
Fratercula arctica,Vulnerable,Full migrant,no,Population study with data in support,2216,Saint Agnes,Isles of Scilly,Atlantic Ocean - North,United Kingdom,-6.34430217,49.89107422,Rattus norvegicus
Fratercula arctica,Vulnerable,Full migrant,no,Population study with data in support,230,Saint-Riom,Saint-Riom Islands,Atlantic Ocean - North,France,-2.981828739,48.79794092,Rattus norvegicus
Fratercula arctica,Vulnerable,Full migrant,no,Population study with data in support,1115,Saint-Riom (6 islets),Saint-Riom Islands,Atlantic Ocean - North,France,-2.9836496,48.80517882,Rattus norvegicus
Certhidea olivacea,Vulnerable,Not a Migrant,no,No studies found,3139,Seymour Norte,Galapagos Islands,Pacific Ocean - North East,Ecuador,-90.2849004,-0.395017292,Rattus norvegicus
Progne modesta,Endangered,Not a Migrant,no,No studies found,3139,Seymour Norte,Galapagos Islands,Pacific Ocean - North East,Ecuador,-90.2849004,-0.395017292,Rattus norvegicus
Onychoprion aleuticus,Vulnerable,Full migrant,no,No studies found,1856,South,Aleutian Islands (Adak Island (Bay of Islands)),Pacific Ocean - North East,United States,-176.8006095,51.82092992,Rattus norvegicus
Ptychoramphus aleuticus,Near Threatened,Not a Migrant,no,No studies found,1856,South,Aleutian Islands (Adak Island (Bay of Islands)),Pacific Ocean - North East,United States,-176.8006095,51.82092992,Rattus norvegicus
Ardenna grisea,Near Threatened,Full migrant,no,Population study without data in support,2276,South Crater Rim,Bay of Islands (Black Rocks),Pacific Ocean - South West,New Zealand,174.1117711,-35.20532153,Rattus norvegicus
Eudyptes chrysolophus,Vulnerable,Full migrant,no,No studies found,1834,South Georgia,South Georgia Islands,Atlantic Ocean - South,South Georgia and the South Sandwich Islands,-36.6802295,-54.37892661,Rattus norvegicus
Eudyptes chrysolophus,Vulnerable,Full migrant,no,No studies found,2831,South Georgia,South Georgia Islands,Atlantic Ocean - South,South Georgia and the South Sandwich Islands,-36.6802295,-54.37892661,Rattus norvegicus
Phoebetria palpebrata,Near Threatened,Full migrant,no,No studies found,1834,South Georgia,South Georgia Islands,Atlantic Ocean - South,South Georgia and the South Sandwich Islands,-36.6802295,-54.37892661,Rattus norvegicus
Phoebetria palpebrata,Near Threatened,Full migrant,no,No studies found,2831,South Georgia,South Georgia Islands,Atlantic Ocean - South,South Georgia and the South Sandwich Islands,-36.6802295,-54.37892661,Rattus norvegicus
Ptychoramphus aleuticus,Near Threatened,Not a Migrant,no,No studies found,3057,St. James,British Columbia (Haida Gwaii),Pacific Ocean - North East,Canada,-131.0174373,51.93711216,Rattus norvegicus
Cinclodes antarcticus,Near Threatened,Not a Migrant,no,Population study with all qualities in support,1277,Staats,Falkland Islands (Beaver Island Group),Atlantic Ocean - South,Falkland Islands (Malvinas),-61.18892753,-51.89042225,Rattus norvegicus
Eudyptes chrysolophus,Vulnerable,Full migrant,no,No studies found,1277,Staats,Falkland Islands (Beaver Island Group),Atlantic Ocean - South,Falkland Islands (Malvinas),-61.18892753,-51.89042225,Rattus norvegicus
Ardenna grisea,Near Threatened,Full migrant,no,Population study without data in support,2278,Stuck Anchor Rock,Bay of Islands (Black Rocks),Pacific Ocean - South West,New Zealand,174.1122491,-35.21017846,Rattus norvegicus
Ardenna grisea,Near Threatened,Full migrant,no,Population study without data in support,143,Taranaki,Bay of Islands,Pacific Ocean - South West,New Zealand,174.0135833,-35.20377585,Rattus norvegicus
Ardenna grisea,Near Threatened,Full migrant,no,Population study without data in support,1858,Te Ao,Bay of Islands (Urupukapuka),Pacific Ocean - South West,New Zealand,174.2414585,-35.22760283,Rattus norvegicus
Ardenna grisea,Near Threatened,Full migrant,no,Population study without data in support,860,Te Haupa (Saddle),Hauraki Gulf,Pacific Ocean - South West,New Zealand,174.7477144,-36.5116953,Rattus norvegicus
Cinclodes antarcticus,Near Threatened,Not a Migrant,no,Population study with all qualities in support,59,Tea,Falkland Islands (Beaver Island Group),Atlantic Ocean - South,Falkland Islands (Malvinas),-61.17215022,-51.90310617,Rattus norvegicus
Eudyptes chrysolophus,Vulnerable,Full migrant,no,No studies found,59,Tea,Falkland Islands (Beaver Island Group),Atlantic Ocean - South,Falkland Islands (Malvinas),-61.17215022,-51.90310617,Rattus norvegicus
Ardenna grisea,Near Threatened,Full migrant,no,Population study without data in support,2268,Tern Rock,Bay of Islands (Black Rocks),Pacific Ocean - South West,New Zealand,174.1091402,-35.19912512,Rattus norvegicus
Cinclodes antarcticus,Near Threatened,Not a Migrant,no,Population study with all qualities in support,3045,Tickle,Falkland Islands (Falkland Sound),Atlantic Ocean - South,Falkland Islands (Malvinas),-59.65462602,-51.99217568,Rattus norvegicus
Eudyptes chrysolophus,Vulnerable,Full migrant,no,No studies found,3045,Tickle,Falkland Islands (Falkland Sound),Atlantic Ocean - South,Falkland Islands (Malvinas),-59.65462602,-51.99217568,Rattus norvegicus
Coturnix novaezelandiae,Extinct,Not a Migrant,no,No studies found,323,Tinui,Rangitoto Islands,Pacific Ocean - South West,New Zealand,173.9688262,-40.7760022,Rattus norvegicus
Himantopus novaezelandiae,Critically Endangered,Not a Migrant,no,No studies found,323,Tinui,Rangitoto Islands,Pacific Ocean - South West,New Zealand,173.9688262,-40.7760022,Rattus norvegicus
Mergus australis,Extinct,Not a Migrant,no,No studies found,323,Tinui,Rangitoto Islands,Pacific Ocean - South West,New Zealand,173.9688262,-40.7760022,Rattus norvegicus
Turnagra capensis,Extinct,Not a Migrant,yes,No studies found,323,Tinui,Rangitoto Islands,Pacific Ocean - South West,New Zealand,173.9688262,-40.7760022,Rattus norvegicus
Cyanoramphus auriceps,Near Threatened,Not a Migrant,no,No studies found,1299,Titi,Marlborough Sound,Pacific Ocean - South West,New Zealand,174.1392583,-40.9511942,Rattus norvegicus
Fratercula arctica,Vulnerable,Full migrant,no,Population study with data in support,233,Tomé,Brittany,Atlantic Ocean - North,France,-3.40799924,48.83668591,Rattus norvegicus
Ardenna grisea,Near Threatened,Full migrant,no,Population study without data in support,32,Top,Falkland Islands (Blanco Bay),Atlantic Ocean - South,Falkland Islands (Malvinas),-57.74516621,-51.67238694,Rattus norvegicus
Cinclodes antarcticus,Near Threatened,Not a Migrant,no,Population study with all qualities in support,3038,Top Island Centre Islet,Falkland Islands (River Harbour),Atlantic Ocean - South,Falkland Islands (Malvinas),-59.7530311,-51.43010297,Rattus norvegicus
Eudyptes chrysolophus,Vulnerable,Full migrant,no,No studies found,3038,Top Island Centre Islet,Falkland Islands (River Harbour),Atlantic Ocean - South,Falkland Islands (Malvinas),-59.7530311,-51.43010297,Rattus norvegicus
Cinclodes antarcticus,Near Threatened,Not a Migrant,no,Population study with all qualities in support,3037,Top Island East Islet,Falkland Islands (River Harbour),Atlantic Ocean - South,Falkland Islands (Malvinas),-59.74607169,-51.42928583,Rattus norvegicus
Eudyptes chrysolophus,Vulnerable,Full migrant,no,No studies found,3037,Top Island East Islet,Falkland Islands (River Harbour),Atlantic Ocean - South,Falkland Islands (Malvinas),-59.74607169,-51.42928583,Rattus norvegicus
Cinclodes antarcticus,Near Threatened,Not a Migrant,no,Population study with all qualities in support,3040,Top Island West Islet,Falkland Islands (River Harbour),Atlantic Ocean - South,Falkland Islands (Malvinas),-59.76090442,-51.43147354,Rattus norvegicus
Eudyptes chrysolophus,Vulnerable,Full migrant,no,No studies found,3040,Top Island West Islet,Falkland Islands (River Harbour),Atlantic Ocean - South,Falkland Islands (Malvinas),-59.76090442,-51.43147354,Rattus norvegicus
Fratercula arctica,Vulnerable,Full migrant,no,Population study with data in support,257,Trielen,Molne Archipelago,Atlantic Ocean - North,France,-4.93825292,48.37264584,Rattus norvegicus
Mergus australis,Extinct,Not a Migrant,no,No studies found,824,Ulva,Stewart Islands,Pacific Ocean - South West,New Zealand,168.132651,-46.93233514,Rattus norvegicus
Mergus australis,Extinct,Not a Migrant,no,No studies found,2154,Ulva,Stewart Islands,Pacific Ocean - South West,New Zealand,168.132651,-46.93233514,Rattus norvegicus
Nestor meridionalis,Vulnerable,Not a Migrant,no,No studies found,824,Ulva,Stewart Islands,Pacific Ocean - South West,New Zealand,168.132651,-46.93233514,Rattus norvegicus
Nestor meridionalis,Vulnerable,Not a Migrant,no,No studies found,2154,Ulva,Stewart Islands,Pacific Ocean - South West,New Zealand,168.132651,-46.93233514,Rattus norvegicus
Ardenna grisea,Near Threatened,Full migrant,no,Population study without data in support,1199,Unnamed Cape Wiwiki A (Snail Rock),Bay of Islands (Cape Wiwiki),Pacific Ocean - South West,New Zealand,174.1222147,-35.15366114,Rattus norvegicus
Ardenna grisea,Near Threatened,Full migrant,no,Population study without data in support,1200,Unnamed Cape Wiwiki B (Gorse Island),Bay of Islands (Cape Wiwiki),Pacific Ocean - South West,New Zealand,174.1215032,-35.15274242,Rattus norvegicus
Ardenna grisea,Near Threatened,Full migrant,no,Population study without data in support,1839,Urupukapuka,Bay of Islands,Pacific Ocean - South West,New Zealand,174.2318392,-35.21482764,Rattus norvegicus
Ardenna grisea,Near Threatened,Full migrant,no,Population study without data in support,2512,Urupukapuka,Bay of Islands,Pacific Ocean - South West,New Zealand,174.2318392,-35.21482764,Rattus norvegicus
Ardenna grisea,Near Threatened,Full migrant,no,Population study without data in support,2513,Urupukapuka,Bay of Islands,Pacific Ocean - South West,New Zealand,174.2318392,-35.21482764,Rattus norvegicus
Coturnix novaezelandiae,Extinct,Not a Migrant,no,No studies found,1839,Urupukapuka,Bay of Islands,Pacific Ocean - South West,New Zealand,174.2318392,-35.21482764,Rattus norvegicus
Coturnix novaezelandiae,Extinct,Not a Migrant,no,No studies found,2512,Urupukapuka,Bay of Islands,Pacific Ocean - South West,New Zealand,174.2318392,-35.21482764,Rattus norvegicus
Coturnix novaezelandiae,Extinct,Not a Migrant,no,No studies found,2513,Urupukapuka,Bay of Islands,Pacific Ocean - South West,New Zealand,174.2318392,-35.21482764,Rattus norvegicus
Mergus australis,Extinct,Not a Migrant,no,No studies found,1839,Urupukapuka,Bay of Islands,Pacific Ocean - South West,New Zealand,174.2318392,-35.21482764,Rattus norvegicus
Mergus australis,Extinct,Not a Migrant,no,No studies found,2512,Urupukapuka,Bay of Islands,Pacific Ocean - South West,New Zealand,174.2318392,-35.21482764,Rattus norvegicus
Mergus australis,Extinct,Not a Migrant,no,No studies found,2513,Urupukapuka,Bay of Islands,Pacific Ocean - South West,New Zealand,174.2318392,-35.21482764,Rattus norvegicus
Turnagra tanagra,Extinct,Not a Migrant,yes,No studies found,1839,Urupukapuka,Bay of Islands,Pacific Ocean - South West,New Zealand,174.2318392,-35.21482764,Rattus norvegicus
Turnagra tanagra,Extinct,Not a Migrant,yes,No studies found,2512,Urupukapuka,Bay of Islands,Pacific Ocean - South West,New Zealand,174.2318392,-35.21482764,Rattus norvegicus
Turnagra tanagra,Extinct,Not a Migrant,yes,No studies found,2513,Urupukapuka,Bay of Islands,Pacific Ocean - South West,New Zealand,174.2318392,-35.21482764,Rattus norvegicus
Ardenna grisea,Near Threatened,Full migrant,no,Population study without data in support,1847,Waewaetorea,Bay of Islands,Pacific Ocean - South West,New Zealand,174.2159249,-35.20454206,Rattus norvegicus
Coturnix novaezelandiae,Extinct,Not a Migrant,no,No studies found,1847,Waewaetorea,Bay of Islands,Pacific Ocean - South West,New Zealand,174.2159249,-35.20454206,Rattus norvegicus
Mergus australis,Extinct,Not a Migrant,no,No studies found,1847,Waewaetorea,Bay of Islands,Pacific Ocean - South West,New Zealand,174.2159249,-35.20454206,Rattus norvegicus
Nestor meridionalis,Vulnerable,Not a Migrant,no,No studies found,1847,Waewaetorea,Bay of Islands,Pacific Ocean - South West,New Zealand,174.2159249,-35.20454206,Rattus norvegicus
Turnagra tanagra,Extinct,Not a Migrant,yes,No studies found,1847,Waewaetorea,Bay of Islands,Pacific Ocean - South West,New Zealand,174.2159249,-35.20454206,Rattus norvegicus
Ardenna grisea,Near Threatened,Full migrant,no,Population study without data in support,1197,Wainui,Bay of Islands,Pacific Ocean - South West,New Zealand,174.0071967,-35.19899865,Rattus norvegicus
Ardenna grisea,Near Threatened,Full migrant,no,Population study without data in support,1207,West Atoll,Bay of Islands (Black Rocks),Pacific Ocean - South West,New Zealand,174.0789085,-35.20218735,Rattus norvegicus
Ardenna grisea,Near Threatened,Full migrant,no,Population study without data in support,2266,West Tern Rock,Bay of Islands (Black Rocks),Pacific Ocean - South West,New Zealand,174.1067185,-35.19931853,Rattus norvegicus
Coturnix novaezelandiae,Extinct,Not a Migrant,no,No studies found,386,Whakaterepapanui,Rangitoto Islands,Pacific Ocean - South West,New Zealand,173.9931919,-40.75332759,Rattus norvegicus
Himantopus novaezelandiae,Critically Endangered,Not a Migrant,no,No studies found,386,Whakaterepapanui,Rangitoto Islands,Pacific Ocean - South West,New Zealand,173.9931919,-40.75332759,Rattus norvegicus
Mergus australis,Extinct,Not a Migrant,no,No studies found,386,Whakaterepapanui,Rangitoto Islands,Pacific Ocean - South West,New Zealand,173.9931919,-40.75332759,Rattus norvegicus
Turnagra capensis,Extinct,Not a Migrant,yes,No studies found,386,Whakaterepapanui,Rangitoto Islands,Pacific Ocean - South West,New Zealand,173.9931919,-40.75332759,Rattus norvegicus
Fregetta maoriana,Critically Endangered,Not a Migrant,no,No studies found,1117,Arch,Mokohinau Islands,Pacific Ocean - South West,New Zealand,175.1016881,-35.91047344,Rattus exulans
Fregetta maoriana,Critically Endangered,Not a Migrant,no,No studies found,445,Atihau (Trig),Mokohinau Islands,Pacific Ocean - South West,New Zealand,175.098831,-35.91326645,Rattus exulans
Chenonetta finschi,Extinct,Not a Migrant,no,No studies found,1984,Bench,Stewart Islands,Pacific Ocean - South West,New Zealand,168.2398052,-46.90934994,Rattus exulans
Coenocorypha iredalei,Extinct,Not a Migrant,no,No studies found,1984,Bench,Stewart Islands,Pacific Ocean - South West,New Zealand,168.2398052,-46.90934994,Rattus exulans
Mergus australis,Extinct,Not a Migrant,no,No studies found,1984,Bench,Stewart Islands,Pacific Ocean - South West,New Zealand,168.2398052,-46.90934994,Rattus exulans
Tribonyx hodgenorum,Extinct,Not a Migrant,no,No studies found,1984,Bench,Stewart Islands,Pacific Ocean - South West,New Zealand,168.2398052,-46.90934994,Rattus exulans
Nesofregetta fuliginosa,Endangered,Full migrant,no,No studies found,2458,Big Ambo,Line Islands (Kiritimati),Pacific Ocean - North East,Kiribati,-157.4321447,1.838159457,Rattus exulans
Nesofregetta fuliginosa,Endangered,Full migrant,no,No studies found,2441,Big Fred/Tonga,Line Islands (Kiritimati),Pacific Ocean - North East,Kiribati,-157.4153966,1.846677037,Rattus exulans
Nesofregetta fuliginosa,Endangered,Full migrant,no,No studies found,2437,Big Nimroona,Line Islands (Kiritimati),Pacific Ocean - North East,Kiribati,-157.4243272,1.830097698,Rattus exulans
Nesofregetta fuliginosa,Endangered,Full migrant,no,No studies found,2460,Big Tibo,Line Islands (Kiritimati),Pacific Ocean - North East,Kiribati,-157.4393497,1.842800604,Rattus exulans
Coturnix novaezelandiae,Extinct,Not a Migrant,no,All studies are not in support,444,Burgess,Mokohinau Islands,Pacific Ocean - South West,New Zealand,175.113124,-35.90429006,Rattus exulans
Chenonetta finschi,Extinct,Not a Migrant,no,No studies found,444,Burgess,Mokohinau Islands,Pacific Ocean - South West,New Zealand,175.113124,-35.90429006,Rattus exulans
Mergus australis,Extinct,Not a Migrant,no,No studies found,444,Burgess,Mokohinau Islands,Pacific Ocean - South West,New Zealand,175.113124,-35.90429006,Rattus exulans
Tribonyx hodgenorum,Extinct,Not a Migrant,no,No studies found,444,Burgess,Mokohinau Islands,Pacific Ocean - South West,New Zealand,175.113124,-35.90429006,Rattus exulans
Megapodius laperouse,Near Threatened,Not a Migrant,no,All studies are not in support,876,Cocos,Mariana Islands,Pacific Ocean - North West,Guam,144.6515132,13.23791283,Rattus exulans
Coturnix novaezelandiae,Extinct,Not a Migrant,no,All studies are not in support,2683,Cone,Whangaroa Bay,Pacific Ocean - South West,New Zealand,173.7668127,-34.95304454,Rattus exulans
Chenonetta finschi,Extinct,Not a Migrant,no,No studies found,2683,Cone,Whangaroa Bay,Pacific Ocean - South West,New Zealand,173.7668127,-34.95304454,Rattus exulans
Mergus australis,Extinct,Not a Migrant,no,No studies found,2683,Cone,Whangaroa Bay,Pacific Ocean - South West,New Zealand,173.7668127,-34.95304454,Rattus exulans
Tribonyx hodgenorum,Extinct,Not a Migrant,no,No studies found,2683,Cone,Whangaroa Bay,Pacific Ocean - South West,New Zealand,173.7668127,-34.95304454,Rattus exulans
Turnagra tanagra,Extinct,Not a Migrant,yes,No studies found,2683,Cone,Whangaroa Bay,Pacific Ocean - South West,New Zealand,173.7668127,-34.95304454,Rattus exulans
Pterodroma pycrofti,Vulnerable,Full migrant,no,Population study with data in support,325,Coppermine,Hen and Chicken Islands,Pacific Ocean - South West,New Zealand,174.7721267,-35.8886159,Rattus exulans
Pterodroma pycrofti,Vulnerable,Full migrant,no,Population study with data in support,435,Coppermine,Hen and Chicken Islands,Pacific Ocean - South West,New Zealand,174.7721267,-35.8886159,Rattus exulans
Coturnix novaezelandiae,Extinct,Not a Migrant,no,All studies are not in support,325,Coppermine,Hen and Chicken Islands,Pacific Ocean - South West,New Zealand,174.7721267,-35.8886159,Rattus exulans
Coturnix novaezelandiae,Extinct,Not a Migrant,no,All studies are not in support,435,Coppermine,Hen and Chicken Islands,Pacific Ocean - South West,New Zealand,174.7721267,-35.8886159,Rattus exulans
Chenonetta finschi,Extinct,Not a Migrant,no,No studies found,325,Coppermine,Hen and Chicken Islands,Pacific Ocean - South West,New Zealand,174.7721267,-35.8886159,Rattus exulans
Mergus australis,Extinct,Not a Migrant,no,No studies found,325,Coppermine,Hen and Chicken Islands,Pacific Ocean - South West,New Zealand,174.7721267,-35.8886159,Rattus exulans
Tribonyx hodgenorum,Extinct,Not a Migrant,no,No studies found,325,Coppermine,Hen and Chicken Islands,Pacific Ocean - South West,New Zealand,174.7721267,-35.8886159,Rattus exulans
Chenonetta finschi,Extinct,Not a Migrant,no,No studies found,435,Coppermine,Hen and Chicken Islands,Pacific Ocean - South West,New Zealand,174.7721267,-35.8886159,Rattus exulans
Mergus australis,Extinct,Not a Migrant,no,No studies found,435,Coppermine,Hen and Chicken Islands,Pacific Ocean - South West,New Zealand,174.7721267,-35.8886159,Rattus exulans
Tribonyx hodgenorum,Extinct,Not a Migrant,no,No studies found,435,Coppermine,Hen and Chicken Islands,Pacific Ocean - South West,New Zealand,174.7721267,-35.8886159,Rattus exulans
Coturnix novaezelandiae,Extinct,Not a Migrant,no,All studies are not in support,838,Cuvier,Colville Channel,Pacific Ocean - South West,New Zealand,175.7716047,-36.43693492,Rattus exulans
Chenonetta finschi,Extinct,Not a Migrant,no,No studies found,838,Cuvier,Colville Channel,Pacific Ocean - South West,New Zealand,175.7716047,-36.43693492,Rattus exulans
Mergus australis,Extinct,Not a Migrant,no,No studies found,838,Cuvier,Colville Channel,Pacific Ocean - South West,New Zealand,175.7716047,-36.43693492,Rattus exulans
Tribonyx hodgenorum,Extinct,Not a Migrant,no,No studies found,838,Cuvier,Colville Channel,Pacific Ocean - South West,New Zealand,175.7716047,-36.43693492,Rattus exulans
Fregetta maoriana,Critically Endangered,Not a Migrant,no,No studies found,822,Double (Moturehu),Mercury Islands,Pacific Ocean - South West,New Zealand,175.9063272,-36.62541972,Rattus exulans
Nesofregetta fuliginosa,Endangered,Full migrant,no,No studies found,2434,Drum,Line Islands (Kiritimati),Pacific Ocean - North East,Kiribati,-157.3921183,1.838304651,Rattus exulans
Nesofregetta fuliginosa,Endangered,Full migrant,no,No studies found,2436,East Drum,Line Islands (Kiritimati),Pacific Ocean - North East,Kiribati,-157.3881468,1.837206379,Rattus exulans
Fregetta maoriana,Critically Endangered,Not a Migrant,no,No studies found,468,Fanal,Mokohinau Islands,Pacific Ocean - South West,New Zealand,175.147196,-35.93996033,Rattus exulans
Pachycephala jacquinoti,Near Threatened,Not a Migrant,no,No studies found,2852,Fangasito,Vava'u group (Otu Motu Lalo),Pacific Ocean - South East,Tonga,-174.0807198,-18.81904119,Rattus exulans
Pampusana stairi,Vulnerable,Not a Migrant,no,No studies found,2852,Fangasito,Vava'u group (Otu Motu Lalo),Pacific Ocean - South East,Tonga,-174.0807198,-18.81904119,Rattus exulans
Pterodroma alba,Vulnerable,Full migrant,no,All studies are not in support,3148,Fatu Huku,Marquesas,Pacific Ocean - South East,French Polynesia,-138.9260018,-9.436772654,Rattus exulans
Fregetta maoriana,Critically Endangered,Not a Migrant,no,No studies found,885,Flax (Hokoromea),Mokohinau Islands,Pacific Ocean - South West,New Zealand,175.1039164,-35.91151522,Rattus exulans
Nesofregetta fuliginosa,Endangered,Full migrant,no,No studies found,2459,Frigatebird,Line Islands (Kiritimati),Pacific Ocean - North East,Kiribati,-157.3563251,1.821075062,Rattus exulans
Pterodroma pycrofti,Vulnerable,Full migrant,no,Population study with data in support,2909,Great Mercury,Mercury Islands,Pacific Ocean - South West,New Zealand,175.7957877,-36.61610385,Rattus exulans
Coturnix novaezelandiae,Extinct,Not a Migrant,no,All studies are not in support,2909,Great Mercury,Mercury Islands,Pacific Ocean - South West,New Zealand,175.7957877,-36.61610385,Rattus exulans
Chenonetta finschi,Extinct,Not a Migrant,no,No studies found,2909,Great Mercury,Mercury Islands,Pacific Ocean - South West,New Zealand,175.7957877,-36.61610385,Rattus exulans
Mergus australis,Extinct,Not a Migrant,no,No studies found,2909,Great Mercury,Mercury Islands,Pacific Ocean - South West,New Zealand,175.7957877,-36.61610385,Rattus exulans
Tribonyx hodgenorum,Extinct,Not a Migrant,no,No studies found,2909,Great Mercury,Mercury Islands,Pacific Ocean - South West,New Zealand,175.7957877,-36.61610385,Rattus exulans
Pterodroma atrata,Endangered,Full migrant,no,Only predation in support,1979,Henderson,Pitcairn Islands,Pacific Ocean - South East,Pitcairn,-128.3228943,-24.37681899,Rattus exulans
Nesofregetta fuliginosa,Endangered,Full migrant,no,No studies found,2450,Isles Lagoon 13,Line Islands (Kiritimati),Pacific Ocean - North East,Kiribati,-157.3667423,1.827210397,Rattus exulans
Nesofregetta fuliginosa,Endangered,Full migrant,no,No studies found,2451,Isles Lagoon 16,Line Islands (Kiritimati),Pacific Ocean - North East,Kiribati,-157.36939,1.829493798,Rattus exulans
Nesofregetta fuliginosa,Endangered,Full migrant,no,No studies found,2446,Isles Lagoon 2,Line Islands (Kiritimati),Pacific Ocean - North East,Kiribati,-157.3632883,1.840368301,Rattus exulans
Nesofregetta fuliginosa,Endangered,Full migrant,no,No studies found,2452,Isles Lagoon 21,Line Islands (Kiritimati),Pacific Ocean - North East,Kiribati,-157.3764015,1.827494669,Rattus exulans
Nesofregetta fuliginosa,Endangered,Full migrant,no,No studies found,2453,Isles Lagoon 22,Line Islands (Kiritimati),Pacific Ocean - North East,Kiribati,-157.3735991,1.825368703,Rattus exulans
Nesofregetta fuliginosa,Endangered,Full migrant,no,No studies found,2454,Isles Lagoon 23,Line Islands (Kiritimati),Pacific Ocean - North East,Kiribati,-157.3747339,1.822258047,Rattus exulans
Nesofregetta fuliginosa,Endangered,Full migrant,no,No studies found,2447,Isles Lagoon 3,Line Islands (Kiritimati),Pacific Ocean - North East,Kiribati,-157.3605134,1.83771416,Rattus exulans
Nesofregetta fuliginosa,Endangered,Full migrant,no,No studies found,2448,Isles Lagoon 4,Line Islands (Kiritimati),Pacific Ocean - North East,Kiribati,-157.3630581,1.838492062,Rattus exulans
Nesofregetta fuliginosa,Endangered,Full migrant,no,No studies found,2449,Isles Lagoon 5,Line Islands (Kiritimati),Pacific Ocean - North East,Kiribati,-157.3648998,1.838095398,Rattus exulans
Pampusana stairi,Vulnerable,Not a Migrant,no,No studies found,1281,Kadomo,Mamanuca Group,Pacific Ocean - South West,Fiji,177.0524494,-17.49261296,Rattus exulans
Coturnix novaezelandiae,Extinct,Not a Migrant,no,All studies are not in support,2246,Kaikoura,Great Barrier Islands,Pacific Ocean - South West,New Zealand,175.3252891,-36.17637718,Rattus exulans
Chenonetta finschi,Extinct,Not a Migrant,no,No studies found,2246,Kaikoura,Great Barrier Islands,Pacific Ocean - South West,New Zealand,175.3252891,-36.17637718,Rattus exulans
Mergus australis,Extinct,Not a Migrant,no,No studies found,2246,Kaikoura,Great Barrier Islands,Pacific Ocean - South West,New Zealand,175.3252891,-36.17637718,Rattus exulans
Tribonyx hodgenorum,Extinct,Not a Migrant,no,No studies found,2246,Kaikoura,Great Barrier Islands,Pacific Ocean - South West,New Zealand,175.3252891,-36.17637718,Rattus exulans
Apteryx mantelli,Vulnerable,Not a Migrant,no,All studies are not in support,889,Kapiti,Kapiti Islands,Pacific Ocean - South West,New Zealand,174.9113428,-40.85674274,Rattus exulans
Coturnix novaezelandiae,Extinct,Not a Migrant,no,All studies are not in support,889,Kapiti,Kapiti Islands,Pacific Ocean - South West,New Zealand,174.9113428,-40.85674274,Rattus exulans
Chenonetta finschi,Extinct,Not a Migrant,no,No studies found,889,Kapiti,Kapiti Islands,Pacific Ocean - South West,New Zealand,174.9113428,-40.85674274,Rattus exulans
Mergus australis,Extinct,Not a Migrant,no,No studies found,889,Kapiti,Kapiti Islands,Pacific Ocean - South West,New Zealand,174.9113428,-40.85674274,Rattus exulans
Tribonyx hodgenorum,Extinct,Not a Migrant,no,No studies found,889,Kapiti,Kapiti Islands,Pacific Ocean - South West,New Zealand,174.9113428,-40.85674274,Rattus exulans
Turnagra tanagra,Extinct,Not a Migrant,yes,No studies found,889,Kapiti,Kapiti Islands,Pacific Ocean - South West,New Zealand,174.9113428,-40.85674274,Rattus exulans
Megapodius laperouse,Near Threatened,Not a Migrant,no,All studies are not in support,2055,Kayangel,Kayangel Atoll,Pacific Ocean - North West,Palau,134.7177708,8.083189208,Rattus exulans
Megapodius laperouse,Near Threatened,Not a Migrant,no,All studies are not in support,3133,Kayangel,Kayangel Atoll,Pacific Ocean - North West,Palau,134.7177708,8.083189208,Rattus exulans
Fregetta maoriana,Critically Endangered,Not a Migrant,no,No studies found,443,Korapuki,Mercury Islands,Pacific Ocean - South West,New Zealand,175.8483849,-36.65893989,Rattus exulans
Fregetta maoriana,Critically Endangered,Not a Migrant,no,No studies found,151,Lady Alice (Mauimua),Hen and Chicken Islands,Pacific Ocean - South West,New Zealand,174.7280744,-35.8898964,Rattus exulans
Pterodroma cookii,Vulnerable,Full migrant,no,Population study with all qualities in support,40,Little Barrier,Hauraki Gulf,Pacific Ocean - South West,New Zealand,175.0819196,-36.20160033,Rattus exulans
Apteryx mantelli,Vulnerable,Not a Migrant,no,All studies are not in support,40,Little Barrier,Hauraki Gulf,Pacific Ocean - South West,New Zealand,175.0819196,-36.20160033,Rattus exulans
Coturnix novaezelandiae,Extinct,Not a Migrant,no,All studies are not in support,40,Little Barrier,Hauraki Gulf,Pacific Ocean - South West,New Zealand,175.0819196,-36.20160033,Rattus exulans
Chenonetta finschi,Extinct,Not a Migrant,no,No studies found,40,Little Barrier,Hauraki Gulf,Pacific Ocean - South West,New Zealand,175.0819196,-36.20160033,Rattus exulans
Coenocorypha barrierensis,Extinct,Not a Migrant,no,No studies found,40,Little Barrier,Hauraki Gulf,Pacific Ocean - South West,New Zealand,175.0819196,-36.20160033,Rattus exulans
Cyanoramphus auriceps,Near Threatened,Not a Migrant,no,No studies found,40,Little Barrier,Hauraki Gulf,Pacific Ocean - South West,New Zealand,175.0819196,-36.20160033,Rattus exulans
Fregetta maoriana,Critically Endangered,Not a Migrant,no,No studies found,40,Little Barrier,Hauraki Gulf,Pacific Ocean - South West,New Zealand,175.0819196,-36.20160033,Rattus exulans
Mergus australis,Extinct,Not a Migrant,no,No studies found,40,Little Barrier,Hauraki Gulf,Pacific Ocean - South West,New Zealand,175.0819196,-36.20160033,Rattus exulans
Tribonyx hodgenorum,Extinct,Not a Migrant,no,No studies found,40,Little Barrier,Hauraki Gulf,Pacific Ocean - South West,New Zealand,175.0819196,-36.20160033,Rattus exulans
Fregetta maoriana,Critically Endangered,Not a Migrant,no,No studies found,1118,Lizard,Mokohinau Islands,Pacific Ocean - South West,New Zealand,175.1135628,-35.90933129,Rattus exulans
Coturnix novaezelandiae,Extinct,Not a Migrant,no,All studies are not in support,381,Long,Marlborough Sound,Pacific Ocean - South West,New Zealand,174.2813724,-41.1174272,Rattus exulans
Chenonetta finschi,Extinct,Not a Migrant,no,No studies found,381,Long,Marlborough Sound,Pacific Ocean - South West,New Zealand,174.2813724,-41.1174272,Rattus exulans
Mergus australis,Extinct,Not a Migrant,no,No studies found,381,Long,Marlborough Sound,Pacific Ocean - South West,New Zealand,174.2813724,-41.1174272,Rattus exulans
Tribonyx hodgenorum,Extinct,Not a Migrant,no,No studies found,381,Long,Marlborough Sound,Pacific Ocean - South West,New Zealand,174.2813724,-41.1174272,Rattus exulans
Turnagra capensis,Extinct,Not a Migrant,yes,No studies found,381,Long,Marlborough Sound,Pacific Ocean - South West,New Zealand,174.2813724,-41.1174272,Rattus exulans
Pachycephala jacquinoti,Near Threatened,Not a Migrant,no,No studies found,2853,Luahiapo,Vava'u group (Otu Motu Lalo),Pacific Ocean - South East,Tonga,-174.0402551,-18.79933335,Rattus exulans
Pachycephala jacquinoti,Near Threatened,Not a Migrant,no,No studies found,2003,Maninita,Vava'u group (Otu Motu Lalo),Pacific Ocean - South East,Tonga,-173.9953591,-18.85736096,Rattus exulans
Coturnix novaezelandiae,Extinct,Not a Migrant,no,All studies are not in support,485,Mayor (Tuhua),Bay of Plenty,Pacific Ocean - South West,New Zealand,176.2554517,-37.28663952,Rattus exulans
Chenonetta finschi,Extinct,Not a Migrant,no,No studies found,485,Mayor (Tuhua),Bay of Plenty,Pacific Ocean - South West,New Zealand,176.2554517,-37.28663952,Rattus exulans
Cyanoramphus malherbi,Critically Endangered,Not a Migrant,yes,No studies found,485,Mayor (Tuhua),Bay of Plenty,Pacific Ocean - South West,New Zealand,176.2554517,-37.28663952,Rattus exulans
Mergus australis,Extinct,Not a Migrant,no,No studies found,485,Mayor (Tuhua),Bay of Plenty,Pacific Ocean - South West,New Zealand,176.2554517,-37.28663952,Rattus exulans
Tribonyx hodgenorum,Extinct,Not a Migrant,no,No studies found,485,Mayor (Tuhua),Bay of Plenty,Pacific Ocean - South West,New Zealand,176.2554517,-37.28663952,Rattus exulans
Pomarea mendozae,Endangered,Not a Migrant,no,No studies found,3018,Mohotani,Marquesas,Pacific Ocean - South East,French Polynesia,-138.8271045,-9.984474252,Rattus exulans
Chenonetta finschi,Extinct,Not a Migrant,no,No studies found,421,Mokonui/ Big Moggy,Stewart Islands,Pacific Ocean - South West,New Zealand,167.4044808,-47.1481573,Rattus exulans
Coenocorypha iredalei,Extinct,Not a Migrant,no,No studies found,421,Mokonui/ Big Moggy,Stewart Islands,Pacific Ocean - South West,New Zealand,167.4044808,-47.1481573,Rattus exulans
Mergus australis,Extinct,Not a Migrant,no,No studies found,421,Mokonui/ Big Moggy,Stewart Islands,Pacific Ocean - South West,New Zealand,167.4044808,-47.1481573,Rattus exulans
Tribonyx hodgenorum,Extinct,Not a Migrant,no,No studies found,421,Mokonui/ Big Moggy,Stewart Islands,Pacific Ocean - South West,New Zealand,167.4044808,-47.1481573,Rattus exulans
Pampusana stairi,Vulnerable,Not a Migrant,no,No studies found,1282,Monuriki,Mamanuca Group,Pacific Ocean - South West,Fiji,177.0341259,-17.60955535,Rattus exulans
Coturnix novaezelandiae,Extinct,Not a Migrant,no,All studies are not in support,402,Motuara,Marlborough Sound,Pacific Ocean - South West,New Zealand,174.2750062,-41.09145921,Rattus exulans
Chenonetta finschi,Extinct,Not a Migrant,no,No studies found,402,Motuara,Marlborough Sound,Pacific Ocean - South West,New Zealand,174.2750062,-41.09145921,Rattus exulans
Cyanoramphus auriceps,Near Threatened,Not a Migrant,no,No studies found,402,Motuara,Marlborough Sound,Pacific Ocean - South West,New Zealand,174.2750062,-41.09145921,Rattus exulans
Mergus australis,Extinct,Not a Migrant,no,No studies found,402,Motuara,Marlborough Sound,Pacific Ocean - South West,New Zealand,174.2750062,-41.09145921,Rattus exulans
Tribonyx hodgenorum,Extinct,Not a Migrant,no,No studies found,402,Motuara,Marlborough Sound,Pacific Ocean - South West,New Zealand,174.2750062,-41.09145921,Rattus exulans
Turnagra capensis,Extinct,Not a Migrant,yes,No studies found,402,Motuara,Marlborough Sound,Pacific Ocean - South West,New Zealand,174.2750062,-41.09145921,Rattus exulans
Fregetta maoriana,Critically Endangered,Not a Migrant,no,No studies found,980,Motuopao,Te Paki Islands,Pacific Ocean - South West,New Zealand,172.6376409,-34.47047512,Rattus exulans
Coturnix novaezelandiae,Extinct,Not a Migrant,no,All studies are not in support,1986,Moturua,Bay of Islands,Pacific Ocean - South West,New Zealand,174.1909514,-35.2236004,Rattus exulans
Chenonetta finschi,Extinct,Not a Migrant,no,No studies found,1986,Moturua,Bay of Islands,Pacific Ocean - South West,New Zealand,174.1909514,-35.2236004,Rattus exulans
Mergus australis,Extinct,Not a Migrant,no,No studies found,1986,Moturua,Bay of Islands,Pacific Ocean - South West,New Zealand,174.1909514,-35.2236004,Rattus exulans
Tribonyx hodgenorum,Extinct,Not a Migrant,no,No studies found,1986,Moturua,Bay of Islands,Pacific Ocean - South West,New Zealand,174.1909514,-35.2236004,Rattus exulans
Turnagra tanagra,Extinct,Not a Migrant,yes,No studies found,1986,Moturua,Bay of Islands,Pacific Ocean - South West,New Zealand,174.1909514,-35.2236004,Rattus exulans
Coturnix novaezelandiae,Extinct,Not a Migrant,no,All studies are not in support,1230,Motutapu,Hauraki Gulf,Pacific Ocean - South West,New Zealand,174.915858,-36.76471453,Rattus exulans
Chenonetta finschi,Extinct,Not a Migrant,no,No studies found,1230,Motutapu,Hauraki Gulf,Pacific Ocean - South West,New Zealand,174.915858,-36.76471453,Rattus exulans
Mergus australis,Extinct,Not a Migrant,no,No studies found,1230,Motutapu,Hauraki Gulf,Pacific Ocean - South West,New Zealand,174.915858,-36.76471453,Rattus exulans
Tribonyx hodgenorum,Extinct,Not a Migrant,no,No studies found,1230,Motutapu,Hauraki Gulf,Pacific Ocean - South West,New Zealand,174.915858,-36.76471453,Rattus exulans
Turnagra tanagra,Extinct,Not a Migrant,yes,No studies found,1230,Motutapu,Hauraki Gulf,Pacific Ocean - South West,New Zealand,174.915858,-36.76471453,Rattus exulans
Nesofregetta fuliginosa,Endangered,Full migrant,no,No studies found,2443,NW Fred/Tonga,Line Islands (Kiritimati),Pacific Ocean - North East,Kiribati,-157.4171991,1.849226906,Rattus exulans
Nesofregetta fuliginosa,Endangered,Full migrant,no,No studies found,2439,NW Nimroona,Line Islands (Kiritimati),Pacific Ocean - North East,Kiribati,-157.4278704,1.830788205,Rattus exulans
Nesofregetta fuliginosa,Endangered,Full migrant,no,No studies found,2457,NW Tibo,Line Islands (Kiritimati),Pacific Ocean - North East,Kiribati,-157.4401423,1.8459442,Rattus exulans
Nesofregetta fuliginosa,Endangered,Full migrant,no,No studies found,2435,North Drum,Line Islands (Kiritimati),Pacific Ocean - North East,Kiribati,-157.3904481,1.841577017,Rattus exulans
Pampusana stairi,Vulnerable,Not a Migrant,no,No studies found,1996,Nu'ulua,Samoan Islands (Western (Aleipata Islands)),Pacific Ocean - South East,Samoa,-171.4102425,-14.07295418,Rattus exulans
Pampusana stairi,Vulnerable,Not a Migrant,no,No studies found,1991,Nu'utele,Samoan Islands (Western (Aleipata Islands)),Pacific Ocean - South East,Samoa,-171.4228217,-14.0633339,Rattus exulans
Pampusana stairi,Vulnerable,Not a Migrant,no,No studies found,1999,Nukubasaga,Ringgold Islands,Pacific Ocean - South East,Fiji,-179.2521176,-16.30248731,Rattus exulans
Coturnix novaezelandiae,Extinct,Not a Migrant,no,All studies are not in support,322,Nukuwaiata,Chetwodes Islands,Pacific Ocean - South West,New Zealand,174.0734951,-40.89980499,Rattus exulans
Chenonetta finschi,Extinct,Not a Migrant,no,No studies found,322,Nukuwaiata,Chetwodes Islands,Pacific Ocean - South West,New Zealand,174.0734951,-40.89980499,Rattus exulans
Cyanoramphus auriceps,Near Threatened,Not a Migrant,no,No studies found,322,Nukuwaiata,Chetwodes Islands,Pacific Ocean - South West,New Zealand,174.0734951,-40.89980499,Rattus exulans
Mergus australis,Extinct,Not a Migrant,no,No studies found,322,Nukuwaiata,Chetwodes Islands,Pacific Ocean - South West,New Zealand,174.0734951,-40.89980499,Rattus exulans
Tribonyx hodgenorum,Extinct,Not a Migrant,no,No studies found,322,Nukuwaiata,Chetwodes Islands,Pacific Ocean - South West,New Zealand,174.0734951,-40.89980499,Rattus exulans
Turnagra capensis,Extinct,Not a Migrant,yes,No studies found,322,Nukuwaiata,Chetwodes Islands,Pacific Ocean - South West,New Zealand,174.0734951,-40.89980499,Rattus exulans
Nesofregetta fuliginosa,Endangered,Full migrant,no,No studies found,2461,Oasis 1 (East),Line Islands (Kiritimati),Pacific Ocean - North East,Kiribati,-157.3654855,1.807356774,Rattus exulans
Nesofregetta fuliginosa,Endangered,Full migrant,no,No studies found,2462,Oasis 2,Line Islands (Kiritimati),Pacific Ocean - North East,Kiribati,-157.3684912,1.808720522,Rattus exulans
Nesofregetta fuliginosa,Endangered,Full migrant,no,No studies found,2463,Oasis 3,Line Islands (Kiritimati),Pacific Ocean - North East,Kiribati,-157.3703833,1.809555237,Rattus exulans
Chenonetta finschi,Extinct,Not a Migrant,no,No studies found,1982,Pearl,Stewart Islands,Pacific Ocean - South West,New Zealand,167.7073568,-47.19181788,Rattus exulans
Coenocorypha iredalei,Extinct,Not a Migrant,no,No studies found,1982,Pearl,Stewart Islands,Pacific Ocean - South West,New Zealand,167.7073568,-47.19181788,Rattus exulans
Mergus australis,Extinct,Not a Migrant,no,No studies found,1982,Pearl,Stewart Islands,Pacific Ocean - South West,New Zealand,167.7073568,-47.19181788,Rattus exulans
Tribonyx hodgenorum,Extinct,Not a Migrant,no,No studies found,1982,Pearl,Stewart Islands,Pacific Ocean - South West,New Zealand,167.7073568,-47.19181788,Rattus exulans
Pterodroma atrata,Endangered,Full migrant,no,Only predation in support,274,Pitcairn,Pitcairn Islands,Pacific Ocean - South East,Pitcairn,-130.1057887,-25.06985602,Rattus exulans
Pterodroma atrata,Endangered,Full migrant,no,Only predation in support,3212,Pitcairn,Pitcairn Islands,Pacific Ocean - South East,Pitcairn,-130.1057887,-25.06985602,Rattus exulans
Chenonetta finschi,Extinct,Not a Migrant,no,No studies found,839,Putauhina,Stewart Islands,Pacific Ocean - South West,New Zealand,167.3869177,-47.21589368,Rattus exulans
Coenocorypha iredalei,Extinct,Not a Migrant,no,No studies found,839,Putauhina,Stewart Islands,Pacific Ocean - South West,New Zealand,167.3869177,-47.21589368,Rattus exulans
Mergus australis,Extinct,Not a Migrant,no,No studies found,839,Putauhina,Stewart Islands,Pacific Ocean - South West,New Zealand,167.3869177,-47.21589368,Rattus exulans
Tribonyx hodgenorum,Extinct,Not a Migrant,no,No studies found,839,Putauhina,Stewart Islands,Pacific Ocean - South West,New Zealand,167.3869177,-47.21589368,Rattus exulans
Pampusana stairi,Vulnerable,Not a Migrant,no,No studies found,1988,Qelelevu (Naqelelevu),Ringgold Islands (Qelelevu),Pacific Ocean - South East,Fiji,-179.1610064,-16.08989402,Rattus exulans
Coturnix novaezelandiae,Extinct,Not a Migrant,no,All studies are not in support,1238,Rangitoto,Hauraki Gulf,Pacific Ocean - South West,New Zealand,174.863184,-36.78649262,Rattus exulans
Chenonetta finschi,Extinct,Not a Migrant,no,No studies found,1238,Rangitoto,Hauraki Gulf,Pacific Ocean - South West,New Zealand,174.863184,-36.78649262,Rattus exulans
Mergus australis,Extinct,Not a Migrant,no,No studies found,1238,Rangitoto,Hauraki Gulf,Pacific Ocean - South West,New Zealand,174.863184,-36.78649262,Rattus exulans
Tribonyx hodgenorum,Extinct,Not a Migrant,no,No studies found,1238,Rangitoto,Hauraki Gulf,Pacific Ocean - South West,New Zealand,174.863184,-36.78649262,Rattus exulans
Turnagra tanagra,Extinct,Not a Migrant,yes,No studies found,1238,Rangitoto,Hauraki Gulf,Pacific Ocean - South West,New Zealand,174.863184,-36.78649262,Rattus exulans
Pterodroma pycrofti,Vulnerable,Full migrant,no,Population study with data in support,891,Red Mercury (Whakau),Mercury Islands,Pacific Ocean - South West,New Zealand,175.9352706,-36.62414526,Rattus exulans
Coturnix novaezelandiae,Extinct,Not a Migrant,no,All studies are not in support,891,Red Mercury (Whakau),Mercury Islands,Pacific Ocean - South West,New Zealand,175.9352706,-36.62414526,Rattus exulans
Chenonetta finschi,Extinct,Not a Migrant,no,No studies found,891,Red Mercury (Whakau),Mercury Islands,Pacific Ocean - South West,New Zealand,175.9352706,-36.62414526,Rattus exulans
Mergus australis,Extinct,Not a Migrant,no,No studies found,891,Red Mercury (Whakau),Mercury Islands,Pacific Ocean - South West,New Zealand,175.9352706,-36.62414526,Rattus exulans
Tribonyx hodgenorum,Extinct,Not a Migrant,no,No studies found,891,Red Mercury (Whakau),Mercury Islands,Pacific Ocean - South West,New Zealand,175.9352706,-36.62414526,Rattus exulans
Nesofregetta fuliginosa,Endangered,Full migrant,no,No studies found,2465,S Nimroona 1,Line Islands (Kiritimati),Pacific Ocean - North East,Kiribati,-157.4201684,1.822085741,Rattus exulans
Nesofregetta fuliginosa,Endangered,Full migrant,no,No studies found,2466,S Nimroona 2,Line Islands (Kiritimati),Pacific Ocean - North East,Kiribati,-157.4221347,1.822236094,Rattus exulans
Nesofregetta fuliginosa,Endangered,Full migrant,no,No studies found,2467,S Nimroona 3,Line Islands (Kiritimati),Pacific Ocean - North East,Kiribati,-157.4187383,1.823517979,Rattus exulans
Nesofregetta fuliginosa,Endangered,Full migrant,no,No studies found,2442,SE Fred/Tonga,Line Islands (Kiritimati),Pacific Ocean - North East,Kiribati,-157.4135181,1.84454756,Rattus exulans
Nesofregetta fuliginosa,Endangered,Full migrant,no,No studies found,2456,SW Islet Koil,Line Islands (Kiritimati),Pacific Ocean - North East,Kiribati,-157.365017,1.81985022,Rattus exulans
Nesofregetta fuliginosa,Endangered,Full migrant,no,No studies found,2440,SW Nimroona,Line Islands (Kiritimati),Pacific Ocean - North East,Kiribati,-157.4279831,1.827989866,Rattus exulans
Nesofregetta fuliginosa,Endangered,Full migrant,no,No studies found,2455,SW motu Koil,Line Islands (Kiritimati),Pacific Ocean - North East,Kiribati,-157.362508,1.817092649,Rattus exulans
Fregetta maoriana,Critically Endangered,Not a Migrant,no,No studies found,1145,Stack B,Mokohinau Islands,Pacific Ocean - South West,New Zealand,175.1038192,-35.90672167,Rattus exulans
Fregetta maoriana,Critically Endangered,Not a Migrant,no,No studies found,1146,Stack C (Motupapa),Mokohinau Islands,Pacific Ocean - South West,New Zealand,175.1032637,-35.90776592,Rattus exulans
Fregetta maoriana,Critically Endangered,Not a Migrant,no,No studies found,1147,Stack D,Mokohinau Islands,Pacific Ocean - South West,New Zealand,175.105326,-35.90839037,Rattus exulans
Fregetta maoriana,Critically Endangered,Not a Migrant,no,No studies found,1148,Stack E,Mokohinau Islands,Pacific Ocean - South West,New Zealand,175.1003526,-35.9115079,Rattus exulans
Fregetta maoriana,Critically Endangered,Not a Migrant,no,No studies found,1149,Stack F,Mokohinau Islands,Pacific Ocean - South West,New Zealand,175.1011014,-35.91221135,Rattus exulans
Fregetta maoriana,Critically Endangered,Not a Migrant,no,No studies found,1150,Stack G,Mokohinau Islands,Pacific Ocean - South West,New Zealand,175.1036242,-35.91403606,Rattus exulans
Fregetta maoriana,Critically Endangered,Not a Migrant,no,No studies found,1151,Stack I,Mokohinau Islands,Pacific Ocean - South West,New Zealand,175.0954641,-35.91690536,Rattus exulans
Fregetta maoriana,Critically Endangered,Not a Migrant,no,No studies found,1152,Stack J,Mokohinau Islands,Pacific Ocean - South West,New Zealand,175.0983354,-35.91647483,Rattus exulans
Pterodroma pycrofti,Vulnerable,Full migrant,no,Population study with data in support,893,Stanley (Kawhitu),Mercury Islands,Pacific Ocean - South West,New Zealand,175.8863224,-36.64034801,Rattus exulans
Coturnix novaezelandiae,Extinct,Not a Migrant,no,All studies are not in support,893,Stanley (Kawhitu),Mercury Islands,Pacific Ocean - South West,New Zealand,175.8863224,-36.64034801,Rattus exulans
Chenonetta finschi,Extinct,Not a Migrant,no,No studies found,893,Stanley (Kawhitu),Mercury Islands,Pacific Ocean - South West,New Zealand,175.8863224,-36.64034801,Rattus exulans
Mergus australis,Extinct,Not a Migrant,no,No studies found,893,Stanley (Kawhitu),Mercury Islands,Pacific Ocean - South West,New Zealand,175.8863224,-36.64034801,Rattus exulans
Tribonyx hodgenorum,Extinct,Not a Migrant,no,No studies found,893,Stanley (Kawhitu),Mercury Islands,Pacific Ocean - South West,New Zealand,175.8863224,-36.64034801,Rattus exulans
Coturnix novaezelandiae,Extinct,Not a Migrant,no,All studies are not in support,2681,Stephenson (Ririwha),Whangaroa Bay,Pacific Ocean - South West,New Zealand,173.7804043,-34.96352662,Rattus exulans
Chenonetta finschi,Extinct,Not a Migrant,no,No studies found,2681,Stephenson (Ririwha),Whangaroa Bay,Pacific Ocean - South West,New Zealand,173.7804043,-34.96352662,Rattus exulans
Mergus australis,Extinct,Not a Migrant,no,No studies found,2681,Stephenson (Ririwha),Whangaroa Bay,Pacific Ocean - South West,New Zealand,173.7804043,-34.96352662,Rattus exulans
Tribonyx hodgenorum,Extinct,Not a Migrant,no,No studies found,2681,Stephenson (Ririwha),Whangaroa Bay,Pacific Ocean - South West,New Zealand,173.7804043,-34.96352662,Rattus exulans
Turnagra tanagra,Extinct,Not a Migrant,yes,No studies found,2681,Stephenson (Ririwha),Whangaroa Bay,Pacific Ocean - South West,New Zealand,173.7804043,-34.96352662,Rattus exulans
Pampusana erythroptera,Critically Endangered,Not a Migrant,no,No studies found,166,Taere'ere,Tuamotu Archipelago (Rangiroa),Pacific Ocean - South East,French Polynesia,-147.8403966,-15.1946095,Rattus exulans
Coturnix novaezelandiae,Extinct,Not a Migrant,no,All studies are not in support,1310,Taranga (Hen),Hen and Chicken Islands,Pacific Ocean - South West,New Zealand,174.7188377,-35.96346185,Rattus exulans
Chenonetta finschi,Extinct,Not a Migrant,no,No studies found,1310,Taranga (Hen),Hen and Chicken Islands,Pacific Ocean - South West,New Zealand,174.7188377,-35.96346185,Rattus exulans
Mergus australis,Extinct,Not a Migrant,no,No studies found,1310,Taranga (Hen),Hen and Chicken Islands,Pacific Ocean - South West,New Zealand,174.7188377,-35.96346185,Rattus exulans
Tribonyx hodgenorum,Extinct,Not a Migrant,no,No studies found,1310,Taranga (Hen),Hen and Chicken Islands,Pacific Ocean - South West,New Zealand,174.7188377,-35.96346185,Rattus exulans
Pachycephala jacquinoti,Near Threatened,Not a Migrant,no,No studies found,2001,Taula,Vava'u group (Otu Motu Lalo),Pacific Ocean - South East,Tonga,-174.0106991,-18.84753284,Rattus exulans
Pampusana stairi,Vulnerable,Not a Migrant,no,No studies found,1998,Tauraria,Ringgold Islands (Qelelevu),Pacific Ocean - South East,Fiji,-179.1804231,-16.08243771,Rattus exulans
Ducula galeata,Endangered,Not a Migrant,no,No studies found,2934,Teuaua (Ua-Uka),Marquesas,Pacific Ocean - South East,French Polynesia,-139.5931222,-8.954210196,Rattus exulans
Ducula galeata,Endangered,Not a Migrant,no,No studies found,23,Teuaua (Ua-Uka),Marquesas,Pacific Ocean - South East,French Polynesia,-139.5931222,-8.954210196,Rattus exulans
Ducula galeata,Endangered,Not a Migrant,no,No studies found,301,Teuaua (Ua-Uka),Marquesas,Pacific Ocean - South East,French Polynesia,-139.5931222,-8.954210196,Rattus exulans
Coturnix novaezelandiae,Extinct,Not a Migrant,no,All studies are not in support,7,Tiritiri Matangi,Hauraki Gulf,Pacific Ocean - South West,New Zealand,174.8900253,-36.60084388,Rattus exulans
Chenonetta finschi,Extinct,Not a Migrant,no,No studies found,7,Tiritiri Matangi,Hauraki Gulf,Pacific Ocean - South West,New Zealand,174.8900253,-36.60084388,Rattus exulans
Mergus australis,Extinct,Not a Migrant,no,No studies found,7,Tiritiri Matangi,Hauraki Gulf,Pacific Ocean - South West,New Zealand,174.8900253,-36.60084388,Rattus exulans
Tribonyx hodgenorum,Extinct,Not a Migrant,no,No studies found,7,Tiritiri Matangi,Hauraki Gulf,Pacific Ocean - South West,New Zealand,174.8900253,-36.60084388,Rattus exulans
Turnagra tanagra,Extinct,Not a Migrant,yes,No studies found,7,Tiritiri Matangi,Hauraki Gulf,Pacific Ocean - South West,New Zealand,174.8900253,-36.60084388,Rattus exulans
Pampusana stairi,Vulnerable,Not a Migrant,no,No studies found,2004,Tuinibeka,Ringgold Islands (Qelelevu),Pacific Ocean - South East,Fiji,-179.1675751,-16.08374066,Rattus exulans
Pampusana stairi,Vulnerable,Not a Migrant,no,No studies found,2010,Vetauua (Korotuna),Ringgold Islands,Pacific Ocean - South East,Fiji,-179.4083837,-15.95239162,Rattus exulans
Pampusana stairi,Vulnerable,Not a Migrant,no,No studies found,1278,Viwa (Verata),Tailevu Province,Pacific Ocean - South West,Fiji,178.6159459,-17.94113218,Rattus exulans
Coturnix novaezelandiae,Extinct,Not a Migrant,no,All studies are not in support,2390,Whakaterepapanui,Rangitoto Islands,Pacific Ocean - South West,New Zealand,173.9931919,-40.75332759,Rattus exulans
Chenonetta finschi,Extinct,Not a Migrant,no,No studies found,2390,Whakaterepapanui,Rangitoto Islands,Pacific Ocean - South West,New Zealand,173.9931919,-40.75332759,Rattus exulans
Mergus australis,Extinct,Not a Migrant,no,No studies found,2390,Whakaterepapanui,Rangitoto Islands,Pacific Ocean - South West,New Zealand,173.9931919,-40.75332759,Rattus exulans
Tribonyx hodgenorum,Extinct,Not a Migrant,no,No studies found,2390,Whakaterepapanui,Rangitoto Islands,Pacific Ocean - South West,New Zealand,173.9931919,-40.75332759,Rattus exulans
Turnagra capensis,Extinct,Not a Migrant,yes,No studies found,2390,Whakaterepapanui,Rangitoto Islands,Pacific Ocean - South West,New Zealand,173.9931919,-40.75332759,Rattus exulans
Fregetta maoriana,Critically Endangered,Not a Migrant,no,No studies found,146,Whatupuke (Mauiroto),Hen and Chicken Islands,Pacific Ocean - South West,New Zealand,174.7540295,-35.88954011,Rattus exulans
Pterodroma cookii,Vulnerable,Full migrant,no,Population study with all qualities in support,837,Whenua Hou/ Codfish,Stewart Islands,Pacific Ocean - South West,New Zealand,167.6307704,-46.77341893,Rattus exulans
Chenonetta finschi,Extinct,Not a Migrant,no,No studies found,837,Whenua Hou/ Codfish,Stewart Islands,Pacific Ocean - South West,New Zealand,167.6307704,-46.77341893,Rattus exulans
Coenocorypha iredalei,Extinct,Not a Migrant,no,No studies found,837,Whenua Hou/ Codfish,Stewart Islands,Pacific Ocean - South West,New Zealand,167.6307704,-46.77341893,Rattus exulans
Cyanoramphus auriceps,Near Threatened,Not a Migrant,no,No studies found,837,Whenua Hou/ Codfish,Stewart Islands,Pacific Ocean - South West,New Zealand,167.6307704,-46.77341893,Rattus exulans
Eudyptes pachyrhynchus,Near Threatened,Full migrant,no,No studies found,837,Whenua Hou/ Codfish,Stewart Islands,Pacific Ocean - South West,New Zealand,167.6307704,-46.77341893,Rattus exulans
Mergus australis,Extinct,Not a Migrant,no,No studies found,837,Whenua Hou/ Codfish,Stewart Islands,Pacific Ocean - South West,New Zealand,167.6307704,-46.77341893,Rattus exulans
Tribonyx hodgenorum,Extinct,Not a Migrant,no,No studies found,837,Whenua Hou/ Codfish,Stewart Islands,Pacific Ocean - South West,New Zealand,167.6307704,-46.77341893,Rattus exulans
Cyanoramphus unicolor,Vulnerable,Not a Migrant,no,No studies found,2303,Antipodes,Antipodes Islands,Pacific Ocean - South West,New Zealand,178.7726033,-49.68867929,Mus musculus
Eudyptes chrysolophus,Vulnerable,Full migrant,no,No studies found,2303,Antipodes,Antipodes Islands,Pacific Ocean - South West,New Zealand,178.7726033,-49.68867929,Mus musculus
Phoebetria palpebrata,Near Threatened,Full migrant,no,Only predation in support,3141,Auckland,Auckland Islands,Pacific Ocean - South West,New Zealand,166.1034995,-50.70810335,Mus musculus
Eudyptes chrysolophus,Vulnerable,Full migrant,no,No studies found,3141,Auckland,Auckland Islands,Pacific Ocean - South West,New Zealand,166.1034995,-50.70810335,Mus musculus
Phoebetria palpebrata,Near Threatened,Full migrant,no,Only predation in support,1143,Australia,Kerguelen Islands (Golfe du Morbihan),Indian Ocean - West,French Southern Territories,69.85042007,-49.45383115,Mus musculus
Procellaria cinerea,Near Threatened,Full migrant,no,Only predation in support,1143,Australia,Kerguelen Islands (Golfe du Morbihan),Indian Ocean - West,French Southern Territories,69.85042007,-49.45383115,Mus musculus
Eudyptes chrysolophus,Vulnerable,Full migrant,no,No studies found,1143,Australia,Kerguelen Islands (Golfe du Morbihan),Indian Ocean - West,French Southern Territories,69.85042007,-49.45383115,Mus musculus
Eudyptes chrysolophus,Vulnerable,Full migrant,no,No studies found,3047,Bense,Falkland Islands (Bense Islands group),Atlantic Ocean - South,Falkland Islands (Malvinas),-60.52293637,-51.49393691,Mus musculus
Phoebetria palpebrata,Near Threatened,Full migrant,no,Only predation in support,513,Enderby,Auckland Islands,Pacific Ocean - South West,New Zealand,166.2952138,-50.4973257,Mus musculus
Eudyptes chrysolophus,Vulnerable,Full migrant,no,No studies found,513,Enderby,Auckland Islands,Pacific Ocean - South West,New Zealand,166.2952138,-50.4973257,Mus musculus
Diomedea dabbenena,Critically Endangered,Full migrant,no,Only predation in support,3027,Gough,Tristan da Cunha,Atlantic Ocean - South,Saint Helena,-9.94122244,-40.31792375,Mus musculus
Phoebetria fusca,Endangered,Full migrant,no,Only predation in support,3027,Gough,Tristan da Cunha,Atlantic Ocean - South,Saint Helena,-9.94122244,-40.31792375,Mus musculus
Procellaria cinerea,Near Threatened,Full migrant,no,Only predation in support,3027,Gough,Tristan da Cunha,Atlantic Ocean - South,Saint Helena,-9.94122244,-40.31792375,Mus musculus
Pterodroma incerta,Endangered,Full migrant,no,Only predation in support,3027,Gough,Tristan da Cunha,Atlantic Ocean - South,Saint Helena,-9.94122244,-40.31792375,Mus musculus
Rowettia goughensis,Critically Endangered,Not a Migrant,no,Only predation in support,3027,Gough,Tristan da Cunha,Atlantic Ocean - South,Saint Helena,-9.94122244,-40.31792375,Mus musculus
Thalassarche chlororhynchos,Endangered,Full migrant,no,Only predation in support,3027,Gough,Tristan da Cunha,Atlantic Ocean - South,Saint Helena,-9.94122244,-40.31792375,Mus musculus
Eudyptes moseleyi,Endangered,Full migrant,no,All studies are not in support,3027,Gough,Tristan da Cunha,Atlantic Ocean - South,Saint Helena,-9.94122244,-40.31792375,Mus musculus
Eudyptes chrysolophus,Vulnerable,Full migrant,no,No studies found,3050,Little Bense,Falkland Islands (Bense Islands group),Atlantic Ocean - South,Falkland Islands (Malvinas),-60.51110277,-51.48493937,Mus musculus
Diomedea exulans,Vulnerable,Full migrant,no,Only predation in support,704,Macquarie,Macquarie Islands,Pacific Ocean - South West,Australia,158.8643089,-54.62839539,Mus musculus
Phoebetria palpebrata,Near Threatened,Full migrant,no,Only predation in support,704,Macquarie,Macquarie Islands,Pacific Ocean - South West,Australia,158.8643089,-54.62839539,Mus musculus
Thalassarche chrysostoma,Endangered,Full migrant,no,Only predation in support,704,Macquarie,Macquarie Islands,Pacific Ocean - South West,Australia,158.8643089,-54.62839539,Mus musculus
Diomedea exulans,Vulnerable,Full migrant,no,Only predation in support,3022,Marion,Prince Edward Islands,Indian Ocean - West,South Africa,37.74039482,-46.90656288,Mus musculus
Phoebetria fusca,Endangered,Full migrant,no,Only predation in support,3022,Marion,Prince Edward Islands,Indian Ocean - West,South Africa,37.74039482,-46.90656288,Mus musculus
Phoebetria palpebrata,Near Threatened,Full migrant,no,Only predation in support,3022,Marion,Prince Edward Islands,Indian Ocean - West,South Africa,37.74039482,-46.90656288,Mus musculus
Procellaria cinerea,Near Threatened,Full migrant,no,Only predation in support,3022,Marion,Prince Edward Islands,Indian Ocean - West,South Africa,37.74039482,-46.90656288,Mus musculus
Thalassarche chrysostoma,Endangered,Full migrant,no,Only predation in support,3022,Marion,Prince Edward Islands,Indian Ocean - West,South Africa,37.74039482,-46.90656288,Mus musculus
Eudyptes chrysolophus,Vulnerable,Full migrant,no,No studies found,3022,Marion,Prince Edward Islands,Indian Ocean - West,South Africa,37.74039482,-46.90656288,Mus musculus
Synthliboramphus craveri,Vulnerable,Not a Migrant,no,No studies found,478,Rasa,Gulf of California (Midriff Islands),Pacific Ocean - North East,Mexico,-112.9798053,28.82381016,Mus musculus
Procellaria cinerea,Near Threatened,Full migrant,no,Only predation in support,966,Saint-Paul,Amsterdam and St. Paul Islands,Indian Ocean - West,French Southern Territories,77.52352343,-38.72212156,Mus musculus
Eudyptes moseleyi,Endangered,Full migrant,no,All studies are not in support,966,Saint-Paul,Amsterdam and St. Paul Islands,Indian Ocean - West,French Southern Territories,77.52352343,-38.72212156,Mus musculus
Phoebastria immutabilis,Near Threatened,Full migrant,no,Only predation in support,3118,Sand,Hawaiian Islands (Midway Atoll),Pacific Ocean - North East,United States,-177.378933,28.20777515,Mus musculus
Phoebetria palpebrata,Near Threatened,Full migrant,no,Only predation in support,2308,South Georgia,South Georgia Islands,Atlantic Ocean - South,South Georgia and the South Sandwich Islands,-36.6802295,-54.37892661,Mus musculus
Eudyptes chrysolophus,Vulnerable,Full migrant,no,No studies found,2308,South Georgia,South Georgia Islands,Atlantic Ocean - South,South Georgia and the South Sandwich Islands,-36.6802295,-54.37892661,Mus musculus
