scientificName,synth_col,Eradication.ID,Status (Eradication),seasonal,Island.Name,Archipelago,Region,Country,geom,Rodent_attributed_final
Larus audouinii,All studies are not in support,1744,Successful,3,3 islets,Corsican Islands (Cerbicale Islands),Mediterranean,France,9.366370879|41.55548763,Rattus rattus
Puffinus mauretanicus,All studies are not in support,1744,Successful,1,3 islets,Corsican Islands (Cerbicale Islands),Mediterranean,France,9.366370879|41.55548763,Rattus rattus
Puffinus yelkouan,Population study with data in support,1744,Successful,1,3 islets,Corsican Islands (Cerbicale Islands),Mediterranean,France,9.366370879|41.55548763,Rattus rattus
Ardenna carneipes,Population study without data in support,392,Successful,1,Anacapa East,Channel Islands,Pacific Ocean - North East,United States,-119.3674569|34.01469286,Rattus rattus
Ardenna creatopus,All studies are not in support,392,Successful,1,Anacapa East,Channel Islands,Pacific Ocean - North East,United States,-119.3674569|34.01469286,Rattus rattus
Hydrobates homochroa,Population study without data in support,392,Successful,1,Anacapa East,Channel Islands,Pacific Ocean - North East,United States,-119.3674569|34.01469286,Rattus rattus
Hydrobates leucorhous,No studies found,392,Successful,1,Anacapa East,Channel Islands,Pacific Ocean - North East,United States,-119.3674569|34.01469286,Rattus rattus
Larus heermanni,Population study without data in support,392,Successful,1,Anacapa East,Channel Islands,Pacific Ocean - North East,United States,-119.3674569|34.01469286,Rattus rattus
Ptychoramphus aleuticus,Population study with data in support,392,Successful,1,Anacapa East,Channel Islands,Pacific Ocean - North East,United States,-119.3674569|34.01469286,Rattus rattus
Puffinus opisthomelas,Population study without data in support,392,Successful,3,Anacapa East,Channel Islands,Pacific Ocean - North East,United States,-119.3674569|34.01469286,Rattus rattus
Synthliboramphus craveri,No studies found,392,Successful,3,Anacapa East,Channel Islands,Pacific Ocean - North East,United States,-119.3674569|34.01469286,Rattus rattus
Synthliboramphus hypoleucus,No studies found,392,Successful,1,Anacapa East,Channel Islands,Pacific Ocean - North East,United States,-119.3674569|34.01469286,Rattus rattus
Synthliboramphus hypoleucus,No studies found,392,Successful,3,Anacapa East,Channel Islands,Pacific Ocean - North East,United States,-119.3674569|34.01469286,Rattus rattus
Synthliboramphus scrippsi,Population study with data in support,392,Successful,1,Anacapa East,Channel Islands,Pacific Ocean - North East,United States,-119.3674569|34.01469286,Rattus rattus
Thalasseus elegans,Population study with data in support,392,Successful,3,Anacapa East,Channel Islands,Pacific Ocean - North East,United States,-119.3674569|34.01469286,Rattus rattus
Ardenna carneipes,Population study without data in support,2195,Failed,1,Anacapa East,Channel Islands,Pacific Ocean - North East,United States,-119.3674569|34.01469286,Rattus rattus
Ardenna creatopus,All studies are not in support,2195,Failed,1,Anacapa East,Channel Islands,Pacific Ocean - North East,United States,-119.3674569|34.01469286,Rattus rattus
Hydrobates homochroa,Population study without data in support,2195,Failed,1,Anacapa East,Channel Islands,Pacific Ocean - North East,United States,-119.3674569|34.01469286,Rattus rattus
Hydrobates leucorhous,No studies found,2195,Failed,1,Anacapa East,Channel Islands,Pacific Ocean - North East,United States,-119.3674569|34.01469286,Rattus rattus
Larus heermanni,Population study without data in support,2195,Failed,1,Anacapa East,Channel Islands,Pacific Ocean - North East,United States,-119.3674569|34.01469286,Rattus rattus
Ptychoramphus aleuticus,Population study with data in support,2195,Failed,1,Anacapa East,Channel Islands,Pacific Ocean - North East,United States,-119.3674569|34.01469286,Rattus rattus
Puffinus opisthomelas,Population study without data in support,2195,Failed,3,Anacapa East,Channel Islands,Pacific Ocean - North East,United States,-119.3674569|34.01469286,Rattus rattus
Synthliboramphus craveri,No studies found,2195,Failed,3,Anacapa East,Channel Islands,Pacific Ocean - North East,United States,-119.3674569|34.01469286,Rattus rattus
Synthliboramphus hypoleucus,No studies found,2195,Failed,1,Anacapa East,Channel Islands,Pacific Ocean - North East,United States,-119.3674569|34.01469286,Rattus rattus
Synthliboramphus hypoleucus,No studies found,2195,Failed,3,Anacapa East,Channel Islands,Pacific Ocean - North East,United States,-119.3674569|34.01469286,Rattus rattus
Synthliboramphus scrippsi,Population study with data in support,2195,Failed,1,Anacapa East,Channel Islands,Pacific Ocean - North East,United States,-119.3674569|34.01469286,Rattus rattus
Thalasseus elegans,Population study with data in support,2195,Failed,3,Anacapa East,Channel Islands,Pacific Ocean - North East,United States,-119.3674569|34.01469286,Rattus rattus
Ardenna carneipes,Population study without data in support,1056,Successful,1,Anacapa Middle,Channel Islands,Pacific Ocean - North East,United States,-119.3931864|34.00581062,Rattus rattus
Ardenna creatopus,All studies are not in support,1056,Successful,1,Anacapa Middle,Channel Islands,Pacific Ocean - North East,United States,-119.3931864|34.00581062,Rattus rattus
Hydrobates homochroa,Population study without data in support,1056,Successful,1,Anacapa Middle,Channel Islands,Pacific Ocean - North East,United States,-119.3931864|34.00581062,Rattus rattus
Hydrobates leucorhous,No studies found,1056,Successful,1,Anacapa Middle,Channel Islands,Pacific Ocean - North East,United States,-119.3931864|34.00581062,Rattus rattus
Larus heermanni,Population study without data in support,1056,Successful,1,Anacapa Middle,Channel Islands,Pacific Ocean - North East,United States,-119.3931864|34.00581062,Rattus rattus
Ptychoramphus aleuticus,Population study with data in support,1056,Successful,1,Anacapa Middle,Channel Islands,Pacific Ocean - North East,United States,-119.3931864|34.00581062,Rattus rattus
Puffinus opisthomelas,Population study without data in support,1056,Successful,3,Anacapa Middle,Channel Islands,Pacific Ocean - North East,United States,-119.3931864|34.00581062,Rattus rattus
Synthliboramphus craveri,No studies found,1056,Successful,3,Anacapa Middle,Channel Islands,Pacific Ocean - North East,United States,-119.3931864|34.00581062,Rattus rattus
Synthliboramphus hypoleucus,No studies found,1056,Successful,1,Anacapa Middle,Channel Islands,Pacific Ocean - North East,United States,-119.3931864|34.00581062,Rattus rattus
Synthliboramphus hypoleucus,No studies found,1056,Successful,3,Anacapa Middle,Channel Islands,Pacific Ocean - North East,United States,-119.3931864|34.00581062,Rattus rattus
Synthliboramphus scrippsi,Population study with data in support,1056,Successful,1,Anacapa Middle,Channel Islands,Pacific Ocean - North East,United States,-119.3931864|34.00581062,Rattus rattus
Thalasseus elegans,Population study with data in support,1056,Successful,3,Anacapa Middle,Channel Islands,Pacific Ocean - North East,United States,-119.3931864|34.00581062,Rattus rattus
Hydrobates homochroa,Population study without data in support,391,Successful,2,Anacapa West,Channel Islands,Pacific Ocean - North East,United States,-119.4256841|34.01100568,Rattus rattus
Hydrobates leucorhous,No studies found,391,Successful,2,Anacapa West,Channel Islands,Pacific Ocean - North East,United States,-119.4256841|34.01100568,Rattus rattus
Synthliboramphus hypoleucus,No studies found,391,Successful,2,Anacapa West,Channel Islands,Pacific Ocean - North East,United States,-119.4256841|34.01100568,Rattus rattus
Synthliboramphus scrippsi,Population study with data in support,391,Successful,2,Anacapa West,Channel Islands,Pacific Ocean - North East,United States,-119.4256841|34.01100568,Rattus rattus
Ardenna grisea,No studies found,1677,Failed,3,Anijima,Ogasawara Islands (Chichijima Group),Pacific Ocean - North West,Japan,142.2096992|27.12242876,Rattus rattus
Columba versicolor,No studies found,1677,Failed,1,Anijima,Ogasawara Islands (Chichijima Group),Pacific Ocean - North West,Japan,142.2096992|27.12242876,Rattus rattus
Hydrobates matsudairae,No studies found,1677,Failed,3,Anijima,Ogasawara Islands (Chichijima Group),Pacific Ocean - North West,Japan,142.2096992|27.12242876,Rattus rattus
Puffinus bannermani,No studies found,1677,Failed,2,Anijima,Ogasawara Islands (Chichijima Group),Pacific Ocean - North West,Japan,142.2096992|27.12242876,Rattus rattus
Puffinus bryani,Only predation in support,1677,Failed,2,Anijima,Ogasawara Islands (Chichijima Group),Pacific Ocean - North West,Japan,142.2096992|27.12242876,Rattus rattus
Ardenna carneipes,Population study without data in support,1747,Successful,1,Anonyme,Seychelles,Indian Ocean - West,Seychelles,55.52452998|-4.6636749,Rattus rattus
Bulweria fallax,All studies are not in support,1747,Successful,1,Anonyme,Seychelles,Indian Ocean - West,Seychelles,55.52452998|-4.6636749,Rattus rattus
Falco araeus,No studies found,1747,Successful,1,Anonyme,Seychelles,Indian Ocean - West,Seychelles,55.52452998|-4.6636749,Rattus rattus
Hydrobates matsudairae,No studies found,1747,Successful,3,Anonyme,Seychelles,Indian Ocean - West,Seychelles,55.52452998|-4.6636749,Rattus rattus
Ardenna carneipes,Population study without data in support,2169,Successful (Reinvaded),1,Anonyme,Seychelles,Indian Ocean - West,Seychelles,55.52452998|-4.6636749,Rattus rattus
Bulweria fallax,All studies are not in support,2169,Successful (Reinvaded),1,Anonyme,Seychelles,Indian Ocean - West,Seychelles,55.52452998|-4.6636749,Rattus rattus
Falco araeus,No studies found,2169,Successful (Reinvaded),1,Anonyme,Seychelles,Indian Ocean - West,Seychelles,55.52452998|-4.6636749,Rattus rattus
Hydrobates matsudairae,No studies found,2169,Successful (Reinvaded),3,Anonyme,Seychelles,Indian Ocean - West,Seychelles,55.52452998|-4.6636749,Rattus rattus
Ardenna carneipes,Population study without data in support,2771,Successful,1,Aster,Western Australia (Montebello Islands),Indian Ocean - East,Australia,115.5789847|-20.43038019,Rattus rattus
Calonectris leucomelas,Only predation in support,2771,Successful,1,Aster,Western Australia (Montebello Islands),Indian Ocean - East,Australia,115.5789847|-20.43038019,Rattus rattus
Phoebetria fusca,All studies are not in support,1140,Successful,1,Australia,Kerguelen Islands (Golfe du Morbihan),Indian Ocean - West,French Southern Territories,69.85042007|-49.45383115,Rattus rattus
Phoebetria palpebrata,No studies found,1140,Successful,2,Australia,Kerguelen Islands (Golfe du Morbihan),Indian Ocean - West,French Southern Territories,69.85042007|-49.45383115,Rattus rattus
Procellaria cinerea,All studies are not in support,1140,Successful,2,Australia,Kerguelen Islands (Golfe du Morbihan),Indian Ocean - West,French Southern Territories,69.85042007|-49.45383115,Rattus rattus
Ardenna carneipes,Population study without data in support,461,Successful,1,Awaiti (Tawhitinui),Marlborough Sound,Pacific Ocean - South West,New Zealand,173.8067899|-41.05311314,Rattus rattus
Ardenna grisea,No studies found,461,Successful,2,Awaiti (Tawhitinui),Marlborough Sound,Pacific Ocean - South West,New Zealand,173.8067899|-41.05311314,Rattus rattus
Callaeas cinereus,Population study with all qualities in support,461,Successful,1,Awaiti (Tawhitinui),Marlborough Sound,Pacific Ocean - South West,New Zealand,173.8067899|-41.05311314,Rattus rattus
Chlidonias albostriatus,Only predation in support,461,Successful,4,Awaiti (Tawhitinui),Marlborough Sound,Pacific Ocean - South West,New Zealand,173.8067899|-41.05311314,Rattus rattus
Eudyptes pachyrhynchus,No studies found,461,Successful,3,Awaiti (Tawhitinui),Marlborough Sound,Pacific Ocean - South West,New Zealand,173.8067899|-41.05311314,Rattus rattus
Phoebetria palpebrata,No studies found,461,Successful,1,Awaiti (Tawhitinui),Marlborough Sound,Pacific Ocean - South West,New Zealand,173.8067899|-41.05311314,Rattus rattus
Sterna striata,No studies found,461,Successful,4,Awaiti (Tawhitinui),Marlborough Sound,Pacific Ocean - South West,New Zealand,173.8067899|-41.05311314,Rattus rattus
Larus audouinii,All studies are not in support,2711,To Be Confirmed,4,Bagaud,Hyeres Islands,Mediterranean,France,6.36323557|43.01229145,Rattus rattus
Puffinus mauretanicus,All studies are not in support,2711,To Be Confirmed,1,Bagaud,Hyeres Islands,Mediterranean,France,6.36323557|43.01229145,Rattus rattus
Puffinus yelkouan,Population study with data in support,2711,To Be Confirmed,1,Bagaud,Hyeres Islands,Mediterranean,France,6.36323557|43.01229145,Rattus rattus
Certhidea olivacea,No studies found,1736,Successful,1,Bainbridge - 1,Galapagos Islands,Pacific Ocean - North East,Ecuador,-90.55892297|-0.343556724,Rattus rattus
Hydrobates leucorhous,No studies found,1736,Successful,1,Bainbridge - 1,Galapagos Islands,Pacific Ocean - North East,Ecuador,-90.55892297|-0.343556724,Rattus rattus
Pseudobulweria rostrata,No studies found,1736,Successful,1,Bainbridge - 1,Galapagos Islands,Pacific Ocean - North East,Ecuador,-90.55892297|-0.343556724,Rattus rattus
Pterodroma externa,No studies found,1736,Successful,1,Bainbridge - 1,Galapagos Islands,Pacific Ocean - North East,Ecuador,-90.55892297|-0.343556724,Rattus rattus
Pterodroma phaeopygia,Population study without data in support,1736,Successful,1,Bainbridge - 1,Galapagos Islands,Pacific Ocean - North East,Ecuador,-90.55892297|-0.343556724,Rattus rattus
Spheniscus mendiculus,No studies found,1736,Successful,3,Bainbridge - 1,Galapagos Islands,Pacific Ocean - North East,Ecuador,-90.55892297|-0.343556724,Rattus rattus
Certhidea olivacea,No studies found,861,Failed,1,Bainbridge - 1,Galapagos Islands,Pacific Ocean - North East,Ecuador,-90.55892297|-0.343556724,Rattus rattus
Hydrobates leucorhous,No studies found,861,Failed,1,Bainbridge - 1,Galapagos Islands,Pacific Ocean - North East,Ecuador,-90.55892297|-0.343556724,Rattus rattus
Pseudobulweria rostrata,No studies found,861,Failed,1,Bainbridge - 1,Galapagos Islands,Pacific Ocean - North East,Ecuador,-90.55892297|-0.343556724,Rattus rattus
Pterodroma externa,No studies found,861,Failed,1,Bainbridge - 1,Galapagos Islands,Pacific Ocean - North East,Ecuador,-90.55892297|-0.343556724,Rattus rattus
Pterodroma phaeopygia,Population study without data in support,861,Failed,1,Bainbridge - 1,Galapagos Islands,Pacific Ocean - North East,Ecuador,-90.55892297|-0.343556724,Rattus rattus
Spheniscus mendiculus,No studies found,861,Failed,3,Bainbridge - 1,Galapagos Islands,Pacific Ocean - North East,Ecuador,-90.55892297|-0.343556724,Rattus rattus
Certhidea olivacea,No studies found,862,Successful,1,Bainbridge - 2,Galapagos Islands,Pacific Ocean - North East,Ecuador,-90.55846518|-0.348447432,Rattus rattus
Hydrobates leucorhous,No studies found,862,Successful,1,Bainbridge - 2,Galapagos Islands,Pacific Ocean - North East,Ecuador,-90.55846518|-0.348447432,Rattus rattus
Pseudobulweria rostrata,No studies found,862,Successful,1,Bainbridge - 2,Galapagos Islands,Pacific Ocean - North East,Ecuador,-90.55846518|-0.348447432,Rattus rattus
Pterodroma externa,No studies found,862,Successful,1,Bainbridge - 2,Galapagos Islands,Pacific Ocean - North East,Ecuador,-90.55846518|-0.348447432,Rattus rattus
Pterodroma phaeopygia,Population study without data in support,862,Successful,1,Bainbridge - 2,Galapagos Islands,Pacific Ocean - North East,Ecuador,-90.55846518|-0.348447432,Rattus rattus
Spheniscus mendiculus,No studies found,862,Successful,3,Bainbridge - 2,Galapagos Islands,Pacific Ocean - North East,Ecuador,-90.55846518|-0.348447432,Rattus rattus
Certhidea olivacea,No studies found,1718,Successful,1,Bainbridge - 3,Galapagos Islands,Pacific Ocean - North East,Ecuador,-90.56610087|-0.351330041,Rattus rattus
Hydrobates leucorhous,No studies found,1718,Successful,1,Bainbridge - 3,Galapagos Islands,Pacific Ocean - North East,Ecuador,-90.56610087|-0.351330041,Rattus rattus
Pseudobulweria rostrata,No studies found,1718,Successful,1,Bainbridge - 3,Galapagos Islands,Pacific Ocean - North East,Ecuador,-90.56610087|-0.351330041,Rattus rattus
Pterodroma externa,No studies found,1718,Successful,1,Bainbridge - 3,Galapagos Islands,Pacific Ocean - North East,Ecuador,-90.56610087|-0.351330041,Rattus rattus
Pterodroma phaeopygia,Population study without data in support,1718,Successful,1,Bainbridge - 3,Galapagos Islands,Pacific Ocean - North East,Ecuador,-90.56610087|-0.351330041,Rattus rattus
Spheniscus mendiculus,No studies found,1718,Successful,3,Bainbridge - 3,Galapagos Islands,Pacific Ocean - North East,Ecuador,-90.56610087|-0.351330041,Rattus rattus
Certhidea olivacea,No studies found,2805,Successful,1,Bainbridge - 4,Galapagos Islands,Pacific Ocean - North East,Ecuador,-90.56430998|-0.359298923,Rattus rattus
Hydrobates leucorhous,No studies found,2805,Successful,1,Bainbridge - 4,Galapagos Islands,Pacific Ocean - North East,Ecuador,-90.56430998|-0.359298923,Rattus rattus
Pseudobulweria rostrata,No studies found,2805,Successful,1,Bainbridge - 4,Galapagos Islands,Pacific Ocean - North East,Ecuador,-90.56430998|-0.359298923,Rattus rattus
Pterodroma externa,No studies found,2805,Successful,1,Bainbridge - 4,Galapagos Islands,Pacific Ocean - North East,Ecuador,-90.56430998|-0.359298923,Rattus rattus
Pterodroma phaeopygia,Population study without data in support,2805,Successful,1,Bainbridge - 4,Galapagos Islands,Pacific Ocean - North East,Ecuador,-90.56430998|-0.359298923,Rattus rattus
Spheniscus mendiculus,No studies found,2805,Successful,3,Bainbridge - 4,Galapagos Islands,Pacific Ocean - North East,Ecuador,-90.56430998|-0.359298923,Rattus rattus
Certhidea olivacea,No studies found,1780,Unknown pre-status,1,Bainbridge - 5,Galapagos Islands,Pacific Ocean - North East,Ecuador,-90.56643696|-0.364662085,Rattus rattus
Hydrobates leucorhous,No studies found,1780,Unknown pre-status,1,Bainbridge - 5,Galapagos Islands,Pacific Ocean - North East,Ecuador,-90.56643696|-0.364662085,Rattus rattus
Pseudobulweria rostrata,No studies found,1780,Unknown pre-status,1,Bainbridge - 5,Galapagos Islands,Pacific Ocean - North East,Ecuador,-90.56643696|-0.364662085,Rattus rattus
Pterodroma externa,No studies found,1780,Unknown pre-status,1,Bainbridge - 5,Galapagos Islands,Pacific Ocean - North East,Ecuador,-90.56643696|-0.364662085,Rattus rattus
Pterodroma phaeopygia,Population study without data in support,1780,Unknown pre-status,1,Bainbridge - 5,Galapagos Islands,Pacific Ocean - North East,Ecuador,-90.56643696|-0.364662085,Rattus rattus
Spheniscus mendiculus,No studies found,1780,Unknown pre-status,3,Bainbridge - 5,Galapagos Islands,Pacific Ocean - North East,Ecuador,-90.56643696|-0.364662085,Rattus rattus
Certhidea olivacea,No studies found,1779,Unknown pre-status,1,Bainbridge - 6,Galapagos Islands,Pacific Ocean - North East,Ecuador,-90.570288|-0.368006764,Rattus rattus
Hydrobates leucorhous,No studies found,1779,Unknown pre-status,1,Bainbridge - 6,Galapagos Islands,Pacific Ocean - North East,Ecuador,-90.570288|-0.368006764,Rattus rattus
Pseudobulweria rostrata,No studies found,1779,Unknown pre-status,1,Bainbridge - 6,Galapagos Islands,Pacific Ocean - North East,Ecuador,-90.570288|-0.368006764,Rattus rattus
Pterodroma externa,No studies found,1779,Unknown pre-status,1,Bainbridge - 6,Galapagos Islands,Pacific Ocean - North East,Ecuador,-90.570288|-0.368006764,Rattus rattus
Pterodroma phaeopygia,Population study without data in support,1779,Unknown pre-status,1,Bainbridge - 6,Galapagos Islands,Pacific Ocean - North East,Ecuador,-90.570288|-0.368006764,Rattus rattus
Spheniscus mendiculus,No studies found,1779,Unknown pre-status,3,Bainbridge - 6,Galapagos Islands,Pacific Ocean - North East,Ecuador,-90.570288|-0.368006764,Rattus rattus
Certhidea olivacea,No studies found,2141,Successful (Reinvaded),1,Bartolomé,Galapagos Islands,Pacific Ocean - North East,Ecuador,-90.54928144|-0.285256054,Rattus rattus
Larus fuliginosus,Only predation in support,2141,Successful (Reinvaded),1,Bartolomé,Galapagos Islands,Pacific Ocean - North East,Ecuador,-90.54928144|-0.285256054,Rattus rattus
Progne modesta,No studies found,2141,Successful (Reinvaded),1,Bartolomé,Galapagos Islands,Pacific Ocean - North East,Ecuador,-90.54928144|-0.285256054,Rattus rattus
Spheniscus mendiculus,No studies found,2141,Successful (Reinvaded),2,Bartolomé,Galapagos Islands,Pacific Ocean - North East,Ecuador,-90.54928144|-0.285256054,Rattus rattus
Ardenna carneipes,Population study without data in support,1751,Successful (Reinvaded),1,Battleship Rock,Bay of Islands (Black Rocks),Pacific Ocean - South West,New Zealand,174.1143323|-35.20873745,Rattus rattus
Ardenna grisea,No studies found,1751,Successful (Reinvaded),2,Battleship Rock,Bay of Islands (Black Rocks),Pacific Ocean - South West,New Zealand,174.1143323|-35.20873745,Rattus rattus
Eudyptes pachyrhynchus,No studies found,1751,Successful (Reinvaded),3,Battleship Rock,Bay of Islands (Black Rocks),Pacific Ocean - South West,New Zealand,174.1143323|-35.20873745,Rattus rattus
Sterna striata,No studies found,1751,Successful (Reinvaded),4,Battleship Rock,Bay of Islands (Black Rocks),Pacific Ocean - South West,New Zealand,174.1143323|-35.20873745,Rattus rattus
Pterodroma hasitata,No studies found,1675,Successful,1,Bay Cay,Bahamas (Turks and Caicos),Caribbean,Turks and Caicos Islands,-71.89012768|21.91559291,Rattus rattus
Certhidea olivacea,No studies found,1775,Unknown pre-status,1,Beagle Oeste,Galapagos Islands,Pacific Ocean - North East,Ecuador,-90.63152006|-0.416618713,Rattus rattus
Hydrobates leucorhous,No studies found,1775,Unknown pre-status,1,Beagle Oeste,Galapagos Islands,Pacific Ocean - North East,Ecuador,-90.63152006|-0.416618713,Rattus rattus
Pseudobulweria rostrata,No studies found,1775,Unknown pre-status,1,Beagle Oeste,Galapagos Islands,Pacific Ocean - North East,Ecuador,-90.63152006|-0.416618713,Rattus rattus
Pterodroma externa,No studies found,1775,Unknown pre-status,1,Beagle Oeste,Galapagos Islands,Pacific Ocean - North East,Ecuador,-90.63152006|-0.416618713,Rattus rattus
Pterodroma phaeopygia,Population study without data in support,1775,Unknown pre-status,1,Beagle Oeste,Galapagos Islands,Pacific Ocean - North East,Ecuador,-90.63152006|-0.416618713,Rattus rattus
Calonectris leucomelas,Only predation in support,831,Successful,1,Bedout,Western Australia,Indian Ocean - East,Australia,119.0998719|-19.58923625,Rattus rattus
Ardenna grisea,No studies found,1691,Successful,1,Bench,Stewart Islands,Pacific Ocean - South West,New Zealand,168.2398052|-46.90934994,Rattus rattus
Coenocorypha iredalei,Population study without data in support,1691,Successful,1,Bench,Stewart Islands,Pacific Ocean - South West,New Zealand,168.2398052|-46.90934994,Rattus rattus
Mergus australis,No studies found,1691,Successful,1,Bench,Stewart Islands,Pacific Ocean - South West,New Zealand,168.2398052|-46.90934994,Rattus rattus
Mohoua ochrocephala,Population study with data in support,1691,Successful,1,Bench,Stewart Islands,Pacific Ocean - South West,New Zealand,168.2398052|-46.90934994,Rattus rattus
Sterna striata,No studies found,1691,Successful,1,Bench,Stewart Islands,Pacific Ocean - South West,New Zealand,168.2398052|-46.90934994,Rattus rattus
Ardenna grisea,No studies found,3024,Successful,3,Berlenga Grande,Berlengas Islands,Atlantic Ocean - North,Portugal,-9.50999848|39.41517529,Rattus rattus
Fratercula arctica,Population study without data in support,3024,Successful,3,Berlenga Grande,Berlengas Islands,Atlantic Ocean - North,Portugal,-9.50999848|39.41517529,Rattus rattus
Hydrobates leucorhous,No studies found,3024,Successful,1,Berlenga Grande,Berlengas Islands,Atlantic Ocean - North,Portugal,-9.50999848|39.41517529,Rattus rattus
Puffinus mauretanicus,All studies are not in support,3024,Successful,1,Berlenga Grande,Berlengas Islands,Atlantic Ocean - North,Portugal,-9.50999848|39.41517529,Rattus rattus
Ardenna carneipes,Population study without data in support,3206,Successful,1,Big Green,Tasmanian Islands (Furneaux Group),Pacific Ocean - South West,Australia,147.9786118|-40.18464237,Rattus rattus
Ardenna grisea,No studies found,3206,Successful,3,Big Green,Tasmanian Islands (Furneaux Group),Pacific Ocean - South West,Australia,147.9786118|-40.18464237,Rattus rattus
Eudyptes pachyrhynchus,No studies found,3206,Successful,3,Big Green,Tasmanian Islands (Furneaux Group),Pacific Ocean - South West,Australia,147.9786118|-40.18464237,Rattus rattus
Sterna striata,No studies found,3206,Successful,4,Big Green,Tasmanian Islands (Furneaux Group),Pacific Ocean - South West,Australia,147.9786118|-40.18464237,Rattus rattus
Ardenna carneipes,Population study without data in support,383,Successful,1,Bird,Seychelles,Indian Ocean - West,Seychelles,55.20568274|-3.719388162,Rattus rattus
Bulweria fallax,All studies are not in support,383,Successful,1,Bird,Seychelles,Indian Ocean - West,Seychelles,55.20568274|-3.719388162,Rattus rattus
Hydrobates matsudairae,No studies found,383,Successful,3,Bird,Seychelles,Indian Ocean - West,Seychelles,55.20568274|-3.719388162,Rattus rattus
Ardenna carneipes,Population study without data in support,529,Failed,1,Bloodwood,Western Australia (Montebello Islands),Indian Ocean - East,Australia,115.5286822|-20.51590776,Rattus rattus
Calonectris leucomelas,Only predation in support,529,Failed,1,Bloodwood,Western Australia (Montebello Islands),Indian Ocean - East,Australia,115.5286822|-20.51590776,Rattus rattus
Pterodroma hasitata,No studies found,3154,Failed,1,Boisseau,Lesser Antilles (Robert Islets),Caribbean,Martinique,-60.88030022|14.67400092,Rattus rattus
Pterodroma hasitata,No studies found,2427,Unknown,1,Boisseau,Lesser Antilles (Robert Islets),Caribbean,Martinique,-60.88030022|14.67400092,Rattus rattus
Ardenna carneipes,Population study without data in support,881,Successful,1,Boomerang,Western Australia (Barrow Islands),Indian Ocean - East,Australia,115.4808921|-20.73469918,Rattus rattus
Calonectris leucomelas,Only predation in support,881,Successful,1,Boomerang,Western Australia (Barrow Islands),Indian Ocean - East,Australia,115.4808921|-20.73469918,Rattus rattus
Fratercula arctica,Population study without data in support,2744,Successful,3,Bosc,Balearic Islands (Ibiza Group),Mediterranean,Spain,1.21695843|38.96898284,Rattus rattus
Larus audouinii,All studies are not in support,2744,Successful,3,Bosc,Balearic Islands (Ibiza Group),Mediterranean,Spain,1.21695843|38.96898284,Rattus rattus
Puffinus mauretanicus,All studies are not in support,2744,Successful,1,Bosc,Balearic Islands (Ibiza Group),Mediterranean,Spain,1.21695843|38.96898284,Rattus rattus
Puffinus yelkouan,Population study with data in support,2744,Successful,1,Bosc,Balearic Islands (Ibiza Group),Mediterranean,Spain,1.21695843|38.96898284,Rattus rattus
Ardenna grisea,No studies found,911,Successful,3,Bowen,New South Wales,Pacific Ocean - South West,Australia,150.7687107|-35.11833399,Rattus rattus
Sterna striata,No studies found,911,Successful,3,Bowen,New South Wales,Pacific Ocean - South West,Australia,150.7687107|-35.11833399,Rattus rattus
Calonectris leucomelas,Only predation in support,3128,In Progress,1,Bresnahan,Queensland Islands (North Barnard Islands),Pacific Ocean - South West,Australia,146.1683861|-17.66712584,Rattus rattus
Pterodroma leucoptera,No studies found,3128,In Progress,1,Bresnahan,Queensland Islands (North Barnard Islands),Pacific Ocean - South West,Australia,146.1683861|-17.66712584,Rattus rattus
Ardenna carneipes,Population study without data in support,528,Successful,1,Brooke,Western Australia (Montebello Islands),Indian Ocean - East,Australia,115.5044046|-20.43357061,Rattus rattus
Calonectris leucomelas,Only predation in support,528,Successful,1,Brooke,Western Australia (Montebello Islands),Indian Ocean - East,Australia,115.5044046|-20.43357061,Rattus rattus
Ardenna carneipes,Population study without data in support,1758,Unknown pre-status,1,Brooke,Western Australia (Montebello Islands),Indian Ocean - East,Australia,115.5044046|-20.43357061,Rattus rattus
Calonectris leucomelas,Only predation in support,1758,Unknown pre-status,1,Brooke,Western Australia (Montebello Islands),Indian Ocean - East,Australia,115.5044046|-20.43357061,Rattus rattus
Ardenna carneipes,Population study without data in support,903,Successful,1,Broughton,Myall Coast Islands,Pacific Ocean - South West,Australia,152.3163473|-32.61689943,Rattus rattus
Ardenna grisea,No studies found,903,Successful,3,Broughton,Myall Coast Islands,Pacific Ocean - South West,Australia,152.3163473|-32.61689943,Rattus rattus
Calonectris leucomelas,Only predation in support,903,Successful,1,Broughton,Myall Coast Islands,Pacific Ocean - South West,Australia,152.3163473|-32.61689943,Rattus rattus
Pterodroma leucoptera,No studies found,903,Successful,2,Broughton,Myall Coast Islands,Pacific Ocean - South West,Australia,152.3163473|-32.61689943,Rattus rattus
Sterna striata,No studies found,903,Successful,4,Broughton,Myall Coast Islands,Pacific Ocean - South West,Australia,152.3163473|-32.61689943,Rattus rattus
Ardenna carneipes,Population study without data in support,906,Successful,1,Brush,New South Wales,Pacific Ocean - South West,Australia,150.4168817|-35.52914213,Rattus rattus
Ardenna grisea,No studies found,906,Successful,3,Brush,New South Wales,Pacific Ocean - South West,Australia,150.4168817|-35.52914213,Rattus rattus
Sterna striata,No studies found,906,Successful,4,Brush,New South Wales,Pacific Ocean - South West,Australia,150.4168817|-35.52914213,Rattus rattus
Pterodroma hasitata,No studies found,1700,Successful,1,Buck,Lesser Antilles (US Virgin Islands (St. Croix Islands)),Caribbean,Virgin Islands U.S.,-64.62090151|17.78714983,Rattus rattus
Pterodroma hasitata,No studies found,2156,Successful,1,Buck,Lesser Antilles (US Virgin Islands (St. Thomas Islands)),Caribbean,Virgin Islands U.S.,-64.89402929|18.27707682,Rattus rattus
Pterodroma hasitata,No studies found,1051,Successful,1,Burgaux,Lesser Antilles (lets de Sainte-Anne),Caribbean,Martinique,-60.83230287|14.41253263,Rattus rattus
Pterodroma hasitata,No studies found,1790,Failed,1,Burgaux,Lesser Antilles (lets de Sainte-Anne),Caribbean,Martinique,-60.83230287|14.41253263,Rattus rattus
Pterodroma hasitata,No studies found,2152,Failed,1,Burgaux,Lesser Antilles (lets de Sainte-Anne),Caribbean,Martinique,-60.83230287|14.41253263,Rattus rattus
Puffinus mauretanicus,All studies are not in support,3188,Successful,2,Cabrera Gran,Balearic Islands (Cabrera Group),Mediterranean,Spain,2.9435009|39.14509784,Rattus rattus
Puffinus mauretanicus,All studies are not in support,3188,Successful,1,Cabrera Gran,Balearic Islands (Cabrera Group),Mediterranean,Spain,2.9435009|39.14509784,Rattus rattus
Pterodroma hasitata,No studies found,1728,Successful,1,Capella,Lesser Antilles (US Virgin Islands (St. Thomas Islands)),Caribbean,Virgin Islands U.S.,-64.88755818|18.27544365,Rattus rattus
Pterodroma hasitata,No studies found,2250,Successful,1,Cardona,Greater Antilles (Puerto Rican Islands; Ponce Islands),Caribbean,Puerto Rico,-66.63516582|17.95694812,Rattus rattus
Ardenna carneipes,Population study without data in support,1749,Successful,1,Carnation,Western Australia (Montebello Islands),Indian Ocean - East,Australia,115.5218691|-20.37896478,Rattus rattus
Calonectris leucomelas,Only predation in support,1749,Successful,1,Carnation,Western Australia (Montebello Islands),Indian Ocean - East,Australia,115.5218691|-20.37896478,Rattus rattus
Ardenna carneipes,Population study without data in support,1748,Unknown pre-status,1,Carnation,Western Australia (Montebello Islands),Indian Ocean - East,Australia,115.5218691|-20.37896478,Rattus rattus
Calonectris leucomelas,Only predation in support,1748,Unknown pre-status,1,Carnation,Western Australia (Montebello Islands),Indian Ocean - East,Australia,115.5218691|-20.37896478,Rattus rattus
Larus audouinii,All studies are not in support,2206,Successful,3,Cavalli,Sardinian Islands,Mediterranean,Italy,9.64029431|40.88545601,Rattus rattus
Larus audouinii,All studies are not in support,2869,Successful,3,Cavalli,Sardinian Islands,Mediterranean,Italy,9.64029431|40.88545601,Rattus rattus
Puffinus mauretanicus,All studies are not in support,2206,Successful,1,Cavalli,Sardinian Islands,Mediterranean,Italy,9.64029431|40.88545601,Rattus rattus
Puffinus mauretanicus,All studies are not in support,2869,Successful,1,Cavalli,Sardinian Islands,Mediterranean,Italy,9.64029431|40.88545601,Rattus rattus
Puffinus yelkouan,Population study with data in support,2206,Successful,1,Cavalli,Sardinian Islands,Mediterranean,Italy,9.64029431|40.88545601,Rattus rattus
Puffinus yelkouan,Population study with data in support,2869,Successful,1,Cavalli,Sardinian Islands,Mediterranean,Italy,9.64029431|40.88545601,Rattus rattus
Pterodroma hasitata,No studies found,2372,Failed,1,Cayo Berberia,Greater Antilles (Puerto Rican Islands),Caribbean,Puerto Rico,-66.4561898|17.92880328,Rattus rattus
Pterodroma hasitata,No studies found,2248,Successful,1,Cayo Diablo,Greater Antilles (Puerto Rican Islands),Caribbean,Puerto Rico,-65.53024825|18.36252153,Rattus rattus
Pterodroma hasitata,No studies found,2251,Successful (Reinvaded),1,Cayo Don Luis,Greater Antilles (Puerto Rican Islands; Parguera Islands),Caribbean,Puerto Rico,-66.98898136|17.94918238,Rattus rattus
Pterodroma hasitata,No studies found,2379,Failed,1,Cayo Don Luis,Greater Antilles (Puerto Rican Islands; Parguera Islands),Caribbean,Puerto Rico,-66.98898136|17.94918238,Rattus rattus
Pterodroma hasitata,No studies found,2383,To Be Confirmed,1,Cayo Frio,Greater Antilles (Puerto Rican Islands),Caribbean,Puerto Rico,-66.99798864|17.96548878,Rattus rattus
Pterodroma hasitata,No studies found,3233,To Be Confirmed,1,Cayo Lobo,Greater Antilles (Puerto Rican Islands),Caribbean,Puerto Rico,-65.377247|18.324297,Rattus rattus
Pterodroma hasitata,No studies found,3116,Successful,1,Cayo Maria Langa,Greater Antilles (Puerto Rican Islands),Caribbean,Puerto Rico,-66.75140258|17.96576225,Rattus rattus
Pterodroma hasitata,No studies found,1746,Successful,1,Cayo Ratones,Greater Antilles (Puerto Rican Islands),Caribbean,Puerto Rico,-65.58008896|18.38208075,Rattus rattus
Ardenna grisea,No studies found,245,Successful,3,Chateau,Kerguelen Islands (Golfe du Morbihan),Indian Ocean - West,French Southern Territories,69.92432199|-49.4941167,Rattus rattus
Phoebetria palpebrata,No studies found,245,Successful,1,Chateau,Kerguelen Islands (Golfe du Morbihan),Indian Ocean - West,French Southern Territories,69.92432199|-49.4941167,Rattus rattus
Hydrobates matsudairae,No studies found,1048,Successful,3,Chumbe,Zanzibar Islands,Indian Ocean - West,Tanzania United Republic of,39.1775159|-6.278396501,Rattus rattus
Ardenna carneipes,Population study without data in support,2548,Successful,1,Citadel,Bass Strait Islands (Wilsons Promontory),Pacific Ocean - South West,Australia,146.236834|-39.11466803,Rattus rattus
Ardenna grisea,No studies found,2548,Successful,3,Citadel,Bass Strait Islands (Wilsons Promontory),Pacific Ocean - South West,Australia,146.236834|-39.11466803,Rattus rattus
Eudyptes pachyrhynchus,No studies found,2548,Successful,3,Citadel,Bass Strait Islands (Wilsons Promontory),Pacific Ocean - South West,Australia,146.236834|-39.11466803,Rattus rattus
Sterna striata,No studies found,2548,Successful,4,Citadel,Bass Strait Islands (Wilsons Promontory),Pacific Ocean - South West,Australia,146.236834|-39.11466803,Rattus rattus
Ardenna grisea,No studies found,1791,Unknown,3,Clifton Rocks 2,South African Rocks,Atlantic Ocean - South,South Africa,18.36745784|-33.9413594,Rattus rattus
Diomedea dabbenena,All studies are not in support,1791,Unknown,1,Clifton Rocks 2,South African Rocks,Atlantic Ocean - South,South Africa,18.36745784|-33.9413594,Rattus rattus
Phoebetria fusca,All studies are not in support,1791,Unknown,1,Clifton Rocks 2,South African Rocks,Atlantic Ocean - South,South Africa,18.36745784|-33.9413594,Rattus rattus
Procellaria aequinoctialis,All studies are not in support,1791,Unknown,1,Clifton Rocks 2,South African Rocks,Atlantic Ocean - South,South Africa,18.36745784|-33.9413594,Rattus rattus
Pterodroma hasitata,No studies found,432,Successful (Reinvaded),1,Codrington,Lesser Antilles (Antigua and Barbuda Islands),Caribbean,Antigua and Barbuda,-61.706008|17.10246724,Rattus rattus
Pterodroma hasitata,No studies found,3069,Successful (Reinvaded),1,Codrington,Lesser Antilles (Antigua and Barbuda Islands),Caribbean,Antigua and Barbuda,-61.706008|17.10246724,Rattus rattus
Fratercula arctica,Population study without data in support,2748,Trial or Research only,3,Colom,Balearic Islands (Menorca Group),Mediterranean,Spain,4.2777272|39.96053247,Rattus rattus
Puffinus mauretanicus,All studies are not in support,2748,Trial or Research only,1,Colom,Balearic Islands (Menorca Group),Mediterranean,Spain,4.2777272|39.96053247,Rattus rattus
Puffinus yelkouan,Population study with data in support,2748,Trial or Research only,1,Colom,Balearic Islands (Menorca Group),Mediterranean,Spain,4.2777272|39.96053247,Rattus rattus
Dendrocygna arborea,All studies are not in support,1720,Failed,1,Congo Cay,Lesser Antilles (US Virgin Islands),Caribbean,Virgin Islands U.S.,-64.80303422|18.36767804,Rattus rattus
Dendrocygna arborea,All studies are not in support,1721,Failed,1,Congo Cay,Lesser Antilles (US Virgin Islands),Caribbean,Virgin Islands U.S.,-64.80303422|18.36767804,Rattus rattus
Dendrocygna arborea,All studies are not in support,2145,Failed,1,Congo Cay,Lesser Antilles (US Virgin Islands),Caribbean,Virgin Islands U.S.,-64.80303422|18.36767804,Rattus rattus
Fratercula arctica,Population study without data in support,2737,To Be Confirmed,3,Congreso,Chafarinas Archipelago,Mediterranean,Spain,-2.44095164|35.17880104,Rattus rattus
Larus audouinii,All studies are not in support,2737,To Be Confirmed,2,Congreso,Chafarinas Archipelago,Mediterranean,Spain,-2.44095164|35.17880104,Rattus rattus
Puffinus mauretanicus,All studies are not in support,2737,To Be Confirmed,1,Congreso,Chafarinas Archipelago,Mediterranean,Spain,-2.44095164|35.17880104,Rattus rattus
Puffinus yelkouan,Population study with data in support,2737,To Be Confirmed,1,Congreso,Chafarinas Archipelago,Mediterranean,Spain,-2.44095164|35.17880104,Rattus rattus
Larus audouinii,All studies are not in support,2757,Successful,2,Conillis (Conillera),Balearic Islands (Ibiza Group),Mediterranean,Spain,1.21197903|38.9852825,Rattus rattus
Puffinus mauretanicus,All studies are not in support,2757,Successful,2,Conillis (Conillera),Balearic Islands (Ibiza Group),Mediterranean,Spain,1.21197903|38.9852825,Rattus rattus
Puffinus mauretanicus,All studies are not in support,2757,Successful,1,Conillis (Conillera),Balearic Islands (Ibiza Group),Mediterranean,Spain,1.21197903|38.9852825,Rattus rattus
Puffinus mauretanicus,All studies are not in support,2746,Successful,2,Conills (Conillera),Balearic Islands (Cabrera Group),Mediterranean,Spain,2.96416321|39.18349561,Rattus rattus
Puffinus mauretanicus,All studies are not in support,2746,Successful,1,Conills (Conillera),Balearic Islands (Cabrera Group),Mediterranean,Spain,2.96416321|39.18349561,Rattus rattus
Puffinus mauretanicus,All studies are not in support,2901,Successful (Reinvaded),2,Conills (Conillera),Balearic Islands (Cabrera Group),Mediterranean,Spain,2.96416321|39.18349561,Rattus rattus
Puffinus mauretanicus,All studies are not in support,2901,Successful (Reinvaded),1,Conills (Conillera),Balearic Islands (Cabrera Group),Mediterranean,Spain,2.96416321|39.18349561,Rattus rattus
Hydrobates leucorhous,No studies found,2047,Failed,1,Cousin Rock,Galapagos Islands,Pacific Ocean - North East,Ecuador,-90.57458004|-0.235563127,Rattus rattus
Procellaria parkinsoni,No studies found,2047,Failed,1,Cousin Rock,Galapagos Islands,Pacific Ocean - North East,Ecuador,-90.57458004|-0.235563127,Rattus rattus
Pseudobulweria rostrata,No studies found,2047,Failed,1,Cousin Rock,Galapagos Islands,Pacific Ocean - North East,Ecuador,-90.57458004|-0.235563127,Rattus rattus
Pterodroma cookii,No studies found,2047,Failed,1,Cousin Rock,Galapagos Islands,Pacific Ocean - North East,Ecuador,-90.57458004|-0.235563127,Rattus rattus
Pterodroma externa,No studies found,2047,Failed,1,Cousin Rock,Galapagos Islands,Pacific Ocean - North East,Ecuador,-90.57458004|-0.235563127,Rattus rattus
Pterodroma leucoptera,No studies found,2047,Failed,1,Cousin Rock,Galapagos Islands,Pacific Ocean - North East,Ecuador,-90.57458004|-0.235563127,Rattus rattus
Pterodroma phaeopygia,Population study without data in support,2047,Failed,1,Cousin Rock,Galapagos Islands,Pacific Ocean - North East,Ecuador,-90.57458004|-0.235563127,Rattus rattus
Spheniscus mendiculus,No studies found,2047,Failed,3,Cousin Rock,Galapagos Islands,Pacific Ocean - North East,Ecuador,-90.57458004|-0.235563127,Rattus rattus
Ardenna carneipes,Population study without data in support,2764,Successful,1,Crocus,Western Australia (Montebello Islands),Indian Ocean - East,Australia,115.5257361|-20.42250036,Rattus rattus
Calonectris leucomelas,Only predation in support,2764,Successful,1,Crocus,Western Australia (Montebello Islands),Indian Ocean - East,Australia,115.5257361|-20.42250036,Rattus rattus
Ardenna carneipes,Population study without data in support,368,Failed,1,Crocus,Western Australia (Montebello Islands),Indian Ocean - East,Australia,115.5257361|-20.42250036,Rattus rattus
Calonectris leucomelas,Only predation in support,368,Failed,1,Crocus,Western Australia (Montebello Islands),Indian Ocean - East,Australia,115.5257361|-20.42250036,Rattus rattus
Ardenna carneipes,Population study without data in support,1708,Unknown pre-status,1,Crocus,Western Australia (Montebello Islands),Indian Ocean - East,Australia,115.5257361|-20.42250036,Rattus rattus
Calonectris leucomelas,Only predation in support,1708,Unknown pre-status,1,Crocus,Western Australia (Montebello Islands),Indian Ocean - East,Australia,115.5257361|-20.42250036,Rattus rattus
Coracopsis barklyi,No studies found,141,Successful (Reinvaded),1,Curieuse,Seychelles,Indian Ocean - West,Seychelles,55.72550979|-4.282829418,Rattus rattus
Falco araeus,No studies found,141,Successful (Reinvaded),1,Curieuse,Seychelles,Indian Ocean - West,Seychelles,55.72550979|-4.282829418,Rattus rattus
Hydrobates matsudairae,No studies found,141,Successful (Reinvaded),3,Curieuse,Seychelles,Indian Ocean - West,Seychelles,55.72550979|-4.282829418,Rattus rattus
Ardenna grisea,No studies found,162,Failed,3,Cézembre,null,Atlantic Ocean - North,France,-2.07172033|48.67653629,Rattus rattus
Puffinus mauretanicus,All studies are not in support,162,Failed,1,Cézembre,null,Atlantic Ocean - North,France,-2.07172033|48.67653629,Rattus rattus
Ardenna carneipes,Population study without data in support,2773,Successful,1,Dahlia,Western Australia (Montebello Islands),Indian Ocean - East,Australia,115.5784767|-20.4289418,Rattus rattus
Calonectris leucomelas,Only predation in support,2773,Successful,1,Dahlia,Western Australia (Montebello Islands),Indian Ocean - East,Australia,115.5784767|-20.4289418,Rattus rattus
Ardenna carneipes,Population study without data in support,2774,Successful,1,Daisy,Western Australia (Montebello Islands),Indian Ocean - East,Australia,115.5803775|-20.43941784,Rattus rattus
Calonectris leucomelas,Only predation in support,2774,Successful,1,Daisy,Western Australia (Montebello Islands),Indian Ocean - East,Australia,115.5803775|-20.43941784,Rattus rattus
Ardenna grisea,No studies found,2876,Successful,3,Dames,Bay of Morlaix,Atlantic Ocean - North,France,-3.88400035|48.68612618,Rattus rattus
Fratercula arctica,Population study without data in support,2876,Successful,2,Dames,Bay of Morlaix,Atlantic Ocean - North,France,-3.88400035|48.68612618,Rattus rattus
Hydrobates leucorhous,No studies found,2876,Successful,1,Dames,Bay of Morlaix,Atlantic Ocean - North,France,-3.88400035|48.68612618,Rattus rattus
Puffinus mauretanicus,All studies are not in support,2876,Successful,1,Dames,Bay of Morlaix,Atlantic Ocean - North,France,-3.88400035|48.68612618,Rattus rattus
Ardenna carneipes,Population study without data in support,2775,Successful,1,Dandelion,Western Australia (Montebello Islands),Indian Ocean - East,Australia,115.5795874|-20.43242769,Rattus rattus
Calonectris leucomelas,Only predation in support,2775,Successful,1,Dandelion,Western Australia (Montebello Islands),Indian Ocean - East,Australia,115.5795874|-20.43242769,Rattus rattus
Ardenna carneipes,Population study without data in support,367,Successful,1,Delta,Western Australia (Montebello Islands),Indian Ocean - East,Australia,115.5479196|-20.44207163,Rattus rattus
Calonectris leucomelas,Only predation in support,367,Successful,1,Delta,Western Australia (Montebello Islands),Indian Ocean - East,Australia,115.5479196|-20.44207163,Rattus rattus
Ardenna carneipes,Population study without data in support,540,Successful (Reinvaded),1,Delta,Western Australia (Montebello Islands),Indian Ocean - East,Australia,115.5479196|-20.44207163,Rattus rattus
Calonectris leucomelas,Only predation in support,540,Successful (Reinvaded),1,Delta,Western Australia (Montebello Islands),Indian Ocean - East,Australia,115.5479196|-20.44207163,Rattus rattus
Ardenna carneipes,Population study without data in support,2608,Unknown pre-status,1,Delta,Western Australia (Montebello Islands),Indian Ocean - East,Australia,115.5479196|-20.44207163,Rattus rattus
Ardenna carneipes,Population study without data in support,2609,Unknown pre-status,1,Delta,Western Australia (Montebello Islands),Indian Ocean - East,Australia,115.5479196|-20.44207163,Rattus rattus
Calonectris leucomelas,Only predation in support,2608,Unknown pre-status,1,Delta,Western Australia (Montebello Islands),Indian Ocean - East,Australia,115.5479196|-20.44207163,Rattus rattus
Calonectris leucomelas,Only predation in support,2609,Unknown pre-status,1,Delta,Western Australia (Montebello Islands),Indian Ocean - East,Australia,115.5479196|-20.44207163,Rattus rattus
Ardenna carneipes,Population study without data in support,448,Successful,1,Denis,Seychelles,Indian Ocean - West,Seychelles,55.6669783|-3.805198508,Rattus rattus
Bulweria fallax,All studies are not in support,448,Successful,1,Denis,Seychelles,Indian Ocean - West,Seychelles,55.6669783|-3.805198508,Rattus rattus
Copsychus sechellarum,No studies found,448,Successful,1,Denis,Seychelles,Indian Ocean - West,Seychelles,55.6669783|-3.805198508,Rattus rattus
Hydrobates matsudairae,No studies found,448,Successful,3,Denis,Seychelles,Indian Ocean - West,Seychelles,55.6669783|-3.805198508,Rattus rattus
Ardenna carneipes,Population study without data in support,142,Successful (Reinvaded),1,Denis,Seychelles,Indian Ocean - West,Seychelles,55.6669783|-3.805198508,Rattus rattus
Bulweria fallax,All studies are not in support,142,Successful (Reinvaded),1,Denis,Seychelles,Indian Ocean - West,Seychelles,55.6669783|-3.805198508,Rattus rattus
Copsychus sechellarum,No studies found,142,Successful (Reinvaded),1,Denis,Seychelles,Indian Ocean - West,Seychelles,55.6669783|-3.805198508,Rattus rattus
Hydrobates matsudairae,No studies found,142,Successful (Reinvaded),3,Denis,Seychelles,Indian Ocean - West,Seychelles,55.6669783|-3.805198508,Rattus rattus
Pterodroma hasitata,No studies found,2825,Successful,1,Desecheo,Greater Antilles (Puerto Rican Islands),Caribbean,Puerto Rico,-67.48055711|18.38416819,Rattus rattus
Pterodroma hasitata,No studies found,514,Failed,1,Desecheo,Greater Antilles (Puerto Rican Islands),Caribbean,Puerto Rico,-67.48055711|18.38416819,Rattus rattus
Ardenna carneipes,Population study without data in support,3167,Successful,1,Direction,Cocos (Keeling) Islands,Indian Ocean - East,Cocos (Keeling) Islands,96.88335174|-12.08964244,Rattus rattus
Hydrobates matsudairae,No studies found,3167,Successful,3,Direction,Cocos (Keeling) Islands,Indian Ocean - East,Cocos (Keeling) Islands,96.88335174|-12.08964244,Rattus rattus
Pterodroma hasitata,No studies found,1735,Successful,1,Dog,Lesser Antilles (US Virgin Islands (St. Thomas Islands)),Caribbean,Virgin Islands U.S.,-64.81624357|18.29576351,Rattus rattus
Ardenna carneipes,Population study without data in support,140,Successful,1,Double Islands North,Western Australia (Barrow Islands),Indian Ocean - East,Australia,115.4949942|-20.73768214,Rattus rattus
Calonectris leucomelas,Only predation in support,140,Successful,1,Double Islands North,Western Australia (Barrow Islands),Indian Ocean - East,Australia,115.4949942|-20.73768214,Rattus rattus
Ardenna carneipes,Population study without data in support,1713,Successful,1,Double Islands South,Western Australia (Barrow Islands),Indian Ocean - East,Australia,115.4921234|-20.74609618,Rattus rattus
Calonectris leucomelas,Only predation in support,1713,Successful,1,Double Islands South,Western Australia (Barrow Islands),Indian Ocean - East,Australia,115.4921234|-20.74609618,Rattus rattus
Larus audouinii,All studies are not in support,2940,To Be Confirmed,2,Dragonada,Crete Islands (Dionysades),Mediterranean,Greece,26.17795756|35.3452876,Rattus rattus
Puffinus yelkouan,Population study with data in support,2940,To Be Confirmed,2,Dragonada,Crete Islands (Dionysades),Mediterranean,Greece,26.17795756|35.3452876,Rattus rattus
Puffinus mauretanicus,All studies are not in support,2153,Successful,1,Dragonera,Balearic Islands (Mallorca Group),Mediterranean,Spain,2.319859|39.5843818,Rattus rattus
Ardenna carneipes,Population study without data in support,1044,Successful (Reinvaded),1,Duffer's Reef,Marlborough Sound,Pacific Ocean - South West,New Zealand,174.0409845|-40.95437244,Rattus rattus
Ardenna grisea,No studies found,1044,Successful (Reinvaded),1,Duffer's Reef,Marlborough Sound,Pacific Ocean - South West,New Zealand,174.0409845|-40.95437244,Rattus rattus
Chlidonias albostriatus,Only predation in support,1044,Successful (Reinvaded),4,Duffer's Reef,Marlborough Sound,Pacific Ocean - South West,New Zealand,174.0409845|-40.95437244,Rattus rattus
Eudyptes pachyrhynchus,No studies found,1044,Successful (Reinvaded),3,Duffer's Reef,Marlborough Sound,Pacific Ocean - South West,New Zealand,174.0409845|-40.95437244,Rattus rattus
Phoebetria palpebrata,No studies found,1044,Successful (Reinvaded),1,Duffer's Reef,Marlborough Sound,Pacific Ocean - South West,New Zealand,174.0409845|-40.95437244,Rattus rattus
Procellaria aequinoctialis,All studies are not in support,1044,Successful (Reinvaded),1,Duffer's Reef,Marlborough Sound,Pacific Ocean - South West,New Zealand,174.0409845|-40.95437244,Rattus rattus
Procellaria cinerea,All studies are not in support,1044,Successful (Reinvaded),1,Duffer's Reef,Marlborough Sound,Pacific Ocean - South West,New Zealand,174.0409845|-40.95437244,Rattus rattus
Procellaria parkinsoni,No studies found,1044,Successful (Reinvaded),1,Duffer's Reef,Marlborough Sound,Pacific Ocean - South West,New Zealand,174.0409845|-40.95437244,Rattus rattus
Procellaria westlandica,No studies found,1044,Successful (Reinvaded),1,Duffer's Reef,Marlborough Sound,Pacific Ocean - South West,New Zealand,174.0409845|-40.95437244,Rattus rattus
Pterodroma cookii,No studies found,1044,Successful (Reinvaded),1,Duffer's Reef,Marlborough Sound,Pacific Ocean - South West,New Zealand,174.0409845|-40.95437244,Rattus rattus
Pterodroma inexpectata,No studies found,1044,Successful (Reinvaded),1,Duffer's Reef,Marlborough Sound,Pacific Ocean - South West,New Zealand,174.0409845|-40.95437244,Rattus rattus
Pterodroma leucoptera,No studies found,1044,Successful (Reinvaded),1,Duffer's Reef,Marlborough Sound,Pacific Ocean - South West,New Zealand,174.0409845|-40.95437244,Rattus rattus
Sterna striata,No studies found,1044,Successful (Reinvaded),4,Duffer's Reef,Marlborough Sound,Pacific Ocean - South West,New Zealand,174.0409845|-40.95437244,Rattus rattus
Pterodroma hasitata,No studies found,1726,Successful,1,Dutchcap Cay,Lesser Antilles (US Virgin Islands),Caribbean,Virgin Islands U.S.,-65.06176091|18.38000948,Rattus rattus
Ardenna carneipes,Population study without data in support,1687,Failed,1,Eagle,Chagos Archipelago,Indian Ocean - West,British Indian Ocean Territory,71.32853826|-6.187955223,Rattus rattus
Bulweria fallax,All studies are not in support,1687,Failed,1,Eagle,Chagos Archipelago,Indian Ocean - West,British Indian Ocean Territory,71.32853826|-6.187955223,Rattus rattus
Hydrobates matsudairae,No studies found,1687,Failed,3,Eagle,Chagos Archipelago,Indian Ocean - West,British Indian Ocean Territory,71.32853826|-6.187955223,Rattus rattus
Ardenna carneipes,Population study without data in support,2261,Successful (Reinvaded),1,East Atoll,Bay of Islands (Black Rocks),Pacific Ocean - South West,New Zealand,174.0804658|-35.20201921,Rattus rattus
Ardenna grisea,No studies found,2261,Successful (Reinvaded),2,East Atoll,Bay of Islands (Black Rocks),Pacific Ocean - South West,New Zealand,174.0804658|-35.20201921,Rattus rattus
Eudyptes pachyrhynchus,No studies found,2261,Successful (Reinvaded),3,East Atoll,Bay of Islands (Black Rocks),Pacific Ocean - South West,New Zealand,174.0804658|-35.20201921,Rattus rattus
Sterna striata,No studies found,2261,Successful (Reinvaded),4,East Atoll,Bay of Islands (Black Rocks),Pacific Ocean - South West,New Zealand,174.0804658|-35.20201921,Rattus rattus
Pterodroma hasitata,No studies found,3063,Successful,1,East Cay,Lesser Antilles (Anguilla Islands),Caribbean,Anguilla,-63.23648902|18.28495695,Rattus rattus
Ardenna carneipes,Population study without data in support,2960,Successful,1,East Fairfax,Capricorn Bunker,Pacific Ocean - South West,Australia,152.3768621|-23.85559871,Rattus rattus
Calonectris leucomelas,Only predation in support,2960,Successful,1,East Fairfax,Capricorn Bunker,Pacific Ocean - South West,Australia,152.3768621|-23.85559871,Rattus rattus
Pseudobulweria rostrata,No studies found,2960,Successful,1,East Fairfax,Capricorn Bunker,Pacific Ocean - South West,Australia,152.3768621|-23.85559871,Rattus rattus
Pterodroma hasitata,No studies found,433,Successful (Reinvaded),1,East Maiden,Lesser Antilles (Antigua and Barbuda Islands),Caribbean,Antigua and Barbuda,-61.76338762|17.14510388,Rattus rattus
Ardenna carneipes,Population study without data in support,2395,Successful,1,East Murchison,British Columbia (Haida Gwaii),Pacific Ocean - North East,Canada,-131.4334429|52.60013813,Rattus rattus
Ardenna creatopus,All studies are not in support,2395,Successful,1,East Murchison,British Columbia (Haida Gwaii),Pacific Ocean - North East,Canada,-131.4334429|52.60013813,Rattus rattus
Ardenna grisea,No studies found,2395,Successful,3,East Murchison,British Columbia (Haida Gwaii),Pacific Ocean - North East,Canada,-131.4334429|52.60013813,Rattus rattus
Hydrobates leucorhous,No studies found,2395,Successful,1,East Murchison,British Columbia (Haida Gwaii),Pacific Ocean - North East,Canada,-131.4334429|52.60013813,Rattus rattus
Ptychoramphus aleuticus,Population study with data in support,2395,Successful,1,East Murchison,British Columbia (Haida Gwaii),Pacific Ocean - North East,Canada,-131.4334429|52.60013813,Rattus rattus
Calonectris leucomelas,Only predation in support,3127,In Progress,1,East Russell,Queensland Islands (Frankland Islands),Pacific Ocean - South West,Australia,146.0938973|-17.22284505,Rattus rattus
Pterodroma hasitata,No studies found,2879,Planned,1,East Seal Dog,Lesser Antilles (British Virgin Islands),Caribbean,Virgin Islands British,-64.43242825|18.50686564,Rattus rattus
Anas laysanensis,All studies are not in support,185,Successful,1,Eastern,Hawaiian Islands (Midway Atoll),Pacific Ocean - North East,United States,-177.3314535|28.20955113,Rattus rattus
Ardenna grisea,No studies found,185,Successful,3,Eastern,Hawaiian Islands (Midway Atoll),Pacific Ocean - North East,United States,-177.3314535|28.20955113,Rattus rattus
Zapornia palmeri,No studies found,185,Successful,1,Eastern,Hawaiian Islands (Midway Atoll),Pacific Ocean - North East,United States,-177.3314535|28.20955113,Rattus rattus
Pterodroma hasitata,No studies found,1694,Successful,1,Egmont Cay,Tampa Bay Islands,Caribbean,United States,-82.76127187|27.59086105,Rattus rattus
Fratercula arctica,Population study without data in support,3054,Successful,2,Eilean Mhuire,Scotland Islands (Shiant Isles),Atlantic Ocean - North,United Kingdom,-6.334769474|57.90224788,Rattus rattus
Fratercula arctica,Population study without data in support,3060,Successful,2,Eilean an Tighe,Scotland Islands (Shiant Isles),Atlantic Ocean - North,United Kingdom,-6.353067755|57.88861537,Rattus rattus
Ardenna carneipes,Population study without data in support,2776,Successful,1,Epsilon,Western Australia (Montebello Islands),Indian Ocean - East,Australia,115.5808466|-20.4446749,Rattus rattus
Calonectris leucomelas,Only predation in support,2776,Successful,1,Epsilon,Western Australia (Montebello Islands),Indian Ocean - East,Australia,115.5808466|-20.4446749,Rattus rattus
Ardenna grisea,No studies found,2293,Successful,3,Esclata-sang,Balearic Islands (Cabrera Group),Mediterranean,Spain,2.94315685|39.1257243,Rattus rattus
Fratercula arctica,Population study without data in support,2293,Successful,3,Esclata-sang,Balearic Islands (Cabrera Group),Mediterranean,Spain,2.94315685|39.1257243,Rattus rattus
Larus audouinii,All studies are not in support,2293,Successful,3,Esclata-sang,Balearic Islands (Cabrera Group),Mediterranean,Spain,2.94315685|39.1257243,Rattus rattus
Puffinus mauretanicus,All studies are not in support,2293,Successful,2,Esclata-sang,Balearic Islands (Cabrera Group),Mediterranean,Spain,2.94315685|39.1257243,Rattus rattus
Puffinus mauretanicus,All studies are not in support,2293,Successful,1,Esclata-sang,Balearic Islands (Cabrera Group),Mediterranean,Spain,2.94315685|39.1257243,Rattus rattus
Puffinus yelkouan,Population study with data in support,2293,Successful,1,Esclata-sang,Balearic Islands (Cabrera Group),Mediterranean,Spain,2.94315685|39.1257243,Rattus rattus
Larus audouinii,All studies are not in support,2745,Failed,2,Espalmador,Balearic Islands (Fomentera Group),Mediterranean,Spain,1.42473033|38.78603441,Rattus rattus
Puffinus mauretanicus,All studies are not in support,2745,Failed,1,Espalmador,Balearic Islands (Fomentera Group),Mediterranean,Spain,1.42473033|38.78603441,Rattus rattus
Fratercula arctica,Population study without data in support,2747,Successful,3,Estell Xapat,Balearic Islands (Cabrera Group),Mediterranean,Spain,2.93953539|39.12526414,Rattus rattus
Larus audouinii,All studies are not in support,2747,Successful,3,Estell Xapat,Balearic Islands (Cabrera Group),Mediterranean,Spain,2.93953539|39.12526414,Rattus rattus
Puffinus mauretanicus,All studies are not in support,2747,Successful,2,Estell Xapat,Balearic Islands (Cabrera Group),Mediterranean,Spain,2.93953539|39.12526414,Rattus rattus
Puffinus mauretanicus,All studies are not in support,2747,Successful,1,Estell Xapat,Balearic Islands (Cabrera Group),Mediterranean,Spain,2.93953539|39.12526414,Rattus rattus
Puffinus yelkouan,Population study with data in support,2747,Successful,1,Estell Xapat,Balearic Islands (Cabrera Group),Mediterranean,Spain,2.93953539|39.12526414,Rattus rattus
Ardeola idae,Only predation in support,2925,Successful (Reinvaded),1,Europa,Iles Eparses,Indian Ocean - West,Reunion,40.35817746|-22.36629517,Rattus rattus
Ardenna grisea,No studies found,3227,Successful,3,Eynhallow,Scotland Islands (Orkney Islands),Atlantic Ocean - North,United Kingdom,-3.12029052|59.14407477,Rattus rattus
Fratercula arctica,Population study without data in support,3227,Successful,2,Eynhallow,Scotland Islands (Orkney Islands),Atlantic Ocean - North,United Kingdom,-3.12029052|59.14407477,Rattus rattus
Hydrobates leucorhous,No studies found,3227,Successful,1,Eynhallow,Scotland Islands (Orkney Islands),Atlantic Ocean - North,United Kingdom,-3.12029052|59.14407477,Rattus rattus
Puffinus mauretanicus,All studies are not in support,3227,Successful,1,Eynhallow,Scotland Islands (Orkney Islands),Atlantic Ocean - North,United Kingdom,-3.12029052|59.14407477,Rattus rattus
Hydrobates leucorhous,No studies found,2393,Successful,2,Faraday,British Columbia (Haida Gwaii),Pacific Ocean - North East,Canada,-131.488335|52.60554761,Rattus rattus
Ardenna creatopus,All studies are not in support,1314,Successful,1,Farallón de San Ignacio,Gulf of California,Pacific Ocean - North East,Mexico,-109.3775956|25.43666799,Rattus rattus
Ardenna grisea,No studies found,1314,Successful,3,Farallón de San Ignacio,Gulf of California,Pacific Ocean - North East,Mexico,-109.3775956|25.43666799,Rattus rattus
Larus heermanni,Population study without data in support,1314,Successful,1,Farallón de San Ignacio,Gulf of California,Pacific Ocean - North East,Mexico,-109.3775956|25.43666799,Rattus rattus
Pterodroma cookii,No studies found,1314,Successful,1,Farallón de San Ignacio,Gulf of California,Pacific Ocean - North East,Mexico,-109.3775956|25.43666799,Rattus rattus
Puffinus opisthomelas,Population study without data in support,1314,Successful,3,Farallón de San Ignacio,Gulf of California,Pacific Ocean - North East,Mexico,-109.3775956|25.43666799,Rattus rattus
Synthliboramphus craveri,No studies found,1314,Successful,1,Farallón de San Ignacio,Gulf of California,Pacific Ocean - North East,Mexico,-109.3775956|25.43666799,Rattus rattus
Thalasseus elegans,Population study with data in support,1314,Successful,3,Farallón de San Ignacio,Gulf of California,Pacific Ocean - North East,Mexico,-109.3775956|25.43666799,Rattus rattus
Fratercula arctica,Population study without data in support,913,Successful,3,Feno Islet (Mina),Azores Islands (Central Group),Atlantic Ocean - North,Portugal,-27.07368888|38.64919032,Rattus rattus
Pterodroma cahow,No studies found,913,Successful,1,Feno Islet (Mina),Azores Islands (Central Group),Atlantic Ocean - North,Portugal,-27.07368888|38.64919032,Rattus rattus
Ardenna grisea,No studies found,1787,Successful,3,Fisher,Tasmanian Islands (Furneaux Group (Great Dog Islands)),Pacific Ocean - South West,Australia,148.2392417|-40.2170686,Rattus rattus
Pterodroma cookii,No studies found,1787,Successful,1,Fisher,Tasmanian Islands (Furneaux Group (Great Dog Islands)),Pacific Ocean - South West,Australia,148.2392417|-40.2170686,Rattus rattus
Sterna striata,No studies found,1787,Successful,1,Fisher,Tasmanian Islands (Furneaux Group (Great Dog Islands)),Pacific Ocean - South West,Australia,148.2392417|-40.2170686,Rattus rattus
Ardenna carneipes,Population study without data in support,2777,Successful,1,Flag,Western Australia (Montebello Islands),Indian Ocean - East,Australia,115.5806206|-20.45863891,Rattus rattus
Calonectris leucomelas,Only predation in support,2777,Successful,1,Flag,Western Australia (Montebello Islands),Indian Ocean - East,Australia,115.5806206|-20.45863891,Rattus rattus
Ardenna carneipes,Population study without data in support,825,Successful,1,Flat,Mauritius Islands,Indian Ocean - West,Mauritius,57.65748488|-19.87612683,Rattus rattus
Ardenna carneipes,Population study without data in support,2271,Successful (Reinvaded),1,Flat Top Rock,Bay of Islands (Black Rocks),Pacific Ocean - South West,New Zealand,174.1110981|-35.20101649,Rattus rattus
Ardenna grisea,No studies found,2271,Successful (Reinvaded),2,Flat Top Rock,Bay of Islands (Black Rocks),Pacific Ocean - South West,New Zealand,174.1110981|-35.20101649,Rattus rattus
Eudyptes pachyrhynchus,No studies found,2271,Successful (Reinvaded),3,Flat Top Rock,Bay of Islands (Black Rocks),Pacific Ocean - South West,New Zealand,174.1110981|-35.20101649,Rattus rattus
Sterna striata,No studies found,2271,Successful (Reinvaded),4,Flat Top Rock,Bay of Islands (Black Rocks),Pacific Ocean - South West,New Zealand,174.1110981|-35.20101649,Rattus rattus
Geospiza pauper,No studies found,3135,Planned,1,Floreana,Galapagos Islands,Pacific Ocean - North East,Ecuador,-90.43505189|-1.293963978,Rattus rattus
Geospiza psittacula,No studies found,3135,Planned,1,Floreana,Galapagos Islands,Pacific Ocean - North East,Ecuador,-90.43505189|-1.293963978,Rattus rattus
Laterallus spilonota,Only predation in support,3135,Planned,1,Floreana,Galapagos Islands,Pacific Ocean - North East,Ecuador,-90.43505189|-1.293963978,Rattus rattus
Mimus trifasciatus,Only predation in support,3135,Planned,1,Floreana,Galapagos Islands,Pacific Ocean - North East,Ecuador,-90.43505189|-1.293963978,Rattus rattus
Progne modesta,No studies found,3135,Planned,1,Floreana,Galapagos Islands,Pacific Ocean - North East,Ecuador,-90.43505189|-1.293963978,Rattus rattus
Pterodroma phaeopygia,Population study without data in support,3135,Planned,2,Floreana,Galapagos Islands,Pacific Ocean - North East,Ecuador,-90.43505189|-1.293963978,Rattus rattus
Ardenna grisea,No studies found,214,Successful,3,Folaca,Corsican Islands,Mediterranean,France,9.31497223|41.54840143,Rattus rattus
Fratercula arctica,Population study without data in support,214,Successful,3,Folaca,Corsican Islands,Mediterranean,France,9.31497223|41.54840143,Rattus rattus
Larus audouinii,All studies are not in support,214,Successful,3,Folaca,Corsican Islands,Mediterranean,France,9.31497223|41.54840143,Rattus rattus
Puffinus mauretanicus,All studies are not in support,214,Successful,1,Folaca,Corsican Islands,Mediterranean,France,9.31497223|41.54840143,Rattus rattus
Puffinus yelkouan,Population study with data in support,214,Successful,1,Folaca,Corsican Islands,Mediterranean,France,9.31497223|41.54840143,Rattus rattus
Larus audouinii,All studies are not in support,1059,Incomplete,3,Folachedda,Corsican Islands (Cerbicale Islands),Mediterranean,France,9.31589|41.55054134,Rattus rattus
Puffinus mauretanicus,All studies are not in support,1059,Incomplete,1,Folachedda,Corsican Islands (Cerbicale Islands),Mediterranean,France,9.31589|41.55054134,Rattus rattus
Puffinus yelkouan,Population study with data in support,1059,Incomplete,1,Folachedda,Corsican Islands (Cerbicale Islands),Mediterranean,France,9.31589|41.55054134,Rattus rattus
Fratercula arctica,Population study without data in support,2288,Successful,3,Fonoll,Balearic Islands (Cabrera Group),Mediterranean,Spain,2.96372256|39.14828851,Rattus rattus
Larus audouinii,All studies are not in support,2288,Successful,3,Fonoll,Balearic Islands (Cabrera Group),Mediterranean,Spain,2.96372256|39.14828851,Rattus rattus
Puffinus mauretanicus,All studies are not in support,2288,Successful,2,Fonoll,Balearic Islands (Cabrera Group),Mediterranean,Spain,2.96372256|39.14828851,Rattus rattus
Puffinus mauretanicus,All studies are not in support,2288,Successful,1,Fonoll,Balearic Islands (Cabrera Group),Mediterranean,Spain,2.96372256|39.14828851,Rattus rattus
Puffinus yelkouan,Population study with data in support,2288,Successful,1,Fonoll,Balearic Islands (Cabrera Group),Mediterranean,Spain,2.96372256|39.14828851,Rattus rattus
Ardenna carneipes,Population study without data in support,1218,Incomplete,1,Fortyseven,Bay of Islands,Pacific Ocean - South West,New Zealand,174.134065|-35.237948,Rattus rattus
Ardenna grisea,No studies found,1218,Incomplete,2,Fortyseven,Bay of Islands,Pacific Ocean - South West,New Zealand,174.134065|-35.237948,Rattus rattus
Eudyptes pachyrhynchus,No studies found,1218,Incomplete,3,Fortyseven,Bay of Islands,Pacific Ocean - South West,New Zealand,174.134065|-35.237948,Rattus rattus
Procellaria aequinoctialis,All studies are not in support,1218,Incomplete,1,Fortyseven,Bay of Islands,Pacific Ocean - South West,New Zealand,174.134065|-35.237948,Rattus rattus
Procellaria cinerea,All studies are not in support,1218,Incomplete,1,Fortyseven,Bay of Islands,Pacific Ocean - South West,New Zealand,174.134065|-35.237948,Rattus rattus
Procellaria parkinsoni,No studies found,1218,Incomplete,1,Fortyseven,Bay of Islands,Pacific Ocean - South West,New Zealand,174.134065|-35.237948,Rattus rattus
Procellaria westlandica,No studies found,1218,Incomplete,1,Fortyseven,Bay of Islands,Pacific Ocean - South West,New Zealand,174.134065|-35.237948,Rattus rattus
Pterodroma cookii,No studies found,1218,Incomplete,1,Fortyseven,Bay of Islands,Pacific Ocean - South West,New Zealand,174.134065|-35.237948,Rattus rattus
Pterodroma inexpectata,No studies found,1218,Incomplete,1,Fortyseven,Bay of Islands,Pacific Ocean - South West,New Zealand,174.134065|-35.237948,Rattus rattus
Pterodroma leucoptera,No studies found,1218,Incomplete,1,Fortyseven,Bay of Islands,Pacific Ocean - South West,New Zealand,174.134065|-35.237948,Rattus rattus
Sterna striata,No studies found,1218,Incomplete,4,Fortyseven,Bay of Islands,Pacific Ocean - South West,New Zealand,174.134065|-35.237948,Rattus rattus
Ardenna carneipes,Population study without data in support,2778,Successful,1,Foxglove,Western Australia (Montebello Islands),Indian Ocean - East,Australia,115.5421943|-20.48196581,Rattus rattus
Calonectris leucomelas,Only predation in support,2778,Successful,1,Foxglove,Western Australia (Montebello Islands),Indian Ocean - East,Australia,115.5421943|-20.48196581,Rattus rattus
Ardenna grisea,No studies found,3204,Planned,3,Gabo,East Gippsland,Pacific Ocean - South West,Australia,149.9111702|-37.56166377,Rattus rattus
Sterna striata,No studies found,3204,Planned,3,Gabo,East Gippsland,Pacific Ocean - South West,Australia,149.9111702|-37.56166377,Rattus rattus
Ardenna carneipes,Population study without data in support,827,Successful,1,Gabriel,Mauritius Islands,Indian Ocean - West,Mauritius,57.67260896|-19.88493462,Rattus rattus
Pterodroma hasitata,No studies found,1211,Successful,1,Galley Major,Lesser Antilles (Antigua and Barbuda Islands),Caribbean,Antigua and Barbuda,-61.72631782|17.14334837,Rattus rattus
Pterodroma hasitata,No studies found,1210,Successful,1,Galley Minor,Lesser Antilles (Antigua and Barbuda Islands),Caribbean,Antigua and Barbuda,-61.72757599|17.14299771,Rattus rattus
Ardenna carneipes,Population study without data in support,2779,Successful,1,Gannet,Western Australia (Montebello Islands),Indian Ocean - East,Australia,115.56861|-20.44686247,Rattus rattus
Calonectris leucomelas,Only predation in support,2779,Successful,1,Gannet,Western Australia (Montebello Islands),Indian Ocean - East,Australia,115.56861|-20.44686247,Rattus rattus
Fratercula arctica,Population study without data in support,2855,Successful,2,Garbh Eilean,Scotland Islands (Shiant Isles),Atlantic Ocean - North,United Kingdom,-6.366044729|57.90040348,Rattus rattus
Ardenna carneipes,Population study without data in support,1732,Successful,1,Gardenia,Western Australia (Montebello Islands),Indian Ocean - East,Australia,115.5285357|-20.38314252,Rattus rattus
Calonectris leucomelas,Only predation in support,1732,Successful,1,Gardenia,Western Australia (Montebello Islands),Indian Ocean - East,Australia,115.5285357|-20.38314252,Rattus rattus
Ardenna carneipes,Population study without data in support,1731,Unknown pre-status,1,Gardenia,Western Australia (Montebello Islands),Indian Ocean - East,Australia,115.5285357|-20.38314252,Rattus rattus
Calonectris leucomelas,Only predation in support,1731,Unknown pre-status,1,Gardenia,Western Australia (Montebello Islands),Indian Ocean - East,Australia,115.5285357|-20.38314252,Rattus rattus
Larus audouinii,All studies are not in support,851,Successful (Reinvaded),3,Gemini Alta,Tuscan Islands,Mediterranean,Italy,10.37283916|42.71734238,Rattus rattus
Puffinus mauretanicus,All studies are not in support,851,Successful (Reinvaded),1,Gemini Alta,Tuscan Islands,Mediterranean,Italy,10.37283916|42.71734238,Rattus rattus
Puffinus yelkouan,Population study with data in support,851,Successful (Reinvaded),1,Gemini Alta,Tuscan Islands,Mediterranean,Italy,10.37283916|42.71734238,Rattus rattus
Larus audouinii,All studies are not in support,852,Successful (Reinvaded),3,Gemini Bassa,Tuscan Islands,Mediterranean,Italy,10.37428876|42.71849469,Rattus rattus
Puffinus mauretanicus,All studies are not in support,852,Successful (Reinvaded),1,Gemini Bassa,Tuscan Islands,Mediterranean,Italy,10.37428876|42.71849469,Rattus rattus
Puffinus yelkouan,Population study with data in support,852,Successful (Reinvaded),1,Gemini Bassa,Tuscan Islands,Mediterranean,Italy,10.37428876|42.71849469,Rattus rattus
Ardenna grisea,No studies found,341,Successful,3,Giannutri,Tuscan Islands,Mediterranean,Italy,11.10430845|42.25079084,Rattus rattus
Fratercula arctica,Population study without data in support,341,Successful,3,Giannutri,Tuscan Islands,Mediterranean,Italy,11.10430845|42.25079084,Rattus rattus
Puffinus mauretanicus,All studies are not in support,341,Successful,1,Giannutri,Tuscan Islands,Mediterranean,Italy,11.10430845|42.25079084,Rattus rattus
Puffinus yelkouan,Population study with data in support,341,Successful,1,Giannutri,Tuscan Islands,Mediterranean,Italy,11.10430845|42.25079084,Rattus rattus
Larus audouinii,All studies are not in support,2939,To Be Confirmed,2,Gianysada,Crete Islands (Dionysades),Mediterranean,Greece,26.17400149|35.32774185,Rattus rattus
Puffinus yelkouan,Population study with data in support,2939,To Be Confirmed,2,Gianysada,Crete Islands (Dionysades),Mediterranean,Greece,26.17400149|35.32774185,Rattus rattus
Ardenna carneipes,Population study without data in support,326,Successful,1,Goat (Hawere),Hauraki Gulf,Pacific Ocean - South West,New Zealand,174.7974569|-36.26575248,Rattus rattus
Ardenna grisea,No studies found,326,Successful,1,Goat (Hawere),Hauraki Gulf,Pacific Ocean - South West,New Zealand,174.7974569|-36.26575248,Rattus rattus
Eudyptes pachyrhynchus,No studies found,326,Successful,3,Goat (Hawere),Hauraki Gulf,Pacific Ocean - South West,New Zealand,174.7974569|-36.26575248,Rattus rattus
Sterna striata,No studies found,326,Successful,4,Goat (Hawere),Hauraki Gulf,Pacific Ocean - South West,New Zealand,174.7974569|-36.26575248,Rattus rattus
Ardenna carneipes,Population study without data in support,328,Successful (Reinvaded),1,Goat (Hawere),Hauraki Gulf,Pacific Ocean - South West,New Zealand,174.7974569|-36.26575248,Rattus rattus
Ardenna grisea,No studies found,328,Successful (Reinvaded),1,Goat (Hawere),Hauraki Gulf,Pacific Ocean - South West,New Zealand,174.7974569|-36.26575248,Rattus rattus
Eudyptes pachyrhynchus,No studies found,328,Successful (Reinvaded),3,Goat (Hawere),Hauraki Gulf,Pacific Ocean - South West,New Zealand,174.7974569|-36.26575248,Rattus rattus
Sterna striata,No studies found,328,Successful (Reinvaded),4,Goat (Hawere),Hauraki Gulf,Pacific Ocean - South West,New Zealand,174.7974569|-36.26575248,Rattus rattus
Ardenna grisea,No studies found,1188,Successful,3,Grand Congloue,Marseille Islands (Riou Archipelago),Mediterranean,France,5.40131815|43.17597691,Rattus rattus
Fratercula arctica,Population study without data in support,1188,Successful,3,Grand Congloue,Marseille Islands (Riou Archipelago),Mediterranean,France,5.40131815|43.17597691,Rattus rattus
Larus audouinii,All studies are not in support,1188,Successful,4,Grand Congloue,Marseille Islands (Riou Archipelago),Mediterranean,France,5.40131815|43.17597691,Rattus rattus
Puffinus mauretanicus,All studies are not in support,1188,Successful,1,Grand Congloue,Marseille Islands (Riou Archipelago),Mediterranean,France,5.40131815|43.17597691,Rattus rattus
Puffinus yelkouan,Population study with data in support,1188,Successful,1,Grand Congloue,Marseille Islands (Riou Archipelago),Mediterranean,France,5.40131815|43.17597691,Rattus rattus
Ardenna grisea,No studies found,1187,Failed,3,Grand Congloue,Marseille Islands (Riou Archipelago),Mediterranean,France,5.40131815|43.17597691,Rattus rattus
Fratercula arctica,Population study without data in support,1187,Failed,3,Grand Congloue,Marseille Islands (Riou Archipelago),Mediterranean,France,5.40131815|43.17597691,Rattus rattus
Larus audouinii,All studies are not in support,1187,Failed,4,Grand Congloue,Marseille Islands (Riou Archipelago),Mediterranean,France,5.40131815|43.17597691,Rattus rattus
Puffinus mauretanicus,All studies are not in support,1187,Failed,1,Grand Congloue,Marseille Islands (Riou Archipelago),Mediterranean,France,5.40131815|43.17597691,Rattus rattus
Puffinus yelkouan,Population study with data in support,1187,Failed,1,Grand Congloue,Marseille Islands (Riou Archipelago),Mediterranean,France,5.40131815|43.17597691,Rattus rattus
Ardenna carneipes,Population study without data in support,2184,Successful,1,Grande Soeur,Seychelles,Indian Ocean - West,Seychelles,55.86934716|-4.288905026,Rattus rattus
Bulweria fallax,All studies are not in support,2184,Successful,1,Grande Soeur,Seychelles,Indian Ocean - West,Seychelles,55.86934716|-4.288905026,Rattus rattus
Hydrobates matsudairae,No studies found,2184,Successful,3,Grande Soeur,Seychelles,Indian Ocean - West,Seychelles,55.86934716|-4.288905026,Rattus rattus
Pterodroma hasitata,No studies found,190,Successful,1,Great Bird,Lesser Antilles (Antigua and Barbuda Islands),Caribbean,Antigua and Barbuda,-61.72491686|17.14556982,Rattus rattus
Pterodroma hasitata,No studies found,191,Successful,1,Great Bird,Lesser Antilles (Antigua and Barbuda Islands),Caribbean,Antigua and Barbuda,-61.72491686|17.14556982,Rattus rattus
Ardenna grisea,No studies found,2907,Successful,1,Great Mercury,Mercury Islands,Pacific Ocean - South West,New Zealand,175.7957877|-36.61610385,Rattus rattus
Coturnix novaezelandiae,No studies found,2907,Successful,1,Great Mercury,Mercury Islands,Pacific Ocean - South West,New Zealand,175.7957877|-36.61610385,Rattus rattus
Mergus australis,No studies found,2907,Successful,1,Great Mercury,Mercury Islands,Pacific Ocean - South West,New Zealand,175.7957877|-36.61610385,Rattus rattus
Sterna striata,No studies found,2907,Successful,1,Great Mercury,Mercury Islands,Pacific Ocean - South West,New Zealand,175.7957877|-36.61610385,Rattus rattus
Pterodroma hasitata,No studies found,515,Successful (Reinvaded),1,Green Cay,Lesser Antilles (US Virgin Islands (St. Croix Islands)),Caribbean,Virgin Islands U.S.,-64.66576483|17.76674582,Rattus rattus
Pterodroma hasitata,No studies found,2168,Failed,1,Green Cay,Lesser Antilles (US Virgin Islands (St. Croix Islands)),Caribbean,Virgin Islands U.S.,-64.66576483|17.76674582,Rattus rattus
Pterodroma hasitata,No studies found,3232,To Be Confirmed,1,Green Cay,Lesser Antilles (US Virgin Islands (St. Croix Islands)),Caribbean,Virgin Islands U.S.,-64.66576483|17.76674582,Rattus rattus
Pterodroma hasitata,No studies found,2884,Planned,1,Green Cay,Lesser Antilles (British Virgin Islands),Caribbean,Virgin Islands British,-64.70859891|18.45358692,Rattus rattus
Ardenna grisea,No studies found,3187,Successful,3,Green Rock,Bermuda (Castle Islands),Atlantic Ocean - North,Bermuda,-64.66098877|32.34452035,Rattus rattus
Hydrobates leucorhous,No studies found,3187,Successful,1,Green Rock,Bermuda (Castle Islands),Atlantic Ocean - North,Bermuda,-64.66098877|32.34452035,Rattus rattus
Ardenna carneipes,Population study without data in support,2498,Successful (Reinvaded),1,Grey Group,Great Barrier Islands,Pacific Ocean - South West,New Zealand,175.2939592|-36.18491681,Rattus rattus
Ardenna grisea,No studies found,2498,Successful (Reinvaded),1,Grey Group,Great Barrier Islands,Pacific Ocean - South West,New Zealand,175.2939592|-36.18491681,Rattus rattus
Eudyptes pachyrhynchus,No studies found,2498,Successful (Reinvaded),3,Grey Group,Great Barrier Islands,Pacific Ocean - South West,New Zealand,175.2939592|-36.18491681,Rattus rattus
Sterna striata,No studies found,2498,Successful (Reinvaded),4,Grey Group,Great Barrier Islands,Pacific Ocean - South West,New Zealand,175.2939592|-36.18491681,Rattus rattus
Pterodroma hasitata,No studies found,3092,Successful,1,Guardhouse,Lesser Antilles (Antigua and Barbuda Islands),Caribbean,Antigua and Barbuda,-61.70786049|17.10166736,Rattus rattus
Ardenna carneipes,Population study without data in support,456,Incomplete,1,Harakeke (Galakek),Bay of Islands,Pacific Ocean - South West,New Zealand,174.1326108|-35.15568405,Rattus rattus
Ardenna grisea,No studies found,456,Incomplete,2,Harakeke (Galakek),Bay of Islands,Pacific Ocean - South West,New Zealand,174.1326108|-35.15568405,Rattus rattus
Eudyptes pachyrhynchus,No studies found,456,Incomplete,3,Harakeke (Galakek),Bay of Islands,Pacific Ocean - South West,New Zealand,174.1326108|-35.15568405,Rattus rattus
Sterna striata,No studies found,456,Incomplete,4,Harakeke (Galakek),Bay of Islands,Pacific Ocean - South West,New Zealand,174.1326108|-35.15568405,Rattus rattus
Pterodroma hasitata,No studies found,2151,Successful,1,Hardy,Lesser Antilles (lets de Sainte-Anne),Caribbean,Martinique,-60.83158832|14.41730907,Rattus rattus
Pterodroma hasitata,No studies found,2150,Successful (Reinvaded),1,Hardy,Lesser Antilles (lets de Sainte-Anne),Caribbean,Martinique,-60.83158832|14.41730907,Rattus rattus
Ardenna carneipes,Population study without data in support,2867,Unknown,1,Harino-iwa,Ogasawara Islands (Mukojima Group),Pacific Ocean - North West,Japan,142.1580932|27.65993239,Rattus rattus
Ardenna grisea,No studies found,2867,Unknown,3,Harino-iwa,Ogasawara Islands (Mukojima Group),Pacific Ocean - North West,Japan,142.1580932|27.65993239,Rattus rattus
Calonectris leucomelas,Only predation in support,2867,Unknown,1,Harino-iwa,Ogasawara Islands (Mukojima Group),Pacific Ocean - North West,Japan,142.1580932|27.65993239,Rattus rattus
Hydrobates matsudairae,No studies found,2867,Unknown,3,Harino-iwa,Ogasawara Islands (Mukojima Group),Pacific Ocean - North West,Japan,142.1580932|27.65993239,Rattus rattus
Puffinus bannermani,No studies found,2867,Unknown,1,Harino-iwa,Ogasawara Islands (Mukojima Group),Pacific Ocean - North West,Japan,142.1580932|27.65993239,Rattus rattus
Puffinus bryani,Only predation in support,2867,Unknown,1,Harino-iwa,Ogasawara Islands (Mukojima Group),Pacific Ocean - North West,Japan,142.1580932|27.65993239,Rattus rattus
Ardenna carneipes,Population study without data in support,1812,Successful,1,Hat,Bay of Islands (Urupukapuka),Pacific Ocean - South West,New Zealand,174.2524414|-35.21722652,Rattus rattus
Ardenna grisea,No studies found,1812,Successful,2,Hat,Bay of Islands (Urupukapuka),Pacific Ocean - South West,New Zealand,174.2524414|-35.21722652,Rattus rattus
Eudyptes pachyrhynchus,No studies found,1812,Successful,3,Hat,Bay of Islands (Urupukapuka),Pacific Ocean - South West,New Zealand,174.2524414|-35.21722652,Rattus rattus
Procellaria aequinoctialis,All studies are not in support,1812,Successful,1,Hat,Bay of Islands (Urupukapuka),Pacific Ocean - South West,New Zealand,174.2524414|-35.21722652,Rattus rattus
Procellaria cinerea,All studies are not in support,1812,Successful,1,Hat,Bay of Islands (Urupukapuka),Pacific Ocean - South West,New Zealand,174.2524414|-35.21722652,Rattus rattus
Procellaria parkinsoni,No studies found,1812,Successful,1,Hat,Bay of Islands (Urupukapuka),Pacific Ocean - South West,New Zealand,174.2524414|-35.21722652,Rattus rattus
Procellaria westlandica,No studies found,1812,Successful,1,Hat,Bay of Islands (Urupukapuka),Pacific Ocean - South West,New Zealand,174.2524414|-35.21722652,Rattus rattus
Pterodroma cookii,No studies found,1812,Successful,1,Hat,Bay of Islands (Urupukapuka),Pacific Ocean - South West,New Zealand,174.2524414|-35.21722652,Rattus rattus
Pterodroma inexpectata,No studies found,1812,Successful,1,Hat,Bay of Islands (Urupukapuka),Pacific Ocean - South West,New Zealand,174.2524414|-35.21722652,Rattus rattus
Pterodroma leucoptera,No studies found,1812,Successful,1,Hat,Bay of Islands (Urupukapuka),Pacific Ocean - South West,New Zealand,174.2524414|-35.21722652,Rattus rattus
Sterna striata,No studies found,1812,Successful,4,Hat,Bay of Islands (Urupukapuka),Pacific Ocean - South West,New Zealand,174.2524414|-35.21722652,Rattus rattus
Ardenna carneipes,Population study without data in support,329,Successful,1,Haulashore,Nelson Islands,Pacific Ocean - South West,New Zealand,173.2574878|-41.26730488,Rattus rattus
Ardenna grisea,No studies found,329,Successful,2,Haulashore,Nelson Islands,Pacific Ocean - South West,New Zealand,173.2574878|-41.26730488,Rattus rattus
Callaeas cinereus,Population study with all qualities in support,329,Successful,1,Haulashore,Nelson Islands,Pacific Ocean - South West,New Zealand,173.2574878|-41.26730488,Rattus rattus
Chlidonias albostriatus,Only predation in support,329,Successful,4,Haulashore,Nelson Islands,Pacific Ocean - South West,New Zealand,173.2574878|-41.26730488,Rattus rattus
Eudyptes pachyrhynchus,No studies found,329,Successful,3,Haulashore,Nelson Islands,Pacific Ocean - South West,New Zealand,173.2574878|-41.26730488,Rattus rattus
Phoebetria palpebrata,No studies found,329,Successful,1,Haulashore,Nelson Islands,Pacific Ocean - South West,New Zealand,173.2574878|-41.26730488,Rattus rattus
Sterna striata,No studies found,329,Successful,4,Haulashore,Nelson Islands,Pacific Ocean - South West,New Zealand,173.2574878|-41.26730488,Rattus rattus
Calonectris leucomelas,Only predation in support,1788,Successful,1,Helen,Southwest Islands,Pacific Ocean - North West,Palau,131.8121684|2.972818389,Rattus rattus
Hydrobates matsudairae,No studies found,1788,Successful,3,Helen,Southwest Islands,Pacific Ocean - North West,Palau,131.8121684|2.972818389,Rattus rattus
Ardenna carneipes,Population study without data in support,398,Successful,1,Heron,Capricorn,Pacific Ocean - South West,Australia,151.9148492|-23.44291072,Rattus rattus
Calonectris leucomelas,Only predation in support,398,Successful,1,Heron,Capricorn,Pacific Ocean - South West,Australia,151.9148492|-23.44291072,Rattus rattus
Pseudobulweria rostrata,No studies found,398,Successful,1,Heron,Capricorn,Pacific Ocean - South West,Australia,151.9148492|-23.44291072,Rattus rattus
Ardenna carneipes,Population study without data in support,1714,Successful,1,Higashijima,Ogasawara Islands (Chichijima Group),Pacific Ocean - North West,Japan,142.2450993|27.0933394,Rattus rattus
Ardenna grisea,No studies found,1714,Successful,3,Higashijima,Ogasawara Islands (Chichijima Group),Pacific Ocean - North West,Japan,142.2450993|27.0933394,Rattus rattus
Calonectris leucomelas,Only predation in support,1714,Successful,1,Higashijima,Ogasawara Islands (Chichijima Group),Pacific Ocean - North West,Japan,142.2450993|27.0933394,Rattus rattus
Hydrobates matsudairae,No studies found,1714,Successful,3,Higashijima,Ogasawara Islands (Chichijima Group),Pacific Ocean - North West,Japan,142.2450993|27.0933394,Rattus rattus
Puffinus bannermani,No studies found,1714,Successful,1,Higashijima,Ogasawara Islands (Chichijima Group),Pacific Ocean - North West,Japan,142.2450993|27.0933394,Rattus rattus
Puffinus bryani,Only predation in support,1714,Successful,1,Higashijima,Ogasawara Islands (Chichijima Group),Pacific Ocean - North West,Japan,142.2450993|27.0933394,Rattus rattus
Ardenna carneipes,Population study without data in support,2865,Failed,1,Hitomarujima,Ogasawara Islands (Chichijima Group),Pacific Ocean - North West,Japan,142.1863413|27.11731018,Rattus rattus
Ardenna grisea,No studies found,2865,Failed,3,Hitomarujima,Ogasawara Islands (Chichijima Group),Pacific Ocean - North West,Japan,142.1863413|27.11731018,Rattus rattus
Calonectris leucomelas,Only predation in support,2865,Failed,1,Hitomarujima,Ogasawara Islands (Chichijima Group),Pacific Ocean - North West,Japan,142.1863413|27.11731018,Rattus rattus
Hydrobates matsudairae,No studies found,2865,Failed,3,Hitomarujima,Ogasawara Islands (Chichijima Group),Pacific Ocean - North West,Japan,142.1863413|27.11731018,Rattus rattus
Puffinus bannermani,No studies found,2865,Failed,1,Hitomarujima,Ogasawara Islands (Chichijima Group),Pacific Ocean - North West,Japan,142.1863413|27.11731018,Rattus rattus
Puffinus bryani,Only predation in support,2865,Failed,1,Hitomarujima,Ogasawara Islands (Chichijima Group),Pacific Ocean - North West,Japan,142.1863413|27.11731018,Rattus rattus
Nesofregetta fuliginosa,No studies found,2138,Successful (Reinvaded),1,Hiuveru,Tuamotu Archipelago (Rangiroa),Pacific Ocean - South East,French Polynesia,-147.7964808|-15.20760904,Rattus rattus
Pampusana erythroptera,No studies found,2138,Successful (Reinvaded),1,Hiuveru,Tuamotu Archipelago (Rangiroa),Pacific Ocean - South East,French Polynesia,-147.7964808|-15.20760904,Rattus rattus
Pseudobulweria rostrata,No studies found,2138,Successful (Reinvaded),1,Hiuveru,Tuamotu Archipelago (Rangiroa),Pacific Ocean - South East,French Polynesia,-147.7964808|-15.20760904,Rattus rattus
Pterodroma brevipes,All studies are not in support,2138,Successful (Reinvaded),1,Hiuveru,Tuamotu Archipelago (Rangiroa),Pacific Ocean - South East,French Polynesia,-147.7964808|-15.20760904,Rattus rattus
Ptilinopus coralensis,No studies found,2138,Successful (Reinvaded),1,Hiuveru,Tuamotu Archipelago (Rangiroa),Pacific Ocean - South East,French Polynesia,-147.7964808|-15.20760904,Rattus rattus
Nesofregetta fuliginosa,No studies found,2137,Successful (Reinvaded),1,Hiveu,Tuamotu Archipelago (Rangiroa),Pacific Ocean - South East,French Polynesia,-147.79947|-15.2079536,Rattus rattus
Nesofregetta fuliginosa,No studies found,2360,Successful (Reinvaded),1,Hiveu,Tuamotu Archipelago (Rangiroa),Pacific Ocean - South East,French Polynesia,-147.79947|-15.2079536,Rattus rattus
Pampusana erythroptera,No studies found,2137,Successful (Reinvaded),1,Hiveu,Tuamotu Archipelago (Rangiroa),Pacific Ocean - South East,French Polynesia,-147.79947|-15.2079536,Rattus rattus
Pampusana erythroptera,No studies found,2360,Successful (Reinvaded),1,Hiveu,Tuamotu Archipelago (Rangiroa),Pacific Ocean - South East,French Polynesia,-147.79947|-15.2079536,Rattus rattus
Pseudobulweria rostrata,No studies found,2137,Successful (Reinvaded),1,Hiveu,Tuamotu Archipelago (Rangiroa),Pacific Ocean - South East,French Polynesia,-147.79947|-15.2079536,Rattus rattus
Pseudobulweria rostrata,No studies found,2360,Successful (Reinvaded),1,Hiveu,Tuamotu Archipelago (Rangiroa),Pacific Ocean - South East,French Polynesia,-147.79947|-15.2079536,Rattus rattus
Pterodroma brevipes,All studies are not in support,2137,Successful (Reinvaded),1,Hiveu,Tuamotu Archipelago (Rangiroa),Pacific Ocean - South East,French Polynesia,-147.79947|-15.2079536,Rattus rattus
Pterodroma brevipes,All studies are not in support,2360,Successful (Reinvaded),1,Hiveu,Tuamotu Archipelago (Rangiroa),Pacific Ocean - South East,French Polynesia,-147.79947|-15.2079536,Rattus rattus
Ptilinopus coralensis,No studies found,2137,Successful (Reinvaded),1,Hiveu,Tuamotu Archipelago (Rangiroa),Pacific Ocean - South East,French Polynesia,-147.79947|-15.2079536,Rattus rattus
Ptilinopus coralensis,No studies found,2360,Successful (Reinvaded),1,Hiveu,Tuamotu Archipelago (Rangiroa),Pacific Ocean - South East,French Polynesia,-147.79947|-15.2079536,Rattus rattus
Ardenna grisea,No studies found,847,Unknown,2,Hokianga,Ohiwa Harbour,Pacific Ocean - South West,New Zealand,177.1341853|-38.01978794,Rattus rattus
Coturnix novaezelandiae,No studies found,847,Unknown,1,Hokianga,Ohiwa Harbour,Pacific Ocean - South West,New Zealand,177.1341853|-38.01978794,Rattus rattus
Hymenolaimus malacorhynchos,All studies are not in support,847,Unknown,1,Hokianga,Ohiwa Harbour,Pacific Ocean - South West,New Zealand,177.1341853|-38.01978794,Rattus rattus
Mergus australis,No studies found,847,Unknown,1,Hokianga,Ohiwa Harbour,Pacific Ocean - South West,New Zealand,177.1341853|-38.01978794,Rattus rattus
Sterna striata,No studies found,847,Unknown,1,Hokianga,Ohiwa Harbour,Pacific Ocean - South West,New Zealand,177.1341853|-38.01978794,Rattus rattus
Turnagra tanagra,No studies found,847,Unknown,1,Hokianga,Ohiwa Harbour,Pacific Ocean - South West,New Zealand,177.1341853|-38.01978794,Rattus rattus
Ardenna carneipes,Population study without data in support,2781,Successful,1,Hollyhock,Western Australia (Montebello Islands),Indian Ocean - East,Australia,115.5472561|-20.37759657,Rattus rattus
Calonectris leucomelas,Only predation in support,2781,Successful,1,Hollyhock,Western Australia (Montebello Islands),Indian Ocean - East,Australia,115.5472561|-20.37759657,Rattus rattus
Ardenna grisea,No studies found,3178,Successful,3,Horn Rock,Bermuda (Castle Islands),Atlantic Ocean - North,Bermuda,-64.66621141|32.34328463,Rattus rattus
Hydrobates leucorhous,No studies found,3178,Successful,1,Horn Rock,Bermuda (Castle Islands),Atlantic Ocean - North,Bermuda,-64.66621141|32.34328463,Rattus rattus
Ardenna grisea,No studies found,1706,Successful,1,Horomamae (Owen),Stewart Islands,Pacific Ocean - South West,New Zealand,168.1550738|-47.12482404,Rattus rattus
Eudyptes pachyrhynchus,No studies found,1706,Successful,3,Horomamae (Owen),Stewart Islands,Pacific Ocean - South West,New Zealand,168.1550738|-47.12482404,Rattus rattus
Phoebetria palpebrata,No studies found,1706,Successful,1,Horomamae (Owen),Stewart Islands,Pacific Ocean - South West,New Zealand,168.1550738|-47.12482404,Rattus rattus
Sterna striata,No studies found,1706,Successful,4,Horomamae (Owen),Stewart Islands,Pacific Ocean - South West,New Zealand,168.1550738|-47.12482404,Rattus rattus
Ardenna carneipes,Population study without data in support,2782,Successful,1,How,Western Australia (Montebello Islands),Indian Ocean - East,Australia,115.5536775|-20.41943892,Rattus rattus
Calonectris leucomelas,Only predation in support,2782,Successful,1,How,Western Australia (Montebello Islands),Indian Ocean - East,Australia,115.5536775|-20.41943892,Rattus rattus
Calonectris leucomelas,Only predation in support,3129,In Progress,1,Hutchinson,Queensland Islands (North Barnard Islands),Pacific Ocean - South West,Australia,146.1689955|-17.67382201,Rattus rattus
Ardenna carneipes,Population study without data in support,3144,Failed,1,Hyotanjima,Ogasawara Islands (Chichijima Group),Pacific Ocean - North West,Japan,142.1791242|27.12812641,Rattus rattus
Ardenna grisea,No studies found,3144,Failed,3,Hyotanjima,Ogasawara Islands (Chichijima Group),Pacific Ocean - North West,Japan,142.1791242|27.12812641,Rattus rattus
Calonectris leucomelas,Only predation in support,3144,Failed,1,Hyotanjima,Ogasawara Islands (Chichijima Group),Pacific Ocean - North West,Japan,142.1791242|27.12812641,Rattus rattus
Hydrobates matsudairae,No studies found,3144,Failed,3,Hyotanjima,Ogasawara Islands (Chichijima Group),Pacific Ocean - North West,Japan,142.1791242|27.12812641,Rattus rattus
Puffinus bannermani,No studies found,3144,Failed,1,Hyotanjima,Ogasawara Islands (Chichijima Group),Pacific Ocean - North West,Japan,142.1791242|27.12812641,Rattus rattus
Puffinus bryani,Only predation in support,3144,Failed,1,Hyotanjima,Ogasawara Islands (Chichijima Group),Pacific Ocean - North West,Japan,142.1791242|27.12812641,Rattus rattus
Ardenna carneipes,Population study without data in support,382,Successful,1,Ile aux Aigrettes,Mauritius Islands,Indian Ocean - West,Mauritius,57.73363991|-20.41948159,Rattus rattus
Ardenna carneipes,Population study without data in support,2196,Successful,1,Ile aux Aigrettes,Mauritius Islands,Indian Ocean - West,Mauritius,57.73363991|-20.41948159,Rattus rattus
Foudia rubra,Only predation in support,382,Successful,1,Ile aux Aigrettes,Mauritius Islands,Indian Ocean - West,Mauritius,57.73363991|-20.41948159,Rattus rattus
Foudia rubra,Only predation in support,2196,Successful,1,Ile aux Aigrettes,Mauritius Islands,Indian Ocean - West,Mauritius,57.73363991|-20.41948159,Rattus rattus
Ardenna carneipes,Population study without data in support,2336,Successful,1,Ile aux Rats,Seychelles,Indian Ocean - West,Seychelles,55.53519976|-4.668975736,Rattus rattus
Bulweria fallax,All studies are not in support,2336,Successful,1,Ile aux Rats,Seychelles,Indian Ocean - West,Seychelles,55.53519976|-4.668975736,Rattus rattus
Hydrobates matsudairae,No studies found,2336,Successful,3,Ile aux Rats,Seychelles,Indian Ocean - West,Seychelles,55.53519976|-4.668975736,Rattus rattus
Ardenna carneipes,Population study without data in support,2927,Successful,1,Ile du Sel,Chagos Archipelago (Salomon Islands),Indian Ocean - West,British Indian Ocean Territory,72.22720644|-5.354667024,Rattus rattus
Bulweria fallax,All studies are not in support,2927,Successful,1,Ile du Sel,Chagos Archipelago (Salomon Islands),Indian Ocean - West,British Indian Ocean Territory,72.22720644|-5.354667024,Rattus rattus
Hydrobates matsudairae,No studies found,2927,Successful,3,Ile du Sel,Chagos Archipelago (Salomon Islands),Indian Ocean - West,British Indian Ocean Territory,72.22720644|-5.354667024,Rattus rattus
Ardenna grisea,No studies found,3016,Trial or Research only,3,Ilha do Meio,Fernando de Noronha,Atlantic Ocean - South,Brazil,-32.39241301|-3.819965483,Rattus rattus
Hydrobates leucorhous,No studies found,3016,Trial or Research only,1,Ilha do Meio,Fernando de Noronha,Atlantic Ocean - South,Brazil,-32.39241301|-3.819965483,Rattus rattus
Fratercula arctica,Population study without data in support,2285,Successful,3,Imperial,Balearic Islands (Cabrera Group),Mediterranean,Spain,2.95905404|39.12548191,Rattus rattus
Larus audouinii,All studies are not in support,2285,Successful,3,Imperial,Balearic Islands (Cabrera Group),Mediterranean,Spain,2.95905404|39.12548191,Rattus rattus
Puffinus mauretanicus,All studies are not in support,2285,Successful,1,Imperial,Balearic Islands (Cabrera Group),Mediterranean,Spain,2.95905404|39.12548191,Rattus rattus
Puffinus yelkouan,Population study with data in support,2285,Successful,1,Imperial,Balearic Islands (Cabrera Group),Mediterranean,Spain,2.95905404|39.12548191,Rattus rattus
Ardenna grisea,No studies found,2260,Successful (Reinvaded),2,Indian,Dusky Sound,Pacific Ocean - South West,New Zealand,166.5874989|-45.77853395,Rattus rattus
Callaeas cinereus,Population study with all qualities in support,2260,Successful (Reinvaded),1,Indian,Dusky Sound,Pacific Ocean - South West,New Zealand,166.5874989|-45.77853395,Rattus rattus
Coturnix novaezelandiae,No studies found,2260,Successful (Reinvaded),1,Indian,Dusky Sound,Pacific Ocean - South West,New Zealand,166.5874989|-45.77853395,Rattus rattus
Cyanoramphus auriceps,All studies are not in support,2260,Successful (Reinvaded),1,Indian,Dusky Sound,Pacific Ocean - South West,New Zealand,166.5874989|-45.77853395,Rattus rattus
Mergus australis,No studies found,2260,Successful (Reinvaded),1,Indian,Dusky Sound,Pacific Ocean - South West,New Zealand,166.5874989|-45.77853395,Rattus rattus
Pterodroma inexpectata,No studies found,2260,Successful (Reinvaded),2,Indian,Dusky Sound,Pacific Ocean - South West,New Zealand,166.5874989|-45.77853395,Rattus rattus
Sterna striata,No studies found,2260,Successful (Reinvaded),1,Indian,Dusky Sound,Pacific Ocean - South West,New Zealand,166.5874989|-45.77853395,Rattus rattus
Turnagra capensis,No studies found,2260,Successful (Reinvaded),1,Indian,Dusky Sound,Pacific Ocean - South West,New Zealand,166.5874989|-45.77853395,Rattus rattus
Ardenna grisea,No studies found,3181,Successful,3,Inner Pear Rock,Bermuda (Long Bay),Atlantic Ocean - North,Bermuda,-64.65250525|32.350659,Rattus rattus
Hydrobates leucorhous,No studies found,3181,Successful,1,Inner Pear Rock,Bermuda (Long Bay),Atlantic Ocean - North,Bermuda,-64.65250525|32.350659,Rattus rattus
Ardenna grisea,No studies found,330,Successful (Reinvaded),1,Iona,Stewart Islands,Pacific Ocean - South West,New Zealand,168.1224936|-46.90742615,Rattus rattus
Chlidonias albostriatus,Only predation in support,330,Successful (Reinvaded),1,Iona,Stewart Islands,Pacific Ocean - South West,New Zealand,168.1224936|-46.90742615,Rattus rattus
Eudyptes pachyrhynchus,No studies found,330,Successful (Reinvaded),3,Iona,Stewart Islands,Pacific Ocean - South West,New Zealand,168.1224936|-46.90742615,Rattus rattus
Phoebetria palpebrata,No studies found,330,Successful (Reinvaded),1,Iona,Stewart Islands,Pacific Ocean - South West,New Zealand,168.1224936|-46.90742615,Rattus rattus
Sterna striata,No studies found,330,Successful (Reinvaded),4,Iona,Stewart Islands,Pacific Ocean - South West,New Zealand,168.1224936|-46.90742615,Rattus rattus
Ardenna creatopus,All studies are not in support,1315,Successful,1,Isabel,null,Pacific Ocean - North East,Mexico,-105.8849697|21.8477553,Rattus rattus
Ardenna grisea,No studies found,1315,Successful,3,Isabel,null,Pacific Ocean - North East,Mexico,-105.8849697|21.8477553,Rattus rattus
Larus heermanni,Population study without data in support,1315,Successful,1,Isabel,null,Pacific Ocean - North East,Mexico,-105.8849697|21.8477553,Rattus rattus
Puffinus opisthomelas,Population study without data in support,1315,Successful,3,Isabel,null,Pacific Ocean - North East,Mexico,-105.8849697|21.8477553,Rattus rattus
Thalasseus elegans,Population study with data in support,1315,Successful,3,Isabel,null,Pacific Ocean - North East,Mexico,-105.8849697|21.8477553,Rattus rattus
Ardenna creatopus,All studies are not in support,867,Failed,1,Isabel,null,Pacific Ocean - North East,Mexico,-105.8849697|21.8477553,Rattus rattus
Ardenna grisea,No studies found,867,Failed,3,Isabel,null,Pacific Ocean - North East,Mexico,-105.8849697|21.8477553,Rattus rattus
Larus heermanni,Population study without data in support,867,Failed,1,Isabel,null,Pacific Ocean - North East,Mexico,-105.8849697|21.8477553,Rattus rattus
Puffinus opisthomelas,Population study without data in support,867,Failed,3,Isabel,null,Pacific Ocean - North East,Mexico,-105.8849697|21.8477553,Rattus rattus
Thalasseus elegans,Population study with data in support,867,Failed,3,Isabel,null,Pacific Ocean - North East,Mexico,-105.8849697|21.8477553,Rattus rattus
Geospiza psittacula,No studies found,2144,Unknown pre-status,1,Islote Gran Felipe,Galapagos Islands,Pacific Ocean - North East,Ecuador,-90.55406447|-0.291192307,Rattus rattus
Hydrobates leucorhous,No studies found,2144,Unknown pre-status,1,Islote Gran Felipe,Galapagos Islands,Pacific Ocean - North East,Ecuador,-90.55406447|-0.291192307,Rattus rattus
Procellaria parkinsoni,No studies found,2144,Unknown pre-status,1,Islote Gran Felipe,Galapagos Islands,Pacific Ocean - North East,Ecuador,-90.55406447|-0.291192307,Rattus rattus
Pseudobulweria rostrata,No studies found,2144,Unknown pre-status,1,Islote Gran Felipe,Galapagos Islands,Pacific Ocean - North East,Ecuador,-90.55406447|-0.291192307,Rattus rattus
Pterodroma cookii,No studies found,2144,Unknown pre-status,1,Islote Gran Felipe,Galapagos Islands,Pacific Ocean - North East,Ecuador,-90.55406447|-0.291192307,Rattus rattus
Pterodroma externa,No studies found,2144,Unknown pre-status,1,Islote Gran Felipe,Galapagos Islands,Pacific Ocean - North East,Ecuador,-90.55406447|-0.291192307,Rattus rattus
Pterodroma leucoptera,No studies found,2144,Unknown pre-status,1,Islote Gran Felipe,Galapagos Islands,Pacific Ocean - North East,Ecuador,-90.55406447|-0.291192307,Rattus rattus
Pterodroma phaeopygia,Population study without data in support,2144,Unknown pre-status,1,Islote Gran Felipe,Galapagos Islands,Pacific Ocean - North East,Ecuador,-90.55406447|-0.291192307,Rattus rattus
Spheniscus mendiculus,No studies found,2144,Unknown pre-status,3,Islote Gran Felipe,Galapagos Islands,Pacific Ocean - North East,Ecuador,-90.55406447|-0.291192307,Rattus rattus
Ardenna grisea,No studies found,270,Successful (Reinvaded),3,Isola dei Topi,Tuscan Islands,Mediterranean,Italy,10.42352475|42.87080966,Rattus rattus
Fratercula arctica,Population study without data in support,270,Successful (Reinvaded),3,Isola dei Topi,Tuscan Islands,Mediterranean,Italy,10.42352475|42.87080966,Rattus rattus
Larus audouinii,All studies are not in support,270,Successful (Reinvaded),3,Isola dei Topi,Tuscan Islands,Mediterranean,Italy,10.42352475|42.87080966,Rattus rattus
Puffinus mauretanicus,All studies are not in support,270,Successful (Reinvaded),1,Isola dei Topi,Tuscan Islands,Mediterranean,Italy,10.42352475|42.87080966,Rattus rattus
Puffinus yelkouan,Population study with data in support,270,Successful (Reinvaded),1,Isola dei Topi,Tuscan Islands,Mediterranean,Italy,10.42352475|42.87080966,Rattus rattus
Puffinus mauretanicus,All studies are not in support,272,Successful (Reinvaded),1,Isolotto di Porto Ercole,Tuscan Islands,Mediterranean,Italy,11.2112332|42.38095495,Rattus rattus
Puffinus yelkouan,Population study with data in support,272,Successful (Reinvaded),1,Isolotto di Porto Ercole,Tuscan Islands,Mediterranean,Italy,11.2112332|42.38095495,Rattus rattus
Ardenna carneipes,Population study without data in support,2783,Successful,1,Ivy,Western Australia (Montebello Islands),Indian Ocean - East,Australia,115.5450039|-20.4951356,Rattus rattus
Calonectris leucomelas,Only predation in support,2783,Successful,1,Ivy,Western Australia (Montebello Islands),Indian Ocean - East,Australia,115.5450039|-20.4951356,Rattus rattus
Ardenna carneipes,Population study without data in support,2928,Successful,1,Jacobin,Chagos Archipelago (Salomon Islands),Indian Ocean - West,British Indian Ocean Territory,72.24593583|-5.349780059,Rattus rattus
Bulweria fallax,All studies are not in support,2928,Successful,1,Jacobin,Chagos Archipelago (Salomon Islands),Indian Ocean - West,British Indian Ocean Territory,72.24593583|-5.349780059,Rattus rattus
Hydrobates matsudairae,No studies found,2928,Successful,3,Jacobin,Chagos Archipelago (Salomon Islands),Indian Ocean - West,British Indian Ocean Territory,72.24593583|-5.349780059,Rattus rattus
Calonectris leucomelas,Only predation in support,3130,In Progress,1,Jessie,Queensland Islands (North Barnard Islands),Pacific Ocean - South West,Australia,146.1737263|-17.67296484,Rattus rattus
Ardenna carneipes,Population study without data in support,2784,Successful,1,Jonquil,Western Australia (Montebello Islands),Indian Ocean - East,Australia,115.5325269|-20.39734573,Rattus rattus
Calonectris leucomelas,Only predation in support,2784,Successful,1,Jonquil,Western Australia (Montebello Islands),Indian Ocean - East,Australia,115.5325269|-20.39734573,Rattus rattus
Ardenna grisea,No studies found,2943,Successful (Reinvaded),1,Joshes/Rukawhakura,Stewart Islands,Pacific Ocean - South West,New Zealand,168.2009861|-47.10442125,Rattus rattus
Eudyptes pachyrhynchus,No studies found,2943,Successful (Reinvaded),3,Joshes/Rukawhakura,Stewart Islands,Pacific Ocean - South West,New Zealand,168.2009861|-47.10442125,Rattus rattus
Phoebetria palpebrata,No studies found,2943,Successful (Reinvaded),1,Joshes/Rukawhakura,Stewart Islands,Pacific Ocean - South West,New Zealand,168.2009861|-47.10442125,Rattus rattus
Sterna striata,No studies found,2943,Successful (Reinvaded),4,Joshes/Rukawhakura,Stewart Islands,Pacific Ocean - South West,New Zealand,168.2009861|-47.10442125,Rattus rattus
Ardenna grisea,No studies found,1813,Unknown,1,Kaihuka,Stewart Islands,Pacific Ocean - South West,New Zealand,168.2005246|-47.11380962,Rattus rattus
Eudyptes pachyrhynchus,No studies found,1813,Unknown,3,Kaihuka,Stewart Islands,Pacific Ocean - South West,New Zealand,168.2005246|-47.11380962,Rattus rattus
Phoebetria palpebrata,No studies found,1813,Unknown,1,Kaihuka,Stewart Islands,Pacific Ocean - South West,New Zealand,168.2005246|-47.11380962,Rattus rattus
Sterna striata,No studies found,1813,Unknown,4,Kaihuka,Stewart Islands,Pacific Ocean - South West,New Zealand,168.2005246|-47.11380962,Rattus rattus
Ardenna grisea,No studies found,1678,Successful (Reinvaded),1,Kaikoura,Great Barrier Islands,Pacific Ocean - South West,New Zealand,175.3252891|-36.17637718,Rattus rattus
Coturnix novaezelandiae,No studies found,1678,Successful (Reinvaded),1,Kaikoura,Great Barrier Islands,Pacific Ocean - South West,New Zealand,175.3252891|-36.17637718,Rattus rattus
Mergus australis,No studies found,1678,Successful (Reinvaded),1,Kaikoura,Great Barrier Islands,Pacific Ocean - South West,New Zealand,175.3252891|-36.17637718,Rattus rattus
Sterna striata,No studies found,1678,Successful (Reinvaded),4,Kaikoura,Great Barrier Islands,Pacific Ocean - South West,New Zealand,175.3252891|-36.17637718,Rattus rattus
Pterodroma hasitata,No studies found,1768,Successful,1,Kalkun Cay,Lesser Antilles (US Virgin Islands (St. Thomas Islands)),Caribbean,Virgin Islands U.S.,-65.0576566|18.35032527,Rattus rattus
Ardenna carneipes,Population study without data in support,2785,Successful,1,Karangi,Western Australia (Montebello Islands),Indian Ocean - East,Australia,115.6031199|-20.43378533,Rattus rattus
Calonectris leucomelas,Only predation in support,2785,Successful,1,Karangi,Western Australia (Montebello Islands),Indian Ocean - East,Australia,115.6031199|-20.43378533,Rattus rattus
Ardenna grisea,No studies found,201,Successful,3,Kasidis,Lagofitonisia,Mediterranean,Greece,24.09189981|39.10632273,Rattus rattus
Larus audouinii,All studies are not in support,201,Successful,3,Kasidis,Lagofitonisia,Mediterranean,Greece,24.09189981|39.10632273,Rattus rattus
Puffinus yelkouan,Population study with data in support,201,Successful,1,Kasidis,Lagofitonisia,Mediterranean,Greece,24.09189981|39.10632273,Rattus rattus
Larus audouinii,All studies are not in support,202,Successful,3,Kastronisia - 2,Sporades Islands,Mediterranean,Greece,23.4618503|39.2135604,Rattus rattus
Puffinus yelkouan,Population study with data in support,202,Successful,1,Kastronisia - 2,Sporades Islands,Mediterranean,Greece,23.4618503|39.2135604,Rattus rattus
Calonectris leucomelas,Only predation in support,3131,In Progress,1,Kent,Queensland Islands (North Barnard Islands),Pacific Ocean - South West,Australia,146.1794345|-17.67611872,Rattus rattus
Ardenna carneipes,Population study without data in support,2786,Successful,1,Kingcup,Western Australia (Montebello Islands),Indian Ocean - East,Australia,115.5317673|-20.39078573,Rattus rattus
Calonectris leucomelas,Only predation in support,2786,Successful,1,Kingcup,Western Australia (Montebello Islands),Indian Ocean - East,Australia,115.5317673|-20.39078573,Rattus rattus
Ardenna carneipes,Population study without data in support,1214,Successful (Reinvaded),1,Koi,Hauraki Gulf (Waiheke Island),Pacific Ocean - South West,New Zealand,175.0556283|-36.82691667,Rattus rattus
Ardenna grisea,No studies found,1214,Successful (Reinvaded),2,Koi,Hauraki Gulf (Waiheke Island),Pacific Ocean - South West,New Zealand,175.0556283|-36.82691667,Rattus rattus
Eudyptes pachyrhynchus,No studies found,1214,Successful (Reinvaded),3,Koi,Hauraki Gulf (Waiheke Island),Pacific Ocean - South West,New Zealand,175.0556283|-36.82691667,Rattus rattus
Procellaria aequinoctialis,All studies are not in support,1214,Successful (Reinvaded),1,Koi,Hauraki Gulf (Waiheke Island),Pacific Ocean - South West,New Zealand,175.0556283|-36.82691667,Rattus rattus
Procellaria cinerea,All studies are not in support,1214,Successful (Reinvaded),1,Koi,Hauraki Gulf (Waiheke Island),Pacific Ocean - South West,New Zealand,175.0556283|-36.82691667,Rattus rattus
Procellaria parkinsoni,No studies found,1214,Successful (Reinvaded),1,Koi,Hauraki Gulf (Waiheke Island),Pacific Ocean - South West,New Zealand,175.0556283|-36.82691667,Rattus rattus
Procellaria westlandica,No studies found,1214,Successful (Reinvaded),1,Koi,Hauraki Gulf (Waiheke Island),Pacific Ocean - South West,New Zealand,175.0556283|-36.82691667,Rattus rattus
Pterodroma cookii,No studies found,1214,Successful (Reinvaded),1,Koi,Hauraki Gulf (Waiheke Island),Pacific Ocean - South West,New Zealand,175.0556283|-36.82691667,Rattus rattus
Pterodroma inexpectata,No studies found,1214,Successful (Reinvaded),1,Koi,Hauraki Gulf (Waiheke Island),Pacific Ocean - South West,New Zealand,175.0556283|-36.82691667,Rattus rattus
Pterodroma leucoptera,No studies found,1214,Successful (Reinvaded),1,Koi,Hauraki Gulf (Waiheke Island),Pacific Ocean - South West,New Zealand,175.0556283|-36.82691667,Rattus rattus
Sterna striata,No studies found,1214,Successful (Reinvaded),4,Koi,Hauraki Gulf (Waiheke Island),Pacific Ocean - South West,New Zealand,175.0556283|-36.82691667,Rattus rattus
Ardenna carneipes,Population study without data in support,1814,Successful,1,Kuiamokimoki,Bay of Islands (Moturoa),Pacific Ocean - South West,New Zealand,174.19849|-35.23039829,Rattus rattus
Ardenna grisea,No studies found,1814,Successful,2,Kuiamokimoki,Bay of Islands (Moturoa),Pacific Ocean - South West,New Zealand,174.19849|-35.23039829,Rattus rattus
Eudyptes pachyrhynchus,No studies found,1814,Successful,3,Kuiamokimoki,Bay of Islands (Moturoa),Pacific Ocean - South West,New Zealand,174.19849|-35.23039829,Rattus rattus
Procellaria aequinoctialis,All studies are not in support,1814,Successful,1,Kuiamokimoki,Bay of Islands (Moturoa),Pacific Ocean - South West,New Zealand,174.19849|-35.23039829,Rattus rattus
Procellaria cinerea,All studies are not in support,1814,Successful,1,Kuiamokimoki,Bay of Islands (Moturoa),Pacific Ocean - South West,New Zealand,174.19849|-35.23039829,Rattus rattus
Procellaria parkinsoni,No studies found,1814,Successful,1,Kuiamokimoki,Bay of Islands (Moturoa),Pacific Ocean - South West,New Zealand,174.19849|-35.23039829,Rattus rattus
Procellaria westlandica,No studies found,1814,Successful,1,Kuiamokimoki,Bay of Islands (Moturoa),Pacific Ocean - South West,New Zealand,174.19849|-35.23039829,Rattus rattus
Pterodroma cookii,No studies found,1814,Successful,1,Kuiamokimoki,Bay of Islands (Moturoa),Pacific Ocean - South West,New Zealand,174.19849|-35.23039829,Rattus rattus
Pterodroma inexpectata,No studies found,1814,Successful,1,Kuiamokimoki,Bay of Islands (Moturoa),Pacific Ocean - South West,New Zealand,174.19849|-35.23039829,Rattus rattus
Pterodroma leucoptera,No studies found,1814,Successful,1,Kuiamokimoki,Bay of Islands (Moturoa),Pacific Ocean - South West,New Zealand,174.19849|-35.23039829,Rattus rattus
Sterna striata,No studies found,1814,Successful,4,Kuiamokimoki,Bay of Islands (Moturoa),Pacific Ocean - South West,New Zealand,174.19849|-35.23039829,Rattus rattus
Pterodroma hasitata,No studies found,2426,Unknown,1,La Grotte,Lesser Antilles (Robert Islets),Caribbean,Martinique,-60.88339634|14.68789698,Rattus rattus
Ardenna grisea,No studies found,2808,Successful,3,La Scola,Tuscan Islands,Mediterranean,Italy,10.1062938|42.58379163,Rattus rattus
Ardenna grisea,No studies found,2809,Successful,3,La Scola,Tuscan Islands,Mediterranean,Italy,10.1062938|42.58379163,Rattus rattus
Ardenna grisea,No studies found,2810,Successful,3,La Scola,Tuscan Islands,Mediterranean,Italy,10.1062938|42.58379163,Rattus rattus
Fratercula arctica,Population study without data in support,2808,Successful,3,La Scola,Tuscan Islands,Mediterranean,Italy,10.1062938|42.58379163,Rattus rattus
Fratercula arctica,Population study without data in support,2809,Successful,3,La Scola,Tuscan Islands,Mediterranean,Italy,10.1062938|42.58379163,Rattus rattus
Fratercula arctica,Population study without data in support,2810,Successful,3,La Scola,Tuscan Islands,Mediterranean,Italy,10.1062938|42.58379163,Rattus rattus
Larus audouinii,All studies are not in support,2808,Successful,3,La Scola,Tuscan Islands,Mediterranean,Italy,10.1062938|42.58379163,Rattus rattus
Larus audouinii,All studies are not in support,2809,Successful,3,La Scola,Tuscan Islands,Mediterranean,Italy,10.1062938|42.58379163,Rattus rattus
Larus audouinii,All studies are not in support,2810,Successful,3,La Scola,Tuscan Islands,Mediterranean,Italy,10.1062938|42.58379163,Rattus rattus
Puffinus mauretanicus,All studies are not in support,2808,Successful,1,La Scola,Tuscan Islands,Mediterranean,Italy,10.1062938|42.58379163,Rattus rattus
Puffinus mauretanicus,All studies are not in support,2809,Successful,1,La Scola,Tuscan Islands,Mediterranean,Italy,10.1062938|42.58379163,Rattus rattus
Puffinus mauretanicus,All studies are not in support,2810,Successful,1,La Scola,Tuscan Islands,Mediterranean,Italy,10.1062938|42.58379163,Rattus rattus
Puffinus yelkouan,Population study with data in support,2808,Successful,1,La Scola,Tuscan Islands,Mediterranean,Italy,10.1062938|42.58379163,Rattus rattus
Puffinus yelkouan,Population study with data in support,2809,Successful,1,La Scola,Tuscan Islands,Mediterranean,Italy,10.1062938|42.58379163,Rattus rattus
Puffinus yelkouan,Population study with data in support,2810,Successful,1,La Scola,Tuscan Islands,Mediterranean,Italy,10.1062938|42.58379163,Rattus rattus
Ardenna grisea,No studies found,275,Successful (Reinvaded),3,La Scola,Tuscan Islands,Mediterranean,Italy,10.1062938|42.58379163,Rattus rattus
Fratercula arctica,Population study without data in support,275,Successful (Reinvaded),3,La Scola,Tuscan Islands,Mediterranean,Italy,10.1062938|42.58379163,Rattus rattus
Larus audouinii,All studies are not in support,275,Successful (Reinvaded),3,La Scola,Tuscan Islands,Mediterranean,Italy,10.1062938|42.58379163,Rattus rattus
Puffinus mauretanicus,All studies are not in support,275,Successful (Reinvaded),1,La Scola,Tuscan Islands,Mediterranean,Italy,10.1062938|42.58379163,Rattus rattus
Puffinus yelkouan,Population study with data in support,275,Successful (Reinvaded),1,La Scola,Tuscan Islands,Mediterranean,Italy,10.1062938|42.58379163,Rattus rattus
Ardenna carneipes,Population study without data in support,2621,Successful,1,Lady Alice (Mauimua),Hen and Chicken Islands,Pacific Ocean - South West,New Zealand,174.7280744|-35.8898964,Rattus rattus
Ardenna grisea,No studies found,2621,Successful,1,Lady Alice (Mauimua),Hen and Chicken Islands,Pacific Ocean - South West,New Zealand,174.7280744|-35.8898964,Rattus rattus
Eudyptes pachyrhynchus,No studies found,2621,Successful,3,Lady Alice (Mauimua),Hen and Chicken Islands,Pacific Ocean - South West,New Zealand,174.7280744|-35.8898964,Rattus rattus
Sterna striata,No studies found,2621,Successful,4,Lady Alice (Mauimua),Hen and Chicken Islands,Pacific Ocean - South West,New Zealand,174.7280744|-35.8898964,Rattus rattus
Puffinus yelkouan,Population study with data in support,231,Successful,1,Lavezzu,Lavezzi Archipelago,Mediterranean,France,9.25586421|41.34056962,Rattus rattus
Ardenna grisea,No studies found,2134,Successful,3,Lavezzu Islets - 18 total,Lavezzi Archipelago,Mediterranean,France,9.24453|41.33789,Rattus rattus
Fratercula arctica,Population study without data in support,2134,Successful,3,Lavezzu Islets - 18 total,Lavezzi Archipelago,Mediterranean,France,9.24453|41.33789,Rattus rattus
Larus audouinii,All studies are not in support,2134,Successful,3,Lavezzu Islets - 18 total,Lavezzi Archipelago,Mediterranean,France,9.24453|41.33789,Rattus rattus
Puffinus mauretanicus,All studies are not in support,2134,Successful,1,Lavezzu Islets - 18 total,Lavezzi Archipelago,Mediterranean,France,9.24453|41.33789,Rattus rattus
Puffinus yelkouan,Population study with data in support,2134,Successful,1,Lavezzu Islets - 18 total,Lavezzi Archipelago,Mediterranean,France,9.24453|41.33789,Rattus rattus
Ardenna grisea,No studies found,161,Planned,3,Le Predour,New Caledonia Islands,Pacific Ocean - South West,New Caledonia,165.9910785|-21.97783744,Rattus rattus
Ardenna carneipes,Population study without data in support,2787,Successful,1,Lily,Western Australia (Montebello Islands),Indian Ocean - East,Australia,115.5863956|-20.41959724,Rattus rattus
Calonectris leucomelas,Only predation in support,2787,Successful,1,Lily,Western Australia (Montebello Islands),Indian Ocean - East,Australia,115.5863956|-20.41959724,Rattus rattus
Calonectris leucomelas,Only predation in support,3132,In Progress,1,Lindquist,Queensland Islands (North Barnard Islands),Pacific Ocean - South West,Australia,146.158047|-17.65409647,Rattus rattus
Ardenna carneipes,Population study without data in support,901,Successful,1,Little Broughton,Myall Coast Islands,Pacific Ocean - South West,Australia,152.3336639|-32.62108476,Rattus rattus
Ardenna grisea,No studies found,901,Successful,3,Little Broughton,Myall Coast Islands,Pacific Ocean - South West,Australia,152.3336639|-32.62108476,Rattus rattus
Calonectris leucomelas,Only predation in support,901,Successful,1,Little Broughton,Myall Coast Islands,Pacific Ocean - South West,Australia,152.3336639|-32.62108476,Rattus rattus
Pterodroma leucoptera,No studies found,901,Successful,2,Little Broughton,Myall Coast Islands,Pacific Ocean - South West,Australia,152.3336639|-32.62108476,Rattus rattus
Sterna striata,No studies found,901,Successful,4,Little Broughton,Myall Coast Islands,Pacific Ocean - South West,Australia,152.3336639|-32.62108476,Rattus rattus
Ardenna carneipes,Population study without data in support,2394,Successful,1,Little Faraday,British Columbia (Haida Gwaii),Pacific Ocean - North East,Canada,-131.464924|52.61362123,Rattus rattus
Ardenna creatopus,All studies are not in support,2394,Successful,1,Little Faraday,British Columbia (Haida Gwaii),Pacific Ocean - North East,Canada,-131.464924|52.61362123,Rattus rattus
Ardenna grisea,No studies found,2394,Successful,3,Little Faraday,British Columbia (Haida Gwaii),Pacific Ocean - North East,Canada,-131.464924|52.61362123,Rattus rattus
Hydrobates leucorhous,No studies found,2394,Successful,1,Little Faraday,British Columbia (Haida Gwaii),Pacific Ocean - North East,Canada,-131.464924|52.61362123,Rattus rattus
Ptychoramphus aleuticus,Population study with data in support,2394,Successful,1,Little Faraday,British Columbia (Haida Gwaii),Pacific Ocean - North East,Canada,-131.464924|52.61362123,Rattus rattus
Pterodroma hasitata,No studies found,2368,Successful,1,Little Lobster,Lesser Antilles (Antigua and Barbuda Islands),Caribbean,Antigua and Barbuda,-61.72887082|17.1350651,Rattus rattus
Ardenna carneipes,Population study without data in support,2506,Successful (Reinvaded),1,Little Mahuki,Broken Islands,Pacific Ocean - South West,New Zealand,175.3066646|-36.22847635,Rattus rattus
Ardenna grisea,No studies found,2506,Successful (Reinvaded),1,Little Mahuki,Broken Islands,Pacific Ocean - South West,New Zealand,175.3066646|-36.22847635,Rattus rattus
Eudyptes pachyrhynchus,No studies found,2506,Successful (Reinvaded),3,Little Mahuki,Broken Islands,Pacific Ocean - South West,New Zealand,175.3066646|-36.22847635,Rattus rattus
Sterna striata,No studies found,2506,Successful (Reinvaded),4,Little Mahuki,Broken Islands,Pacific Ocean - South West,New Zealand,175.3066646|-36.22847635,Rattus rattus
Ardenna carneipes,Population study without data in support,1206,Successful (Reinvaded),1,Little Rat,Bay of Islands (Black Rocks),Pacific Ocean - South West,New Zealand,174.0992937|-35.20475981,Rattus rattus
Ardenna grisea,No studies found,1206,Successful (Reinvaded),2,Little Rat,Bay of Islands (Black Rocks),Pacific Ocean - South West,New Zealand,174.0992937|-35.20475981,Rattus rattus
Eudyptes pachyrhynchus,No studies found,1206,Successful (Reinvaded),3,Little Rat,Bay of Islands (Black Rocks),Pacific Ocean - South West,New Zealand,174.0992937|-35.20475981,Rattus rattus
Sterna striata,No studies found,1206,Successful (Reinvaded),4,Little Rat,Bay of Islands (Black Rocks),Pacific Ocean - South West,New Zealand,174.0992937|-35.20475981,Rattus rattus
Hydrobates leucorhous,No studies found,13,Failed,1,Lobos,Galapagos Islands,Pacific Ocean - North East,Ecuador,-89.56619659|-0.856468883,Rattus rattus
Procellaria parkinsoni,No studies found,13,Failed,1,Lobos,Galapagos Islands,Pacific Ocean - North East,Ecuador,-89.56619659|-0.856468883,Rattus rattus
Pseudobulweria rostrata,No studies found,13,Failed,1,Lobos,Galapagos Islands,Pacific Ocean - North East,Ecuador,-89.56619659|-0.856468883,Rattus rattus
Pterodroma cookii,No studies found,13,Failed,1,Lobos,Galapagos Islands,Pacific Ocean - North East,Ecuador,-89.56619659|-0.856468883,Rattus rattus
Pterodroma externa,No studies found,13,Failed,1,Lobos,Galapagos Islands,Pacific Ocean - North East,Ecuador,-89.56619659|-0.856468883,Rattus rattus
Pterodroma leucoptera,No studies found,13,Failed,1,Lobos,Galapagos Islands,Pacific Ocean - North East,Ecuador,-89.56619659|-0.856468883,Rattus rattus
Pterodroma phaeopygia,Population study without data in support,13,Failed,1,Lobos,Galapagos Islands,Pacific Ocean - North East,Ecuador,-89.56619659|-0.856468883,Rattus rattus
Pterodroma hasitata,No studies found,1053,Successful,1,Lobster,Lesser Antilles (Antigua and Barbuda Islands),Caribbean,Antigua and Barbuda,-61.72978234|17.13375054,Rattus rattus
Larus fuliginosus,Only predation in support,2023,Successful,1,Logie (Lougie),Galapagos Islands,Pacific Ocean - North East,Ecuador,-90.57770813|-0.254561722,Rattus rattus
Progne modesta,No studies found,2023,Successful,1,Logie (Lougie),Galapagos Islands,Pacific Ocean - North East,Ecuador,-90.57770813|-0.254561722,Rattus rattus
Ardenna grisea,No studies found,2824,Successful,3,Long Rock,Bermuda (Ruth's Bay),Atlantic Ocean - North,Bermuda,-64.65470183|32.35723525,Rattus rattus
Hydrobates leucorhous,No studies found,2824,Successful,1,Long Rock,Bermuda (Ruth's Bay),Atlantic Ocean - North,Bermuda,-64.65470183|32.35723525,Rattus rattus
Ardenna grisea,No studies found,2823,Successful (Reinvaded),3,Long Rock,Bermuda (Ruth's Bay),Atlantic Ocean - North,Bermuda,-64.65470183|32.35723525,Rattus rattus
Hydrobates leucorhous,No studies found,2823,Successful (Reinvaded),1,Long Rock,Bermuda (Ruth's Bay),Atlantic Ocean - North,Bermuda,-64.65470183|32.35723525,Rattus rattus
Ardenna grisea,No studies found,902,Successful,3,Looking Glas (South Rock),Myall Coast Islands,Pacific Ocean - South West,Australia,152.3170464|-32.62930348,Rattus rattus
Pterodroma leucoptera,No studies found,902,Successful,2,Looking Glas (South Rock),Myall Coast Islands,Pacific Ocean - South West,Australia,152.3170464|-32.62930348,Rattus rattus
Sterna striata,No studies found,902,Successful,3,Looking Glas (South Rock),Myall Coast Islands,Pacific Ocean - South West,Australia,152.3170464|-32.62930348,Rattus rattus
Ardenna carneipes,Population study without data in support,2433,Planned,1,Lord Howe,Lord Howe Islands,Pacific Ocean - South West,Australia,159.0769287|-31.55341133,Rattus rattus
Ardenna grisea,No studies found,2433,Planned,3,Lord Howe,Lord Howe Islands,Pacific Ocean - South West,Australia,159.0769287|-31.55341133,Rattus rattus
Calonectris leucomelas,Only predation in support,2433,Planned,1,Lord Howe,Lord Howe Islands,Pacific Ocean - South West,Australia,159.0769287|-31.55341133,Rattus rattus
Sterna striata,No studies found,2433,Planned,4,Lord Howe,Lord Howe Islands,Pacific Ocean - South West,Australia,159.0769287|-31.55341133,Rattus rattus
Pterodroma hasitata,No studies found,1742,Successful,1,Low Cay,Bahamas (San Salvador Bank),Caribbean,Bahamas,-74.4813696|23.93850609,Rattus rattus
Pterodroma hasitata,No studies found,1741,Failed,1,Low Cay,Bahamas (San Salvador Bank),Caribbean,Bahamas,-74.4813696|23.93850609,Rattus rattus
Ardenna grisea,No studies found,186,Successful,3,Lundy,Bristol Channel,Atlantic Ocean - North,United Kingdom,-4.66958038|51.17794887,Rattus rattus
Fratercula arctica,Population study without data in support,186,Successful,2,Lundy,Bristol Channel,Atlantic Ocean - North,United Kingdom,-4.66958038|51.17794887,Rattus rattus
Calonectris leucomelas,Only predation in support,3126,In Progress,1,Mabel,Queensland Islands (Frankland Islands),Pacific Ocean - South West,Australia,146.0787107|-17.20991957,Rattus rattus
Ardenna grisea,No studies found,618,Successful,2,Macquarie,Macquarie Islands,Pacific Ocean - South West,Australia,158.8643089|-54.62839539,Rattus rattus
Eudyptes pachyrhynchus,No studies found,618,Successful,3,Macquarie,Macquarie Islands,Pacific Ocean - South West,Australia,158.8643089|-54.62839539,Rattus rattus
Phoebetria palpebrata,No studies found,618,Successful,2,Macquarie,Macquarie Islands,Pacific Ocean - South West,Australia,158.8643089|-54.62839539,Rattus rattus
Pterodroma hasitata,No studies found,2428,Unknown,1,Madame,Lesser Antilles (Robert Islets),Caribbean,Martinique,-60.88269319|14.6702174501,Rattus rattus
Ardenna carneipes,Population study without data in support,2861,Successful,1,Magojima,Ogasawara Islands (Chichijima Group),Pacific Ocean - North West,Japan,142.1957883|27.1948531,Rattus rattus
Ardenna grisea,No studies found,2861,Successful,3,Magojima,Ogasawara Islands (Chichijima Group),Pacific Ocean - North West,Japan,142.1957883|27.1948531,Rattus rattus
Calonectris leucomelas,Only predation in support,2861,Successful,1,Magojima,Ogasawara Islands (Chichijima Group),Pacific Ocean - North West,Japan,142.1957883|27.1948531,Rattus rattus
Hydrobates matsudairae,No studies found,2861,Successful,3,Magojima,Ogasawara Islands (Chichijima Group),Pacific Ocean - North West,Japan,142.1957883|27.1948531,Rattus rattus
Puffinus bannermani,No studies found,2861,Successful,1,Magojima,Ogasawara Islands (Chichijima Group),Pacific Ocean - North West,Japan,142.1957883|27.1948531,Rattus rattus
Puffinus bryani,Only predation in support,2861,Successful,1,Magojima,Ogasawara Islands (Chichijima Group),Pacific Ocean - North West,Japan,142.1957883|27.1948531,Rattus rattus
Ardenna carneipes,Population study without data in support,1743,Successful,1,Mahenotiti,Bay of Islands (Urupukapuka),Pacific Ocean - South West,New Zealand,174.2479817|-35.22754213,Rattus rattus
Ardenna grisea,No studies found,1743,Successful,2,Mahenotiti,Bay of Islands (Urupukapuka),Pacific Ocean - South West,New Zealand,174.2479817|-35.22754213,Rattus rattus
Eudyptes pachyrhynchus,No studies found,1743,Successful,3,Mahenotiti,Bay of Islands (Urupukapuka),Pacific Ocean - South West,New Zealand,174.2479817|-35.22754213,Rattus rattus
Procellaria aequinoctialis,All studies are not in support,1743,Successful,1,Mahenotiti,Bay of Islands (Urupukapuka),Pacific Ocean - South West,New Zealand,174.2479817|-35.22754213,Rattus rattus
Procellaria cinerea,All studies are not in support,1743,Successful,1,Mahenotiti,Bay of Islands (Urupukapuka),Pacific Ocean - South West,New Zealand,174.2479817|-35.22754213,Rattus rattus
Procellaria parkinsoni,No studies found,1743,Successful,1,Mahenotiti,Bay of Islands (Urupukapuka),Pacific Ocean - South West,New Zealand,174.2479817|-35.22754213,Rattus rattus
Procellaria westlandica,No studies found,1743,Successful,1,Mahenotiti,Bay of Islands (Urupukapuka),Pacific Ocean - South West,New Zealand,174.2479817|-35.22754213,Rattus rattus
Pterodroma cookii,No studies found,1743,Successful,1,Mahenotiti,Bay of Islands (Urupukapuka),Pacific Ocean - South West,New Zealand,174.2479817|-35.22754213,Rattus rattus
Pterodroma inexpectata,No studies found,1743,Successful,1,Mahenotiti,Bay of Islands (Urupukapuka),Pacific Ocean - South West,New Zealand,174.2479817|-35.22754213,Rattus rattus
Pterodroma leucoptera,No studies found,1743,Successful,1,Mahenotiti,Bay of Islands (Urupukapuka),Pacific Ocean - South West,New Zealand,174.2479817|-35.22754213,Rattus rattus
Sterna striata,No studies found,1743,Successful,4,Mahenotiti,Bay of Islands (Urupukapuka),Pacific Ocean - South West,New Zealand,174.2479817|-35.22754213,Rattus rattus
Ardenna carneipes,Population study without data in support,2505,Successful (Reinvaded),1,Mahuki,Broken Islands,Pacific Ocean - South West,New Zealand,175.3028708|-36.2323209,Rattus rattus
Ardenna grisea,No studies found,2505,Successful (Reinvaded),1,Mahuki,Broken Islands,Pacific Ocean - South West,New Zealand,175.3028708|-36.2323209,Rattus rattus
Eudyptes pachyrhynchus,No studies found,2505,Successful (Reinvaded),3,Mahuki,Broken Islands,Pacific Ocean - South West,New Zealand,175.3028708|-36.2323209,Rattus rattus
Sterna striata,No studies found,2505,Successful (Reinvaded),4,Mahuki,Broken Islands,Pacific Ocean - South West,New Zealand,175.3028708|-36.2323209,Rattus rattus
Fratercula arctica,Population study without data in support,2739,Successful,3,Malgrat gran,Balearic Islands (Mallorca Group),Mediterranean,Spain,2.45062981|39.49819358,Rattus rattus
Larus audouinii,All studies are not in support,2739,Successful,3,Malgrat gran,Balearic Islands (Mallorca Group),Mediterranean,Spain,2.45062981|39.49819358,Rattus rattus
Puffinus mauretanicus,All studies are not in support,2739,Successful,1,Malgrat gran,Balearic Islands (Mallorca Group),Mediterranean,Spain,2.45062981|39.49819358,Rattus rattus
Puffinus yelkouan,Population study with data in support,2739,Successful,1,Malgrat gran,Balearic Islands (Mallorca Group),Mediterranean,Spain,2.45062981|39.49819358,Rattus rattus
Fratercula arctica,Population study without data in support,2740,Successful,3,Malgrat petit,Balearic Islands (Mallorca Group),Mediterranean,Spain,2.45579876|39.50237199,Rattus rattus
Larus audouinii,All studies are not in support,2740,Successful,3,Malgrat petit,Balearic Islands (Mallorca Group),Mediterranean,Spain,2.45579876|39.50237199,Rattus rattus
Puffinus mauretanicus,All studies are not in support,2740,Successful,1,Malgrat petit,Balearic Islands (Mallorca Group),Mediterranean,Spain,2.45579876|39.50237199,Rattus rattus
Puffinus yelkouan,Population study with data in support,2740,Successful,1,Malgrat petit,Balearic Islands (Mallorca Group),Mediterranean,Spain,2.45579876|39.50237199,Rattus rattus
Ardenna carneipes,Population study without data in support,3105,Successful,1,Managaha,Mariana Islands,Pacific Ocean - North West,Northern Mariana Islands,145.7123116|15.24142794,Rattus rattus
Calonectris leucomelas,Only predation in support,3105,Successful,1,Managaha,Mariana Islands,Pacific Ocean - North West,Northern Mariana Islands,145.7123116|15.24142794,Rattus rattus
Hydrobates matsudairae,No studies found,3105,Successful,3,Managaha,Mariana Islands,Pacific Ocean - North West,Northern Mariana Islands,145.7123116|15.24142794,Rattus rattus
Hydrobates leucorhous,No studies found,2807,Successful,1,Marielas Este,Galapagos Islands,Pacific Ocean - North East,Ecuador,-91.09036355|-0.594654923,Rattus rattus
Procellaria parkinsoni,No studies found,2807,Successful,1,Marielas Este,Galapagos Islands,Pacific Ocean - North East,Ecuador,-91.09036355|-0.594654923,Rattus rattus
Pseudobulweria rostrata,No studies found,2807,Successful,1,Marielas Este,Galapagos Islands,Pacific Ocean - North East,Ecuador,-91.09036355|-0.594654923,Rattus rattus
Pterodroma cookii,No studies found,2807,Successful,1,Marielas Este,Galapagos Islands,Pacific Ocean - North East,Ecuador,-91.09036355|-0.594654923,Rattus rattus
Pterodroma externa,No studies found,2807,Successful,1,Marielas Este,Galapagos Islands,Pacific Ocean - North East,Ecuador,-91.09036355|-0.594654923,Rattus rattus
Pterodroma leucoptera,No studies found,2807,Successful,1,Marielas Este,Galapagos Islands,Pacific Ocean - North East,Ecuador,-91.09036355|-0.594654923,Rattus rattus
Pterodroma phaeopygia,Population study without data in support,2807,Successful,1,Marielas Este,Galapagos Islands,Pacific Ocean - North East,Ecuador,-91.09036355|-0.594654923,Rattus rattus
Spheniscus mendiculus,No studies found,2807,Successful,3,Marielas Este,Galapagos Islands,Pacific Ocean - North East,Ecuador,-91.09036355|-0.594654923,Rattus rattus
Hydrobates leucorhous,No studies found,3119,Successful (Reinvaded),1,Marielas Este,Galapagos Islands,Pacific Ocean - North East,Ecuador,-91.09036355|-0.594654923,Rattus rattus
Procellaria parkinsoni,No studies found,3119,Successful (Reinvaded),1,Marielas Este,Galapagos Islands,Pacific Ocean - North East,Ecuador,-91.09036355|-0.594654923,Rattus rattus
Pseudobulweria rostrata,No studies found,3119,Successful (Reinvaded),1,Marielas Este,Galapagos Islands,Pacific Ocean - North East,Ecuador,-91.09036355|-0.594654923,Rattus rattus
Pterodroma cookii,No studies found,3119,Successful (Reinvaded),1,Marielas Este,Galapagos Islands,Pacific Ocean - North East,Ecuador,-91.09036355|-0.594654923,Rattus rattus
Pterodroma externa,No studies found,3119,Successful (Reinvaded),1,Marielas Este,Galapagos Islands,Pacific Ocean - North East,Ecuador,-91.09036355|-0.594654923,Rattus rattus
Pterodroma leucoptera,No studies found,3119,Successful (Reinvaded),1,Marielas Este,Galapagos Islands,Pacific Ocean - North East,Ecuador,-91.09036355|-0.594654923,Rattus rattus
Pterodroma phaeopygia,Population study without data in support,3119,Successful (Reinvaded),1,Marielas Este,Galapagos Islands,Pacific Ocean - North East,Ecuador,-91.09036355|-0.594654923,Rattus rattus
Spheniscus mendiculus,No studies found,3119,Successful (Reinvaded),3,Marielas Este,Galapagos Islands,Pacific Ocean - North East,Ecuador,-91.09036355|-0.594654923,Rattus rattus
Hydrobates leucorhous,No studies found,3120,Successful,1,Marielas Norte,Galapagos Islands,Pacific Ocean - North East,Ecuador,-91.09092703|-0.595941497,Rattus rattus
Procellaria parkinsoni,No studies found,3120,Successful,1,Marielas Norte,Galapagos Islands,Pacific Ocean - North East,Ecuador,-91.09092703|-0.595941497,Rattus rattus
Pseudobulweria rostrata,No studies found,3120,Successful,1,Marielas Norte,Galapagos Islands,Pacific Ocean - North East,Ecuador,-91.09092703|-0.595941497,Rattus rattus
Pterodroma cookii,No studies found,3120,Successful,1,Marielas Norte,Galapagos Islands,Pacific Ocean - North East,Ecuador,-91.09092703|-0.595941497,Rattus rattus
Pterodroma externa,No studies found,3120,Successful,1,Marielas Norte,Galapagos Islands,Pacific Ocean - North East,Ecuador,-91.09092703|-0.595941497,Rattus rattus
Pterodroma leucoptera,No studies found,3120,Successful,1,Marielas Norte,Galapagos Islands,Pacific Ocean - North East,Ecuador,-91.09092703|-0.595941497,Rattus rattus
Pterodroma phaeopygia,Population study without data in support,3120,Successful,1,Marielas Norte,Galapagos Islands,Pacific Ocean - North East,Ecuador,-91.09092703|-0.595941497,Rattus rattus
Spheniscus mendiculus,No studies found,3120,Successful,3,Marielas Norte,Galapagos Islands,Pacific Ocean - North East,Ecuador,-91.09092703|-0.595941497,Rattus rattus
Hydrobates leucorhous,No studies found,2418,Successful (Reinvaded),1,Marielas Norte,Galapagos Islands,Pacific Ocean - North East,Ecuador,-91.09092703|-0.595941497,Rattus rattus
Procellaria parkinsoni,No studies found,2418,Successful (Reinvaded),1,Marielas Norte,Galapagos Islands,Pacific Ocean - North East,Ecuador,-91.09092703|-0.595941497,Rattus rattus
Pseudobulweria rostrata,No studies found,2418,Successful (Reinvaded),1,Marielas Norte,Galapagos Islands,Pacific Ocean - North East,Ecuador,-91.09092703|-0.595941497,Rattus rattus
Pterodroma cookii,No studies found,2418,Successful (Reinvaded),1,Marielas Norte,Galapagos Islands,Pacific Ocean - North East,Ecuador,-91.09092703|-0.595941497,Rattus rattus
Pterodroma externa,No studies found,2418,Successful (Reinvaded),1,Marielas Norte,Galapagos Islands,Pacific Ocean - North East,Ecuador,-91.09092703|-0.595941497,Rattus rattus
Pterodroma leucoptera,No studies found,2418,Successful (Reinvaded),1,Marielas Norte,Galapagos Islands,Pacific Ocean - North East,Ecuador,-91.09092703|-0.595941497,Rattus rattus
Pterodroma phaeopygia,Population study without data in support,2418,Successful (Reinvaded),1,Marielas Norte,Galapagos Islands,Pacific Ocean - North East,Ecuador,-91.09092703|-0.595941497,Rattus rattus
Spheniscus mendiculus,No studies found,2418,Successful (Reinvaded),3,Marielas Norte,Galapagos Islands,Pacific Ocean - North East,Ecuador,-91.09092703|-0.595941497,Rattus rattus
Hydrobates leucorhous,No studies found,3121,Successful,1,Marielas Sur,Galapagos Islands,Pacific Ocean - North East,Ecuador,-91.09055959|-0.599271767,Rattus rattus
Procellaria parkinsoni,No studies found,3121,Successful,1,Marielas Sur,Galapagos Islands,Pacific Ocean - North East,Ecuador,-91.09055959|-0.599271767,Rattus rattus
Pseudobulweria rostrata,No studies found,3121,Successful,1,Marielas Sur,Galapagos Islands,Pacific Ocean - North East,Ecuador,-91.09055959|-0.599271767,Rattus rattus
Pterodroma cookii,No studies found,3121,Successful,1,Marielas Sur,Galapagos Islands,Pacific Ocean - North East,Ecuador,-91.09055959|-0.599271767,Rattus rattus
Pterodroma externa,No studies found,3121,Successful,1,Marielas Sur,Galapagos Islands,Pacific Ocean - North East,Ecuador,-91.09055959|-0.599271767,Rattus rattus
Pterodroma leucoptera,No studies found,3121,Successful,1,Marielas Sur,Galapagos Islands,Pacific Ocean - North East,Ecuador,-91.09055959|-0.599271767,Rattus rattus
Pterodroma phaeopygia,Population study without data in support,3121,Successful,1,Marielas Sur,Galapagos Islands,Pacific Ocean - North East,Ecuador,-91.09055959|-0.599271767,Rattus rattus
Spheniscus mendiculus,No studies found,3121,Successful,3,Marielas Sur,Galapagos Islands,Pacific Ocean - North East,Ecuador,-91.09055959|-0.599271767,Rattus rattus
Hydrobates leucorhous,No studies found,12,Successful (Reinvaded),1,Marielas Sur,Galapagos Islands,Pacific Ocean - North East,Ecuador,-91.09055959|-0.599271767,Rattus rattus
Hydrobates leucorhous,No studies found,2417,Successful (Reinvaded),1,Marielas Sur,Galapagos Islands,Pacific Ocean - North East,Ecuador,-91.09055959|-0.599271767,Rattus rattus
Procellaria parkinsoni,No studies found,12,Successful (Reinvaded),1,Marielas Sur,Galapagos Islands,Pacific Ocean - North East,Ecuador,-91.09055959|-0.599271767,Rattus rattus
Procellaria parkinsoni,No studies found,2417,Successful (Reinvaded),1,Marielas Sur,Galapagos Islands,Pacific Ocean - North East,Ecuador,-91.09055959|-0.599271767,Rattus rattus
Pseudobulweria rostrata,No studies found,12,Successful (Reinvaded),1,Marielas Sur,Galapagos Islands,Pacific Ocean - North East,Ecuador,-91.09055959|-0.599271767,Rattus rattus
Pseudobulweria rostrata,No studies found,2417,Successful (Reinvaded),1,Marielas Sur,Galapagos Islands,Pacific Ocean - North East,Ecuador,-91.09055959|-0.599271767,Rattus rattus
Pterodroma cookii,No studies found,12,Successful (Reinvaded),1,Marielas Sur,Galapagos Islands,Pacific Ocean - North East,Ecuador,-91.09055959|-0.599271767,Rattus rattus
Pterodroma cookii,No studies found,2417,Successful (Reinvaded),1,Marielas Sur,Galapagos Islands,Pacific Ocean - North East,Ecuador,-91.09055959|-0.599271767,Rattus rattus
Pterodroma externa,No studies found,12,Successful (Reinvaded),1,Marielas Sur,Galapagos Islands,Pacific Ocean - North East,Ecuador,-91.09055959|-0.599271767,Rattus rattus
Pterodroma externa,No studies found,2417,Successful (Reinvaded),1,Marielas Sur,Galapagos Islands,Pacific Ocean - North East,Ecuador,-91.09055959|-0.599271767,Rattus rattus
Pterodroma leucoptera,No studies found,12,Successful (Reinvaded),1,Marielas Sur,Galapagos Islands,Pacific Ocean - North East,Ecuador,-91.09055959|-0.599271767,Rattus rattus
Pterodroma leucoptera,No studies found,2417,Successful (Reinvaded),1,Marielas Sur,Galapagos Islands,Pacific Ocean - North East,Ecuador,-91.09055959|-0.599271767,Rattus rattus
Pterodroma phaeopygia,Population study without data in support,12,Successful (Reinvaded),1,Marielas Sur,Galapagos Islands,Pacific Ocean - North East,Ecuador,-91.09055959|-0.599271767,Rattus rattus
Pterodroma phaeopygia,Population study without data in support,2417,Successful (Reinvaded),1,Marielas Sur,Galapagos Islands,Pacific Ocean - North East,Ecuador,-91.09055959|-0.599271767,Rattus rattus
Spheniscus mendiculus,No studies found,12,Successful (Reinvaded),3,Marielas Sur,Galapagos Islands,Pacific Ocean - North East,Ecuador,-91.09055959|-0.599271767,Rattus rattus
Spheniscus mendiculus,No studies found,2417,Successful (Reinvaded),3,Marielas Sur,Galapagos Islands,Pacific Ocean - North East,Ecuador,-91.09055959|-0.599271767,Rattus rattus
Ardenna carneipes,Population study without data in support,2788,Successful,1,Marigold,Western Australia (Montebello Islands),Indian Ocean - East,Australia,115.5558731|-20.45743611,Rattus rattus
Calonectris leucomelas,Only predation in support,2788,Successful,1,Marigold,Western Australia (Montebello Islands),Indian Ocean - East,Australia,115.5558731|-20.45743611,Rattus rattus
Ardenna carneipes,Population study without data in support,1119,Successful,1,Mato,New Caledonia Islands,Pacific Ocean - South West,New Caledonia,166.7921364|-22.55015074,Rattus rattus
Ardenna grisea,No studies found,1119,Successful,3,Mato,New Caledonia Islands,Pacific Ocean - South West,New Caledonia,166.7921364|-22.55015074,Rattus rattus
Calonectris leucomelas,Only predation in support,1119,Successful,1,Mato,New Caledonia Islands,Pacific Ocean - South West,New Caledonia,166.7921364|-22.55015074,Rattus rattus
Nesofregetta fuliginosa,No studies found,1119,Successful,1,Mato,New Caledonia Islands,Pacific Ocean - South West,New Caledonia,166.7921364|-22.55015074,Rattus rattus
Pseudobulweria rostrata,No studies found,1119,Successful,1,Mato,New Caledonia Islands,Pacific Ocean - South West,New Caledonia,166.7921364|-22.55015074,Rattus rattus
Pterodroma brevipes,All studies are not in support,1119,Successful,1,Mato,New Caledonia Islands,Pacific Ocean - South West,New Caledonia,166.7921364|-22.55015074,Rattus rattus
Calonectris leucomelas,Only predation in support,37,Successful,1,Middle Lacepede,Lacepede Islands,Indian Ocean - East,Australia,122.1367045|-16.85551662,Rattus rattus
Ardenna carneipes,Population study without data in support,2866,Failed,1,Minamijima,Ogasawara Islands (Chichijima Group),Pacific Ocean - North West,Japan,142.1751211|27.03820685,Rattus rattus
Ardenna grisea,No studies found,2866,Failed,3,Minamijima,Ogasawara Islands (Chichijima Group),Pacific Ocean - North West,Japan,142.1751211|27.03820685,Rattus rattus
Calonectris leucomelas,Only predation in support,2866,Failed,1,Minamijima,Ogasawara Islands (Chichijima Group),Pacific Ocean - North West,Japan,142.1751211|27.03820685,Rattus rattus
Hydrobates matsudairae,No studies found,2866,Failed,3,Minamijima,Ogasawara Islands (Chichijima Group),Pacific Ocean - North West,Japan,142.1751211|27.03820685,Rattus rattus
Puffinus bannermani,No studies found,2866,Failed,1,Minamijima,Ogasawara Islands (Chichijima Group),Pacific Ocean - North West,Japan,142.1751211|27.03820685,Rattus rattus
Puffinus bryani,Only predation in support,2866,Failed,1,Minamijima,Ogasawara Islands (Chichijima Group),Pacific Ocean - North West,Japan,142.1751211|27.03820685,Rattus rattus
Ardenna carneipes,Population study without data in support,188,Successful,1,Mokolii,Hawaiian Islands,Pacific Ocean - North East,United States,-157.82944|21.50960099,Rattus rattus
Ardenna grisea,No studies found,188,Successful,3,Mokolii,Hawaiian Islands,Pacific Ocean - North East,United States,-157.82944|21.50960099,Rattus rattus
Hydrobates leucorhous,No studies found,188,Successful,1,Mokolii,Hawaiian Islands,Pacific Ocean - North East,United States,-157.82944|21.50960099,Rattus rattus
Pterodroma externa,No studies found,188,Successful,1,Mokolii,Hawaiian Islands,Pacific Ocean - North East,United States,-157.82944|21.50960099,Rattus rattus
Pterodroma sandwichensis,Lethal program in support,188,Successful,1,Mokolii,Hawaiian Islands,Pacific Ocean - North East,United States,-157.82944|21.50960099,Rattus rattus
Puffinus newelli,Lethal program in support,188,Successful,1,Mokolii,Hawaiian Islands,Pacific Ocean - North East,United States,-157.82944|21.50960099,Rattus rattus
Ardenna carneipes,Population study without data in support,1043,Successful,1,Mokopuna (Leper),Wellington Harbour,Pacific Ocean - South West,New Zealand,174.8649452|-41.25140147,Rattus rattus
Ardenna grisea,No studies found,1043,Successful,2,Mokopuna (Leper),Wellington Harbour,Pacific Ocean - South West,New Zealand,174.8649452|-41.25140147,Rattus rattus
Chlidonias albostriatus,Only predation in support,1043,Successful,4,Mokopuna (Leper),Wellington Harbour,Pacific Ocean - South West,New Zealand,174.8649452|-41.25140147,Rattus rattus
Eudyptes pachyrhynchus,No studies found,1043,Successful,3,Mokopuna (Leper),Wellington Harbour,Pacific Ocean - South West,New Zealand,174.8649452|-41.25140147,Rattus rattus
Phoebetria palpebrata,No studies found,1043,Successful,1,Mokopuna (Leper),Wellington Harbour,Pacific Ocean - South West,New Zealand,174.8649452|-41.25140147,Rattus rattus
Procellaria aequinoctialis,All studies are not in support,1043,Successful,1,Mokopuna (Leper),Wellington Harbour,Pacific Ocean - South West,New Zealand,174.8649452|-41.25140147,Rattus rattus
Procellaria cinerea,All studies are not in support,1043,Successful,1,Mokopuna (Leper),Wellington Harbour,Pacific Ocean - South West,New Zealand,174.8649452|-41.25140147,Rattus rattus
Procellaria parkinsoni,No studies found,1043,Successful,1,Mokopuna (Leper),Wellington Harbour,Pacific Ocean - South West,New Zealand,174.8649452|-41.25140147,Rattus rattus
Procellaria westlandica,No studies found,1043,Successful,1,Mokopuna (Leper),Wellington Harbour,Pacific Ocean - South West,New Zealand,174.8649452|-41.25140147,Rattus rattus
Pterodroma cookii,No studies found,1043,Successful,1,Mokopuna (Leper),Wellington Harbour,Pacific Ocean - South West,New Zealand,174.8649452|-41.25140147,Rattus rattus
Pterodroma inexpectata,No studies found,1043,Successful,1,Mokopuna (Leper),Wellington Harbour,Pacific Ocean - South West,New Zealand,174.8649452|-41.25140147,Rattus rattus
Pterodroma leucoptera,No studies found,1043,Successful,1,Mokopuna (Leper),Wellington Harbour,Pacific Ocean - South West,New Zealand,174.8649452|-41.25140147,Rattus rattus
Sterna striata,No studies found,1043,Successful,4,Mokopuna (Leper),Wellington Harbour,Pacific Ocean - South West,New Zealand,174.8649452|-41.25140147,Rattus rattus
Ardenna carneipes,Population study without data in support,2806,Successful,1,Moku'auia (Goat Island),Hawaiian Islands,Pacific Ocean - North East,United States,-157.9227435|21.66281095,Rattus rattus
Ardenna grisea,No studies found,2806,Successful,3,Moku'auia (Goat Island),Hawaiian Islands,Pacific Ocean - North East,United States,-157.9227435|21.66281095,Rattus rattus
Hemignathus lucidus,Population study without data in support,2806,Successful,1,Moku'auia (Goat Island),Hawaiian Islands,Pacific Ocean - North East,United States,-157.9227435|21.66281095,Rattus rattus
Hydrobates leucorhous,No studies found,2806,Successful,1,Moku'auia (Goat Island),Hawaiian Islands,Pacific Ocean - North East,United States,-157.9227435|21.66281095,Rattus rattus
Pterodroma externa,No studies found,2806,Successful,1,Moku'auia (Goat Island),Hawaiian Islands,Pacific Ocean - North East,United States,-157.9227435|21.66281095,Rattus rattus
Pterodroma sandwichensis,Lethal program in support,2806,Successful,1,Moku'auia (Goat Island),Hawaiian Islands,Pacific Ocean - North East,United States,-157.9227435|21.66281095,Rattus rattus
Puffinus newelli,Lethal program in support,2806,Successful,1,Moku'auia (Goat Island),Hawaiian Islands,Pacific Ocean - North East,United States,-157.9227435|21.66281095,Rattus rattus
Ardenna carneipes,Population study without data in support,2478,Successful (Reinvaded),1,Moku'auia (Goat Island),Hawaiian Islands,Pacific Ocean - North East,United States,-157.9227435|21.66281095,Rattus rattus
Ardenna carneipes,Population study without data in support,2834,Successful (Reinvaded),1,Moku'auia (Goat Island),Hawaiian Islands,Pacific Ocean - North East,United States,-157.9227435|21.66281095,Rattus rattus
Ardenna grisea,No studies found,2478,Successful (Reinvaded),3,Moku'auia (Goat Island),Hawaiian Islands,Pacific Ocean - North East,United States,-157.9227435|21.66281095,Rattus rattus
Ardenna grisea,No studies found,2834,Successful (Reinvaded),3,Moku'auia (Goat Island),Hawaiian Islands,Pacific Ocean - North East,United States,-157.9227435|21.66281095,Rattus rattus
Hemignathus lucidus,Population study without data in support,2478,Successful (Reinvaded),1,Moku'auia (Goat Island),Hawaiian Islands,Pacific Ocean - North East,United States,-157.9227435|21.66281095,Rattus rattus
Hemignathus lucidus,Population study without data in support,2834,Successful (Reinvaded),1,Moku'auia (Goat Island),Hawaiian Islands,Pacific Ocean - North East,United States,-157.9227435|21.66281095,Rattus rattus
Hydrobates leucorhous,No studies found,2478,Successful (Reinvaded),1,Moku'auia (Goat Island),Hawaiian Islands,Pacific Ocean - North East,United States,-157.9227435|21.66281095,Rattus rattus
Hydrobates leucorhous,No studies found,2834,Successful (Reinvaded),1,Moku'auia (Goat Island),Hawaiian Islands,Pacific Ocean - North East,United States,-157.9227435|21.66281095,Rattus rattus
Pterodroma externa,No studies found,2478,Successful (Reinvaded),1,Moku'auia (Goat Island),Hawaiian Islands,Pacific Ocean - North East,United States,-157.9227435|21.66281095,Rattus rattus
Pterodroma externa,No studies found,2834,Successful (Reinvaded),1,Moku'auia (Goat Island),Hawaiian Islands,Pacific Ocean - North East,United States,-157.9227435|21.66281095,Rattus rattus
Pterodroma sandwichensis,Lethal program in support,2478,Successful (Reinvaded),1,Moku'auia (Goat Island),Hawaiian Islands,Pacific Ocean - North East,United States,-157.9227435|21.66281095,Rattus rattus
Pterodroma sandwichensis,Lethal program in support,2834,Successful (Reinvaded),1,Moku'auia (Goat Island),Hawaiian Islands,Pacific Ocean - North East,United States,-157.9227435|21.66281095,Rattus rattus
Puffinus newelli,Lethal program in support,2478,Successful (Reinvaded),1,Moku'auia (Goat Island),Hawaiian Islands,Pacific Ocean - North East,United States,-157.9227435|21.66281095,Rattus rattus
Puffinus newelli,Lethal program in support,2834,Successful (Reinvaded),1,Moku'auia (Goat Island),Hawaiian Islands,Pacific Ocean - North East,United States,-157.9227435|21.66281095,Rattus rattus
Puffinus yelkouan,Population study with data in support,388,Successful (Reinvaded),1,Molara,Sardinian Islands,Mediterranean,Italy,9.72760314|40.86870561,Rattus rattus
Puffinus yelkouan,Population study with data in support,388,Successful (Reinvaded),2,Molara,Sardinian Islands,Mediterranean,Italy,9.72760314|40.86870561,Rattus rattus
Agelaius xanthomus,No studies found,425,Successful,1,Monito,Greater Antilles (Puerto Rican Islands),Caribbean,Puerto Rico,-67.94899162|18.1596361,Rattus rattus
Pterodroma hasitata,No studies found,425,Successful,1,Monito,Greater Antilles (Puerto Rican Islands),Caribbean,Puerto Rico,-67.94899162|18.1596361,Rattus rattus
Agelaius xanthomus,No studies found,869,Incomplete,1,Monito,Greater Antilles (Puerto Rican Islands),Caribbean,Puerto Rico,-67.94899162|18.1596361,Rattus rattus
Pterodroma hasitata,No studies found,869,Incomplete,1,Monito,Greater Antilles (Puerto Rican Islands),Caribbean,Puerto Rico,-67.94899162|18.1596361,Rattus rattus
Puffinus yelkouan,Population study with data in support,2124,Successful,2,Montecristo,Tuscan Islands,Mediterranean,Italy,10.30908051|42.33229226,Rattus rattus
Certhidea olivacea,No studies found,1254,Successful,1,Mosquera,Galapagos Islands,Pacific Ocean - North East,Ecuador,-90.27772006|-0.404960503,Rattus rattus
Hydrobates leucorhous,No studies found,1254,Successful,1,Mosquera,Galapagos Islands,Pacific Ocean - North East,Ecuador,-90.27772006|-0.404960503,Rattus rattus
Pseudobulweria rostrata,No studies found,1254,Successful,1,Mosquera,Galapagos Islands,Pacific Ocean - North East,Ecuador,-90.27772006|-0.404960503,Rattus rattus
Pterodroma externa,No studies found,1254,Successful,1,Mosquera,Galapagos Islands,Pacific Ocean - North East,Ecuador,-90.27772006|-0.404960503,Rattus rattus
Pterodroma phaeopygia,Population study without data in support,1254,Successful,1,Mosquera,Galapagos Islands,Pacific Ocean - North East,Ecuador,-90.27772006|-0.404960503,Rattus rattus
Certhidea olivacea,No studies found,2419,Failed,1,Mosquera,Galapagos Islands,Pacific Ocean - North East,Ecuador,-90.27772006|-0.404960503,Rattus rattus
Hydrobates leucorhous,No studies found,2419,Failed,1,Mosquera,Galapagos Islands,Pacific Ocean - North East,Ecuador,-90.27772006|-0.404960503,Rattus rattus
Pseudobulweria rostrata,No studies found,2419,Failed,1,Mosquera,Galapagos Islands,Pacific Ocean - North East,Ecuador,-90.27772006|-0.404960503,Rattus rattus
Pterodroma externa,No studies found,2419,Failed,1,Mosquera,Galapagos Islands,Pacific Ocean - North East,Ecuador,-90.27772006|-0.404960503,Rattus rattus
Pterodroma phaeopygia,Population study without data in support,2419,Failed,1,Mosquera,Galapagos Islands,Pacific Ocean - North East,Ecuador,-90.27772006|-0.404960503,Rattus rattus
Ardenna carneipes,Population study without data in support,2500,Successful (Reinvaded),1,Motuhaku,Great Barrier Islands,Pacific Ocean - South West,New Zealand,175.2890744|-36.16292716,Rattus rattus
Ardenna grisea,No studies found,2500,Successful (Reinvaded),1,Motuhaku,Great Barrier Islands,Pacific Ocean - South West,New Zealand,175.2890744|-36.16292716,Rattus rattus
Eudyptes pachyrhynchus,No studies found,2500,Successful (Reinvaded),3,Motuhaku,Great Barrier Islands,Pacific Ocean - South West,New Zealand,175.2890744|-36.16292716,Rattus rattus
Sterna striata,No studies found,2500,Successful (Reinvaded),4,Motuhaku,Great Barrier Islands,Pacific Ocean - South West,New Zealand,175.2890744|-36.16292716,Rattus rattus
Ardenna grisea,No studies found,2416,Successful,2,Motukaha,Hauraki Gulf,Pacific Ocean - South West,New Zealand,174.9857277|-36.79511101,Rattus rattus
Coturnix novaezelandiae,No studies found,2416,Successful,1,Motukaha,Hauraki Gulf,Pacific Ocean - South West,New Zealand,174.9857277|-36.79511101,Rattus rattus
Mergus australis,No studies found,2416,Successful,1,Motukaha,Hauraki Gulf,Pacific Ocean - South West,New Zealand,174.9857277|-36.79511101,Rattus rattus
Pterodroma leucoptera,No studies found,2416,Successful,1,Motukaha,Hauraki Gulf,Pacific Ocean - South West,New Zealand,174.9857277|-36.79511101,Rattus rattus
Sterna striata,No studies found,2416,Successful,1,Motukaha,Hauraki Gulf,Pacific Ocean - South West,New Zealand,174.9857277|-36.79511101,Rattus rattus
Turnagra tanagra,No studies found,2416,Successful,1,Motukaha,Hauraki Gulf,Pacific Ocean - South West,New Zealand,174.9857277|-36.79511101,Rattus rattus
Apteryx mantelli,All studies are not in support,1815,Successful,1,Motukaraka,Hokianga Harbour,Pacific Ocean - South West,New Zealand,173.4828504|-35.39046811,Rattus rattus
Ardenna grisea,No studies found,1815,Successful,2,Motukaraka,Hokianga Harbour,Pacific Ocean - South West,New Zealand,173.4828504|-35.39046811,Rattus rattus
Coturnix novaezelandiae,No studies found,1815,Successful,1,Motukaraka,Hokianga Harbour,Pacific Ocean - South West,New Zealand,173.4828504|-35.39046811,Rattus rattus
Mergus australis,No studies found,1815,Successful,1,Motukaraka,Hokianga Harbour,Pacific Ocean - South West,New Zealand,173.4828504|-35.39046811,Rattus rattus
Sterna striata,No studies found,1815,Successful,1,Motukaraka,Hokianga Harbour,Pacific Ocean - South West,New Zealand,173.4828504|-35.39046811,Rattus rattus
Turnagra tanagra,No studies found,1815,Successful,1,Motukaraka,Hokianga Harbour,Pacific Ocean - South West,New Zealand,173.4828504|-35.39046811,Rattus rattus
Ardenna carneipes,Population study without data in support,1816,Successful,1,Motuoi,Bay of Islands (Moturoa),Pacific Ocean - South West,New Zealand,174.1819477|-35.21909192,Rattus rattus
Ardenna grisea,No studies found,1816,Successful,2,Motuoi,Bay of Islands (Moturoa),Pacific Ocean - South West,New Zealand,174.1819477|-35.21909192,Rattus rattus
Eudyptes pachyrhynchus,No studies found,1816,Successful,3,Motuoi,Bay of Islands (Moturoa),Pacific Ocean - South West,New Zealand,174.1819477|-35.21909192,Rattus rattus
Sterna striata,No studies found,1816,Successful,4,Motuoi,Bay of Islands (Moturoa),Pacific Ocean - South West,New Zealand,174.1819477|-35.21909192,Rattus rattus
Ardenna carneipes,Population study without data in support,1046,Failed,1,Moturako,Great Barrier Islands,Pacific Ocean - South West,New Zealand,175.2972703|-36.17957233,Rattus rattus
Ardenna grisea,No studies found,1046,Failed,1,Moturako,Great Barrier Islands,Pacific Ocean - South West,New Zealand,175.2972703|-36.17957233,Rattus rattus
Eudyptes pachyrhynchus,No studies found,1046,Failed,3,Moturako,Great Barrier Islands,Pacific Ocean - South West,New Zealand,175.2972703|-36.17957233,Rattus rattus
Procellaria aequinoctialis,All studies are not in support,1046,Failed,1,Moturako,Great Barrier Islands,Pacific Ocean - South West,New Zealand,175.2972703|-36.17957233,Rattus rattus
Procellaria cinerea,All studies are not in support,1046,Failed,1,Moturako,Great Barrier Islands,Pacific Ocean - South West,New Zealand,175.2972703|-36.17957233,Rattus rattus
Procellaria parkinsoni,No studies found,1046,Failed,1,Moturako,Great Barrier Islands,Pacific Ocean - South West,New Zealand,175.2972703|-36.17957233,Rattus rattus
Procellaria westlandica,No studies found,1046,Failed,1,Moturako,Great Barrier Islands,Pacific Ocean - South West,New Zealand,175.2972703|-36.17957233,Rattus rattus
Pterodroma cookii,No studies found,1046,Failed,1,Moturako,Great Barrier Islands,Pacific Ocean - South West,New Zealand,175.2972703|-36.17957233,Rattus rattus
Pterodroma inexpectata,No studies found,1046,Failed,1,Moturako,Great Barrier Islands,Pacific Ocean - South West,New Zealand,175.2972703|-36.17957233,Rattus rattus
Pterodroma leucoptera,No studies found,1046,Failed,1,Moturako,Great Barrier Islands,Pacific Ocean - South West,New Zealand,175.2972703|-36.17957233,Rattus rattus
Sterna striata,No studies found,1046,Failed,4,Moturako,Great Barrier Islands,Pacific Ocean - South West,New Zealand,175.2972703|-36.17957233,Rattus rattus
Ardenna grisea,No studies found,332,Successful (Reinvaded),2,Moturoa,Bay of Islands (Black Rocks),Pacific Ocean - South West,New Zealand,174.0898421|-35.20988997,Rattus rattus
Coturnix novaezelandiae,No studies found,332,Successful (Reinvaded),1,Moturoa,Bay of Islands (Black Rocks),Pacific Ocean - South West,New Zealand,174.0898421|-35.20988997,Rattus rattus
Mergus australis,No studies found,332,Successful (Reinvaded),1,Moturoa,Bay of Islands (Black Rocks),Pacific Ocean - South West,New Zealand,174.0898421|-35.20988997,Rattus rattus
Sterna striata,No studies found,332,Successful (Reinvaded),1,Moturoa,Bay of Islands (Black Rocks),Pacific Ocean - South West,New Zealand,174.0898421|-35.20988997,Rattus rattus
Turnagra tanagra,No studies found,332,Successful (Reinvaded),1,Moturoa,Bay of Islands (Black Rocks),Pacific Ocean - South West,New Zealand,174.0898421|-35.20988997,Rattus rattus
Ardenna grisea,No studies found,1693,Successful,2,Moturua,Bay of Islands,Pacific Ocean - South West,New Zealand,174.1909514|-35.2236004,Rattus rattus
Coturnix novaezelandiae,No studies found,1693,Successful,1,Moturua,Bay of Islands,Pacific Ocean - South West,New Zealand,174.1909514|-35.2236004,Rattus rattus
Mergus australis,No studies found,1693,Successful,1,Moturua,Bay of Islands,Pacific Ocean - South West,New Zealand,174.1909514|-35.2236004,Rattus rattus
Sterna striata,No studies found,1693,Successful,1,Moturua,Bay of Islands,Pacific Ocean - South West,New Zealand,174.1909514|-35.2236004,Rattus rattus
Turnagra tanagra,No studies found,1693,Successful,1,Moturua,Bay of Islands,Pacific Ocean - South West,New Zealand,174.1909514|-35.2236004,Rattus rattus
Ardenna carneipes,Population study without data in support,2501,Successful (Reinvaded),1,Motutaiko,Broken Islands,Pacific Ocean - South West,New Zealand,175.2890638|-36.21645463,Rattus rattus
Ardenna grisea,No studies found,2501,Successful (Reinvaded),1,Motutaiko,Broken Islands,Pacific Ocean - South West,New Zealand,175.2890638|-36.21645463,Rattus rattus
Eudyptes pachyrhynchus,No studies found,2501,Successful (Reinvaded),3,Motutaiko,Broken Islands,Pacific Ocean - South West,New Zealand,175.2890638|-36.21645463,Rattus rattus
Procellaria aequinoctialis,All studies are not in support,2501,Successful (Reinvaded),1,Motutaiko,Broken Islands,Pacific Ocean - South West,New Zealand,175.2890638|-36.21645463,Rattus rattus
Procellaria cinerea,All studies are not in support,2501,Successful (Reinvaded),1,Motutaiko,Broken Islands,Pacific Ocean - South West,New Zealand,175.2890638|-36.21645463,Rattus rattus
Procellaria parkinsoni,No studies found,2501,Successful (Reinvaded),1,Motutaiko,Broken Islands,Pacific Ocean - South West,New Zealand,175.2890638|-36.21645463,Rattus rattus
Procellaria westlandica,No studies found,2501,Successful (Reinvaded),1,Motutaiko,Broken Islands,Pacific Ocean - South West,New Zealand,175.2890638|-36.21645463,Rattus rattus
Pterodroma cookii,No studies found,2501,Successful (Reinvaded),1,Motutaiko,Broken Islands,Pacific Ocean - South West,New Zealand,175.2890638|-36.21645463,Rattus rattus
Pterodroma inexpectata,No studies found,2501,Successful (Reinvaded),1,Motutaiko,Broken Islands,Pacific Ocean - South West,New Zealand,175.2890638|-36.21645463,Rattus rattus
Pterodroma leucoptera,No studies found,2501,Successful (Reinvaded),1,Motutaiko,Broken Islands,Pacific Ocean - South West,New Zealand,175.2890638|-36.21645463,Rattus rattus
Sterna striata,No studies found,2501,Successful (Reinvaded),4,Motutaiko,Broken Islands,Pacific Ocean - South West,New Zealand,175.2890638|-36.21645463,Rattus rattus
Ardenna carneipes,Population study without data in support,195,Successful,1,Motutapere,Coromandel Harbor,Pacific Ocean - South West,New Zealand,175.429072|-36.77969089,Rattus rattus
Ardenna grisea,No studies found,195,Successful,1,Motutapere,Coromandel Harbor,Pacific Ocean - South West,New Zealand,175.429072|-36.77969089,Rattus rattus
Eudyptes pachyrhynchus,No studies found,195,Successful,3,Motutapere,Coromandel Harbor,Pacific Ocean - South West,New Zealand,175.429072|-36.77969089,Rattus rattus
Sterna striata,No studies found,195,Successful,4,Motutapere,Coromandel Harbor,Pacific Ocean - South West,New Zealand,175.429072|-36.77969089,Rattus rattus
Ardenna carneipes,Population study without data in support,15,Successful (Reinvaded),1,Motutapere,Coromandel Harbor,Pacific Ocean - South West,New Zealand,175.429072|-36.77969089,Rattus rattus
Ardenna grisea,No studies found,15,Successful (Reinvaded),1,Motutapere,Coromandel Harbor,Pacific Ocean - South West,New Zealand,175.429072|-36.77969089,Rattus rattus
Eudyptes pachyrhynchus,No studies found,15,Successful (Reinvaded),3,Motutapere,Coromandel Harbor,Pacific Ocean - South West,New Zealand,175.429072|-36.77969089,Rattus rattus
Sterna striata,No studies found,15,Successful (Reinvaded),4,Motutapere,Coromandel Harbor,Pacific Ocean - South West,New Zealand,175.429072|-36.77969089,Rattus rattus
Ardenna grisea,No studies found,1229,Successful,2,Motutapu,Hauraki Gulf,Pacific Ocean - South West,New Zealand,174.915858|-36.76471453,Rattus rattus
Coturnix novaezelandiae,No studies found,1229,Successful,1,Motutapu,Hauraki Gulf,Pacific Ocean - South West,New Zealand,174.915858|-36.76471453,Rattus rattus
Mergus australis,No studies found,1229,Successful,1,Motutapu,Hauraki Gulf,Pacific Ocean - South West,New Zealand,174.915858|-36.76471453,Rattus rattus
Sterna striata,No studies found,1229,Successful,1,Motutapu,Hauraki Gulf,Pacific Ocean - South West,New Zealand,174.915858|-36.76471453,Rattus rattus
Turnagra tanagra,No studies found,1229,Successful,1,Motutapu,Hauraki Gulf,Pacific Ocean - South West,New Zealand,174.915858|-36.76471453,Rattus rattus
Ardenna carneipes,Population study without data in support,1795,Successful (Reinvaded),1,Mouse,Bay of Islands (Black Rocks),Pacific Ocean - South West,New Zealand,174.1032424|-35.20337348,Rattus rattus
Ardenna grisea,No studies found,1795,Successful (Reinvaded),2,Mouse,Bay of Islands (Black Rocks),Pacific Ocean - South West,New Zealand,174.1032424|-35.20337348,Rattus rattus
Eudyptes pachyrhynchus,No studies found,1795,Successful (Reinvaded),3,Mouse,Bay of Islands (Black Rocks),Pacific Ocean - South West,New Zealand,174.1032424|-35.20337348,Rattus rattus
Sterna striata,No studies found,1795,Successful (Reinvaded),4,Mouse,Bay of Islands (Black Rocks),Pacific Ocean - South West,New Zealand,174.1032424|-35.20337348,Rattus rattus
Apalopteron familiare,Only predation in support,1685,Successful,1,Mukojima,Ogasawara Islands (Mukojima Group),Pacific Ocean - North West,Japan,142.1389193|27.68095793,Rattus rattus
Ardenna grisea,No studies found,1685,Successful,3,Mukojima,Ogasawara Islands (Mukojima Group),Pacific Ocean - North West,Japan,142.1389193|27.68095793,Rattus rattus
Columba versicolor,No studies found,1685,Successful,1,Mukojima,Ogasawara Islands (Mukojima Group),Pacific Ocean - North West,Japan,142.1389193|27.68095793,Rattus rattus
Hydrobates matsudairae,No studies found,1685,Successful,3,Mukojima,Ogasawara Islands (Mukojima Group),Pacific Ocean - North West,Japan,142.1389193|27.68095793,Rattus rattus
Puffinus bannermani,No studies found,1685,Successful,2,Mukojima,Ogasawara Islands (Mukojima Group),Pacific Ocean - North West,Japan,142.1389193|27.68095793,Rattus rattus
Puffinus bryani,Only predation in support,1685,Successful,2,Mukojima,Ogasawara Islands (Mukojima Group),Pacific Ocean - North West,Japan,142.1389193|27.68095793,Rattus rattus
Apalopteron familiare,Only predation in support,1686,Failed,1,Mukojima,Ogasawara Islands (Mukojima Group),Pacific Ocean - North West,Japan,142.1389193|27.68095793,Rattus rattus
Ardenna grisea,No studies found,1686,Failed,3,Mukojima,Ogasawara Islands (Mukojima Group),Pacific Ocean - North West,Japan,142.1389193|27.68095793,Rattus rattus
Columba versicolor,No studies found,1686,Failed,1,Mukojima,Ogasawara Islands (Mukojima Group),Pacific Ocean - North West,Japan,142.1389193|27.68095793,Rattus rattus
Hydrobates matsudairae,No studies found,1686,Failed,3,Mukojima,Ogasawara Islands (Mukojima Group),Pacific Ocean - North West,Japan,142.1389193|27.68095793,Rattus rattus
Puffinus bannermani,No studies found,1686,Failed,2,Mukojima,Ogasawara Islands (Mukojima Group),Pacific Ocean - North West,Japan,142.1389193|27.68095793,Rattus rattus
Puffinus bryani,Only predation in support,1686,Failed,2,Mukojima,Ogasawara Islands (Mukojima Group),Pacific Ocean - North West,Japan,142.1389193|27.68095793,Rattus rattus
Ardenna carneipes,Population study without data in support,2391,Successful,1,Murchison,British Columbia (Haida Gwaii),Pacific Ocean - North East,Canada,-131.4590144|52.59349111,Rattus rattus
Ardenna creatopus,All studies are not in support,2391,Successful,1,Murchison,British Columbia (Haida Gwaii),Pacific Ocean - North East,Canada,-131.4590144|52.59349111,Rattus rattus
Ardenna grisea,No studies found,2391,Successful,3,Murchison,British Columbia (Haida Gwaii),Pacific Ocean - North East,Canada,-131.4590144|52.59349111,Rattus rattus
Hydrobates leucorhous,No studies found,2391,Successful,1,Murchison,British Columbia (Haida Gwaii),Pacific Ocean - North East,Canada,-131.4590144|52.59349111,Rattus rattus
Ptychoramphus aleuticus,Population study with data in support,2391,Successful,1,Murchison,British Columbia (Haida Gwaii),Pacific Ocean - North East,Canada,-131.4590144|52.59349111,Rattus rattus
Ardenna carneipes,Population study without data in support,2392,Successful,1,Murchison Passage,British Columbia (Haida Gwaii),Pacific Ocean - North East,Canada,-131.4672777|52.59691859,Rattus rattus
Ardenna creatopus,All studies are not in support,2392,Successful,1,Murchison Passage,British Columbia (Haida Gwaii),Pacific Ocean - North East,Canada,-131.4672777|52.59691859,Rattus rattus
Ardenna grisea,No studies found,2392,Successful,3,Murchison Passage,British Columbia (Haida Gwaii),Pacific Ocean - North East,Canada,-131.4672777|52.59691859,Rattus rattus
Hydrobates leucorhous,No studies found,2392,Successful,1,Murchison Passage,British Columbia (Haida Gwaii),Pacific Ocean - North East,Canada,-131.4672777|52.59691859,Rattus rattus
Ptychoramphus aleuticus,Population study with data in support,2392,Successful,1,Murchison Passage,British Columbia (Haida Gwaii),Pacific Ocean - North East,Canada,-131.4672777|52.59691859,Rattus rattus
Ardenna carneipes,Population study without data in support,2275,Successful (Reinvaded),1,NE Crater Rim,Bay of Islands (Black Rocks),Pacific Ocean - South West,New Zealand,174.1127129|-35.20350583,Rattus rattus
Ardenna grisea,No studies found,2275,Successful (Reinvaded),2,NE Crater Rim,Bay of Islands (Black Rocks),Pacific Ocean - South West,New Zealand,174.1127129|-35.20350583,Rattus rattus
Eudyptes pachyrhynchus,No studies found,2275,Successful (Reinvaded),3,NE Crater Rim,Bay of Islands (Black Rocks),Pacific Ocean - South West,New Zealand,174.1127129|-35.20350583,Rattus rattus
Sterna striata,No studies found,2275,Successful (Reinvaded),4,NE Crater Rim,Bay of Islands (Black Rocks),Pacific Ocean - South West,New Zealand,174.1127129|-35.20350583,Rattus rattus
Ardenna carneipes,Population study without data in support,2273,Successful (Reinvaded),1,NW Crater Rim,Bay of Islands (Black Rocks),Pacific Ocean - South West,New Zealand,174.1108509|-35.2029227,Rattus rattus
Ardenna grisea,No studies found,2273,Successful (Reinvaded),2,NW Crater Rim,Bay of Islands (Black Rocks),Pacific Ocean - South West,New Zealand,174.1108509|-35.2029227,Rattus rattus
Eudyptes pachyrhynchus,No studies found,2273,Successful (Reinvaded),3,NW Crater Rim,Bay of Islands (Black Rocks),Pacific Ocean - South West,New Zealand,174.1108509|-35.2029227,Rattus rattus
Sterna striata,No studies found,2273,Successful (Reinvaded),4,NW Crater Rim,Bay of Islands (Black Rocks),Pacific Ocean - South West,New Zealand,174.1108509|-35.2029227,Rattus rattus
Ardenna carneipes,Population study without data in support,1767,Successful,1,Nahkapw,Pohnpei,Pacific Ocean - North West,Micronesia Federated States of,158.3442351|6.843881955,Rattus rattus
Calonectris leucomelas,Only predation in support,1767,Successful,1,Nahkapw,Pohnpei,Pacific Ocean - North West,Micronesia Federated States of,158.3442351|6.843881955,Rattus rattus
Hydrobates leucorhous,No studies found,1767,Successful,1,Nahkapw,Pohnpei,Pacific Ocean - North West,Micronesia Federated States of,158.3442351|6.843881955,Rattus rattus
Pseudobulweria rostrata,No studies found,1767,Successful,1,Nahkapw,Pohnpei,Pacific Ocean - North West,Micronesia Federated States of,158.3442351|6.843881955,Rattus rattus
Ardenna grisea,No studies found,2910,Successful (Reinvaded),1,Native,Stewart Islands (Paterson Inlet),Pacific Ocean - South West,New Zealand,168.1538712|-46.91541411,Rattus rattus
Chlidonias albostriatus,Only predation in support,2910,Successful (Reinvaded),1,Native,Stewart Islands (Paterson Inlet),Pacific Ocean - South West,New Zealand,168.1538712|-46.91541411,Rattus rattus
Coenocorypha iredalei,Population study without data in support,2910,Successful (Reinvaded),1,Native,Stewart Islands (Paterson Inlet),Pacific Ocean - South West,New Zealand,168.1538712|-46.91541411,Rattus rattus
Mergus australis,No studies found,2910,Successful (Reinvaded),1,Native,Stewart Islands (Paterson Inlet),Pacific Ocean - South West,New Zealand,168.1538712|-46.91541411,Rattus rattus
Mohoua ochrocephala,Population study with data in support,2910,Successful (Reinvaded),1,Native,Stewart Islands (Paterson Inlet),Pacific Ocean - South West,New Zealand,168.1538712|-46.91541411,Rattus rattus
Sterna striata,No studies found,2910,Successful (Reinvaded),1,Native,Stewart Islands (Paterson Inlet),Pacific Ocean - South West,New Zealand,168.1538712|-46.91541411,Rattus rattus
Ardenna grisea,No studies found,2912,In Progress,1,Native,Stewart Islands (Paterson Inlet),Pacific Ocean - South West,New Zealand,168.1538712|-46.91541411,Rattus rattus
Chlidonias albostriatus,Only predation in support,2912,In Progress,1,Native,Stewart Islands (Paterson Inlet),Pacific Ocean - South West,New Zealand,168.1538712|-46.91541411,Rattus rattus
Coenocorypha iredalei,Population study without data in support,2912,In Progress,1,Native,Stewart Islands (Paterson Inlet),Pacific Ocean - South West,New Zealand,168.1538712|-46.91541411,Rattus rattus
Mergus australis,No studies found,2912,In Progress,1,Native,Stewart Islands (Paterson Inlet),Pacific Ocean - South West,New Zealand,168.1538712|-46.91541411,Rattus rattus
Mohoua ochrocephala,Population study with data in support,2912,In Progress,1,Native,Stewart Islands (Paterson Inlet),Pacific Ocean - South West,New Zealand,168.1538712|-46.91541411,Rattus rattus
Sterna striata,No studies found,2912,In Progress,1,Native,Stewart Islands (Paterson Inlet),Pacific Ocean - South West,New Zealand,168.1538712|-46.91541411,Rattus rattus
Ardenna carneipes,Population study without data in support,2499,Successful (Reinvaded),1,Nelson,Great Barrier Islands,Pacific Ocean - South West,New Zealand,175.2989428|-36.16596004,Rattus rattus
Ardenna grisea,No studies found,2499,Successful (Reinvaded),1,Nelson,Great Barrier Islands,Pacific Ocean - South West,New Zealand,175.2989428|-36.16596004,Rattus rattus
Eudyptes pachyrhynchus,No studies found,2499,Successful (Reinvaded),3,Nelson,Great Barrier Islands,Pacific Ocean - South West,New Zealand,175.2989428|-36.16596004,Rattus rattus
Sterna striata,No studies found,2499,Successful (Reinvaded),4,Nelson,Great Barrier Islands,Pacific Ocean - South West,New Zealand,175.2989428|-36.16596004,Rattus rattus
Calonectris leucomelas,Only predation in support,2684,Successful,1,Ngeriungs,Kayangel Atoll,Pacific Ocean - North West,Palau,134.7111281|8.058650668,Rattus rattus
Hydrobates matsudairae,No studies found,2684,Successful,3,Ngeriungs,Kayangel Atoll,Pacific Ocean - North West,Palau,134.7111281|8.058650668,Rattus rattus
Megapodius laperouse,All studies are not in support,2684,Successful,1,Ngeriungs,Kayangel Atoll,Pacific Ocean - North West,Palau,134.7111281|8.058650668,Rattus rattus
Ardenna grisea,No studies found,405,Successful (Reinvaded),3,Nishijima,Ogasawara Islands (Chichijima Group),Pacific Ocean - North West,Japan,142.1668615|27.11713842,Rattus rattus
Columba versicolor,No studies found,405,Successful (Reinvaded),1,Nishijima,Ogasawara Islands (Chichijima Group),Pacific Ocean - North West,Japan,142.1668615|27.11713842,Rattus rattus
Hydrobates matsudairae,No studies found,405,Successful (Reinvaded),3,Nishijima,Ogasawara Islands (Chichijima Group),Pacific Ocean - North West,Japan,142.1668615|27.11713842,Rattus rattus
Puffinus bannermani,No studies found,405,Successful (Reinvaded),2,Nishijima,Ogasawara Islands (Chichijima Group),Pacific Ocean - North West,Japan,142.1668615|27.11713842,Rattus rattus
Puffinus bryani,Only predation in support,405,Successful (Reinvaded),2,Nishijima,Ogasawara Islands (Chichijima Group),Pacific Ocean - North West,Japan,142.1668615|27.11713842,Rattus rattus
Ardenna grisea,No studies found,2096,Failed,3,Nishijima,Ogasawara Islands (Chichijima Group),Pacific Ocean - North West,Japan,142.1668615|27.11713842,Rattus rattus
Columba versicolor,No studies found,2096,Failed,1,Nishijima,Ogasawara Islands (Chichijima Group),Pacific Ocean - North West,Japan,142.1668615|27.11713842,Rattus rattus
Hydrobates matsudairae,No studies found,2096,Failed,3,Nishijima,Ogasawara Islands (Chichijima Group),Pacific Ocean - North West,Japan,142.1668615|27.11713842,Rattus rattus
Puffinus bannermani,No studies found,2096,Failed,2,Nishijima,Ogasawara Islands (Chichijima Group),Pacific Ocean - North West,Japan,142.1668615|27.11713842,Rattus rattus
Puffinus bryani,Only predation in support,2096,Failed,2,Nishijima,Ogasawara Islands (Chichijima Group),Pacific Ocean - North West,Japan,142.1668615|27.11713842,Rattus rattus
Ardenna grisea,No studies found,263,Successful,3,Nonsuch,Bermuda (Castle Islands),Atlantic Ocean - North,Bermuda,-64.66284194|32.34736416,Rattus rattus
Ardenna grisea,No studies found,265,Successful,3,Nonsuch,Bermuda (Castle Islands),Atlantic Ocean - North,Bermuda,-64.66284194|32.34736416,Rattus rattus
Ardenna grisea,No studies found,2730,Successful,3,Nonsuch,Bermuda (Castle Islands),Atlantic Ocean - North,Bermuda,-64.66284194|32.34736416,Rattus rattus
Hydrobates leucorhous,No studies found,263,Successful,1,Nonsuch,Bermuda (Castle Islands),Atlantic Ocean - North,Bermuda,-64.66284194|32.34736416,Rattus rattus
Hydrobates leucorhous,No studies found,265,Successful,1,Nonsuch,Bermuda (Castle Islands),Atlantic Ocean - North,Bermuda,-64.66284194|32.34736416,Rattus rattus
Hydrobates leucorhous,No studies found,2730,Successful,1,Nonsuch,Bermuda (Castle Islands),Atlantic Ocean - North,Bermuda,-64.66284194|32.34736416,Rattus rattus
Calonectris leucomelas,Only predation in support,3125,In Progress,1,Normanby,Queensland Islands (Frankland Islands),Pacific Ocean - South West,Australia,146.0762039|-17.20597276,Rattus rattus
Ardenna carneipes,Population study without data in support,1690,Successful,1,North,Seychelles,Indian Ocean - West,Seychelles,55.24490282|-4.39222232,Rattus rattus
Bulweria fallax,All studies are not in support,1690,Successful,1,North,Seychelles,Indian Ocean - West,Seychelles,55.24490282|-4.39222232,Rattus rattus
Falco araeus,No studies found,1690,Successful,1,North,Seychelles,Indian Ocean - West,Seychelles,55.24490282|-4.39222232,Rattus rattus
Hydrobates matsudairae,No studies found,1690,Successful,3,North,Seychelles,Indian Ocean - West,Seychelles,55.24490282|-4.39222232,Rattus rattus
Zosterops modestus,Population study with data in support,1690,Successful,1,North,Seychelles,Indian Ocean - West,Seychelles,55.24490282|-4.39222232,Rattus rattus
Ardenna carneipes,Population study without data in support,447,Successful (Reinvaded),1,North,Seychelles,Indian Ocean - West,Seychelles,55.24490282|-4.39222232,Rattus rattus
Bulweria fallax,All studies are not in support,447,Successful (Reinvaded),1,North,Seychelles,Indian Ocean - West,Seychelles,55.24490282|-4.39222232,Rattus rattus
Falco araeus,No studies found,447,Successful (Reinvaded),1,North,Seychelles,Indian Ocean - West,Seychelles,55.24490282|-4.39222232,Rattus rattus
Hydrobates matsudairae,No studies found,447,Successful (Reinvaded),3,North,Seychelles,Indian Ocean - West,Seychelles,55.24490282|-4.39222232,Rattus rattus
Zosterops modestus,Population study with data in support,447,Successful (Reinvaded),1,North,Seychelles,Indian Ocean - West,Seychelles,55.24490282|-4.39222232,Rattus rattus
Ardenna grisea,No studies found,2877,Successful,3,Notre Dame,Saint Jouan des Gurets,Atlantic Ocean - North,France,-2.02681236|48.62804236,Rattus rattus
Fratercula arctica,Population study without data in support,2877,Successful,3,Notre Dame,Saint Jouan des Gurets,Atlantic Ocean - North,France,-2.02681236|48.62804236,Rattus rattus
Puffinus mauretanicus,All studies are not in support,2877,Successful,1,Notre Dame,Saint Jouan des Gurets,Atlantic Ocean - North,France,-2.02681236|48.62804236,Rattus rattus
Ardenna grisea,No studies found,1153,Unknown,2,Ohakana (Ohana),Ohiwa Harbour,Pacific Ocean - South West,New Zealand,177.0763858|-37.98803493,Rattus rattus
Coturnix novaezelandiae,No studies found,1153,Unknown,1,Ohakana (Ohana),Ohiwa Harbour,Pacific Ocean - South West,New Zealand,177.0763858|-37.98803493,Rattus rattus
Hymenolaimus malacorhynchos,All studies are not in support,1153,Unknown,1,Ohakana (Ohana),Ohiwa Harbour,Pacific Ocean - South West,New Zealand,177.0763858|-37.98803493,Rattus rattus
Mergus australis,No studies found,1153,Unknown,1,Ohakana (Ohana),Ohiwa Harbour,Pacific Ocean - South West,New Zealand,177.0763858|-37.98803493,Rattus rattus
Sterna striata,No studies found,1153,Unknown,1,Ohakana (Ohana),Ohiwa Harbour,Pacific Ocean - South West,New Zealand,177.0763858|-37.98803493,Rattus rattus
Turnagra tanagra,No studies found,1153,Unknown,1,Ohakana (Ohana),Ohiwa Harbour,Pacific Ocean - South West,New Zealand,177.0763858|-37.98803493,Rattus rattus
Ardenna carneipes,Population study without data in support,1712,Successful,1,Okahu,Bay of Islands,Pacific Ocean - South West,New Zealand,174.2091029|-35.19850051,Rattus rattus
Ardenna grisea,No studies found,1712,Successful,2,Okahu,Bay of Islands,Pacific Ocean - South West,New Zealand,174.2091029|-35.19850051,Rattus rattus
Eudyptes pachyrhynchus,No studies found,1712,Successful,3,Okahu,Bay of Islands,Pacific Ocean - South West,New Zealand,174.2091029|-35.19850051,Rattus rattus
Sterna striata,No studies found,1712,Successful,4,Okahu,Bay of Islands,Pacific Ocean - South West,New Zealand,174.2091029|-35.19850051,Rattus rattus
Nesofregetta fuliginosa,No studies found,1722,Failed,1,Onetahi,Society Islands,Pacific Ocean - South East,French Polynesia,-149.5912563|-17.0186367,Rattus rattus
Pseudobulweria rostrata,No studies found,1722,Failed,1,Onetahi,Society Islands,Pacific Ocean - South East,French Polynesia,-149.5912563|-17.0186367,Rattus rattus
Pterodroma brevipes,All studies are not in support,1722,Failed,1,Onetahi,Society Islands,Pacific Ocean - South East,French Polynesia,-149.5912563|-17.0186367,Rattus rattus
Ardenna carneipes,Population study without data in support,1191,Failed,1,Opakau,Great Barrier Islands,Pacific Ocean - South West,New Zealand,175.2984178|-36.20173992,Rattus rattus
Ardenna grisea,No studies found,1191,Failed,1,Opakau,Great Barrier Islands,Pacific Ocean - South West,New Zealand,175.2984178|-36.20173992,Rattus rattus
Eudyptes pachyrhynchus,No studies found,1191,Failed,3,Opakau,Great Barrier Islands,Pacific Ocean - South West,New Zealand,175.2984178|-36.20173992,Rattus rattus
Sterna striata,No studies found,1191,Failed,4,Opakau,Great Barrier Islands,Pacific Ocean - South West,New Zealand,175.2984178|-36.20173992,Rattus rattus
Calonectris leucomelas,Only predation in support,2691,Successful,1,Orak,Kayangel Atoll,Pacific Ocean - North West,Palau,134.6939706|8.03991554,Rattus rattus
Hydrobates matsudairae,No studies found,2691,Successful,3,Orak,Kayangel Atoll,Pacific Ocean - North West,Palau,134.6939706|8.03991554,Rattus rattus
Megapodius laperouse,All studies are not in support,2691,Successful,1,Orak,Kayangel Atoll,Pacific Ocean - North West,Palau,134.6939706|8.03991554,Rattus rattus
Ardenna grisea,No studies found,1679,Failed,3,Otoutojima,Ogasawara Islands (Chichijima Group),Pacific Ocean - North West,Japan,142.1908281|27.16628846,Rattus rattus
Columba versicolor,No studies found,1679,Failed,1,Otoutojima,Ogasawara Islands (Chichijima Group),Pacific Ocean - North West,Japan,142.1908281|27.16628846,Rattus rattus
Hydrobates matsudairae,No studies found,1679,Failed,3,Otoutojima,Ogasawara Islands (Chichijima Group),Pacific Ocean - North West,Japan,142.1908281|27.16628846,Rattus rattus
Puffinus bannermani,No studies found,1679,Failed,2,Otoutojima,Ogasawara Islands (Chichijima Group),Pacific Ocean - North West,Japan,142.1908281|27.16628846,Rattus rattus
Puffinus bryani,Only predation in support,1679,Failed,2,Otoutojima,Ogasawara Islands (Chichijima Group),Pacific Ocean - North West,Japan,142.1908281|27.16628846,Rattus rattus
Ardenna carneipes,Population study without data in support,2265,Successful (Reinvaded),1,Outer Little Rat,Bay of Islands (Black Rocks),Pacific Ocean - South West,New Zealand,174.0957646|-35.20011152,Rattus rattus
Ardenna grisea,No studies found,2265,Successful (Reinvaded),2,Outer Little Rat,Bay of Islands (Black Rocks),Pacific Ocean - South West,New Zealand,174.0957646|-35.20011152,Rattus rattus
Eudyptes pachyrhynchus,No studies found,2265,Successful (Reinvaded),3,Outer Little Rat,Bay of Islands (Black Rocks),Pacific Ocean - South West,New Zealand,174.0957646|-35.20011152,Rattus rattus
Procellaria aequinoctialis,All studies are not in support,2265,Successful (Reinvaded),1,Outer Little Rat,Bay of Islands (Black Rocks),Pacific Ocean - South West,New Zealand,174.0957646|-35.20011152,Rattus rattus
Procellaria cinerea,All studies are not in support,2265,Successful (Reinvaded),1,Outer Little Rat,Bay of Islands (Black Rocks),Pacific Ocean - South West,New Zealand,174.0957646|-35.20011152,Rattus rattus
Procellaria parkinsoni,No studies found,2265,Successful (Reinvaded),1,Outer Little Rat,Bay of Islands (Black Rocks),Pacific Ocean - South West,New Zealand,174.0957646|-35.20011152,Rattus rattus
Procellaria westlandica,No studies found,2265,Successful (Reinvaded),1,Outer Little Rat,Bay of Islands (Black Rocks),Pacific Ocean - South West,New Zealand,174.0957646|-35.20011152,Rattus rattus
Pterodroma cookii,No studies found,2265,Successful (Reinvaded),1,Outer Little Rat,Bay of Islands (Black Rocks),Pacific Ocean - South West,New Zealand,174.0957646|-35.20011152,Rattus rattus
Pterodroma inexpectata,No studies found,2265,Successful (Reinvaded),1,Outer Little Rat,Bay of Islands (Black Rocks),Pacific Ocean - South West,New Zealand,174.0957646|-35.20011152,Rattus rattus
Pterodroma leucoptera,No studies found,2265,Successful (Reinvaded),1,Outer Little Rat,Bay of Islands (Black Rocks),Pacific Ocean - South West,New Zealand,174.0957646|-35.20011152,Rattus rattus
Sterna striata,No studies found,2265,Successful (Reinvaded),4,Outer Little Rat,Bay of Islands (Black Rocks),Pacific Ocean - South West,New Zealand,174.0957646|-35.20011152,Rattus rattus
Ardenna grisea,No studies found,3182,Successful,3,Outer Pear Rock,Bermuda (Long Bay),Atlantic Ocean - North,Bermuda,-64.65070699|32.34867089,Rattus rattus
Hydrobates leucorhous,No studies found,3182,Successful,1,Outer Pear Rock,Bermuda (Long Bay),Atlantic Ocean - North,Bermuda,-64.65070699|32.34867089,Rattus rattus
Pterodroma cahow,No studies found,3182,Successful,1,Outer Pear Rock,Bermuda (Long Bay),Atlantic Ocean - North,Bermuda,-64.65070699|32.34867089,Rattus rattus
Ardenna carneipes,Population study without data in support,2281,Successful (Reinvaded),1,Outer Stuck Anchor Rock,Bay of Islands (Black Rocks),Pacific Ocean - South West,New Zealand,174.1130798|-35.21171792,Rattus rattus
Ardenna grisea,No studies found,2281,Successful (Reinvaded),2,Outer Stuck Anchor Rock,Bay of Islands (Black Rocks),Pacific Ocean - South West,New Zealand,174.1130798|-35.21171792,Rattus rattus
Eudyptes pachyrhynchus,No studies found,2281,Successful (Reinvaded),3,Outer Stuck Anchor Rock,Bay of Islands (Black Rocks),Pacific Ocean - South West,New Zealand,174.1130798|-35.21171792,Rattus rattus
Procellaria aequinoctialis,All studies are not in support,2281,Successful (Reinvaded),1,Outer Stuck Anchor Rock,Bay of Islands (Black Rocks),Pacific Ocean - South West,New Zealand,174.1130798|-35.21171792,Rattus rattus
Procellaria cinerea,All studies are not in support,2281,Successful (Reinvaded),1,Outer Stuck Anchor Rock,Bay of Islands (Black Rocks),Pacific Ocean - South West,New Zealand,174.1130798|-35.21171792,Rattus rattus
Procellaria parkinsoni,No studies found,2281,Successful (Reinvaded),1,Outer Stuck Anchor Rock,Bay of Islands (Black Rocks),Pacific Ocean - South West,New Zealand,174.1130798|-35.21171792,Rattus rattus
Procellaria westlandica,No studies found,2281,Successful (Reinvaded),1,Outer Stuck Anchor Rock,Bay of Islands (Black Rocks),Pacific Ocean - South West,New Zealand,174.1130798|-35.21171792,Rattus rattus
Pterodroma cookii,No studies found,2281,Successful (Reinvaded),1,Outer Stuck Anchor Rock,Bay of Islands (Black Rocks),Pacific Ocean - South West,New Zealand,174.1130798|-35.21171792,Rattus rattus
Pterodroma inexpectata,No studies found,2281,Successful (Reinvaded),1,Outer Stuck Anchor Rock,Bay of Islands (Black Rocks),Pacific Ocean - South West,New Zealand,174.1130798|-35.21171792,Rattus rattus
Pterodroma leucoptera,No studies found,2281,Successful (Reinvaded),1,Outer Stuck Anchor Rock,Bay of Islands (Black Rocks),Pacific Ocean - South West,New Zealand,174.1130798|-35.21171792,Rattus rattus
Sterna striata,No studies found,2281,Successful (Reinvaded),4,Outer Stuck Anchor Rock,Bay of Islands (Black Rocks),Pacific Ocean - South West,New Zealand,174.1130798|-35.21171792,Rattus rattus
Ardenna grisea,No studies found,20,Failed,1,Oyster Island,Great Barrier Islands,Pacific Ocean - South West,New Zealand,175.3252154|-36.14208,Rattus rattus
Coturnix novaezelandiae,No studies found,20,Failed,1,Oyster Island,Great Barrier Islands,Pacific Ocean - South West,New Zealand,175.3252154|-36.14208,Rattus rattus
Mergus australis,No studies found,20,Failed,1,Oyster Island,Great Barrier Islands,Pacific Ocean - South West,New Zealand,175.3252154|-36.14208,Rattus rattus
Notiomystis cincta,No studies found,20,Failed,1,Oyster Island,Great Barrier Islands,Pacific Ocean - South West,New Zealand,175.3252154|-36.14208,Rattus rattus
Pterodroma cookii,No studies found,20,Failed,2,Oyster Island,Great Barrier Islands,Pacific Ocean - South West,New Zealand,175.3252154|-36.14208,Rattus rattus
Pterodroma leucoptera,No studies found,20,Failed,1,Oyster Island,Great Barrier Islands,Pacific Ocean - South West,New Zealand,175.3252154|-36.14208,Rattus rattus
Sterna striata,No studies found,20,Failed,4,Oyster Island,Great Barrier Islands,Pacific Ocean - South West,New Zealand,175.3252154|-36.14208,Rattus rattus
Ardenna carneipes,Population study without data in support,1821,Successful,1,Pakatahi,Bay of Islands (Moturoa),Pacific Ocean - South West,New Zealand,174.2000723|-35.23115647,Rattus rattus
Ardenna grisea,No studies found,1821,Successful,2,Pakatahi,Bay of Islands (Moturoa),Pacific Ocean - South West,New Zealand,174.2000723|-35.23115647,Rattus rattus
Eudyptes pachyrhynchus,No studies found,1821,Successful,3,Pakatahi,Bay of Islands (Moturoa),Pacific Ocean - South West,New Zealand,174.2000723|-35.23115647,Rattus rattus
Procellaria aequinoctialis,All studies are not in support,1821,Successful,1,Pakatahi,Bay of Islands (Moturoa),Pacific Ocean - South West,New Zealand,174.2000723|-35.23115647,Rattus rattus
Procellaria cinerea,All studies are not in support,1821,Successful,1,Pakatahi,Bay of Islands (Moturoa),Pacific Ocean - South West,New Zealand,174.2000723|-35.23115647,Rattus rattus
Procellaria parkinsoni,No studies found,1821,Successful,1,Pakatahi,Bay of Islands (Moturoa),Pacific Ocean - South West,New Zealand,174.2000723|-35.23115647,Rattus rattus
Procellaria westlandica,No studies found,1821,Successful,1,Pakatahi,Bay of Islands (Moturoa),Pacific Ocean - South West,New Zealand,174.2000723|-35.23115647,Rattus rattus
Pterodroma cookii,No studies found,1821,Successful,1,Pakatahi,Bay of Islands (Moturoa),Pacific Ocean - South West,New Zealand,174.2000723|-35.23115647,Rattus rattus
Pterodroma inexpectata,No studies found,1821,Successful,1,Pakatahi,Bay of Islands (Moturoa),Pacific Ocean - South West,New Zealand,174.2000723|-35.23115647,Rattus rattus
Pterodroma leucoptera,No studies found,1821,Successful,1,Pakatahi,Bay of Islands (Moturoa),Pacific Ocean - South West,New Zealand,174.2000723|-35.23115647,Rattus rattus
Sterna striata,No studies found,1821,Successful,4,Pakatahi,Bay of Islands (Moturoa),Pacific Ocean - South West,New Zealand,174.2000723|-35.23115647,Rattus rattus
Puffinus mauretanicus,All studies are not in support,2923,Successful,1,Palmaiola,Tuscan Islands,Mediterranean,Italy,10.47454057|42.86566825,Rattus rattus
Puffinus yelkouan,Population study with data in support,2923,Successful,1,Palmaiola,Tuscan Islands,Mediterranean,Italy,10.47454057|42.86566825,Rattus rattus
Puffinus yelkouan,Population study with data in support,2872,To Be Confirmed,2,Palmarola,Pontine Islands,Mediterranean,Italy,12.85717333|40.93667554,Rattus rattus
Ardenna grisea,No studies found,1321,Successful,3,Palmyra,Line Islands,Pacific Ocean - North East,United States Minor Outlying Islands,-162.0777883|5.883944632,Rattus rattus
Hydrobates leucorhous,No studies found,1321,Successful,1,Palmyra,Line Islands,Pacific Ocean - North East,United States Minor Outlying Islands,-162.0777883|5.883944632,Rattus rattus
Nesofregetta fuliginosa,No studies found,1321,Successful,1,Palmyra,Line Islands,Pacific Ocean - North East,United States Minor Outlying Islands,-162.0777883|5.883944632,Rattus rattus
Pterodroma brevipes,All studies are not in support,1321,Successful,1,Palmyra,Line Islands,Pacific Ocean - North East,United States Minor Outlying Islands,-162.0777883|5.883944632,Rattus rattus
Pterodroma cookii,No studies found,1321,Successful,1,Palmyra,Line Islands,Pacific Ocean - North East,United States Minor Outlying Islands,-162.0777883|5.883944632,Rattus rattus
Pterodroma inexpectata,No studies found,1321,Successful,1,Palmyra,Line Islands,Pacific Ocean - North East,United States Minor Outlying Islands,-162.0777883|5.883944632,Rattus rattus
Pterodroma leucoptera,No studies found,1321,Successful,1,Palmyra,Line Islands,Pacific Ocean - North East,United States Minor Outlying Islands,-162.0777883|5.883944632,Rattus rattus
Pterodroma sandwichensis,Lethal program in support,1321,Successful,1,Palmyra,Line Islands,Pacific Ocean - North East,United States Minor Outlying Islands,-162.0777883|5.883944632,Rattus rattus
Puffinus newelli,Lethal program in support,1321,Successful,1,Palmyra,Line Islands,Pacific Ocean - North East,United States Minor Outlying Islands,-162.0777883|5.883944632,Rattus rattus
Ardenna grisea,No studies found,890,Failed,3,Palmyra,Line Islands,Pacific Ocean - North East,United States Minor Outlying Islands,-162.0777883|5.883944632,Rattus rattus
Hydrobates leucorhous,No studies found,890,Failed,1,Palmyra,Line Islands,Pacific Ocean - North East,United States Minor Outlying Islands,-162.0777883|5.883944632,Rattus rattus
Nesofregetta fuliginosa,No studies found,890,Failed,1,Palmyra,Line Islands,Pacific Ocean - North East,United States Minor Outlying Islands,-162.0777883|5.883944632,Rattus rattus
Pterodroma brevipes,All studies are not in support,890,Failed,1,Palmyra,Line Islands,Pacific Ocean - North East,United States Minor Outlying Islands,-162.0777883|5.883944632,Rattus rattus
Pterodroma cookii,No studies found,890,Failed,1,Palmyra,Line Islands,Pacific Ocean - North East,United States Minor Outlying Islands,-162.0777883|5.883944632,Rattus rattus
Pterodroma inexpectata,No studies found,890,Failed,1,Palmyra,Line Islands,Pacific Ocean - North East,United States Minor Outlying Islands,-162.0777883|5.883944632,Rattus rattus
Pterodroma leucoptera,No studies found,890,Failed,1,Palmyra,Line Islands,Pacific Ocean - North East,United States Minor Outlying Islands,-162.0777883|5.883944632,Rattus rattus
Pterodroma sandwichensis,Lethal program in support,890,Failed,1,Palmyra,Line Islands,Pacific Ocean - North East,United States Minor Outlying Islands,-162.0777883|5.883944632,Rattus rattus
Puffinus newelli,Lethal program in support,890,Failed,1,Palmyra,Line Islands,Pacific Ocean - North East,United States Minor Outlying Islands,-162.0777883|5.883944632,Rattus rattus
Ardenna carneipes,Population study without data in support,2789,Successful,1,Pansy,Western Australia (Montebello Islands),Indian Ocean - East,Australia,115.5449811|-20.37280613,Rattus rattus
Calonectris leucomelas,Only predation in support,2789,Successful,1,Pansy,Western Australia (Montebello Islands),Indian Ocean - East,Australia,115.5449811|-20.37280613,Rattus rattus
Ardenna carneipes,Population study without data in support,2504,Successful,1,Papakuri,Broken Islands,Pacific Ocean - South West,New Zealand,175.288597|-36.22038722,Rattus rattus
Ardenna grisea,No studies found,2504,Successful,1,Papakuri,Broken Islands,Pacific Ocean - South West,New Zealand,175.288597|-36.22038722,Rattus rattus
Eudyptes pachyrhynchus,No studies found,2504,Successful,3,Papakuri,Broken Islands,Pacific Ocean - South West,New Zealand,175.288597|-36.22038722,Rattus rattus
Sterna striata,No studies found,2504,Successful,4,Papakuri,Broken Islands,Pacific Ocean - South West,New Zealand,175.288597|-36.22038722,Rattus rattus
Ardenna carneipes,Population study without data in support,883,Successful,1,Pasco,Western Australia (Barrow Islands),Indian Ocean - East,Australia,115.3402184|-20.96040379,Rattus rattus
Calonectris leucomelas,Only predation in support,883,Successful,1,Pasco,Western Australia (Barrow Islands),Indian Ocean - East,Australia,115.3402184|-20.96040379,Rattus rattus
Pterodroma hasitata,No studies found,3151,Planned,1,Pasture Cay,Bahamas (Exuma Islands),Caribbean,Bahamas,-76.55969179|24.31815966,Rattus rattus
Coturnix novaezelandiae,No studies found,1045,Successful,1,Patiti (Banded),Lake Rotomahana,Pacific Ocean - South West,New Zealand,176.4459231|-38.26767285,Rattus rattus
Hymenolaimus malacorhynchos,All studies are not in support,1045,Successful,1,Patiti (Banded),Lake Rotomahana,Pacific Ocean - South West,New Zealand,176.4459231|-38.26767285,Rattus rattus
Mergus australis,No studies found,1045,Successful,1,Patiti (Banded),Lake Rotomahana,Pacific Ocean - South West,New Zealand,176.4459231|-38.26767285,Rattus rattus
Turnagra tanagra,No studies found,1045,Successful,1,Patiti (Banded),Lake Rotomahana,Pacific Ocean - South West,New Zealand,176.4459231|-38.26767285,Rattus rattus
Larus audouinii,All studies are not in support,2941,To Be Confirmed,3,Paximada,Crete Islands (Dionysades),Mediterranean,Greece,26.17416792|35.37739423,Rattus rattus
Puffinus yelkouan,Population study with data in support,2941,To Be Confirmed,1,Paximada,Crete Islands (Dionysades),Mediterranean,Greece,26.17416792|35.37739423,Rattus rattus
Larus audouinii,All studies are not in support,2942,To Be Confirmed,3,Paximadaki,Crete Islands (Dionysades),Mediterranean,Greece,26.17851191|35.35807444,Rattus rattus
Puffinus yelkouan,Population study with data in support,2942,To Be Confirmed,1,Paximadaki,Crete Islands (Dionysades),Mediterranean,Greece,26.17851191|35.35807444,Rattus rattus
Ardenna grisea,No studies found,1682,Successful (Reinvaded),1,Pearl,Stewart Islands,Pacific Ocean - South West,New Zealand,167.7073568|-47.19181788,Rattus rattus
Coenocorypha iredalei,Population study without data in support,1682,Successful (Reinvaded),1,Pearl,Stewart Islands,Pacific Ocean - South West,New Zealand,167.7073568|-47.19181788,Rattus rattus
Mergus australis,No studies found,1682,Successful (Reinvaded),1,Pearl,Stewart Islands,Pacific Ocean - South West,New Zealand,167.7073568|-47.19181788,Rattus rattus
Sterna striata,No studies found,1682,Successful (Reinvaded),1,Pearl,Stewart Islands,Pacific Ocean - South West,New Zealand,167.7073568|-47.19181788,Rattus rattus
Ardenna carneipes,Population study without data in support,1733,Successful,1,Pein Mal,Pohnpei,Pacific Ocean - North West,Micronesia Federated States of,158.322124|6.829262573,Rattus rattus
Calonectris leucomelas,Only predation in support,1733,Successful,1,Pein Mal,Pohnpei,Pacific Ocean - North West,Micronesia Federated States of,158.322124|6.829262573,Rattus rattus
Hydrobates leucorhous,No studies found,1733,Successful,1,Pein Mal,Pohnpei,Pacific Ocean - North West,Micronesia Federated States of,158.322124|6.829262573,Rattus rattus
Pseudobulweria rostrata,No studies found,1733,Successful,1,Pein Mal,Pohnpei,Pacific Ocean - North West,Micronesia Federated States of,158.322124|6.829262573,Rattus rattus
Pterodroma hasitata,No studies found,2849,Successful (Reinvaded),1,Pelican,Lesser Antilles (Antigua and Barbuda Islands),Caribbean,Antigua and Barbuda,-61.70492477|17.10600787,Rattus rattus
Ardenna carneipes,Population study without data in support,2215,Successful,1,Penguin,Western Australia,Indian Ocean - East,Australia,115.6907838|-32.30548132,Rattus rattus
Puffinus yelkouan,Population study with data in support,269,Successful (Reinvaded),2,Peraiola,Tuscan Islands,Mediterranean,Italy,9.79696095|43.03189855,Rattus rattus
Pterodroma hasitata,No studies found,1052,Successful (Reinvaded),1,Percé,Lesser Antilles (lets de Sainte-Anne),Caribbean,Martinique,-60.83353762|14.4131951,Rattus rattus
Ardenna grisea,No studies found,1189,Successful,3,Petit Congloue,Marseille Islands (Riou Archipelago),Mediterranean,France,5.39611226|43.17895978,Rattus rattus
Fratercula arctica,Population study without data in support,1189,Successful,3,Petit Congloue,Marseille Islands (Riou Archipelago),Mediterranean,France,5.39611226|43.17895978,Rattus rattus
Larus audouinii,All studies are not in support,1189,Successful,4,Petit Congloue,Marseille Islands (Riou Archipelago),Mediterranean,France,5.39611226|43.17895978,Rattus rattus
Puffinus mauretanicus,All studies are not in support,1189,Successful,1,Petit Congloue,Marseille Islands (Riou Archipelago),Mediterranean,France,5.39611226|43.17895978,Rattus rattus
Puffinus yelkouan,Population study with data in support,1189,Successful,1,Petit Congloue,Marseille Islands (Riou Archipelago),Mediterranean,France,5.39611226|43.17895978,Rattus rattus
Ardenna grisea,No studies found,1190,Successful (Reinvaded),3,Petit Congloue,Marseille Islands (Riou Archipelago),Mediterranean,France,5.39611226|43.17895978,Rattus rattus
Fratercula arctica,Population study without data in support,1190,Successful (Reinvaded),3,Petit Congloue,Marseille Islands (Riou Archipelago),Mediterranean,France,5.39611226|43.17895978,Rattus rattus
Larus audouinii,All studies are not in support,1190,Successful (Reinvaded),4,Petit Congloue,Marseille Islands (Riou Archipelago),Mediterranean,France,5.39611226|43.17895978,Rattus rattus
Puffinus mauretanicus,All studies are not in support,1190,Successful (Reinvaded),1,Petit Congloue,Marseille Islands (Riou Archipelago),Mediterranean,France,5.39611226|43.17895978,Rattus rattus
Puffinus yelkouan,Population study with data in support,1190,Successful (Reinvaded),1,Petit Congloue,Marseille Islands (Riou Archipelago),Mediterranean,France,5.39611226|43.17895978,Rattus rattus
Pterodroma hasitata,No studies found,2425,Unknown,1,Petit Piton,Lesser Antilles (Robert Islets),Caribbean,Martinique,-60.88043008|14.68456736,Rattus rattus
Hydrobates matsudairae,No studies found,2185,Successful,3,Petite Soeur,Seychelles,Indian Ocean - West,Seychelles,55.85548118|-4.287741713,Rattus rattus
Ardenna carneipes,Population study without data in support,1793,Successful (Reinvaded),1,Phil's Hat,Bay of Islands (Black Rocks),Pacific Ocean - South West,New Zealand,174.1062553|-35.20675354,Rattus rattus
Ardenna grisea,No studies found,1793,Successful (Reinvaded),2,Phil's Hat,Bay of Islands (Black Rocks),Pacific Ocean - South West,New Zealand,174.1062553|-35.20675354,Rattus rattus
Eudyptes pachyrhynchus,No studies found,1793,Successful (Reinvaded),3,Phil's Hat,Bay of Islands (Black Rocks),Pacific Ocean - South West,New Zealand,174.1062553|-35.20675354,Rattus rattus
Procellaria aequinoctialis,All studies are not in support,1793,Successful (Reinvaded),1,Phil's Hat,Bay of Islands (Black Rocks),Pacific Ocean - South West,New Zealand,174.1062553|-35.20675354,Rattus rattus
Procellaria cinerea,All studies are not in support,1793,Successful (Reinvaded),1,Phil's Hat,Bay of Islands (Black Rocks),Pacific Ocean - South West,New Zealand,174.1062553|-35.20675354,Rattus rattus
Procellaria parkinsoni,No studies found,1793,Successful (Reinvaded),1,Phil's Hat,Bay of Islands (Black Rocks),Pacific Ocean - South West,New Zealand,174.1062553|-35.20675354,Rattus rattus
Procellaria westlandica,No studies found,1793,Successful (Reinvaded),1,Phil's Hat,Bay of Islands (Black Rocks),Pacific Ocean - South West,New Zealand,174.1062553|-35.20675354,Rattus rattus
Pterodroma cookii,No studies found,1793,Successful (Reinvaded),1,Phil's Hat,Bay of Islands (Black Rocks),Pacific Ocean - South West,New Zealand,174.1062553|-35.20675354,Rattus rattus
Pterodroma inexpectata,No studies found,1793,Successful (Reinvaded),1,Phil's Hat,Bay of Islands (Black Rocks),Pacific Ocean - South West,New Zealand,174.1062553|-35.20675354,Rattus rattus
Pterodroma leucoptera,No studies found,1793,Successful (Reinvaded),1,Phil's Hat,Bay of Islands (Black Rocks),Pacific Ocean - South West,New Zealand,174.1062553|-35.20675354,Rattus rattus
Sterna striata,No studies found,1793,Successful (Reinvaded),4,Phil's Hat,Bay of Islands (Black Rocks),Pacific Ocean - South West,New Zealand,174.1062553|-35.20675354,Rattus rattus
Larus audouinii,All studies are not in support,2210,Successful,3,Piana,Sardinian Islands,Mediterranean,Italy,9.65101208|40.8881109,Rattus rattus
Puffinus mauretanicus,All studies are not in support,2210,Successful,1,Piana,Sardinian Islands,Mediterranean,Italy,9.65101208|40.8881109,Rattus rattus
Puffinus yelkouan,Population study with data in support,2210,Successful,1,Piana,Sardinian Islands,Mediterranean,Italy,9.65101208|40.8881109,Rattus rattus
Puffinus yelkouan,Population study with data in support,2586,To Be Confirmed,2,Pianosa,Tuscan Islands,Mediterranean,Italy,15.74741661|42.22502273,Rattus rattus
Ardenna carneipes,Population study without data in support,1697,Successful,1,Pickersgill,Queen Charlotte Sound,Pacific Ocean - South West,New Zealand,174.2821797|-41.16052755,Rattus rattus
Ardenna grisea,No studies found,1697,Successful,2,Pickersgill,Queen Charlotte Sound,Pacific Ocean - South West,New Zealand,174.2821797|-41.16052755,Rattus rattus
Callaeas cinereus,Population study with all qualities in support,1697,Successful,1,Pickersgill,Queen Charlotte Sound,Pacific Ocean - South West,New Zealand,174.2821797|-41.16052755,Rattus rattus
Chlidonias albostriatus,Only predation in support,1697,Successful,4,Pickersgill,Queen Charlotte Sound,Pacific Ocean - South West,New Zealand,174.2821797|-41.16052755,Rattus rattus
Eudyptes pachyrhynchus,No studies found,1697,Successful,3,Pickersgill,Queen Charlotte Sound,Pacific Ocean - South West,New Zealand,174.2821797|-41.16052755,Rattus rattus
Phoebetria palpebrata,No studies found,1697,Successful,1,Pickersgill,Queen Charlotte Sound,Pacific Ocean - South West,New Zealand,174.2821797|-41.16052755,Rattus rattus
Sterna striata,No studies found,1697,Successful,4,Pickersgill,Queen Charlotte Sound,Pacific Ocean - South West,New Zealand,174.2821797|-41.16052755,Rattus rattus
Ardenna carneipes,Population study without data in support,532,Successful,1,Pigeon,Abrolhos Islands,Indian Ocean - East,Australia,113.7267029|-28.45399555,Rattus rattus
Pterodroma hasitata,No studies found,3117,Planned,1,Pine Cay,Bahamas (Turks and Caicos),Caribbean,Turks and Caicos Islands,-72.10418668|21.86456678,Rattus rattus
Certhidea olivacea,No studies found,2213,Successful,1,Pinzón,Galapagos Islands,Pacific Ocean - North East,Ecuador,-90.66589399|-0.610869147,Rattus rattus
Geospiza psittacula,No studies found,2213,Successful,1,Pinzón,Galapagos Islands,Pacific Ocean - North East,Ecuador,-90.66589399|-0.610869147,Rattus rattus
Progne modesta,No studies found,2213,Successful,1,Pinzón,Galapagos Islands,Pacific Ocean - North East,Ecuador,-90.66589399|-0.610869147,Rattus rattus
Certhidea olivacea,No studies found,302,Failed,1,Pinzón,Galapagos Islands,Pacific Ocean - North East,Ecuador,-90.66589399|-0.610869147,Rattus rattus
Geospiza psittacula,No studies found,302,Failed,1,Pinzón,Galapagos Islands,Pacific Ocean - North East,Ecuador,-90.66589399|-0.610869147,Rattus rattus
Progne modesta,No studies found,302,Failed,1,Pinzón,Galapagos Islands,Pacific Ocean - North East,Ecuador,-90.66589399|-0.610869147,Rattus rattus
Hydrobates leucorhous,No studies found,835,Successful,1,Pitt,Galapagos Islands,Pacific Ocean - North East,Ecuador,-89.24724045|-0.703678387,Rattus rattus
Procellaria parkinsoni,No studies found,835,Successful,1,Pitt,Galapagos Islands,Pacific Ocean - North East,Ecuador,-89.24724045|-0.703678387,Rattus rattus
Pseudobulweria rostrata,No studies found,835,Successful,1,Pitt,Galapagos Islands,Pacific Ocean - North East,Ecuador,-89.24724045|-0.703678387,Rattus rattus
Pterodroma cookii,No studies found,835,Successful,1,Pitt,Galapagos Islands,Pacific Ocean - North East,Ecuador,-89.24724045|-0.703678387,Rattus rattus
Pterodroma externa,No studies found,835,Successful,1,Pitt,Galapagos Islands,Pacific Ocean - North East,Ecuador,-89.24724045|-0.703678387,Rattus rattus
Pterodroma leucoptera,No studies found,835,Successful,1,Pitt,Galapagos Islands,Pacific Ocean - North East,Ecuador,-89.24724045|-0.703678387,Rattus rattus
Pterodroma phaeopygia,Population study without data in support,835,Successful,1,Pitt,Galapagos Islands,Pacific Ocean - North East,Ecuador,-89.24724045|-0.703678387,Rattus rattus
Larus audouinii,All studies are not in support,154,Successful,4,Plane (Caleseragne),Marseille Islands (Riou Archipelago),Mediterranean,France,5.38582425|43.18782186,Rattus rattus
Puffinus mauretanicus,All studies are not in support,154,Successful,1,Plane (Caleseragne),Marseille Islands (Riou Archipelago),Mediterranean,France,5.38582425|43.18782186,Rattus rattus
Puffinus yelkouan,Population study with data in support,154,Successful,1,Plane (Caleseragne),Marseille Islands (Riou Archipelago),Mediterranean,France,5.38582425|43.18782186,Rattus rattus
Pterodroma hasitata,No studies found,1729,Successful (Reinvaded),1,Poirier,Lesser Antilles (lets de Sainte-Anne),Caribbean,Martinique,-60.83292263|14.4107875,Rattus rattus
Pterodroma hasitata,No studies found,250,Failed,1,Poirier,Lesser Antilles (lets de Sainte-Anne),Caribbean,Martinique,-60.83292263|14.4107875,Rattus rattus
Larus audouinii,All studies are not in support,1154,Successful,3,Polemika,Lagofitonisia,Mediterranean,Greece,24.10022045|39.10145506,Rattus rattus
Puffinus yelkouan,Population study with data in support,1154,Successful,1,Polemika,Lagofitonisia,Mediterranean,Greece,24.10022045|39.10145506,Rattus rattus
Callaeas cinereus,Population study with all qualities in support,2827,Successful,1,Pomona,Lake Manapouri,Pacific Ocean - South West,New Zealand,167.4736057|-45.50674923,Rattus rattus
Coturnix novaezelandiae,No studies found,2827,Successful,1,Pomona,Lake Manapouri,Pacific Ocean - South West,New Zealand,167.4736057|-45.50674923,Rattus rattus
Cyanoramphus auriceps,All studies are not in support,2827,Successful,1,Pomona,Lake Manapouri,Pacific Ocean - South West,New Zealand,167.4736057|-45.50674923,Rattus rattus
Cyanoramphus malherbi,No studies found,2827,Successful,1,Pomona,Lake Manapouri,Pacific Ocean - South West,New Zealand,167.4736057|-45.50674923,Rattus rattus
Hymenolaimus malacorhynchos,All studies are not in support,2827,Successful,1,Pomona,Lake Manapouri,Pacific Ocean - South West,New Zealand,167.4736057|-45.50674923,Rattus rattus
Mergus australis,No studies found,2827,Successful,1,Pomona,Lake Manapouri,Pacific Ocean - South West,New Zealand,167.4736057|-45.50674923,Rattus rattus
Mohoua ochrocephala,Population study with data in support,2827,Successful,1,Pomona,Lake Manapouri,Pacific Ocean - South West,New Zealand,167.4736057|-45.50674923,Rattus rattus
Turnagra capensis,No studies found,2827,Successful,1,Pomona,Lake Manapouri,Pacific Ocean - South West,New Zealand,167.4736057|-45.50674923,Rattus rattus
Callaeas cinereus,Population study with all qualities in support,1042,Successful (Reinvaded),1,Pomona,Lake Manapouri,Pacific Ocean - South West,New Zealand,167.4736057|-45.50674923,Rattus rattus
Coturnix novaezelandiae,No studies found,1042,Successful (Reinvaded),1,Pomona,Lake Manapouri,Pacific Ocean - South West,New Zealand,167.4736057|-45.50674923,Rattus rattus
Cyanoramphus auriceps,All studies are not in support,1042,Successful (Reinvaded),1,Pomona,Lake Manapouri,Pacific Ocean - South West,New Zealand,167.4736057|-45.50674923,Rattus rattus
Cyanoramphus malherbi,No studies found,1042,Successful (Reinvaded),1,Pomona,Lake Manapouri,Pacific Ocean - South West,New Zealand,167.4736057|-45.50674923,Rattus rattus
Hymenolaimus malacorhynchos,All studies are not in support,1042,Successful (Reinvaded),1,Pomona,Lake Manapouri,Pacific Ocean - South West,New Zealand,167.4736057|-45.50674923,Rattus rattus
Mergus australis,No studies found,1042,Successful (Reinvaded),1,Pomona,Lake Manapouri,Pacific Ocean - South West,New Zealand,167.4736057|-45.50674923,Rattus rattus
Mohoua ochrocephala,Population study with data in support,1042,Successful (Reinvaded),1,Pomona,Lake Manapouri,Pacific Ocean - South West,New Zealand,167.4736057|-45.50674923,Rattus rattus
Turnagra capensis,No studies found,1042,Successful (Reinvaded),1,Pomona,Lake Manapouri,Pacific Ocean - South West,New Zealand,167.4736057|-45.50674923,Rattus rattus
Pterodroma hasitata,No studies found,2382,Successful,1,Praslin,Lesser Antilles (St. Lucia Islands),Caribbean,Saint Lucia,-60.88956899|13.87521385,Rattus rattus
Pterodroma hasitata,No studies found,1049,Successful (Reinvaded),1,Praslin,Lesser Antilles (St. Lucia Islands),Caribbean,Saint Lucia,-60.88956899|13.87521385,Rattus rattus
Pterodroma hasitata,No studies found,1050,Successful (Reinvaded),1,Praslin,Lesser Antilles (St. Lucia Islands),Caribbean,Saint Lucia,-60.88956899|13.87521385,Rattus rattus
Ardenna carneipes,Population study without data in support,1047,Successful,1,Prince,Western Australia (Barrow Islands),Indian Ocean - East,Australia,115.4767075|-20.72662695,Rattus rattus
Calonectris leucomelas,Only predation in support,1047,Successful,1,Prince,Western Australia (Barrow Islands),Indian Ocean - East,Australia,115.4767075|-20.72662695,Rattus rattus
Puffinus yelkouan,Population study with data in support,3221,Successful,2,Proratora,Sardinian Islands,Mediterranean,Italy,9.723123782|40.8464801,Rattus rattus
Puffinus yelkouan,Population study with data in support,2208,Successful (Reinvaded),2,Proratora,Sardinian Islands,Mediterranean,Italy,9.723123782|40.8464801,Rattus rattus
Ardenna grisea,No studies found,417,Successful,1,Pukeweka,Titi Islands,Pacific Ocean - South West,New Zealand,167.4371402|-47.22448856,Rattus rattus
Eudyptes pachyrhynchus,No studies found,417,Successful,3,Pukeweka,Titi Islands,Pacific Ocean - South West,New Zealand,167.4371402|-47.22448856,Rattus rattus
Phoebetria palpebrata,No studies found,417,Successful,1,Pukeweka,Titi Islands,Pacific Ocean - South West,New Zealand,167.4371402|-47.22448856,Rattus rattus
Sterna striata,No studies found,417,Successful,4,Pukeweka,Titi Islands,Pacific Ocean - South West,New Zealand,167.4371402|-47.22448856,Rattus rattus
Pterodroma hasitata,No studies found,1159,Successful,1,Pusey Cay,Bahamas (Turks and Caicos (Five Cays)),Caribbean,Turks and Caicos Islands,-72.26781937|21.73676847,Rattus rattus
Ardenna grisea,No studies found,1698,Successful,1,Quail,Canterbury Islands,Pacific Ocean - South West,New Zealand,172.6909702|-43.6284509,Rattus rattus
Callaeas cinereus,Population study with all qualities in support,1698,Successful,1,Quail,Canterbury Islands,Pacific Ocean - South West,New Zealand,172.6909702|-43.6284509,Rattus rattus
Chlidonias albostriatus,Only predation in support,1698,Successful,4,Quail,Canterbury Islands,Pacific Ocean - South West,New Zealand,172.6909702|-43.6284509,Rattus rattus
Coturnix novaezelandiae,No studies found,1698,Successful,1,Quail,Canterbury Islands,Pacific Ocean - South West,New Zealand,172.6909702|-43.6284509,Rattus rattus
Mergus australis,No studies found,1698,Successful,1,Quail,Canterbury Islands,Pacific Ocean - South West,New Zealand,172.6909702|-43.6284509,Rattus rattus
Mohoua ochrocephala,Population study with data in support,1698,Successful,1,Quail,Canterbury Islands,Pacific Ocean - South West,New Zealand,172.6909702|-43.6284509,Rattus rattus
Sterna striata,No studies found,1698,Successful,1,Quail,Canterbury Islands,Pacific Ocean - South West,New Zealand,172.6909702|-43.6284509,Rattus rattus
Turnagra capensis,No studies found,1698,Successful,1,Quail,Canterbury Islands,Pacific Ocean - South West,New Zealand,172.6909702|-43.6284509,Rattus rattus
Pterodroma hasitata,No studies found,1054,Successful,1,Rabbit,Lesser Antilles (Antigua and Barbuda Islands),Caribbean,Antigua and Barbuda,-61.73112685|17.135922,Rattus rattus
Ardenna carneipes,Population study without data in support,2502,Successful (Reinvaded),1,Rangiahua,Broken Islands,Pacific Ocean - South West,New Zealand,175.3027164|-36.22186644,Rattus rattus
Ardenna grisea,No studies found,2502,Successful (Reinvaded),1,Rangiahua,Broken Islands,Pacific Ocean - South West,New Zealand,175.3027164|-36.22186644,Rattus rattus
Eudyptes pachyrhynchus,No studies found,2502,Successful (Reinvaded),3,Rangiahua,Broken Islands,Pacific Ocean - South West,New Zealand,175.3027164|-36.22186644,Rattus rattus
Sterna striata,No studies found,2502,Successful (Reinvaded),4,Rangiahua,Broken Islands,Pacific Ocean - South West,New Zealand,175.3027164|-36.22186644,Rattus rattus
Ardenna carneipes,Population study without data in support,1822,Successful,1,Rangiatea,Bay of Islands (Moturoa),Pacific Ocean - South West,New Zealand,174.1797091|-35.21804184,Rattus rattus
Ardenna grisea,No studies found,1822,Successful,2,Rangiatea,Bay of Islands (Moturoa),Pacific Ocean - South West,New Zealand,174.1797091|-35.21804184,Rattus rattus
Eudyptes pachyrhynchus,No studies found,1822,Successful,3,Rangiatea,Bay of Islands (Moturoa),Pacific Ocean - South West,New Zealand,174.1797091|-35.21804184,Rattus rattus
Sterna striata,No studies found,1822,Successful,4,Rangiatea,Bay of Islands (Moturoa),Pacific Ocean - South West,New Zealand,174.1797091|-35.21804184,Rattus rattus
Ardenna grisea,No studies found,1237,Successful,2,Rangitoto,Hauraki Gulf,Pacific Ocean - South West,New Zealand,174.863184|-36.78649262,Rattus rattus
Coturnix novaezelandiae,No studies found,1237,Successful,1,Rangitoto,Hauraki Gulf,Pacific Ocean - South West,New Zealand,174.863184|-36.78649262,Rattus rattus
Mergus australis,No studies found,1237,Successful,1,Rangitoto,Hauraki Gulf,Pacific Ocean - South West,New Zealand,174.863184|-36.78649262,Rattus rattus
Sterna striata,No studies found,1237,Successful,1,Rangitoto,Hauraki Gulf,Pacific Ocean - South West,New Zealand,174.863184|-36.78649262,Rattus rattus
Turnagra tanagra,No studies found,1237,Successful,1,Rangitoto,Hauraki Gulf,Pacific Ocean - South West,New Zealand,174.863184|-36.78649262,Rattus rattus
Ardenna creatopus,All studies are not in support,479,Successful,1,Rasa,Gulf of California (Midriff Islands),Pacific Ocean - North East,Mexico,-112.9798053|28.82381016,Rattus rattus
Ardenna grisea,No studies found,479,Successful,3,Rasa,Gulf of California (Midriff Islands),Pacific Ocean - North East,Mexico,-112.9798053|28.82381016,Rattus rattus
Larus heermanni,Population study without data in support,479,Successful,1,Rasa,Gulf of California (Midriff Islands),Pacific Ocean - North East,Mexico,-112.9798053|28.82381016,Rattus rattus
Puffinus opisthomelas,Population study without data in support,479,Successful,3,Rasa,Gulf of California (Midriff Islands),Pacific Ocean - North East,Mexico,-112.9798053|28.82381016,Rattus rattus
Synthliboramphus craveri,No studies found,479,Successful,1,Rasa,Gulf of California (Midriff Islands),Pacific Ocean - North East,Mexico,-112.9798053|28.82381016,Rattus rattus
Thalasseus elegans,Population study with data in support,479,Successful,3,Rasa,Gulf of California (Midriff Islands),Pacific Ocean - North East,Mexico,-112.9798053|28.82381016,Rattus rattus
Ardenna carneipes,Population study without data in support,846,Successful,1,Rat,Abrolhos Islands,Indian Ocean - East,Australia,113.7844166|-28.71449447,Rattus rattus
Pterodroma hasitata,No studies found,2177,Successful,1,Rat,Lesser Antilles (St. Lucia Islands),Caribbean,Saint Lucia,-60.98153058|14.03369203,Rattus rattus
Ardenna carneipes,Population study without data in support,1194,Successful (Reinvaded),1,Rat,Bay of Islands (Black Rocks),Pacific Ocean - South West,New Zealand,174.0986825|-35.20344009,Rattus rattus
Ardenna grisea,No studies found,1194,Successful (Reinvaded),2,Rat,Bay of Islands (Black Rocks),Pacific Ocean - South West,New Zealand,174.0986825|-35.20344009,Rattus rattus
Eudyptes pachyrhynchus,No studies found,1194,Successful (Reinvaded),3,Rat,Bay of Islands (Black Rocks),Pacific Ocean - South West,New Zealand,174.0986825|-35.20344009,Rattus rattus
Sterna striata,No studies found,1194,Successful (Reinvaded),4,Rat,Bay of Islands (Black Rocks),Pacific Ocean - South West,New Zealand,174.0986825|-35.20344009,Rattus rattus
Ardenna grisea,No studies found,3198,Successful,3,Rates,Balearic Islands (Cabrera Group),Mediterranean,Spain,2.92313107|39.13268704,Rattus rattus
Puffinus mauretanicus,All studies are not in support,3198,Successful,2,Rates,Balearic Islands (Cabrera Group),Mediterranean,Spain,2.92313107|39.13268704,Rattus rattus
Puffinus mauretanicus,All studies are not in support,3198,Successful,1,Rates,Balearic Islands (Cabrera Group),Mediterranean,Spain,2.92313107|39.13268704,Rattus rattus
Ardenna grisea,No studies found,2294,Successful (Reinvaded),3,Rates,Balearic Islands (Cabrera Group),Mediterranean,Spain,2.92313107|39.13268704,Rattus rattus
Puffinus mauretanicus,All studies are not in support,2294,Successful (Reinvaded),2,Rates,Balearic Islands (Cabrera Group),Mediterranean,Spain,2.92313107|39.13268704,Rattus rattus
Puffinus mauretanicus,All studies are not in support,2294,Successful (Reinvaded),1,Rates,Balearic Islands (Cabrera Group),Mediterranean,Spain,2.92313107|39.13268704,Rattus rattus
Pterodroma hasitata,No studies found,3163,Successful,1,Ratones,Greater Antilles (Puerto Rican Islands; Ponce Islands),Caribbean,Puerto Rico,-66.68133496|17.95274119,Rattus rattus
Pterodroma hasitata,No studies found,1055,Successful,1,Redhead,Lesser Antilles (Antigua and Barbuda Islands),Caribbean,Antigua and Barbuda,-61.72833704|17.13790349,Rattus rattus
Fratercula arctica,Population study without data in support,2286,Successful,3,Redona,Balearic Islands (Cabrera Group),Mediterranean,Spain,2.97639342|39.1680677,Rattus rattus
Larus audouinii,All studies are not in support,2286,Successful,3,Redona,Balearic Islands (Cabrera Group),Mediterranean,Spain,2.97639342|39.1680677,Rattus rattus
Puffinus mauretanicus,All studies are not in support,2286,Successful,1,Redona,Balearic Islands (Cabrera Group),Mediterranean,Spain,2.97639342|39.1680677,Rattus rattus
Puffinus yelkouan,Population study with data in support,2286,Successful,1,Redona,Balearic Islands (Cabrera Group),Mediterranean,Spain,2.97639342|39.1680677,Rattus rattus
Pterodroma hasitata,No studies found,2857,To Be Confirmed,1,Redonda,Lesser Antilles (Antigua and Barbuda Islands),Caribbean,Antigua and Barbuda,-62.34547402|16.93826956,Rattus rattus
Fratercula arctica,Population study without data in support,83,Successful (Reinvaded),3,Rey Francisco,Chafarinas Archipelago,Mediterranean,Spain,-2.42223863|35.18082813,Rattus rattus
Fratercula arctica,Population study without data in support,264,Successful (Reinvaded),3,Rey Francisco,Chafarinas Archipelago,Mediterranean,Spain,-2.42223863|35.18082813,Rattus rattus
Larus audouinii,All studies are not in support,83,Successful (Reinvaded),2,Rey Francisco,Chafarinas Archipelago,Mediterranean,Spain,-2.42223863|35.18082813,Rattus rattus
Larus audouinii,All studies are not in support,264,Successful (Reinvaded),2,Rey Francisco,Chafarinas Archipelago,Mediterranean,Spain,-2.42223863|35.18082813,Rattus rattus
Puffinus yelkouan,Population study with data in support,83,Successful (Reinvaded),1,Rey Francisco,Chafarinas Archipelago,Mediterranean,Spain,-2.42223863|35.18082813,Rattus rattus
Puffinus yelkouan,Population study with data in support,264,Successful (Reinvaded),1,Rey Francisco,Chafarinas Archipelago,Mediterranean,Spain,-2.42223863|35.18082813,Rattus rattus
Fratercula arctica,Population study without data in support,2736,To Be Confirmed,3,Rey Francisco,Chafarinas Archipelago,Mediterranean,Spain,-2.42223863|35.18082813,Rattus rattus
Larus audouinii,All studies are not in support,2736,To Be Confirmed,2,Rey Francisco,Chafarinas Archipelago,Mediterranean,Spain,-2.42223863|35.18082813,Rattus rattus
Puffinus yelkouan,Population study with data in support,2736,To Be Confirmed,1,Rey Francisco,Chafarinas Archipelago,Mediterranean,Spain,-2.42223863|35.18082813,Rattus rattus
Hydrobates leucorhous,No studies found,2142,Successful,1,Roca Beagle Norte,Galapagos Islands,Pacific Ocean - North East,Ecuador,-90.62782087|-0.414218724,Rattus rattus
Procellaria parkinsoni,No studies found,2142,Successful,1,Roca Beagle Norte,Galapagos Islands,Pacific Ocean - North East,Ecuador,-90.62782087|-0.414218724,Rattus rattus
Pseudobulweria rostrata,No studies found,2142,Successful,1,Roca Beagle Norte,Galapagos Islands,Pacific Ocean - North East,Ecuador,-90.62782087|-0.414218724,Rattus rattus
Pterodroma cookii,No studies found,2142,Successful,1,Roca Beagle Norte,Galapagos Islands,Pacific Ocean - North East,Ecuador,-90.62782087|-0.414218724,Rattus rattus
Pterodroma externa,No studies found,2142,Successful,1,Roca Beagle Norte,Galapagos Islands,Pacific Ocean - North East,Ecuador,-90.62782087|-0.414218724,Rattus rattus
Pterodroma leucoptera,No studies found,2142,Successful,1,Roca Beagle Norte,Galapagos Islands,Pacific Ocean - North East,Ecuador,-90.62782087|-0.414218724,Rattus rattus
Pterodroma phaeopygia,Population study without data in support,2142,Successful,1,Roca Beagle Norte,Galapagos Islands,Pacific Ocean - North East,Ecuador,-90.62782087|-0.414218724,Rattus rattus
Certhidea olivacea,No studies found,1755,Successful,1,Roca Beagle Sur,Galapagos Islands,Pacific Ocean - North East,Ecuador,-90.62935922|-0.418442415,Rattus rattus
Hydrobates leucorhous,No studies found,1755,Successful,1,Roca Beagle Sur,Galapagos Islands,Pacific Ocean - North East,Ecuador,-90.62935922|-0.418442415,Rattus rattus
Pseudobulweria rostrata,No studies found,1755,Successful,1,Roca Beagle Sur,Galapagos Islands,Pacific Ocean - North East,Ecuador,-90.62935922|-0.418442415,Rattus rattus
Pterodroma externa,No studies found,1755,Successful,1,Roca Beagle Sur,Galapagos Islands,Pacific Ocean - North East,Ecuador,-90.62935922|-0.418442415,Rattus rattus
Pterodroma phaeopygia,Population study without data in support,1755,Successful,1,Roca Beagle Sur,Galapagos Islands,Pacific Ocean - North East,Ecuador,-90.62935922|-0.418442415,Rattus rattus
Pterodroma hasitata,No studies found,3155,Trial or Research only,1,Rocher de Diamant,Lesser Antilles (Diamant),Caribbean,Martinique,-61.03898434|14.44334921,Rattus rattus
Ardenna carneipes,Population study without data in support,1823,Successful,1,Round,Bay of Islands (Urupukapuka),Pacific Ocean - South West,New Zealand,174.2366307|-35.22818295,Rattus rattus
Ardenna grisea,No studies found,1823,Successful,2,Round,Bay of Islands (Urupukapuka),Pacific Ocean - South West,New Zealand,174.2366307|-35.22818295,Rattus rattus
Eudyptes pachyrhynchus,No studies found,1823,Successful,3,Round,Bay of Islands (Urupukapuka),Pacific Ocean - South West,New Zealand,174.2366307|-35.22818295,Rattus rattus
Sterna striata,No studies found,1823,Successful,4,Round,Bay of Islands (Urupukapuka),Pacific Ocean - South West,New Zealand,174.2366307|-35.22818295,Rattus rattus
Calonectris leucomelas,Only predation in support,3123,In Progress,1,Round,Queensland Islands (Frankland Islands),Pacific Ocean - South West,Australia,146.0893974|-17.21710021,Rattus rattus
Pterodroma leucoptera,No studies found,3123,In Progress,1,Round,Queensland Islands (Frankland Islands),Pacific Ocean - South West,Australia,146.0893974|-17.21710021,Rattus rattus
Calonectris leucomelas,Only predation in support,3124,In Progress,1,Russell,Queensland Islands (Frankland Islands),Pacific Ocean - South West,Australia,146.0937474|-17.22756978,Rattus rattus
Pterodroma hasitata,No studies found,2381,Failed,1,Ruth Cay,Lesser Antilles (US Virgin Islands (St. Croix Islands)),Caribbean,Virgin Islands U.S.,-64.76171728|17.68409107,Rattus rattus
Calonectris leucomelas,Only predation in support,1804,Successful,1,SW Coringa Islet,Coringa-Herald Cays (Coringa Islets),Pacific Ocean - South West,Australia,149.9086007|-16.9683032,Rattus rattus
Pterodroma hasitata,No studies found,1727,Successful,1,Saba,Lesser Antilles (US Virgin Islands (St. Thomas Islands)),Caribbean,Virgin Islands U.S.,-65.00004629|18.30523023,Rattus rattus
Ardenna carneipes,Population study without data in support,229,Successful,2,Saint-Paul,Amsterdam and St. Paul Islands,Indian Ocean - West,French Southern Territories,77.52352343|-38.72212156,Rattus rattus
Eudyptes moseleyi,All studies are not in support,229,Successful,2,Saint-Paul,Amsterdam and St. Paul Islands,Indian Ocean - West,French Southern Territories,77.52352343|-38.72212156,Rattus rattus
Pachyptila macgillivrayi,Population study without data in support,229,Successful,1,Saint-Paul,Amsterdam and St. Paul Islands,Indian Ocean - West,French Southern Territories,77.52352343|-38.72212156,Rattus rattus
Phoebetria palpebrata,No studies found,229,Successful,1,Saint-Paul,Amsterdam and St. Paul Islands,Indian Ocean - West,French Southern Territories,77.52352343|-38.72212156,Rattus rattus
Procellaria cinerea,All studies are not in support,229,Successful,2,Saint-Paul,Amsterdam and St. Paul Islands,Indian Ocean - West,French Southern Territories,77.52352343|-38.72212156,Rattus rattus
Pterodroma hasitata,No studies found,2429,Unknown,1,Sainte-Marie,Lesser Antilles (Commune de Sainte-Marie),Caribbean,Martinique,-60.98902806|14.78768293,Rattus rattus
Ardenna creatopus,All studies are not in support,205,Successful,1,San Jorge Este,Gulf of California,Pacific Ocean - North East,Mexico,-113.2482091|31.01793412,Rattus rattus
Ardenna grisea,No studies found,205,Successful,3,San Jorge Este,Gulf of California,Pacific Ocean - North East,Mexico,-113.2482091|31.01793412,Rattus rattus
Larus heermanni,Population study without data in support,205,Successful,1,San Jorge Este,Gulf of California,Pacific Ocean - North East,Mexico,-113.2482091|31.01793412,Rattus rattus
Puffinus opisthomelas,Population study without data in support,205,Successful,3,San Jorge Este,Gulf of California,Pacific Ocean - North East,Mexico,-113.2482091|31.01793412,Rattus rattus
Synthliboramphus craveri,No studies found,205,Successful,1,San Jorge Este,Gulf of California,Pacific Ocean - North East,Mexico,-113.2482091|31.01793412,Rattus rattus
Thalasseus elegans,Population study with data in support,205,Successful,3,San Jorge Este,Gulf of California,Pacific Ocean - North East,Mexico,-113.2482091|31.01793412,Rattus rattus
Ardenna creatopus,All studies are not in support,437,Successful,1,San Jorge Medio,Gulf of California,Pacific Ocean - North East,Mexico,-113.2440806|31.01222994,Rattus rattus
Ardenna grisea,No studies found,437,Successful,3,San Jorge Medio,Gulf of California,Pacific Ocean - North East,Mexico,-113.2440806|31.01222994,Rattus rattus
Larus heermanni,Population study without data in support,437,Successful,1,San Jorge Medio,Gulf of California,Pacific Ocean - North East,Mexico,-113.2440806|31.01222994,Rattus rattus
Puffinus opisthomelas,Population study without data in support,437,Successful,3,San Jorge Medio,Gulf of California,Pacific Ocean - North East,Mexico,-113.2440806|31.01222994,Rattus rattus
Synthliboramphus craveri,No studies found,437,Successful,1,San Jorge Medio,Gulf of California,Pacific Ocean - North East,Mexico,-113.2440806|31.01222994,Rattus rattus
Thalasseus elegans,Population study with data in support,437,Successful,3,San Jorge Medio,Gulf of California,Pacific Ocean - North East,Mexico,-113.2440806|31.01222994,Rattus rattus
Ardenna creatopus,All studies are not in support,438,Successful,1,San Jorge Oeste,Gulf of California,Pacific Ocean - North East,Mexico,-113.2431372|31.00632429,Rattus rattus
Ardenna grisea,No studies found,438,Successful,3,San Jorge Oeste,Gulf of California,Pacific Ocean - North East,Mexico,-113.2431372|31.00632429,Rattus rattus
Larus heermanni,Population study without data in support,438,Successful,1,San Jorge Oeste,Gulf of California,Pacific Ocean - North East,Mexico,-113.2431372|31.00632429,Rattus rattus
Puffinus opisthomelas,Population study without data in support,438,Successful,3,San Jorge Oeste,Gulf of California,Pacific Ocean - North East,Mexico,-113.2431372|31.00632429,Rattus rattus
Synthliboramphus craveri,No studies found,438,Successful,1,San Jorge Oeste,Gulf of California,Pacific Ocean - North East,Mexico,-113.2431372|31.00632429,Rattus rattus
Thalasseus elegans,Population study with data in support,438,Successful,3,San Jorge Oeste,Gulf of California,Pacific Ocean - North East,Mexico,-113.2431372|31.00632429,Rattus rattus
Ardenna creatopus,All studies are not in support,1316,Successful,1,San Pedro Mártir,Gulf of California (Midriff Islands),Pacific Ocean - North East,Mexico,-112.3066361|28.38145886,Rattus rattus
Ardenna grisea,No studies found,1316,Successful,3,San Pedro Mártir,Gulf of California (Midriff Islands),Pacific Ocean - North East,Mexico,-112.3066361|28.38145886,Rattus rattus
Larus heermanni,Population study without data in support,1316,Successful,1,San Pedro Mártir,Gulf of California (Midriff Islands),Pacific Ocean - North East,Mexico,-112.3066361|28.38145886,Rattus rattus
Puffinus opisthomelas,Population study without data in support,1316,Successful,3,San Pedro Mártir,Gulf of California (Midriff Islands),Pacific Ocean - North East,Mexico,-112.3066361|28.38145886,Rattus rattus
Synthliboramphus craveri,No studies found,1316,Successful,1,San Pedro Mártir,Gulf of California (Midriff Islands),Pacific Ocean - North East,Mexico,-112.3066361|28.38145886,Rattus rattus
Thalasseus elegans,Population study with data in support,1316,Successful,3,San Pedro Mártir,Gulf of California (Midriff Islands),Pacific Ocean - North East,Mexico,-112.3066361|28.38145886,Rattus rattus
Ardenna creatopus,All studies are not in support,823,Successful,1,San Roque,Pacific Coast Baja California Peninsula,Pacific Ocean - North East,Mexico,-114.3770111|27.14690418,Rattus rattus
Ardenna grisea,No studies found,823,Successful,3,San Roque,Pacific Coast Baja California Peninsula,Pacific Ocean - North East,Mexico,-114.3770111|27.14690418,Rattus rattus
Hydrobates leucorhous,No studies found,823,Successful,1,San Roque,Pacific Coast Baja California Peninsula,Pacific Ocean - North East,Mexico,-114.3770111|27.14690418,Rattus rattus
Larus heermanni,Population study without data in support,823,Successful,1,San Roque,Pacific Coast Baja California Peninsula,Pacific Ocean - North East,Mexico,-114.3770111|27.14690418,Rattus rattus
Ptychoramphus aleuticus,Population study with data in support,823,Successful,3,San Roque,Pacific Coast Baja California Peninsula,Pacific Ocean - North East,Mexico,-114.3770111|27.14690418,Rattus rattus
Puffinus opisthomelas,Population study without data in support,823,Successful,3,San Roque,Pacific Coast Baja California Peninsula,Pacific Ocean - North East,Mexico,-114.3770111|27.14690418,Rattus rattus
Synthliboramphus craveri,No studies found,823,Successful,1,San Roque,Pacific Coast Baja California Peninsula,Pacific Ocean - North East,Mexico,-114.3770111|27.14690418,Rattus rattus
Synthliboramphus hypoleucus,No studies found,823,Successful,1,San Roque,Pacific Coast Baja California Peninsula,Pacific Ocean - North East,Mexico,-114.3770111|27.14690418,Rattus rattus
Synthliboramphus hypoleucus,No studies found,823,Successful,1,San Roque,Pacific Coast Baja California Peninsula,Pacific Ocean - North East,Mexico,-114.3770111|27.14690418,Rattus rattus
Synthliboramphus scrippsi,Population study with data in support,823,Successful,3,San Roque,Pacific Coast Baja California Peninsula,Pacific Ocean - North East,Mexico,-114.3770111|27.14690418,Rattus rattus
Thalasseus elegans,Population study with data in support,823,Successful,3,San Roque,Pacific Coast Baja California Peninsula,Pacific Ocean - North East,Mexico,-114.3770111|27.14690418,Rattus rattus
Anas laysanensis,All studies are not in support,184,Successful,1,Sand,Hawaiian Islands (Midway Atoll),Pacific Ocean - North East,United States,-177.378933|28.20777515,Rattus rattus
Ardenna grisea,No studies found,184,Successful,3,Sand,Hawaiian Islands (Midway Atoll),Pacific Ocean - North East,United States,-177.378933|28.20777515,Rattus rattus
Zapornia palmeri,No studies found,184,Successful,1,Sand,Hawaiian Islands (Midway Atoll),Pacific Ocean - North East,United States,-177.378933|28.20777515,Rattus rattus
Calonectris leucomelas,Only predation in support,371,Successful,1,Sandy,Lacepede Islands,Indian Ocean - East,Australia,122.1695768|-16.88118556,Rattus rattus
Pterodroma hasitata,No studies found,273,Successful,1,Sandy (White),Lesser Antilles (British Virgin Islands),Caribbean,Virgin Islands British,-64.70941168|18.43614768,Rattus rattus
Calonectris leucomelas,Only predation in support,899,Successful,1,Sangalaki,Derawan Islands,Nusantarian Sea,Indonesia,118.3996879|2.085544862,Rattus rattus
Certhidea olivacea,No studies found,1255,Successful (Reinvaded),1,Seymour Norte,Galapagos Islands,Pacific Ocean - North East,Ecuador,-90.2849004|-0.395017292,Rattus rattus
Larus fuliginosus,Only predation in support,1255,Successful (Reinvaded),1,Seymour Norte,Galapagos Islands,Pacific Ocean - North East,Ecuador,-90.2849004|-0.395017292,Rattus rattus
Progne modesta,No studies found,1255,Successful (Reinvaded),1,Seymour Norte,Galapagos Islands,Pacific Ocean - North East,Ecuador,-90.2849004|-0.395017292,Rattus rattus
Certhidea olivacea,No studies found,3138,Planned,1,Seymour Norte,Galapagos Islands,Pacific Ocean - North East,Ecuador,-90.2849004|-0.395017292,Rattus rattus
Larus fuliginosus,Only predation in support,3138,Planned,1,Seymour Norte,Galapagos Islands,Pacific Ocean - North East,Ecuador,-90.2849004|-0.395017292,Rattus rattus
Progne modesta,No studies found,3138,Planned,1,Seymour Norte,Galapagos Islands,Pacific Ocean - North East,Ecuador,-90.2849004|-0.395017292,Rattus rattus
Pterodroma hasitata,No studies found,1158,Successful,1,Sim Cay,Bahamas (Turks and Caicos (Five Cays)),Caribbean,Turks and Caicos Islands,-72.26501071|21.73615793,Rattus rattus
Calonectris leucomelas,Only predation in support,1750,Successful,1,Sister,Queensland Islands,Pacific Ocean - South West,Australia,146.1611724|-17.74540556,Rattus rattus
Pterodroma hasitata,No studies found,3074,Planned,1,Smith,Lesser Antilles (Antigua and Barbuda Islands),Caribbean,Antigua and Barbuda,-61.68010666|17.04094043,Rattus rattus
Ardenna grisea,No studies found,420,Successful,1,Solomon/ Rerewhakaupoko,Stewart Islands,Pacific Ocean - South West,New Zealand,167.4355043|-47.2208811,Rattus rattus
Eudyptes pachyrhynchus,No studies found,420,Successful,3,Solomon/ Rerewhakaupoko,Stewart Islands,Pacific Ocean - South West,New Zealand,167.4355043|-47.2208811,Rattus rattus
Phoebetria palpebrata,No studies found,420,Successful,1,Solomon/ Rerewhakaupoko,Stewart Islands,Pacific Ocean - South West,New Zealand,167.4355043|-47.2208811,Rattus rattus
Sterna striata,No studies found,420,Successful,4,Solomon/ Rerewhakaupoko,Stewart Islands,Pacific Ocean - South West,New Zealand,167.4355043|-47.2208811,Rattus rattus
Certhidea olivacea,No studies found,1717,Unknown,1,Sombrero Chino,Galapagos Islands,Pacific Ocean - North East,Ecuador,-90.58331963|-0.370320789,Rattus rattus
Hydrobates leucorhous,No studies found,1717,Unknown,1,Sombrero Chino,Galapagos Islands,Pacific Ocean - North East,Ecuador,-90.58331963|-0.370320789,Rattus rattus
Pseudobulweria rostrata,No studies found,1717,Unknown,1,Sombrero Chino,Galapagos Islands,Pacific Ocean - North East,Ecuador,-90.58331963|-0.370320789,Rattus rattus
Pterodroma externa,No studies found,1717,Unknown,1,Sombrero Chino,Galapagos Islands,Pacific Ocean - North East,Ecuador,-90.58331963|-0.370320789,Rattus rattus
Pterodroma phaeopygia,Population study without data in support,1717,Unknown,1,Sombrero Chino,Galapagos Islands,Pacific Ocean - North East,Ecuador,-90.58331963|-0.370320789,Rattus rattus
Spheniscus mendiculus,No studies found,1717,Unknown,3,Sombrero Chino,Galapagos Islands,Pacific Ocean - North East,Ecuador,-90.58331963|-0.370320789,Rattus rattus
Ardenna carneipes,Population study without data in support,864,Successful,1,Somes (Matiu),Wellington Harbor,Pacific Ocean - South West,New Zealand,174.8651843|-41.25800801,Rattus rattus
Ardenna grisea,No studies found,864,Successful,2,Somes (Matiu),Wellington Harbor,Pacific Ocean - South West,New Zealand,174.8651843|-41.25800801,Rattus rattus
Chlidonias albostriatus,Only predation in support,864,Successful,4,Somes (Matiu),Wellington Harbor,Pacific Ocean - South West,New Zealand,174.8651843|-41.25800801,Rattus rattus
Eudyptes pachyrhynchus,No studies found,864,Successful,3,Somes (Matiu),Wellington Harbor,Pacific Ocean - South West,New Zealand,174.8651843|-41.25800801,Rattus rattus
Phoebetria palpebrata,No studies found,864,Successful,1,Somes (Matiu),Wellington Harbor,Pacific Ocean - South West,New Zealand,174.8651843|-41.25800801,Rattus rattus
Sterna striata,No studies found,864,Successful,4,Somes (Matiu),Wellington Harbor,Pacific Ocean - South West,New Zealand,174.8651843|-41.25800801,Rattus rattus
Ardenna carneipes,Population study without data in support,2277,Successful (Reinvaded),1,South Crater Rim,Bay of Islands (Black Rocks),Pacific Ocean - South West,New Zealand,174.1117711|-35.20532153,Rattus rattus
Ardenna grisea,No studies found,2277,Successful (Reinvaded),2,South Crater Rim,Bay of Islands (Black Rocks),Pacific Ocean - South West,New Zealand,174.1117711|-35.20532153,Rattus rattus
Eudyptes pachyrhynchus,No studies found,2277,Successful (Reinvaded),3,South Crater Rim,Bay of Islands (Black Rocks),Pacific Ocean - South West,New Zealand,174.1117711|-35.20532153,Rattus rattus
Sterna striata,No studies found,2277,Successful (Reinvaded),4,South Crater Rim,Bay of Islands (Black Rocks),Pacific Ocean - South West,New Zealand,174.1117711|-35.20532153,Rattus rattus
Ardenna carneipes,Population study without data in support,369,Successful,1,South East,Western Australia (Montebello Islands),Indian Ocean - East,Australia,115.5912296|-20.42413308,Rattus rattus
Calonectris leucomelas,Only predation in support,369,Successful,1,South East,Western Australia (Montebello Islands),Indian Ocean - East,Australia,115.5912296|-20.42413308,Rattus rattus
Ardenna carneipes,Population study without data in support,2098,Unknown pre-status,1,South East,Western Australia (Montebello Islands),Indian Ocean - East,Australia,115.5912296|-20.42413308,Rattus rattus
Calonectris leucomelas,Only predation in support,2098,Unknown pre-status,1,South East,Western Australia (Montebello Islands),Indian Ocean - East,Australia,115.5912296|-20.42413308,Rattus rattus
Calonectris leucomelas,Only predation in support,1711,Successful,1,Stephens,Queensland Islands,Pacific Ocean - South West,Australia,146.1600742|-17.73806421,Rattus rattus
Pterodroma hasitata,No studies found,2170,Successful,1,Stevens Cay,Lesser Antilles (US Virgin Islands),Caribbean,Virgin Islands U.S.,-64.80732836|18.33021888,Rattus rattus
Ardenna carneipes,Population study without data in support,2279,Successful (Reinvaded),1,Stuck Anchor Rock,Bay of Islands (Black Rocks),Pacific Ocean - South West,New Zealand,174.1122491|-35.21017846,Rattus rattus
Ardenna grisea,No studies found,2279,Successful (Reinvaded),2,Stuck Anchor Rock,Bay of Islands (Black Rocks),Pacific Ocean - South West,New Zealand,174.1122491|-35.21017846,Rattus rattus
Eudyptes pachyrhynchus,No studies found,2279,Successful (Reinvaded),3,Stuck Anchor Rock,Bay of Islands (Black Rocks),Pacific Ocean - South West,New Zealand,174.1122491|-35.21017846,Rattus rattus
Procellaria aequinoctialis,All studies are not in support,2279,Successful (Reinvaded),1,Stuck Anchor Rock,Bay of Islands (Black Rocks),Pacific Ocean - South West,New Zealand,174.1122491|-35.21017846,Rattus rattus
Procellaria cinerea,All studies are not in support,2279,Successful (Reinvaded),1,Stuck Anchor Rock,Bay of Islands (Black Rocks),Pacific Ocean - South West,New Zealand,174.1122491|-35.21017846,Rattus rattus
Procellaria parkinsoni,No studies found,2279,Successful (Reinvaded),1,Stuck Anchor Rock,Bay of Islands (Black Rocks),Pacific Ocean - South West,New Zealand,174.1122491|-35.21017846,Rattus rattus
Procellaria westlandica,No studies found,2279,Successful (Reinvaded),1,Stuck Anchor Rock,Bay of Islands (Black Rocks),Pacific Ocean - South West,New Zealand,174.1122491|-35.21017846,Rattus rattus
Pterodroma cookii,No studies found,2279,Successful (Reinvaded),1,Stuck Anchor Rock,Bay of Islands (Black Rocks),Pacific Ocean - South West,New Zealand,174.1122491|-35.21017846,Rattus rattus
Pterodroma inexpectata,No studies found,2279,Successful (Reinvaded),1,Stuck Anchor Rock,Bay of Islands (Black Rocks),Pacific Ocean - South West,New Zealand,174.1122491|-35.21017846,Rattus rattus
Pterodroma leucoptera,No studies found,2279,Successful (Reinvaded),1,Stuck Anchor Rock,Bay of Islands (Black Rocks),Pacific Ocean - South West,New Zealand,174.1122491|-35.21017846,Rattus rattus
Sterna striata,No studies found,2279,Successful (Reinvaded),4,Stuck Anchor Rock,Bay of Islands (Black Rocks),Pacific Ocean - South West,New Zealand,174.1122491|-35.21017846,Rattus rattus
Ardenna carneipes,Population study without data in support,305,Successful,1,Surprise,New Caledonia Islands,Pacific Ocean - South West,New Caledonia,163.0863698|-18.4813456,Rattus rattus
Ardenna grisea,No studies found,305,Successful,3,Surprise,New Caledonia Islands,Pacific Ocean - South West,New Caledonia,163.0863698|-18.4813456,Rattus rattus
Calonectris leucomelas,Only predation in support,305,Successful,1,Surprise,New Caledonia Islands,Pacific Ocean - South West,New Caledonia,163.0863698|-18.4813456,Rattus rattus
Pseudobulweria rostrata,No studies found,305,Successful,1,Surprise,New Caledonia Islands,Pacific Ocean - South West,New Caledonia,163.0863698|-18.4813456,Rattus rattus
Pterodroma brevipes,All studies are not in support,305,Successful,1,Surprise,New Caledonia Islands,Pacific Ocean - South West,New Caledonia,163.0863698|-18.4813456,Rattus rattus
Ardenna carneipes,Population study without data in support,1766,Successful,1,Table,New Caledonia Islands,Pacific Ocean - South West,New Caledonia,164.1847381|-20.55786934,Rattus rattus
Ardenna grisea,No studies found,1766,Successful,3,Table,New Caledonia Islands,Pacific Ocean - South West,New Caledonia,164.1847381|-20.55786934,Rattus rattus
Calonectris leucomelas,Only predation in support,1766,Successful,1,Table,New Caledonia Islands,Pacific Ocean - South West,New Caledonia,164.1847381|-20.55786934,Rattus rattus
Nesofregetta fuliginosa,No studies found,1766,Successful,1,Table,New Caledonia Islands,Pacific Ocean - South West,New Caledonia,164.1847381|-20.55786934,Rattus rattus
Pseudobulweria rostrata,No studies found,1766,Successful,1,Table,New Caledonia Islands,Pacific Ocean - South West,New Caledonia,164.1847381|-20.55786934,Rattus rattus
Pterodroma brevipes,All studies are not in support,1766,Successful,1,Table,New Caledonia Islands,Pacific Ocean - South West,New Caledonia,164.1847381|-20.55786934,Rattus rattus
Larus audouinii,All studies are not in support,3200,Planned,2,Tagomago,Balearic Islands (Ibiza Group),Mediterranean,Spain,1.64393908|39.03650039,Rattus rattus
Puffinus mauretanicus,All studies are not in support,3200,Planned,1,Tagomago,Balearic Islands (Ibiza Group),Mediterranean,Spain,1.64393908|39.03650039,Rattus rattus
Ardenna carneipes,Population study without data in support,2863,Successful,1,Tatsumi-jima,Ogasawara Islands (Chichijima Group),Pacific Ocean - North West,Japan,142.2402234|27.04646821,Rattus rattus
Ardenna grisea,No studies found,2863,Successful,3,Tatsumi-jima,Ogasawara Islands (Chichijima Group),Pacific Ocean - North West,Japan,142.2402234|27.04646821,Rattus rattus
Calonectris leucomelas,Only predation in support,2863,Successful,1,Tatsumi-jima,Ogasawara Islands (Chichijima Group),Pacific Ocean - North West,Japan,142.2402234|27.04646821,Rattus rattus
Hydrobates matsudairae,No studies found,2863,Successful,3,Tatsumi-jima,Ogasawara Islands (Chichijima Group),Pacific Ocean - North West,Japan,142.2402234|27.04646821,Rattus rattus
Puffinus bannermani,No studies found,2863,Successful,1,Tatsumi-jima,Ogasawara Islands (Chichijima Group),Pacific Ocean - North West,Japan,142.2402234|27.04646821,Rattus rattus
Puffinus bryani,Only predation in support,2863,Successful,1,Tatsumi-jima,Ogasawara Islands (Chichijima Group),Pacific Ocean - North West,Japan,142.2402234|27.04646821,Rattus rattus
Ardenna grisea,No studies found,418,Successful,1,Taukihepa/Big South Cape,Stewart Islands,Pacific Ocean - South West,New Zealand,167.4079514|-47.24063574,Rattus rattus
Coenocorypha iredalei,Population study without data in support,418,Successful,1,Taukihepa/Big South Cape,Stewart Islands,Pacific Ocean - South West,New Zealand,167.4079514|-47.24063574,Rattus rattus
Eudyptes pachyrhynchus,No studies found,418,Successful,2,Taukihepa/Big South Cape,Stewart Islands,Pacific Ocean - South West,New Zealand,167.4079514|-47.24063574,Rattus rattus
Mergus australis,No studies found,418,Successful,1,Taukihepa/Big South Cape,Stewart Islands,Pacific Ocean - South West,New Zealand,167.4079514|-47.24063574,Rattus rattus
Pterodroma inexpectata,No studies found,418,Successful,2,Taukihepa/Big South Cape,Stewart Islands,Pacific Ocean - South West,New Zealand,167.4079514|-47.24063574,Rattus rattus
Sterna striata,No studies found,418,Successful,4,Taukihepa/Big South Cape,Stewart Islands,Pacific Ocean - South West,New Zealand,167.4079514|-47.24063574,Rattus rattus
Puffinus yelkouan,Population study with data in support,2871,Successful,2,Tavolara,Sardinian Islands,Mediterranean,Italy,9.7125437|40.90549087,Rattus rattus
Ardenna carneipes,Population study without data in support,896,Successful (Reinvaded),1,Tawhitinui (Oaie),Marlborough Sound,Pacific Ocean - South West,New Zealand,173.8005739|-41.04945957,Rattus rattus
Ardenna grisea,No studies found,896,Successful (Reinvaded),2,Tawhitinui (Oaie),Marlborough Sound,Pacific Ocean - South West,New Zealand,173.8005739|-41.04945957,Rattus rattus
Callaeas cinereus,Population study with all qualities in support,896,Successful (Reinvaded),1,Tawhitinui (Oaie),Marlborough Sound,Pacific Ocean - South West,New Zealand,173.8005739|-41.04945957,Rattus rattus
Chlidonias albostriatus,Only predation in support,896,Successful (Reinvaded),4,Tawhitinui (Oaie),Marlborough Sound,Pacific Ocean - South West,New Zealand,173.8005739|-41.04945957,Rattus rattus
Eudyptes pachyrhynchus,No studies found,896,Successful (Reinvaded),3,Tawhitinui (Oaie),Marlborough Sound,Pacific Ocean - South West,New Zealand,173.8005739|-41.04945957,Rattus rattus
Phoebetria palpebrata,No studies found,896,Successful (Reinvaded),1,Tawhitinui (Oaie),Marlborough Sound,Pacific Ocean - South West,New Zealand,173.8005739|-41.04945957,Rattus rattus
Sterna striata,No studies found,896,Successful (Reinvaded),4,Tawhitinui (Oaie),Marlborough Sound,Pacific Ocean - South West,New Zealand,173.8005739|-41.04945957,Rattus rattus
Ardenna carneipes,Population study without data in support,1740,Successful,1,Te Ao,Bay of Islands (Urupukapuka),Pacific Ocean - South West,New Zealand,174.2414585|-35.22760283,Rattus rattus
Ardenna grisea,No studies found,1740,Successful,2,Te Ao,Bay of Islands (Urupukapuka),Pacific Ocean - South West,New Zealand,174.2414585|-35.22760283,Rattus rattus
Eudyptes pachyrhynchus,No studies found,1740,Successful,3,Te Ao,Bay of Islands (Urupukapuka),Pacific Ocean - South West,New Zealand,174.2414585|-35.22760283,Rattus rattus
Procellaria aequinoctialis,All studies are not in support,1740,Successful,1,Te Ao,Bay of Islands (Urupukapuka),Pacific Ocean - South West,New Zealand,174.2414585|-35.22760283,Rattus rattus
Procellaria cinerea,All studies are not in support,1740,Successful,1,Te Ao,Bay of Islands (Urupukapuka),Pacific Ocean - South West,New Zealand,174.2414585|-35.22760283,Rattus rattus
Procellaria parkinsoni,No studies found,1740,Successful,1,Te Ao,Bay of Islands (Urupukapuka),Pacific Ocean - South West,New Zealand,174.2414585|-35.22760283,Rattus rattus
Procellaria westlandica,No studies found,1740,Successful,1,Te Ao,Bay of Islands (Urupukapuka),Pacific Ocean - South West,New Zealand,174.2414585|-35.22760283,Rattus rattus
Pterodroma cookii,No studies found,1740,Successful,1,Te Ao,Bay of Islands (Urupukapuka),Pacific Ocean - South West,New Zealand,174.2414585|-35.22760283,Rattus rattus
Pterodroma inexpectata,No studies found,1740,Successful,1,Te Ao,Bay of Islands (Urupukapuka),Pacific Ocean - South West,New Zealand,174.2414585|-35.22760283,Rattus rattus
Pterodroma leucoptera,No studies found,1740,Successful,1,Te Ao,Bay of Islands (Urupukapuka),Pacific Ocean - South West,New Zealand,174.2414585|-35.22760283,Rattus rattus
Sterna striata,No studies found,1740,Successful,4,Te Ao,Bay of Islands (Urupukapuka),Pacific Ocean - South West,New Zealand,174.2414585|-35.22760283,Rattus rattus
Nesofregetta fuliginosa,No studies found,2796,Successful,1,Tenarunga (Tenania),Tuamotu Archipelago,Pacific Ocean - South East,French Polynesia,-136.5416276|-21.34388419,Rattus rattus
Pseudobulweria rostrata,No studies found,2796,Successful,1,Tenarunga (Tenania),Tuamotu Archipelago,Pacific Ocean - South East,French Polynesia,-136.5416276|-21.34388419,Rattus rattus
Pterodroma brevipes,All studies are not in support,2796,Successful,1,Tenarunga (Tenania),Tuamotu Archipelago,Pacific Ocean - South East,French Polynesia,-136.5416276|-21.34388419,Rattus rattus
Pterodroma cookii,No studies found,2796,Successful,1,Tenarunga (Tenania),Tuamotu Archipelago,Pacific Ocean - South East,French Polynesia,-136.5416276|-21.34388419,Rattus rattus
Pterodroma inexpectata,No studies found,2796,Successful,1,Tenarunga (Tenania),Tuamotu Archipelago,Pacific Ocean - South East,French Polynesia,-136.5416276|-21.34388419,Rattus rattus
Pterodroma leucoptera,No studies found,2796,Successful,1,Tenarunga (Tenania),Tuamotu Archipelago,Pacific Ocean - South East,French Polynesia,-136.5416276|-21.34388419,Rattus rattus
Ardenna carneipes,Population study without data in support,2269,Successful (Reinvaded),1,Tern Rock,Bay of Islands (Black Rocks),Pacific Ocean - South West,New Zealand,174.1091402|-35.19912512,Rattus rattus
Ardenna grisea,No studies found,2269,Successful (Reinvaded),2,Tern Rock,Bay of Islands (Black Rocks),Pacific Ocean - South West,New Zealand,174.1091402|-35.19912512,Rattus rattus
Eudyptes pachyrhynchus,No studies found,2269,Successful (Reinvaded),3,Tern Rock,Bay of Islands (Black Rocks),Pacific Ocean - South West,New Zealand,174.1091402|-35.19912512,Rattus rattus
Sterna striata,No studies found,2269,Successful (Reinvaded),4,Tern Rock,Bay of Islands (Black Rocks),Pacific Ocean - South West,New Zealand,174.1091402|-35.19912512,Rattus rattus
Nesofregetta fuliginosa,No studies found,1692,Trial or Research only,1,Tetiaroa Atoll (Honuea),Society Islands,Pacific Ocean - South East,French Polynesia,-149.5849878|-17.00926361,Rattus rattus
Pseudobulweria rostrata,No studies found,1692,Trial or Research only,1,Tetiaroa Atoll (Honuea),Society Islands,Pacific Ocean - South East,French Polynesia,-149.5849878|-17.00926361,Rattus rattus
Pterodroma brevipes,All studies are not in support,1692,Trial or Research only,1,Tetiaroa Atoll (Honuea),Society Islands,Pacific Ocean - South East,French Polynesia,-149.5849878|-17.00926361,Rattus rattus
Ducula galeata,All studies are not in support,22,Failed,1,Teuaua (Ua-Uka),Marquesas,Pacific Ocean - South East,French Polynesia,-139.5931222|-8.954210196,Rattus rattus
Nesofregetta fuliginosa,No studies found,22,Failed,1,Teuaua (Ua-Uka),Marquesas,Pacific Ocean - South East,French Polynesia,-139.5931222|-8.954210196,Rattus rattus
Pseudobulweria rostrata,No studies found,22,Failed,1,Teuaua (Ua-Uka),Marquesas,Pacific Ocean - South East,French Polynesia,-139.5931222|-8.954210196,Rattus rattus
Pterodroma brevipes,All studies are not in support,22,Failed,1,Teuaua (Ua-Uka),Marquesas,Pacific Ocean - South East,French Polynesia,-139.5931222|-8.954210196,Rattus rattus
Pterodroma externa,No studies found,22,Failed,1,Teuaua (Ua-Uka),Marquesas,Pacific Ocean - South East,French Polynesia,-139.5931222|-8.954210196,Rattus rattus
Ardenna grisea,No studies found,2990,To Be Confirmed,3,Thistle,Spencer Gulf,Indian Ocean - East,Australia,136.1463699|-34.99873363,Rattus rattus
Nesofregetta fuliginosa,No studies found,1981,Successful (Reinvaded),1,Tiarao,Tuamotu Archipelago (Rangiroa),Pacific Ocean - South East,French Polynesia,-147.8002877|-15.20575533,Rattus rattus
Nesofregetta fuliginosa,No studies found,2361,Successful (Reinvaded),1,Tiarao,Tuamotu Archipelago (Rangiroa),Pacific Ocean - South East,French Polynesia,-147.8002877|-15.20575533,Rattus rattus
Pampusana erythroptera,No studies found,1981,Successful (Reinvaded),1,Tiarao,Tuamotu Archipelago (Rangiroa),Pacific Ocean - South East,French Polynesia,-147.8002877|-15.20575533,Rattus rattus
Pampusana erythroptera,No studies found,2361,Successful (Reinvaded),1,Tiarao,Tuamotu Archipelago (Rangiroa),Pacific Ocean - South East,French Polynesia,-147.8002877|-15.20575533,Rattus rattus
Pseudobulweria rostrata,No studies found,1981,Successful (Reinvaded),1,Tiarao,Tuamotu Archipelago (Rangiroa),Pacific Ocean - South East,French Polynesia,-147.8002877|-15.20575533,Rattus rattus
Pseudobulweria rostrata,No studies found,2361,Successful (Reinvaded),1,Tiarao,Tuamotu Archipelago (Rangiroa),Pacific Ocean - South East,French Polynesia,-147.8002877|-15.20575533,Rattus rattus
Pterodroma brevipes,All studies are not in support,1981,Successful (Reinvaded),1,Tiarao,Tuamotu Archipelago (Rangiroa),Pacific Ocean - South East,French Polynesia,-147.8002877|-15.20575533,Rattus rattus
Pterodroma brevipes,All studies are not in support,2361,Successful (Reinvaded),1,Tiarao,Tuamotu Archipelago (Rangiroa),Pacific Ocean - South East,French Polynesia,-147.8002877|-15.20575533,Rattus rattus
Ptilinopus coralensis,No studies found,1981,Successful (Reinvaded),1,Tiarao,Tuamotu Archipelago (Rangiroa),Pacific Ocean - South East,French Polynesia,-147.8002877|-15.20575533,Rattus rattus
Ptilinopus coralensis,No studies found,2361,Successful (Reinvaded),1,Tiarao,Tuamotu Archipelago (Rangiroa),Pacific Ocean - South East,French Polynesia,-147.8002877|-15.20575533,Rattus rattus
Larus audouinii,All studies are not in support,2191,Successful,4,Tiboulen de Maire,Marseille Islands (Riou Archipelago),Mediterranean,France,5.32678818|43.21405977,Rattus rattus
Puffinus mauretanicus,All studies are not in support,2191,Successful,1,Tiboulen de Maire,Marseille Islands (Riou Archipelago),Mediterranean,France,5.32678818|43.21405977,Rattus rattus
Puffinus yelkouan,Population study with data in support,2191,Successful,1,Tiboulen de Maire,Marseille Islands (Riou Archipelago),Mediterranean,France,5.32678818|43.21405977,Rattus rattus
Pterodroma hasitata,No studies found,2388,Successful,1,Tijeretas I,Greater Antilles (Puerto Rican Islands; Parguera Islands),Caribbean,Puerto Rico,-67.07104446|17.96433357,Rattus rattus
Pterodroma hasitata,No studies found,3159,Successful,1,Tijeretas II,Greater Antilles (Puerto Rican Islands; Parguera Islands),Caribbean,Puerto Rico,-67.0705494|17.96243737,Rattus rattus
Ardenna carneipes,Population study without data in support,465,Successful,1,Titi,Marlborough Sound,Pacific Ocean - South West,New Zealand,174.1392583|-40.9511942,Rattus rattus
Ardenna grisea,No studies found,465,Successful,1,Titi,Marlborough Sound,Pacific Ocean - South West,New Zealand,174.1392583|-40.9511942,Rattus rattus
Callaeas cinereus,Population study with all qualities in support,465,Successful,1,Titi,Marlborough Sound,Pacific Ocean - South West,New Zealand,174.1392583|-40.9511942,Rattus rattus
Chlidonias albostriatus,Only predation in support,465,Successful,4,Titi,Marlborough Sound,Pacific Ocean - South West,New Zealand,174.1392583|-40.9511942,Rattus rattus
Cyanoramphus auriceps,All studies are not in support,465,Successful,1,Titi,Marlborough Sound,Pacific Ocean - South West,New Zealand,174.1392583|-40.9511942,Rattus rattus
Eudyptes pachyrhynchus,No studies found,465,Successful,3,Titi,Marlborough Sound,Pacific Ocean - South West,New Zealand,174.1392583|-40.9511942,Rattus rattus
Phoebetria palpebrata,No studies found,465,Successful,1,Titi,Marlborough Sound,Pacific Ocean - South West,New Zealand,174.1392583|-40.9511942,Rattus rattus
Sterna striata,No studies found,465,Successful,4,Titi,Marlborough Sound,Pacific Ocean - South West,New Zealand,174.1392583|-40.9511942,Rattus rattus
Nesofregetta fuliginosa,No studies found,2187,Successful,1,Toreauta (Tahanea Atoll),Tuamotu Archipelago,Pacific Ocean - South East,French Polynesia,-144.7017545|-16.97742876,Rattus rattus
Pampusana erythroptera,No studies found,2187,Successful,1,Toreauta (Tahanea Atoll),Tuamotu Archipelago,Pacific Ocean - South East,French Polynesia,-144.7017545|-16.97742876,Rattus rattus
Prosobonia parvirostris,Population study without data in support,2187,Successful,1,Toreauta (Tahanea Atoll),Tuamotu Archipelago,Pacific Ocean - South East,French Polynesia,-144.7017545|-16.97742876,Rattus rattus
Pseudobulweria rostrata,No studies found,2187,Successful,1,Toreauta (Tahanea Atoll),Tuamotu Archipelago,Pacific Ocean - South East,French Polynesia,-144.7017545|-16.97742876,Rattus rattus
Pterodroma brevipes,All studies are not in support,2187,Successful,1,Toreauta (Tahanea Atoll),Tuamotu Archipelago,Pacific Ocean - South East,French Polynesia,-144.7017545|-16.97742876,Rattus rattus
Ptilinopus coralensis,No studies found,2187,Successful,1,Toreauta (Tahanea Atoll),Tuamotu Archipelago,Pacific Ocean - South East,French Polynesia,-144.7017545|-16.97742876,Rattus rattus
Ardenna grisea,No studies found,2862,Successful,3,Torishima,Ogasawara Islands (Mukojima Group),Pacific Ocean - North West,Japan,142.1715733|27.62451662,Rattus rattus
Columba versicolor,No studies found,2862,Successful,1,Torishima,Ogasawara Islands (Mukojima Group),Pacific Ocean - North West,Japan,142.1715733|27.62451662,Rattus rattus
Hydrobates matsudairae,No studies found,2862,Successful,3,Torishima,Ogasawara Islands (Mukojima Group),Pacific Ocean - North West,Japan,142.1715733|27.62451662,Rattus rattus
Puffinus bannermani,No studies found,2862,Successful,2,Torishima,Ogasawara Islands (Mukojima Group),Pacific Ocean - North West,Japan,142.1715733|27.62451662,Rattus rattus
Puffinus bryani,Only predation in support,2862,Successful,2,Torishima,Ogasawara Islands (Mukojima Group),Pacific Ocean - North West,Japan,142.1715733|27.62451662,Rattus rattus
Ardenna grisea,No studies found,1756,Failed,3,Torishima,Ogasawara Islands (Mukojima Group),Pacific Ocean - North West,Japan,142.1715733|27.62451662,Rattus rattus
Columba versicolor,No studies found,1756,Failed,1,Torishima,Ogasawara Islands (Mukojima Group),Pacific Ocean - North West,Japan,142.1715733|27.62451662,Rattus rattus
Hydrobates matsudairae,No studies found,1756,Failed,3,Torishima,Ogasawara Islands (Mukojima Group),Pacific Ocean - North West,Japan,142.1715733|27.62451662,Rattus rattus
Puffinus bannermani,No studies found,1756,Failed,2,Torishima,Ogasawara Islands (Mukojima Group),Pacific Ocean - North West,Japan,142.1715733|27.62451662,Rattus rattus
Puffinus bryani,Only predation in support,1756,Failed,2,Torishima,Ogasawara Islands (Mukojima Group),Pacific Ocean - North West,Japan,142.1715733|27.62451662,Rattus rattus
Larus audouinii,All studies are not in support,261,Successful,3,Toro,Corsican Islands (Cerbicale Islands),Mediterranean,France,9.37998942|41.50799769,Rattus rattus
Puffinus mauretanicus,All studies are not in support,261,Successful,1,Toro,Corsican Islands (Cerbicale Islands),Mediterranean,France,9.37998942|41.50799769,Rattus rattus
Puffinus yelkouan,Population study with data in support,261,Successful,1,Toro,Corsican Islands (Cerbicale Islands),Mediterranean,France,9.37998942|41.50799769,Rattus rattus
Larus audouinii,All studies are not in support,1789,Successful,3,Toro Piccolo,Corsican Islands (Cerbicale Islands),Mediterranean,France,9.3815918|41.50918354,Rattus rattus
Puffinus mauretanicus,All studies are not in support,1789,Successful,1,Toro Piccolo,Corsican Islands (Cerbicale Islands),Mediterranean,France,9.3815918|41.50918354,Rattus rattus
Puffinus yelkouan,Population study with data in support,1789,Successful,1,Toro Piccolo,Corsican Islands (Cerbicale Islands),Mediterranean,France,9.3815918|41.50918354,Rattus rattus
Ardenna carneipes,Population study without data in support,1792,Successful (Reinvaded),1,Unnamed Cape Wiwiki A (Snail Rock),Bay of Islands (Cape Wiwiki),Pacific Ocean - South West,New Zealand,174.1222147|-35.15366114,Rattus rattus
Ardenna grisea,No studies found,1792,Successful (Reinvaded),2,Unnamed Cape Wiwiki A (Snail Rock),Bay of Islands (Cape Wiwiki),Pacific Ocean - South West,New Zealand,174.1222147|-35.15366114,Rattus rattus
Eudyptes pachyrhynchus,No studies found,1792,Successful (Reinvaded),3,Unnamed Cape Wiwiki A (Snail Rock),Bay of Islands (Cape Wiwiki),Pacific Ocean - South West,New Zealand,174.1222147|-35.15366114,Rattus rattus
Procellaria aequinoctialis,All studies are not in support,1792,Successful (Reinvaded),1,Unnamed Cape Wiwiki A (Snail Rock),Bay of Islands (Cape Wiwiki),Pacific Ocean - South West,New Zealand,174.1222147|-35.15366114,Rattus rattus
Procellaria cinerea,All studies are not in support,1792,Successful (Reinvaded),1,Unnamed Cape Wiwiki A (Snail Rock),Bay of Islands (Cape Wiwiki),Pacific Ocean - South West,New Zealand,174.1222147|-35.15366114,Rattus rattus
Procellaria parkinsoni,No studies found,1792,Successful (Reinvaded),1,Unnamed Cape Wiwiki A (Snail Rock),Bay of Islands (Cape Wiwiki),Pacific Ocean - South West,New Zealand,174.1222147|-35.15366114,Rattus rattus
Procellaria westlandica,No studies found,1792,Successful (Reinvaded),1,Unnamed Cape Wiwiki A (Snail Rock),Bay of Islands (Cape Wiwiki),Pacific Ocean - South West,New Zealand,174.1222147|-35.15366114,Rattus rattus
Pterodroma cookii,No studies found,1792,Successful (Reinvaded),1,Unnamed Cape Wiwiki A (Snail Rock),Bay of Islands (Cape Wiwiki),Pacific Ocean - South West,New Zealand,174.1222147|-35.15366114,Rattus rattus
Pterodroma inexpectata,No studies found,1792,Successful (Reinvaded),1,Unnamed Cape Wiwiki A (Snail Rock),Bay of Islands (Cape Wiwiki),Pacific Ocean - South West,New Zealand,174.1222147|-35.15366114,Rattus rattus
Pterodroma leucoptera,No studies found,1792,Successful (Reinvaded),1,Unnamed Cape Wiwiki A (Snail Rock),Bay of Islands (Cape Wiwiki),Pacific Ocean - South West,New Zealand,174.1222147|-35.15366114,Rattus rattus
Sterna striata,No studies found,1792,Successful (Reinvaded),4,Unnamed Cape Wiwiki A (Snail Rock),Bay of Islands (Cape Wiwiki),Pacific Ocean - South West,New Zealand,174.1222147|-35.15366114,Rattus rattus
Ardenna carneipes,Population study without data in support,1221,Successful (Reinvaded),1,Unnamed Cape Wiwiki B (Gorse Island),Bay of Islands (Cape Wiwiki),Pacific Ocean - South West,New Zealand,174.1215032|-35.15274242,Rattus rattus
Ardenna grisea,No studies found,1221,Successful (Reinvaded),2,Unnamed Cape Wiwiki B (Gorse Island),Bay of Islands (Cape Wiwiki),Pacific Ocean - South West,New Zealand,174.1215032|-35.15274242,Rattus rattus
Eudyptes pachyrhynchus,No studies found,1221,Successful (Reinvaded),3,Unnamed Cape Wiwiki B (Gorse Island),Bay of Islands (Cape Wiwiki),Pacific Ocean - South West,New Zealand,174.1215032|-35.15274242,Rattus rattus
Procellaria aequinoctialis,All studies are not in support,1221,Successful (Reinvaded),1,Unnamed Cape Wiwiki B (Gorse Island),Bay of Islands (Cape Wiwiki),Pacific Ocean - South West,New Zealand,174.1215032|-35.15274242,Rattus rattus
Procellaria cinerea,All studies are not in support,1221,Successful (Reinvaded),1,Unnamed Cape Wiwiki B (Gorse Island),Bay of Islands (Cape Wiwiki),Pacific Ocean - South West,New Zealand,174.1215032|-35.15274242,Rattus rattus
Procellaria parkinsoni,No studies found,1221,Successful (Reinvaded),1,Unnamed Cape Wiwiki B (Gorse Island),Bay of Islands (Cape Wiwiki),Pacific Ocean - South West,New Zealand,174.1215032|-35.15274242,Rattus rattus
Procellaria westlandica,No studies found,1221,Successful (Reinvaded),1,Unnamed Cape Wiwiki B (Gorse Island),Bay of Islands (Cape Wiwiki),Pacific Ocean - South West,New Zealand,174.1215032|-35.15274242,Rattus rattus
Pterodroma cookii,No studies found,1221,Successful (Reinvaded),1,Unnamed Cape Wiwiki B (Gorse Island),Bay of Islands (Cape Wiwiki),Pacific Ocean - South West,New Zealand,174.1215032|-35.15274242,Rattus rattus
Pterodroma inexpectata,No studies found,1221,Successful (Reinvaded),1,Unnamed Cape Wiwiki B (Gorse Island),Bay of Islands (Cape Wiwiki),Pacific Ocean - South West,New Zealand,174.1215032|-35.15274242,Rattus rattus
Pterodroma leucoptera,No studies found,1221,Successful (Reinvaded),1,Unnamed Cape Wiwiki B (Gorse Island),Bay of Islands (Cape Wiwiki),Pacific Ocean - South West,New Zealand,174.1215032|-35.15274242,Rattus rattus
Sterna striata,No studies found,1221,Successful (Reinvaded),4,Unnamed Cape Wiwiki B (Gorse Island),Bay of Islands (Cape Wiwiki),Pacific Ocean - South West,New Zealand,174.1215032|-35.15274242,Rattus rattus
Ardenna grisea,No studies found,1684,Successful,2,Urupukapuka,Bay of Islands,Pacific Ocean - South West,New Zealand,174.2318392|-35.21482764,Rattus rattus
Coturnix novaezelandiae,No studies found,1684,Successful,1,Urupukapuka,Bay of Islands,Pacific Ocean - South West,New Zealand,174.2318392|-35.21482764,Rattus rattus
Mergus australis,No studies found,1684,Successful,1,Urupukapuka,Bay of Islands,Pacific Ocean - South West,New Zealand,174.2318392|-35.21482764,Rattus rattus
Sterna striata,No studies found,1684,Successful,1,Urupukapuka,Bay of Islands,Pacific Ocean - South West,New Zealand,174.2318392|-35.21482764,Rattus rattus
Turnagra tanagra,No studies found,1684,Successful,1,Urupukapuka,Bay of Islands,Pacific Ocean - South West,New Zealand,174.2318392|-35.21482764,Rattus rattus
Ardenna carneipes,Population study without data in support,2900,Successful,1,Vache Marine,Chagos Archipelago,Indian Ocean - West,British Indian Ocean Territory,71.29491808|-6.234797712,Rattus rattus
Bulweria fallax,All studies are not in support,2900,Successful,1,Vache Marine,Chagos Archipelago,Indian Ocean - West,British Indian Ocean Territory,71.29491808|-6.234797712,Rattus rattus
Hydrobates matsudairae,No studies found,2900,Successful,3,Vache Marine,Chagos Archipelago,Indian Ocean - West,British Indian Ocean Territory,71.29491808|-6.234797712,Rattus rattus
Fratercula arctica,Population study without data in support,2743,Trial or Research only,3,Vedranell,Balearic Islands (Ibiza Group),Mediterranean,Spain,1.21166264|38.86832562,Rattus rattus
Larus audouinii,All studies are not in support,2743,Trial or Research only,3,Vedranell,Balearic Islands (Ibiza Group),Mediterranean,Spain,1.21166264|38.86832562,Rattus rattus
Puffinus mauretanicus,All studies are not in support,2743,Trial or Research only,2,Vedranell,Balearic Islands (Ibiza Group),Mediterranean,Spain,1.21166264|38.86832562,Rattus rattus
Puffinus mauretanicus,All studies are not in support,2743,Trial or Research only,1,Vedranell,Balearic Islands (Ibiza Group),Mediterranean,Spain,1.21166264|38.86832562,Rattus rattus
Puffinus yelkouan,Population study with data in support,2743,Trial or Research only,1,Vedranell,Balearic Islands (Ibiza Group),Mediterranean,Spain,1.21166264|38.86832562,Rattus rattus
Larus audouinii,All studies are not in support,2742,Trial or Research only,2,Vedrá,Balearic Islands (Ibiza Group),Mediterranean,Spain,1.1974562|38.86687297,Rattus rattus
Puffinus mauretanicus,All studies are not in support,2742,Trial or Research only,1,Vedrá,Balearic Islands (Ibiza Group),Mediterranean,Spain,1.1974562|38.86687297,Rattus rattus
Certhidea olivacea,No studies found,1258,Failed,1,Venecia,Galapagos Islands,Pacific Ocean - North East,Ecuador,-90.4757509|-0.518408857,Rattus rattus
Hydrobates leucorhous,No studies found,1258,Failed,1,Venecia,Galapagos Islands,Pacific Ocean - North East,Ecuador,-90.4757509|-0.518408857,Rattus rattus
Pseudobulweria rostrata,No studies found,1258,Failed,1,Venecia,Galapagos Islands,Pacific Ocean - North East,Ecuador,-90.4757509|-0.518408857,Rattus rattus
Pterodroma externa,No studies found,1258,Failed,1,Venecia,Galapagos Islands,Pacific Ocean - North East,Ecuador,-90.4757509|-0.518408857,Rattus rattus
Pterodroma phaeopygia,Population study without data in support,1258,Failed,1,Venecia,Galapagos Islands,Pacific Ocean - North East,Ecuador,-90.4757509|-0.518408857,Rattus rattus
Ardenna carneipes,Population study without data in support,2790,Successful,1,Violet,Western Australia (Montebello Islands),Indian Ocean - East,Australia,115.5789179|-20.3895794,Rattus rattus
Calonectris leucomelas,Only predation in support,2790,Successful,1,Violet,Western Australia (Montebello Islands),Indian Ocean - East,Australia,115.5789179|-20.3895794,Rattus rattus
Ardenna carneipes,Population study without data in support,1794,Successful (Reinvaded),1,West Atoll,Bay of Islands (Black Rocks),Pacific Ocean - South West,New Zealand,174.0789085|-35.20218735,Rattus rattus
Ardenna grisea,No studies found,1794,Successful (Reinvaded),2,West Atoll,Bay of Islands (Black Rocks),Pacific Ocean - South West,New Zealand,174.0789085|-35.20218735,Rattus rattus
Eudyptes pachyrhynchus,No studies found,1794,Successful (Reinvaded),3,West Atoll,Bay of Islands (Black Rocks),Pacific Ocean - South West,New Zealand,174.0789085|-35.20218735,Rattus rattus
Sterna striata,No studies found,1794,Successful (Reinvaded),4,West Atoll,Bay of Islands (Black Rocks),Pacific Ocean - South West,New Zealand,174.0789085|-35.20218735,Rattus rattus
Ardenna carneipes,Population study without data in support,2961,Successful,1,West Fairfax,Capricorn,Pacific Ocean - South West,Australia,152.3679948|-23.86026386,Rattus rattus
Calonectris leucomelas,Only predation in support,2961,Successful,1,West Fairfax,Capricorn,Pacific Ocean - South West,Australia,152.3679948|-23.86026386,Rattus rattus
Pseudobulweria rostrata,No studies found,2961,Successful,1,West Fairfax,Capricorn,Pacific Ocean - South West,Australia,152.3679948|-23.86026386,Rattus rattus
Hydrobates matsudairae,No studies found,1699,Successful,3,West Islet,Ashmore Reef,Indian Ocean - East,Australia,122.9665913|-12.24242905,Rattus rattus
Calonectris leucomelas,Only predation in support,1695,Successful,1,West Lacepede,Western Australia (Kimberly coast),Indian Ocean - East,Australia,122.110913|-16.85472573,Rattus rattus
Pterodroma hasitata,No studies found,431,Successful (Reinvaded),1,West Maiden,Lesser Antilles (Antigua and Barbuda Islands),Caribbean,Antigua and Barbuda,-61.88732187|17.09574388,Rattus rattus
Pterodroma hasitata,No studies found,3075,Planned,1,West Maiden,Lesser Antilles (Antigua and Barbuda Islands),Caribbean,Antigua and Barbuda,-61.88732187|17.09574388,Rattus rattus
Pterodroma hasitata,No studies found,2878,Planned,1,West Seal Dog,Lesser Antilles (British Virgin Islands),Caribbean,Virgin Islands British,-64.43471229|18.50703164,Rattus rattus
Ardenna carneipes,Population study without data in support,2267,Successful (Reinvaded),1,West Tern Rock,Bay of Islands (Black Rocks),Pacific Ocean - South West,New Zealand,174.1067185|-35.19931853,Rattus rattus
Ardenna grisea,No studies found,2267,Successful (Reinvaded),2,West Tern Rock,Bay of Islands (Black Rocks),Pacific Ocean - South West,New Zealand,174.1067185|-35.19931853,Rattus rattus
Eudyptes pachyrhynchus,No studies found,2267,Successful (Reinvaded),3,West Tern Rock,Bay of Islands (Black Rocks),Pacific Ocean - South West,New Zealand,174.1067185|-35.19931853,Rattus rattus
Sterna striata,No studies found,2267,Successful (Reinvaded),4,West Tern Rock,Bay of Islands (Black Rocks),Pacific Ocean - South West,New Zealand,174.1067185|-35.19931853,Rattus rattus
Ardenna grisea,No studies found,1829,Unknown,1,Wharepuaitaha,Stewart Islands,Pacific Ocean - South West,New Zealand,168.2073331|-47.11665676,Rattus rattus
Eudyptes pachyrhynchus,No studies found,1829,Unknown,3,Wharepuaitaha,Stewart Islands,Pacific Ocean - South West,New Zealand,168.2073331|-47.11665676,Rattus rattus
Phoebetria palpebrata,No studies found,1829,Unknown,1,Wharepuaitaha,Stewart Islands,Pacific Ocean - South West,New Zealand,168.2073331|-47.11665676,Rattus rattus
Sterna striata,No studies found,1829,Unknown,4,Wharepuaitaha,Stewart Islands,Pacific Ocean - South West,New Zealand,168.2073331|-47.11665676,Rattus rattus
Ardenna carneipes,Population study without data in support,2622,Successful,1,Whatupuke (Mauiroto),Hen and Chicken Islands,Pacific Ocean - South West,New Zealand,174.7540295|-35.88954011,Rattus rattus
Ardenna grisea,No studies found,2622,Successful,1,Whatupuke (Mauiroto),Hen and Chicken Islands,Pacific Ocean - South West,New Zealand,174.7540295|-35.88954011,Rattus rattus
Eudyptes pachyrhynchus,No studies found,2622,Successful,3,Whatupuke (Mauiroto),Hen and Chicken Islands,Pacific Ocean - South West,New Zealand,174.7540295|-35.88954011,Rattus rattus
Sterna striata,No studies found,2622,Successful,4,Whatupuke (Mauiroto),Hen and Chicken Islands,Pacific Ocean - South West,New Zealand,174.7540295|-35.88954011,Rattus rattus
Pterodroma hasitata,No studies found,244,Successful,1,White (Sandy) Cay,Bahamas (Exuma Islands),Caribbean,Bahamas,-75.43474395|23.40296039,Rattus rattus
Ardenna carneipes,Population study without data in support,19,Failed,1,Wood,Great Barrier Islands,Pacific Ocean - South West,New Zealand,175.3340589|-36.15228037,Rattus rattus
Ardenna grisea,No studies found,19,Failed,1,Wood,Great Barrier Islands,Pacific Ocean - South West,New Zealand,175.3340589|-36.15228037,Rattus rattus
Eudyptes pachyrhynchus,No studies found,19,Failed,3,Wood,Great Barrier Islands,Pacific Ocean - South West,New Zealand,175.3340589|-36.15228037,Rattus rattus
Procellaria aequinoctialis,All studies are not in support,19,Failed,1,Wood,Great Barrier Islands,Pacific Ocean - South West,New Zealand,175.3340589|-36.15228037,Rattus rattus
Procellaria cinerea,All studies are not in support,19,Failed,1,Wood,Great Barrier Islands,Pacific Ocean - South West,New Zealand,175.3340589|-36.15228037,Rattus rattus
Procellaria parkinsoni,No studies found,19,Failed,1,Wood,Great Barrier Islands,Pacific Ocean - South West,New Zealand,175.3340589|-36.15228037,Rattus rattus
Procellaria westlandica,No studies found,19,Failed,1,Wood,Great Barrier Islands,Pacific Ocean - South West,New Zealand,175.3340589|-36.15228037,Rattus rattus
Pterodroma cookii,No studies found,19,Failed,1,Wood,Great Barrier Islands,Pacific Ocean - South West,New Zealand,175.3340589|-36.15228037,Rattus rattus
Pterodroma inexpectata,No studies found,19,Failed,1,Wood,Great Barrier Islands,Pacific Ocean - South West,New Zealand,175.3340589|-36.15228037,Rattus rattus
Pterodroma leucoptera,No studies found,19,Failed,1,Wood,Great Barrier Islands,Pacific Ocean - South West,New Zealand,175.3340589|-36.15228037,Rattus rattus
Sterna striata,No studies found,19,Failed,4,Wood,Great Barrier Islands,Pacific Ocean - South West,New Zealand,175.3340589|-36.15228037,Rattus rattus
Ardenna carneipes,Population study without data in support,1165,Trial or Research only,1,Wood Stack A,Great Barrier Islands,Pacific Ocean - South West,New Zealand,175.3367883|-36.15196372,Rattus rattus
Ardenna grisea,No studies found,1165,Trial or Research only,1,Wood Stack A,Great Barrier Islands,Pacific Ocean - South West,New Zealand,175.3367883|-36.15196372,Rattus rattus
Eudyptes pachyrhynchus,No studies found,1165,Trial or Research only,3,Wood Stack A,Great Barrier Islands,Pacific Ocean - South West,New Zealand,175.3367883|-36.15196372,Rattus rattus
Procellaria aequinoctialis,All studies are not in support,1165,Trial or Research only,1,Wood Stack A,Great Barrier Islands,Pacific Ocean - South West,New Zealand,175.3367883|-36.15196372,Rattus rattus
Procellaria cinerea,All studies are not in support,1165,Trial or Research only,1,Wood Stack A,Great Barrier Islands,Pacific Ocean - South West,New Zealand,175.3367883|-36.15196372,Rattus rattus
Procellaria parkinsoni,No studies found,1165,Trial or Research only,1,Wood Stack A,Great Barrier Islands,Pacific Ocean - South West,New Zealand,175.3367883|-36.15196372,Rattus rattus
Procellaria westlandica,No studies found,1165,Trial or Research only,1,Wood Stack A,Great Barrier Islands,Pacific Ocean - South West,New Zealand,175.3367883|-36.15196372,Rattus rattus
Pterodroma cookii,No studies found,1165,Trial or Research only,1,Wood Stack A,Great Barrier Islands,Pacific Ocean - South West,New Zealand,175.3367883|-36.15196372,Rattus rattus
Pterodroma inexpectata,No studies found,1165,Trial or Research only,1,Wood Stack A,Great Barrier Islands,Pacific Ocean - South West,New Zealand,175.3367883|-36.15196372,Rattus rattus
Pterodroma leucoptera,No studies found,1165,Trial or Research only,1,Wood Stack A,Great Barrier Islands,Pacific Ocean - South West,New Zealand,175.3367883|-36.15196372,Rattus rattus
Sterna striata,No studies found,1165,Trial or Research only,4,Wood Stack A,Great Barrier Islands,Pacific Ocean - South West,New Zealand,175.3367883|-36.15196372,Rattus rattus
Ardenna carneipes,Population study without data in support,2966,Successful,1,Wreck,Capricorn,Pacific Ocean - South West,Australia,151.9578436|-23.33283906,Rattus rattus
Calonectris leucomelas,Only predation in support,2966,Successful,1,Wreck,Capricorn,Pacific Ocean - South West,Australia,151.9578436|-23.33283906,Rattus rattus
Pseudobulweria rostrata,No studies found,2966,Successful,1,Wreck,Capricorn,Pacific Ocean - South West,Australia,151.9578436|-23.33283906,Rattus rattus
Pterodroma hasitata,No studies found,430,Successful,1,York,Lesser Antilles (Antigua and Barbuda Islands),Caribbean,Antigua and Barbuda,-61.66916667|17.05324639,Rattus rattus
Pterodroma hasitata,No studies found,3076,Successful,1,York,Lesser Antilles (Antigua and Barbuda Islands),Caribbean,Antigua and Barbuda,-61.66916667|17.05324639,Rattus rattus
Puffinus yelkouan,Population study with data in support,389,Successful,2,Zannone,Pontine Islands,Mediterranean,Italy,13.05487082|40.96868508,Rattus rattus
Larus audouinii,All studies are not in support,2181,Successful,3,Zembretta,Zembra Archipelago,Mediterranean,Tunisia,10.87463778|37.10638927,Rattus rattus
Puffinus mauretanicus,All studies are not in support,2181,Successful,1,Zembretta,Zembra Archipelago,Mediterranean,Tunisia,10.87463778|37.10638927,Rattus rattus
Puffinus yelkouan,Population study with data in support,2181,Successful,1,Zembretta,Zembra Archipelago,Mediterranean,Tunisia,10.87463778|37.10638927,Rattus rattus
Ardenna grisea,No studies found,2146,Successful,3,Zembrettina,Zembra Archipelago,Mediterranean,Tunisia,10.8706948|37.10631307,Rattus rattus
Fratercula arctica,Population study without data in support,2146,Successful,3,Zembrettina,Zembra Archipelago,Mediterranean,Tunisia,10.8706948|37.10631307,Rattus rattus
Larus audouinii,All studies are not in support,2146,Successful,3,Zembrettina,Zembra Archipelago,Mediterranean,Tunisia,10.8706948|37.10631307,Rattus rattus
Puffinus mauretanicus,All studies are not in support,2146,Successful,1,Zembrettina,Zembra Archipelago,Mediterranean,Tunisia,10.8706948|37.10631307,Rattus rattus
Puffinus yelkouan,Population study with data in support,2146,Successful,1,Zembrettina,Zembra Archipelago,Mediterranean,Tunisia,10.8706948|37.10631307,Rattus rattus
Ardenna carneipes,Population study without data in support,2931,Successful (Reinvaded),1,Île aux Singes,Mauritius Islands,Indian Ocean - West,Mauritius,57.71431355|-20.38321768,Rattus rattus
Pterodroma baraui,No studies found,2931,Successful (Reinvaded),1,Île aux Singes,Mauritius Islands,Indian Ocean - West,Mauritius,57.71431355|-20.38321768,Rattus rattus
Ardenna grisea,Population study without data in support,1106,Successful,1,Amy (Outer Knob),Falkland Islands (The Knobs),Atlantic Ocean - South,Falkland Islands (Malvinas),-58.14083846|-51.80537119,Rattus norvegicus
Eudyptes chrysolophus,No studies found,1106,Successful,3,Amy (Outer Knob),Falkland Islands (The Knobs),Atlantic Ocean - South,Falkland Islands (Malvinas),-58.14083846|-51.80537119,Rattus norvegicus
Phoebetria palpebrata,No studies found,1106,Successful,1,Amy (Outer Knob),Falkland Islands (The Knobs),Atlantic Ocean - South,Falkland Islands (Malvinas),-58.14083846|-51.80537119,Rattus norvegicus
Ardenna grisea,Population study without data in support,2311,Successful,3,Annet,Isles of Scilly,Atlantic Ocean - North,United Kingdom,-6.3720306|49.89570146,Rattus norvegicus
Fratercula arctica,Population study with data in support,2311,Successful,2,Annet,Isles of Scilly,Atlantic Ocean - North,United Kingdom,-6.3720306|49.89570146,Rattus norvegicus
Hydrobates leucorhous,No studies found,2311,Successful,1,Annet,Isles of Scilly,Atlantic Ocean - North,United Kingdom,-6.3720306|49.89570146,Rattus norvegicus
Puffinus mauretanicus,No studies found,2311,Successful,1,Annet,Isles of Scilly,Atlantic Ocean - North,United Kingdom,-6.3720306|49.89570146,Rattus norvegicus
Ardenna carneipes,All studies are not in support,2107,Successful,1,Arichika,British Columbia (Haida Gwaii),Pacific Ocean - North East,Canada,-131.3412837|52.47166577,Rattus norvegicus
Ardenna creatopus,All studies are not in support,2107,Successful,1,Arichika,British Columbia (Haida Gwaii),Pacific Ocean - North East,Canada,-131.3412837|52.47166577,Rattus norvegicus
Ardenna grisea,Population study without data in support,2107,Successful,3,Arichika,British Columbia (Haida Gwaii),Pacific Ocean - North East,Canada,-131.3412837|52.47166577,Rattus norvegicus
Hydrobates leucorhous,No studies found,2107,Successful,1,Arichika,British Columbia (Haida Gwaii),Pacific Ocean - North East,Canada,-131.3412837|52.47166577,Rattus norvegicus
Ptychoramphus aleuticus,No studies found,2107,Successful,1,Arichika,British Columbia (Haida Gwaii),Pacific Ocean - North East,Canada,-131.3412837|52.47166577,Rattus norvegicus
Hydrobates leucorhous,No studies found,3097,Trial or Research only,1,Aureola,Aleutian Islands (Adak Island (Bay of Islands)),Pacific Ocean - North East,United States,-176.7597608|51.80279098,Rattus norvegicus
Onychoprion aleuticus,No studies found,3097,Trial or Research only,2,Aureola,Aleutian Islands (Adak Island (Bay of Islands)),Pacific Ocean - North East,United States,-176.7597608|51.80279098,Rattus norvegicus
Ptychoramphus aleuticus,No studies found,3097,Trial or Research only,3,Aureola,Aleutian Islands (Adak Island (Bay of Islands)),Pacific Ocean - North East,United States,-176.7597608|51.80279098,Rattus norvegicus
Ardenna carneipes,All studies are not in support,1862,Successful (Reinvaded),1,Battleship Rock,Bay of Islands (Black Rocks),Pacific Ocean - South West,New Zealand,174.1143323|-35.20873745,Rattus norvegicus
Ardenna grisea,Population study without data in support,1862,Successful (Reinvaded),2,Battleship Rock,Bay of Islands (Black Rocks),Pacific Ocean - South West,New Zealand,174.1143323|-35.20873745,Rattus norvegicus
Eudyptes pachyrhynchus,No studies found,1862,Successful (Reinvaded),3,Battleship Rock,Bay of Islands (Black Rocks),Pacific Ocean - South West,New Zealand,174.1143323|-35.20873745,Rattus norvegicus
Sterna striata,No studies found,1862,Successful (Reinvaded),4,Battleship Rock,Bay of Islands (Black Rocks),Pacific Ocean - South West,New Zealand,174.1143323|-35.20873745,Rattus norvegicus
Ardenna grisea,Population study without data in support,3046,Successful,1,Bense,Falkland Islands (Bense Islands group),Atlantic Ocean - South,Falkland Islands (Malvinas),-60.52293637|-51.49393691,Rattus norvegicus
Cinclodes antarcticus,Population study with all qualities in support,3046,Successful,1,Bense,Falkland Islands (Bense Islands group),Atlantic Ocean - South,Falkland Islands (Malvinas),-60.52293637|-51.49393691,Rattus norvegicus
Eudyptes chrysolophus,No studies found,3046,Successful,2,Bense,Falkland Islands (Bense Islands group),Atlantic Ocean - South,Falkland Islands (Malvinas),-60.52293637|-51.49393691,Rattus norvegicus
Ardenna grisea,Population study without data in support,55,Successful,1,Big Samuel,Falkland Islands (Choiseul Sound),Atlantic Ocean - South,Falkland Islands (Malvinas),-58.66832992|-51.94261946,Rattus norvegicus
Cinclodes antarcticus,Population study with all qualities in support,55,Successful,1,Big Samuel,Falkland Islands (Choiseul Sound),Atlantic Ocean - South,Falkland Islands (Malvinas),-58.66832992|-51.94261946,Rattus norvegicus
Eudyptes chrysolophus,No studies found,55,Successful,2,Big Samuel,Falkland Islands (Choiseul Sound),Atlantic Ocean - South,Falkland Islands (Malvinas),-58.66832992|-51.94261946,Rattus norvegicus
Ardenna grisea,Population study without data in support,1180,Successful,1,Big Samuel South Islet,Falkland Islands (Choiseul Sound),Atlantic Ocean - South,Falkland Islands (Malvinas),-58.68573614|-51.95009598,Rattus norvegicus
Eudyptes chrysolophus,No studies found,1180,Successful,3,Big Samuel South Islet,Falkland Islands (Choiseul Sound),Atlantic Ocean - South,Falkland Islands (Malvinas),-58.68573614|-51.95009598,Rattus norvegicus
Phoebetria palpebrata,No studies found,1180,Successful,1,Big Samuel South Islet,Falkland Islands (Choiseul Sound),Atlantic Ocean - South,Falkland Islands (Malvinas),-58.68573614|-51.95009598,Rattus norvegicus
Procellaria cinerea,No studies found,1180,Successful,1,Big Samuel South Islet,Falkland Islands (Choiseul Sound),Atlantic Ocean - South,Falkland Islands (Malvinas),-58.68573614|-51.95009598,Rattus norvegicus
Ardenna grisea,Population study without data in support,1181,Successful,1,Big Samuel Southwest Islet,Falkland Islands (Choiseul Sound),Atlantic Ocean - South,Falkland Islands (Malvinas),-58.68806647|-51.94601459,Rattus norvegicus
Eudyptes chrysolophus,No studies found,1181,Successful,3,Big Samuel Southwest Islet,Falkland Islands (Choiseul Sound),Atlantic Ocean - South,Falkland Islands (Malvinas),-58.68806647|-51.94601459,Rattus norvegicus
Phoebetria palpebrata,No studies found,1181,Successful,1,Big Samuel Southwest Islet,Falkland Islands (Choiseul Sound),Atlantic Ocean - South,Falkland Islands (Malvinas),-58.68806647|-51.94601459,Rattus norvegicus
Procellaria cinerea,No studies found,1181,Successful,1,Big Samuel Southwest Islet,Falkland Islands (Choiseul Sound),Atlantic Ocean - South,Falkland Islands (Malvinas),-58.68806647|-51.94601459,Rattus norvegicus
Ardenna grisea,Population study without data in support,1182,Successful,1,Big Samuel West Tied Islets,Falkland Islands (Choiseul Sound),Atlantic Ocean - South,Falkland Islands (Malvinas),-58.69209435|-51.94240571,Rattus norvegicus
Eudyptes chrysolophus,No studies found,1182,Successful,3,Big Samuel West Tied Islets,Falkland Islands (Choiseul Sound),Atlantic Ocean - South,Falkland Islands (Malvinas),-58.69209435|-51.94240571,Rattus norvegicus
Phoebetria palpebrata,No studies found,1182,Successful,1,Big Samuel West Tied Islets,Falkland Islands (Choiseul Sound),Atlantic Ocean - South,Falkland Islands (Malvinas),-58.69209435|-51.94240571,Rattus norvegicus
Procellaria cinerea,No studies found,1182,Successful,1,Big Samuel West Tied Islets,Falkland Islands (Choiseul Sound),Atlantic Ocean - South,Falkland Islands (Malvinas),-58.69209435|-51.94240571,Rattus norvegicus
Ardenna grisea,Population study without data in support,1259,Successful,2,Big Shag,Falkland Islands (Salvador Waters),Atlantic Ocean - South,Falkland Islands (Malvinas),-58.31518897|-51.39495645,Rattus norvegicus
Eudyptes chrysolophus,No studies found,1259,Successful,3,Big Shag,Falkland Islands (Salvador Waters),Atlantic Ocean - South,Falkland Islands (Malvinas),-58.31518897|-51.39495645,Rattus norvegicus
Phoebetria palpebrata,No studies found,1259,Successful,1,Big Shag,Falkland Islands (Salvador Waters),Atlantic Ocean - South,Falkland Islands (Malvinas),-58.31518897|-51.39495645,Rattus norvegicus
Hydrobates leucorhous,No studies found,2108,Successful (Reinvaded),2,Bischof,British Columbia (Haida Gwaii),Pacific Ocean - North East,Canada,-131.5664526|52.57874545,Rattus norvegicus
Hydrobates leucorhous,No studies found,3095,Trial or Research only,1,Black,Aleutian Islands (Adak Island (Bay of Islands)),Pacific Ocean - North East,United States,-176.8172691|51.80693471,Rattus norvegicus
Onychoprion aleuticus,No studies found,3095,Trial or Research only,2,Black,Aleutian Islands (Adak Island (Bay of Islands)),Pacific Ocean - North East,United States,-176.8172691|51.80693471,Rattus norvegicus
Ptychoramphus aleuticus,No studies found,3095,Trial or Research only,3,Black,Aleutian Islands (Adak Island (Bay of Islands)),Pacific Ocean - North East,United States,-176.8172691|51.80693471,Rattus norvegicus
Ardenna grisea,Population study without data in support,256,Successful,3,Bono,Sept les Archipelago,Atlantic Ocean - North,France,-3.480987181|48.882881,Rattus norvegicus
Fratercula arctica,Population study with data in support,256,Successful,2,Bono,Sept les Archipelago,Atlantic Ocean - North,France,-3.480987181|48.882881,Rattus norvegicus
Hydrobates leucorhous,No studies found,256,Successful,1,Bono,Sept les Archipelago,Atlantic Ocean - North,France,-3.480987181|48.882881,Rattus norvegicus
Puffinus mauretanicus,No studies found,256,Successful,1,Bono,Sept les Archipelago,Atlantic Ocean - North,France,-3.480987181|48.882881,Rattus norvegicus
Ardenna grisea,Population study without data in support,31,Successful,2,Bottom,Falkland Islands (Blanco Bay),Atlantic Ocean - South,Falkland Islands (Malvinas),-57.72764503|-51.67349968,Rattus norvegicus
Eudyptes chrysolophus,No studies found,31,Successful,3,Bottom,Falkland Islands (Blanco Bay),Atlantic Ocean - South,Falkland Islands (Malvinas),-57.72764503|-51.67349968,Rattus norvegicus
Phoebetria palpebrata,No studies found,31,Successful,1,Bottom,Falkland Islands (Blanco Bay),Atlantic Ocean - South,Falkland Islands (Malvinas),-57.72764503|-51.67349968,Rattus norvegicus
Ardenna grisea,Population study without data in support,409,Successful,1,Breaksea,Breaksea Sound,Pacific Ocean - South West,New Zealand,166.6372263|-45.57855358,Rattus norvegicus
Eudyptes pachyrhynchus,No studies found,409,Successful,3,Breaksea,Breaksea Sound,Pacific Ocean - South West,New Zealand,166.6372263|-45.57855358,Rattus norvegicus
Phoebetria palpebrata,No studies found,409,Successful,1,Breaksea,Breaksea Sound,Pacific Ocean - South West,New Zealand,166.6372263|-45.57855358,Rattus norvegicus
Sterna striata,No studies found,409,Successful,4,Breaksea,Breaksea Sound,Pacific Ocean - South West,New Zealand,166.6372263|-45.57855358,Rattus norvegicus
Ardenna carneipes,All studies are not in support,470,Successful,1,Browns,Hauraki Gulf,Pacific Ocean - South West,New Zealand,174.8945564|-36.83074946,Rattus norvegicus
Ardenna grisea,Population study without data in support,470,Successful,2,Browns,Hauraki Gulf,Pacific Ocean - South West,New Zealand,174.8945564|-36.83074946,Rattus norvegicus
Eudyptes pachyrhynchus,No studies found,470,Successful,3,Browns,Hauraki Gulf,Pacific Ocean - South West,New Zealand,174.8945564|-36.83074946,Rattus norvegicus
Larus bulleri,No studies found,470,Successful,1,Browns,Hauraki Gulf,Pacific Ocean - South West,New Zealand,174.8945564|-36.83074946,Rattus norvegicus
Sterna striata,No studies found,470,Successful,4,Browns,Hauraki Gulf,Pacific Ocean - South West,New Zealand,174.8945564|-36.83074946,Rattus norvegicus
Pterodroma hasitata,No studies found,1849,Successful,1,Buck,Lesser Antilles (US Virgin Islands (St. Thomas Islands)),Caribbean,Virgin Islands U.S.,-64.89402929|18.27707682,Rattus norvegicus
Ardenna grisea,Population study without data in support,3231,In Progress,3,Caldey,Bristol Channel,Atlantic Ocean - North,United Kingdom,-4.690882|51.636918,Rattus norvegicus
Ardenna grisea,Population study without data in support,1174,Successful (Reinvaded),1,Calf,Falkland Islands (Saunders Island Group),Atlantic Ocean - South,Falkland Islands (Malvinas),-60.09094699|-51.40157304,Rattus norvegicus
Eudyptes chrysolophus,No studies found,1174,Successful (Reinvaded),3,Calf,Falkland Islands (Saunders Island Group),Atlantic Ocean - South,Falkland Islands (Malvinas),-60.09094699|-51.40157304,Rattus norvegicus
Phoebetria palpebrata,No studies found,1174,Successful (Reinvaded),1,Calf,Falkland Islands (Saunders Island Group),Atlantic Ocean - South,Falkland Islands (Malvinas),-60.09094699|-51.40157304,Rattus norvegicus
Ardenna grisea,Population study without data in support,1179,Successful (Reinvaded),1,Calf Islet,Falkland Islands (Saunders Island Group),Atlantic Ocean - South,Falkland Islands (Malvinas),-60.08622955|-51.40543358,Rattus norvegicus
Eudyptes chrysolophus,No studies found,1179,Successful (Reinvaded),3,Calf Islet,Falkland Islands (Saunders Island Group),Atlantic Ocean - South,Falkland Islands (Malvinas),-60.08622955|-51.40543358,Rattus norvegicus
Phoebetria palpebrata,No studies found,1179,Successful (Reinvaded),1,Calf Islet,Falkland Islands (Saunders Island Group),Atlantic Ocean - South,Falkland Islands (Malvinas),-60.08622955|-51.40543358,Rattus norvegicus
Procellaria cinerea,No studies found,1179,Successful (Reinvaded),1,Calf Islet,Falkland Islands (Saunders Island Group),Atlantic Ocean - South,Falkland Islands (Malvinas),-60.08622955|-51.40543358,Rattus norvegicus
Fratercula arctica,Population study with data in support,3230,Failed,2,Calf of Man,Irish Sea,Atlantic Ocean - North,United Kingdom,-4.81489421|54.05341867,Rattus norvegicus
Hydrobates leucorhous,No studies found,3094,Trial or Research only,1,Camouflage,Aleutian Islands (Adak Island (Bay of Islands)),Pacific Ocean - North East,United States,-176.8298438|51.80812556,Rattus norvegicus
Onychoprion aleuticus,No studies found,3094,Trial or Research only,2,Camouflage,Aleutian Islands (Adak Island (Bay of Islands)),Pacific Ocean - North East,United States,-176.8298438|51.80812556,Rattus norvegicus
Ptychoramphus aleuticus,No studies found,3094,Trial or Research only,3,Camouflage,Aleutian Islands (Adak Island (Bay of Islands)),Pacific Ocean - North East,United States,-176.8298438|51.80812556,Rattus norvegicus
Anas nesiotis,No studies found,415,Successful,1,Campbell,Campbell Islands,Pacific Ocean - South West,New Zealand,169.1670251|-52.54380497,Rattus norvegicus
Ardenna grisea,Population study without data in support,415,Successful,2,Campbell,Campbell Islands,Pacific Ocean - South West,New Zealand,169.1670251|-52.54380497,Rattus norvegicus
Eudyptes chrysolophus,No studies found,415,Successful,2,Campbell,Campbell Islands,Pacific Ocean - South West,New Zealand,169.1670251|-52.54380497,Rattus norvegicus
Phoebetria palpebrata,No studies found,415,Successful,2,Campbell,Campbell Islands,Pacific Ocean - South West,New Zealand,169.1670251|-52.54380497,Rattus norvegicus
Ardenna grisea,Population study without data in support,928,Successful,3,Canna,Scotland Islands (Inner Hebrides),Atlantic Ocean - North,United Kingdom,-6.55100045|57.05673038,Rattus norvegicus
Fratercula arctica,Population study with data in support,928,Successful,2,Canna,Scotland Islands (Inner Hebrides),Atlantic Ocean - North,United Kingdom,-6.55100045|57.05673038,Rattus norvegicus
Hydrobates leucorhous,No studies found,928,Successful,1,Canna,Scotland Islands (Inner Hebrides),Atlantic Ocean - North,United Kingdom,-6.55100045|57.05673038,Rattus norvegicus
Puffinus mauretanicus,No studies found,928,Successful,1,Canna,Scotland Islands (Inner Hebrides),Atlantic Ocean - North,United Kingdom,-6.55100045|57.05673038,Rattus norvegicus
Pterodroma hasitata,No studies found,2380,Successful,1,Capella,Lesser Antilles (US Virgin Islands (St. Thomas Islands)),Caribbean,Virgin Islands U.S.,-64.88755818|18.27544365,Rattus norvegicus
Ardenna grisea,Population study without data in support,193,Successful,3,Cardigan,null,Atlantic Ocean - North,United Kingdom,-4.68945477|52.13179327,Rattus norvegicus
Fratercula arctica,Population study with data in support,193,Successful,2,Cardigan,null,Atlantic Ocean - North,United Kingdom,-4.68945477|52.13179327,Rattus norvegicus
Puffinus mauretanicus,No studies found,193,Successful,1,Cardigan,null,Atlantic Ocean - North,United Kingdom,-4.68945477|52.13179327,Rattus norvegicus
Ardenna grisea,Population study without data in support,1260,Successful,2,Centre,Falkland Islands (Salvador Waters),Atlantic Ocean - South,Falkland Islands (Malvinas),-58.30821873|-51.42338212,Rattus norvegicus
Cinclodes antarcticus,Population study with all qualities in support,1260,Successful,1,Centre,Falkland Islands (Salvador Waters),Atlantic Ocean - South,Falkland Islands (Malvinas),-58.30821873|-51.42338212,Rattus norvegicus
Eudyptes chrysolophus,No studies found,1260,Successful,2,Centre,Falkland Islands (Salvador Waters),Atlantic Ocean - South,Falkland Islands (Malvinas),-58.30821873|-51.42338212,Rattus norvegicus
Coturnix novaezelandiae,No studies found,2680,Unknown,1,Centre,Lake Te Anau,Pacific Ocean - South West,New Zealand,167.7734997|-45.23421795,Rattus norvegicus
Cyanoramphus auriceps,No studies found,2680,Unknown,1,Centre,Lake Te Anau,Pacific Ocean - South West,New Zealand,167.7734997|-45.23421795,Rattus norvegicus
Cyanoramphus malherbi,No studies found,2680,Unknown,1,Centre,Lake Te Anau,Pacific Ocean - South West,New Zealand,167.7734997|-45.23421795,Rattus norvegicus
Hymenolaimus malacorhynchos,All studies are not in support,2680,Unknown,1,Centre,Lake Te Anau,Pacific Ocean - South West,New Zealand,167.7734997|-45.23421795,Rattus norvegicus
Larus bulleri,No studies found,2680,Unknown,1,Centre,Lake Te Anau,Pacific Ocean - South West,New Zealand,167.7734997|-45.23421795,Rattus norvegicus
Mergus australis,No studies found,2680,Unknown,1,Centre,Lake Te Anau,Pacific Ocean - South West,New Zealand,167.7734997|-45.23421795,Rattus norvegicus
Nestor meridionalis,No studies found,2680,Unknown,1,Centre,Lake Te Anau,Pacific Ocean - South West,New Zealand,167.7734997|-45.23421795,Rattus norvegicus
Turnagra capensis,No studies found,2680,Unknown,1,Centre,Lake Te Anau,Pacific Ocean - South West,New Zealand,167.7734997|-45.23421795,Rattus norvegicus
Ardenna grisea,Population study without data in support,1261,Successful,1,Chain,Falkland Islands (Beaver Island Group),Atlantic Ocean - South,Falkland Islands (Malvinas),-61.22347235|-51.87145471,Rattus norvegicus
Cinclodes antarcticus,Population study with all qualities in support,1261,Successful,1,Chain,Falkland Islands (Beaver Island Group),Atlantic Ocean - South,Falkland Islands (Malvinas),-61.22347235|-51.87145471,Rattus norvegicus
Eudyptes chrysolophus,No studies found,1261,Successful,2,Chain,Falkland Islands (Beaver Island Group),Atlantic Ocean - South,Falkland Islands (Malvinas),-61.22347235|-51.87145471,Rattus norvegicus
Ardenna grisea,Population study without data in support,1262,Successful,1,Chain Islet,Falkland Islands (Beaver Island Group),Atlantic Ocean - South,Falkland Islands (Malvinas),-61.22009346|-51.86989376,Rattus norvegicus
Cinclodes antarcticus,Population study with all qualities in support,1262,Successful,1,Chain Islet,Falkland Islands (Beaver Island Group),Atlantic Ocean - South,Falkland Islands (Malvinas),-61.22009346|-51.86989376,Rattus norvegicus
Eudyptes chrysolophus,No studies found,1262,Successful,2,Chain Islet,Falkland Islands (Beaver Island Group),Atlantic Ocean - South,Falkland Islands (Malvinas),-61.22009346|-51.86989376,Rattus norvegicus
Hydrobates leucorhous,No studies found,3145,Trial or Research only,1,Channel 1,Aleutian Islands (Adak Island (Bay of Islands-Channel Islands Group)),Pacific Ocean - North East,United States,-176.8151918|51.81273212,Rattus norvegicus
Onychoprion aleuticus,No studies found,3145,Trial or Research only,2,Channel 1,Aleutian Islands (Adak Island (Bay of Islands-Channel Islands Group)),Pacific Ocean - North East,United States,-176.8151918|51.81273212,Rattus norvegicus
Ptychoramphus aleuticus,No studies found,3145,Trial or Research only,3,Channel 1,Aleutian Islands (Adak Island (Bay of Islands-Channel Islands Group)),Pacific Ocean - North East,United States,-176.8151918|51.81273212,Rattus norvegicus
Hydrobates leucorhous,No studies found,3146,Trial or Research only,1,Channel 4,Aleutian Islands (Adak Island (Bay of Islands-Channel Islands Group)),Pacific Ocean - North East,United States,-176.8189221|51.8111058,Rattus norvegicus
Onychoprion aleuticus,No studies found,3146,Trial or Research only,2,Channel 4,Aleutian Islands (Adak Island (Bay of Islands-Channel Islands Group)),Pacific Ocean - North East,United States,-176.8189221|51.8111058,Rattus norvegicus
Ptychoramphus aleuticus,No studies found,3146,Trial or Research only,3,Channel 4,Aleutian Islands (Adak Island (Bay of Islands-Channel Islands Group)),Pacific Ocean - North East,United States,-176.8189221|51.8111058,Rattus norvegicus
Ardenna grisea,Population study without data in support,1854,Successful,1,Channel Northwest,Falkland Islands (Beaver Island Group),Atlantic Ocean - South,Falkland Islands (Malvinas),-61.20135923|-51.80017802,Rattus norvegicus
Eudyptes chrysolophus,No studies found,1854,Successful,3,Channel Northwest,Falkland Islands (Beaver Island Group),Atlantic Ocean - South,Falkland Islands (Malvinas),-61.20135923|-51.80017802,Rattus norvegicus
Phoebetria palpebrata,No studies found,1854,Successful,1,Channel Northwest,Falkland Islands (Beaver Island Group),Atlantic Ocean - South,Falkland Islands (Malvinas),-61.20135923|-51.80017802,Rattus norvegicus
Ardenna grisea,Population study without data in support,63,Successful,1,Channel Southeast,Falkland Islands (Beaver Island Group),Atlantic Ocean - South,Falkland Islands (Malvinas),-61.19417812|-51.80554911,Rattus norvegicus
Eudyptes chrysolophus,No studies found,63,Successful,3,Channel Southeast,Falkland Islands (Beaver Island Group),Atlantic Ocean - South,Falkland Islands (Malvinas),-61.19417812|-51.80554911,Rattus norvegicus
Phoebetria palpebrata,No studies found,63,Successful,1,Channel Southeast,Falkland Islands (Beaver Island Group),Atlantic Ocean - South,Falkland Islands (Malvinas),-61.19417812|-51.80554911,Rattus norvegicus
Ardenna grisea,Population study without data in support,259,Successful,3,Chatellier,Rimains Islands,Atlantic Ocean - North,France,-1.83104883|48.67913887,Rattus norvegicus
Puffinus mauretanicus,No studies found,259,Successful,1,Chatellier,Rimains Islands,Atlantic Ocean - North,France,-1.83104883|48.67913887,Rattus norvegicus
Ardenna grisea,Population study without data in support,1865,Successful,3,Chevaux,Houat-Hodic,Atlantic Ocean - North,France,-2.970718351|47.35669969,Rattus norvegicus
Hydrobates leucorhous,No studies found,1865,Successful,1,Chevaux,Houat-Hodic,Atlantic Ocean - North,France,-2.970718351|47.35669969,Rattus norvegicus
Puffinus mauretanicus,No studies found,1865,Successful,1,Chevaux,Houat-Hodic,Atlantic Ocean - North,France,-2.970718351|47.35669969,Rattus norvegicus
Ardenna grisea,Population study without data in support,1257,Successful,3,Chretien,Molene Archipelago,Atlantic Ocean - North,France,-4.938677378|48.37888199,Rattus norvegicus
Fratercula arctica,Population study with data in support,1257,Successful,2,Chretien,Molene Archipelago,Atlantic Ocean - North,France,-4.938677378|48.37888199,Rattus norvegicus
Hydrobates leucorhous,No studies found,1257,Successful,1,Chretien,Molene Archipelago,Atlantic Ocean - North,France,-4.938677378|48.37888199,Rattus norvegicus
Puffinus mauretanicus,No studies found,1257,Successful,1,Chretien,Molene Archipelago,Atlantic Ocean - North,France,-4.938677378|48.37888199,Rattus norvegicus
Falco araeus,No studies found,1705,Successful,1,Conception,Seychelles,Indian Ocean - West,Seychelles,55.36636899|-4.66363302,Rattus norvegicus
Zosterops modestus,Population study without data in support,1705,Successful,1,Conception,Seychelles,Indian Ocean - West,Seychelles,55.36636899|-4.66363302,Rattus norvegicus
Hydrobates leucorhous,No studies found,1863,Trial or Research only,1,Cormorant,Aleutian Islands (Adak Island (Bay of Islands)),Pacific Ocean - North East,United States,-176.8091166|51.81025253,Rattus norvegicus
Onychoprion aleuticus,No studies found,1863,Trial or Research only,2,Cormorant,Aleutian Islands (Adak Island (Bay of Islands)),Pacific Ocean - North East,United States,-176.8091166|51.81025253,Rattus norvegicus
Ptychoramphus aleuticus,No studies found,1863,Trial or Research only,3,Cormorant,Aleutian Islands (Adak Island (Bay of Islands)),Pacific Ocean - North East,United States,-176.8091166|51.81025253,Rattus norvegicus
Ardenna carneipes,All studies are not in support,855,Successful,1,Cox,British Columbia (Haida Gwaii),Pacific Ocean - North East,Canada,-133.0140796|54.20481528,Rattus norvegicus
Ardenna creatopus,All studies are not in support,855,Successful,1,Cox,British Columbia (Haida Gwaii),Pacific Ocean - North East,Canada,-133.0140796|54.20481528,Rattus norvegicus
Ardenna grisea,Population study without data in support,855,Successful,3,Cox,British Columbia (Haida Gwaii),Pacific Ocean - North East,Canada,-133.0140796|54.20481528,Rattus norvegicus
Hydrobates leucorhous,No studies found,855,Successful,1,Cox,British Columbia (Haida Gwaii),Pacific Ocean - North East,Canada,-133.0140796|54.20481528,Rattus norvegicus
Ardenna grisea,Population study without data in support,1108,Successful (Reinvaded),1,Cucumber,Falkland Islands (Beaver Island Group),Atlantic Ocean - South,Falkland Islands (Malvinas),-61.20488021|-51.83180353,Rattus norvegicus
Cinclodes antarcticus,Population study with all qualities in support,1108,Successful (Reinvaded),1,Cucumber,Falkland Islands (Beaver Island Group),Atlantic Ocean - South,Falkland Islands (Malvinas),-61.20488021|-51.83180353,Rattus norvegicus
Eudyptes chrysolophus,No studies found,1108,Successful (Reinvaded),2,Cucumber,Falkland Islands (Beaver Island Group),Atlantic Ocean - South,Falkland Islands (Malvinas),-61.20488021|-51.83180353,Rattus norvegicus
Ardenna carneipes,All studies are not in support,2190,Successful,1,D'Arros,Amirantes Islands,Indian Ocean - West,Seychelles,53.29853999|-5.415900014,Rattus norvegicus
Ardenna carneipes,All studies are not in support,1202,Successful,1,David Rocks - A,Hauraki Gulf (Noises Group),Pacific Ocean - South West,New Zealand,174.9980202|-36.69881154,Rattus norvegicus
Ardenna grisea,Population study without data in support,1202,Successful,2,David Rocks - A,Hauraki Gulf (Noises Group),Pacific Ocean - South West,New Zealand,174.9980202|-36.69881154,Rattus norvegicus
Eudyptes pachyrhynchus,No studies found,1202,Successful,3,David Rocks - A,Hauraki Gulf (Noises Group),Pacific Ocean - South West,New Zealand,174.9980202|-36.69881154,Rattus norvegicus
Sterna striata,No studies found,1202,Successful,4,David Rocks - A,Hauraki Gulf (Noises Group),Pacific Ocean - South West,New Zealand,174.9980202|-36.69881154,Rattus norvegicus
Ardenna carneipes,All studies are not in support,1203,Successful,1,David Rocks - B,Hauraki Gulf (Noises Group),Pacific Ocean - South West,New Zealand,174.9974758|-36.70092047,Rattus norvegicus
Ardenna grisea,Population study without data in support,1203,Successful,2,David Rocks - B,Hauraki Gulf (Noises Group),Pacific Ocean - South West,New Zealand,174.9974758|-36.70092047,Rattus norvegicus
Eudyptes pachyrhynchus,No studies found,1203,Successful,3,David Rocks - B,Hauraki Gulf (Noises Group),Pacific Ocean - South West,New Zealand,174.9974758|-36.70092047,Rattus norvegicus
Larus bulleri,No studies found,1203,Successful,3,David Rocks - B,Hauraki Gulf (Noises Group),Pacific Ocean - South West,New Zealand,174.9974758|-36.70092047,Rattus norvegicus
Sterna striata,No studies found,1203,Successful,4,David Rocks - B,Hauraki Gulf (Noises Group),Pacific Ocean - South West,New Zealand,174.9974758|-36.70092047,Rattus norvegicus
Ardenna carneipes,All studies are not in support,1204,Successful,1,David Rocks - C,Hauraki Gulf (Noises Group),Pacific Ocean - South West,New Zealand,174.9974758|-36.70092047,Rattus norvegicus
Ardenna grisea,Population study without data in support,1204,Successful,2,David Rocks - C,Hauraki Gulf (Noises Group),Pacific Ocean - South West,New Zealand,174.9974758|-36.70092047,Rattus norvegicus
Eudyptes pachyrhynchus,No studies found,1204,Successful,3,David Rocks - C,Hauraki Gulf (Noises Group),Pacific Ocean - South West,New Zealand,174.9974758|-36.70092047,Rattus norvegicus
Larus bulleri,No studies found,1204,Successful,3,David Rocks - C,Hauraki Gulf (Noises Group),Pacific Ocean - South West,New Zealand,174.9974758|-36.70092047,Rattus norvegicus
Sterna striata,No studies found,1204,Successful,4,David Rocks - C,Hauraki Gulf (Noises Group),Pacific Ocean - South West,New Zealand,174.9974758|-36.70092047,Rattus norvegicus
Pterodroma hasitata,No studies found,2178,Successful,1,Dennery,Lesser Antilles (St. Lucia Islands),Caribbean,Saint Lucia,-60.88430043|13.90917268,Rattus norvegicus
Ardenna grisea,Population study without data in support,43,Successful,1,Double,Falkland Islands (Queen Charlotte Bay),Atlantic Ocean - South,Falkland Islands (Malvinas),-60.50933147|-51.86750858,Rattus norvegicus
Eudyptes chrysolophus,No studies found,43,Successful,3,Double,Falkland Islands (Queen Charlotte Bay),Atlantic Ocean - South,Falkland Islands (Malvinas),-60.50933147|-51.86750858,Rattus norvegicus
Phoebetria palpebrata,No studies found,43,Successful,1,Double,Falkland Islands (Queen Charlotte Bay),Atlantic Ocean - South,Falkland Islands (Malvinas),-60.50933147|-51.86750858,Rattus norvegicus
Coturnix novaezelandiae,No studies found,2653,Successful,1,Doubtful Centre,Lake Te Anau,Pacific Ocean - South West,New Zealand,167.6880875|-45.19743743,Rattus norvegicus
Cyanoramphus auriceps,No studies found,2653,Successful,1,Doubtful Centre,Lake Te Anau,Pacific Ocean - South West,New Zealand,167.6880875|-45.19743743,Rattus norvegicus
Cyanoramphus malherbi,No studies found,2653,Successful,1,Doubtful Centre,Lake Te Anau,Pacific Ocean - South West,New Zealand,167.6880875|-45.19743743,Rattus norvegicus
Hymenolaimus malacorhynchos,All studies are not in support,2653,Successful,1,Doubtful Centre,Lake Te Anau,Pacific Ocean - South West,New Zealand,167.6880875|-45.19743743,Rattus norvegicus
Mergus australis,No studies found,2653,Successful,1,Doubtful Centre,Lake Te Anau,Pacific Ocean - South West,New Zealand,167.6880875|-45.19743743,Rattus norvegicus
Nestor meridionalis,No studies found,2653,Successful,1,Doubtful Centre,Lake Te Anau,Pacific Ocean - South West,New Zealand,167.6880875|-45.19743743,Rattus norvegicus
Turnagra capensis,No studies found,2653,Successful,1,Doubtful Centre,Lake Te Anau,Pacific Ocean - South West,New Zealand,167.6880875|-45.19743743,Rattus norvegicus
Hydrobates leucorhous,No studies found,3098,Trial or Research only,1,Duh,Aleutian Islands (Adak Island (Bay of Islands)),Pacific Ocean - North East,United States,-176.7584939|51.80256065,Rattus norvegicus
Onychoprion aleuticus,No studies found,3098,Trial or Research only,2,Duh,Aleutian Islands (Adak Island (Bay of Islands)),Pacific Ocean - North East,United States,-176.7584939|51.80256065,Rattus norvegicus
Ptychoramphus aleuticus,No studies found,3098,Trial or Research only,3,Duh,Aleutian Islands (Adak Island (Bay of Islands)),Pacific Ocean - North East,United States,-176.7584939|51.80256065,Rattus norvegicus
Pterodroma hasitata,No studies found,2255,Successful,1,Dutchcap Cay,Lesser Antilles (US Virgin Islands),Caribbean,Virgin Islands U.S.,-65.06176091|18.38000948,Rattus norvegicus
Ardenna grisea,Population study without data in support,3030,Successful,1,East,Falkland Islands,Atlantic Ocean - South,Falkland Islands (Malvinas),-58.06648869|-51.7898587,Rattus norvegicus
Eudyptes chrysolophus,No studies found,3030,Successful,3,East,Falkland Islands,Atlantic Ocean - South,Falkland Islands (Malvinas),-58.06648869|-51.7898587,Rattus norvegicus
Phoebetria palpebrata,No studies found,3030,Successful,1,East,Falkland Islands,Atlantic Ocean - South,Falkland Islands (Malvinas),-58.06648869|-51.7898587,Rattus norvegicus
Ardenna carneipes,All studies are not in support,1166,Successful (Reinvaded),1,East Atoll,Bay of Islands (Black Rocks),Pacific Ocean - South West,New Zealand,174.0804658|-35.20201921,Rattus norvegicus
Ardenna grisea,Population study without data in support,1166,Successful (Reinvaded),2,East Atoll,Bay of Islands (Black Rocks),Pacific Ocean - South West,New Zealand,174.0804658|-35.20201921,Rattus norvegicus
Eudyptes pachyrhynchus,No studies found,1166,Successful (Reinvaded),3,East Atoll,Bay of Islands (Black Rocks),Pacific Ocean - South West,New Zealand,174.0804658|-35.20201921,Rattus norvegicus
Sterna striata,No studies found,1166,Successful (Reinvaded),4,East Atoll,Bay of Islands (Black Rocks),Pacific Ocean - South West,New Zealand,174.0804658|-35.20201921,Rattus norvegicus
Ardenna grisea,Population study without data in support,1109,Successful,2,Ella's,Falkland Islands (North East Island Group),Atlantic Ocean - South,Falkland Islands (Malvinas),-58.38011549|-52.00809902,Rattus norvegicus
Eudyptes chrysolophus,No studies found,1109,Successful,3,Ella's,Falkland Islands (North East Island Group),Atlantic Ocean - South,Falkland Islands (Malvinas),-58.38011549|-52.00809902,Rattus norvegicus
Phoebetria palpebrata,No studies found,1109,Successful,1,Ella's,Falkland Islands (North East Island Group),Atlantic Ocean - South,Falkland Islands (Malvinas),-58.38011549|-52.00809902,Rattus norvegicus
Ardenna grisea,Population study without data in support,1836,Successful,1,First Passage,Falkland Islands,Atlantic Ocean - South,Falkland Islands (Malvinas),-60.68042804|-51.6470221,Rattus norvegicus
Cinclodes antarcticus,Population study with all qualities in support,1836,Successful,1,First Passage,Falkland Islands,Atlantic Ocean - South,Falkland Islands (Malvinas),-60.68042804|-51.6470221,Rattus norvegicus
Eudyptes chrysolophus,No studies found,1836,Successful,2,First Passage,Falkland Islands,Atlantic Ocean - South,Falkland Islands (Malvinas),-60.68042804|-51.6470221,Rattus norvegicus
Ardenna grisea,Population study without data in support,3225,Successful,3,Flat Holm,Bristol Channel,Atlantic Ocean - North,United Kingdom,-3.12086531|51.37748955,Rattus norvegicus
Fratercula arctica,Population study with data in support,3225,Successful,2,Flat Holm,Bristol Channel,Atlantic Ocean - North,United Kingdom,-3.12086531|51.37748955,Rattus norvegicus
Puffinus mauretanicus,No studies found,3225,Successful,1,Flat Holm,Bristol Channel,Atlantic Ocean - North,United Kingdom,-3.12086531|51.37748955,Rattus norvegicus
Ardenna carneipes,All studies are not in support,2270,Successful (Reinvaded),1,Flat Top Rock,Bay of Islands (Black Rocks),Pacific Ocean - South West,New Zealand,174.1110981|-35.20101649,Rattus norvegicus
Ardenna grisea,Population study without data in support,2270,Successful (Reinvaded),2,Flat Top Rock,Bay of Islands (Black Rocks),Pacific Ocean - South West,New Zealand,174.1110981|-35.20101649,Rattus norvegicus
Eudyptes pachyrhynchus,No studies found,2270,Successful (Reinvaded),3,Flat Top Rock,Bay of Islands (Black Rocks),Pacific Ocean - South West,New Zealand,174.1110981|-35.20101649,Rattus norvegicus
Sterna striata,No studies found,2270,Successful (Reinvaded),4,Flat Top Rock,Bay of Islands (Black Rocks),Pacific Ocean - South West,New Zealand,174.1110981|-35.20101649,Rattus norvegicus
Fratercula arctica,Population study with data in support,71,Successful,2,Flatey,null,Atlantic Ocean - North,Iceland,-22.91189441|65.3753527,Rattus norvegicus
Ardenna grisea,Population study without data in support,1263,Successful,1,Flores Harbour,Falkland Islands (Eagle Passage),Atlantic Ocean - South,Falkland Islands (Malvinas),-59.5911832|-52.22837058,Rattus norvegicus
Eudyptes chrysolophus,No studies found,1263,Successful,3,Flores Harbour,Falkland Islands (Eagle Passage),Atlantic Ocean - South,Falkland Islands (Malvinas),-59.5911832|-52.22837058,Rattus norvegicus
Phoebetria palpebrata,No studies found,1263,Successful,1,Flores Harbour,Falkland Islands (Eagle Passage),Atlantic Ocean - South,Falkland Islands (Malvinas),-59.5911832|-52.22837058,Rattus norvegicus
Copsychus sechellarum,All studies are not in support,450,Successful,1,Fregate,Seychelles,Indian Ocean - West,Seychelles,55.9415527|-4.585436726,Rattus norvegicus
Zosterops modestus,Population study without data in support,450,Successful,1,Fregate,Seychelles,Indian Ocean - West,Seychelles,55.9415527|-4.585436726,Rattus norvegicus
Copsychus sechellarum,All studies are not in support,14,Failed,1,Fregate,Seychelles,Indian Ocean - West,Seychelles,55.9415527|-4.585436726,Rattus norvegicus
Zosterops modestus,Population study without data in support,14,Failed,1,Fregate,Seychelles,Indian Ocean - West,Seychelles,55.9415527|-4.585436726,Rattus norvegicus
Ardenna grisea,Population study without data in support,2320,To Be Confirmed,1,Ghost,Falkland Islands (Bleaker Island Group),Atlantic Ocean - South,Falkland Islands (Malvinas),-58.83078911|-52.1898344,Rattus norvegicus
Cinclodes antarcticus,Population study with all qualities in support,2320,To Be Confirmed,1,Ghost,Falkland Islands (Bleaker Island Group),Atlantic Ocean - South,Falkland Islands (Malvinas),-58.83078911|-52.1898344,Rattus norvegicus
Eudyptes chrysolophus,No studies found,2320,To Be Confirmed,3,Ghost,Falkland Islands (Bleaker Island Group),Atlantic Ocean - South,Falkland Islands (Malvinas),-58.83078911|-52.1898344,Rattus norvegicus
Phoebetria palpebrata,No studies found,2320,To Be Confirmed,1,Ghost,Falkland Islands (Bleaker Island Group),Atlantic Ocean - South,Falkland Islands (Malvinas),-58.83078911|-52.1898344,Rattus norvegicus
Ardenna grisea,Population study without data in support,60,Successful (Reinvaded),1,Governor,Falkland Islands (Beaver Island Group),Atlantic Ocean - South,Falkland Islands (Malvinas),-61.1862073|-51.85571637,Rattus norvegicus
Cinclodes antarcticus,Population study with all qualities in support,60,Successful (Reinvaded),1,Governor,Falkland Islands (Beaver Island Group),Atlantic Ocean - South,Falkland Islands (Malvinas),-61.1862073|-51.85571637,Rattus norvegicus
Eudyptes chrysolophus,No studies found,60,Successful (Reinvaded),2,Governor,Falkland Islands (Beaver Island Group),Atlantic Ocean - South,Falkland Islands (Malvinas),-61.1862073|-51.85571637,Rattus norvegicus
Ardenna grisea,Population study without data in support,1172,Successful,3,Grass,South Georgia Islands (Stromness Bay),Atlantic Ocean - South,South Georgia and the South Sandwich Islands,-36.66693401|-54.1587183,Rattus norvegicus
Eudyptes chrysolophus,No studies found,1172,Successful,3,Grass,South Georgia Islands (Stromness Bay),Atlantic Ocean - South,South Georgia and the South Sandwich Islands,-36.66693401|-54.1587183,Rattus norvegicus
Phoebetria palpebrata,No studies found,1172,Successful,1,Grass,South Georgia Islands (Stromness Bay),Atlantic Ocean - South,South Georgia and the South Sandwich Islands,-36.66693401|-54.1587183,Rattus norvegicus
Ardenna grisea,Population study without data in support,3044,To Be Confirmed,1,Great,Falkland Islands (Falkland Sound),Atlantic Ocean - South,Falkland Islands (Malvinas),-59.69595956|-51.96457667,Rattus norvegicus
Cinclodes antarcticus,Population study with all qualities in support,3044,To Be Confirmed,1,Great,Falkland Islands (Falkland Sound),Atlantic Ocean - South,Falkland Islands (Malvinas),-59.69595956|-51.96457667,Rattus norvegicus
Eudyptes chrysolophus,No studies found,3044,To Be Confirmed,2,Great,Falkland Islands (Falkland Sound),Atlantic Ocean - South,Falkland Islands (Malvinas),-59.69595956|-51.96457667,Rattus norvegicus
Ardenna grisea,Population study without data in support,62,Successful (Reinvaded),1,Green,Falkland Islands (Beaver Island Group),Atlantic Ocean - South,Falkland Islands (Malvinas),-61.2094622|-51.87157115,Rattus norvegicus
Ardenna grisea,Population study without data in support,1264,Successful (Reinvaded),1,Green,Falkland Islands (Queen Charlotte Bay),Atlantic Ocean - South,Falkland Islands (Malvinas),-60.55145736|-51.81710297,Rattus norvegicus
Eudyptes chrysolophus,No studies found,62,Successful (Reinvaded),3,Green,Falkland Islands (Beaver Island Group),Atlantic Ocean - South,Falkland Islands (Malvinas),-61.2094622|-51.87157115,Rattus norvegicus
Eudyptes chrysolophus,No studies found,1264,Successful (Reinvaded),3,Green,Falkland Islands (Queen Charlotte Bay),Atlantic Ocean - South,Falkland Islands (Malvinas),-60.55145736|-51.81710297,Rattus norvegicus
Phoebetria palpebrata,No studies found,62,Successful (Reinvaded),1,Green,Falkland Islands (Beaver Island Group),Atlantic Ocean - South,Falkland Islands (Malvinas),-61.2094622|-51.87157115,Rattus norvegicus
Phoebetria palpebrata,No studies found,1264,Successful (Reinvaded),1,Green,Falkland Islands (Queen Charlotte Bay),Atlantic Ocean - South,Falkland Islands (Malvinas),-60.55145736|-51.81710297,Rattus norvegicus
Hydrobates leucorhous,No studies found,1850,Trial or Research only,1,Green,Aleutian Islands (Adak Island (Bay of Islands)),Pacific Ocean - North East,United States,-176.8353723|51.81316092,Rattus norvegicus
Onychoprion aleuticus,No studies found,1850,Trial or Research only,2,Green,Aleutian Islands (Adak Island (Bay of Islands)),Pacific Ocean - North East,United States,-176.8353723|51.81316092,Rattus norvegicus
Ptychoramphus aleuticus,No studies found,1850,Trial or Research only,3,Green,Aleutian Islands (Adak Island (Bay of Islands)),Pacific Ocean - North East,United States,-176.8353723|51.81316092,Rattus norvegicus
Ardenna grisea,Population study without data in support,3186,Successful,3,Green Rock,Bermuda (Castle Islands),Atlantic Ocean - North,Bermuda,-64.66098877|32.34452035,Rattus norvegicus
Hydrobates leucorhous,No studies found,3186,Successful,1,Green Rock,Bermuda (Castle Islands),Atlantic Ocean - North,Bermuda,-64.66098877|32.34452035,Rattus norvegicus
Ardenna grisea,Population study without data in support,2217,Successful,3,Gugh,Isles of Scilly,Atlantic Ocean - North,United Kingdom,-6.33195332|49.89373835,Rattus norvegicus
Fratercula arctica,Population study with data in support,2217,Successful,2,Gugh,Isles of Scilly,Atlantic Ocean - North,United Kingdom,-6.33195332|49.89373835,Rattus norvegicus
Hydrobates leucorhous,No studies found,2217,Successful,1,Gugh,Isles of Scilly,Atlantic Ocean - North,United Kingdom,-6.33195332|49.89373835,Rattus norvegicus
Puffinus mauretanicus,No studies found,2217,Successful,1,Gugh,Isles of Scilly,Atlantic Ocean - North,United Kingdom,-6.33195332|49.89373835,Rattus norvegicus
Ardenna carneipes,All studies are not in support,828,Successful,1,Gunner's Quoin,Mauritius Islands,Indian Ocean - West,Mauritius,57.62128042|-19.9411923,Rattus norvegicus
Ardenna grisea,Population study without data in support,58,Successful,1,Halt,Falkland Islands (Bleaker Island Group),Atlantic Ocean - South,Falkland Islands (Malvinas),-58.87858561|-52.18890701,Rattus norvegicus
Eudyptes chrysolophus,No studies found,58,Successful,3,Halt,Falkland Islands (Bleaker Island Group),Atlantic Ocean - South,Falkland Islands (Malvinas),-58.87858561|-52.18890701,Rattus norvegicus
Phoebetria palpebrata,No studies found,58,Successful,1,Halt,Falkland Islands (Bleaker Island Group),Atlantic Ocean - South,Falkland Islands (Malvinas),-58.87858561|-52.18890701,Rattus norvegicus
Fratercula arctica,Population study with data in support,3205,Successful (Reinvaded),2,Handa,Scotland Islands,Atlantic Ocean - North,United Kingdom,-5.18759093|58.38076152,Rattus norvegicus
Ardenna grisea,Population study without data in support,373,Successful,1,Harpoon,Falkland Islands (Queen Charlotte Bay),Atlantic Ocean - South,Falkland Islands (Malvinas),-60.52761078|-51.84212327,Rattus norvegicus
Eudyptes chrysolophus,No studies found,373,Successful,3,Harpoon,Falkland Islands (Queen Charlotte Bay),Atlantic Ocean - South,Falkland Islands (Malvinas),-60.52761078|-51.84212327,Rattus norvegicus
Phoebetria palpebrata,No studies found,373,Successful,1,Harpoon,Falkland Islands (Queen Charlotte Bay),Atlantic Ocean - South,Falkland Islands (Malvinas),-60.52761078|-51.84212327,Rattus norvegicus
Ardenna carneipes,All studies are not in support,1875,Successful,1,Hat,Bay of Islands (Urupukapuka),Pacific Ocean - South West,New Zealand,174.2524414|-35.21722652,Rattus norvegicus
Ardenna grisea,Population study without data in support,1875,Successful,2,Hat,Bay of Islands (Urupukapuka),Pacific Ocean - South West,New Zealand,174.2524414|-35.21722652,Rattus norvegicus
Eudyptes pachyrhynchus,No studies found,1875,Successful,3,Hat,Bay of Islands (Urupukapuka),Pacific Ocean - South West,New Zealand,174.2524414|-35.21722652,Rattus norvegicus
Procellaria cinerea,No studies found,1875,Successful,1,Hat,Bay of Islands (Urupukapuka),Pacific Ocean - South West,New Zealand,174.2524414|-35.21722652,Rattus norvegicus
Procellaria westlandica,No studies found,1875,Successful,1,Hat,Bay of Islands (Urupukapuka),Pacific Ocean - South West,New Zealand,174.2524414|-35.21722652,Rattus norvegicus
Sterna striata,No studies found,1875,Successful,4,Hat,Bay of Islands (Urupukapuka),Pacific Ocean - South West,New Zealand,174.2524414|-35.21722652,Rattus norvegicus
Ardenna carneipes,All studies are not in support,856,Successful,1,Hauturu (Clark),Whangamata,Pacific Ocean - South West,New Zealand,175.8911439|-37.21433414,Rattus norvegicus
Ardenna grisea,Population study without data in support,856,Successful,1,Hauturu (Clark),Whangamata,Pacific Ocean - South West,New Zealand,175.8911439|-37.21433414,Rattus norvegicus
Eudyptes pachyrhynchus,No studies found,856,Successful,3,Hauturu (Clark),Whangamata,Pacific Ocean - South West,New Zealand,175.8911439|-37.21433414,Rattus norvegicus
Himantopus novaezelandiae,No studies found,856,Successful,1,Hauturu (Clark),Whangamata,Pacific Ocean - South West,New Zealand,175.8911439|-37.21433414,Rattus norvegicus
Larus bulleri,No studies found,856,Successful,3,Hauturu (Clark),Whangamata,Pacific Ocean - South West,New Zealand,175.8911439|-37.21433414,Rattus norvegicus
Phoebetria palpebrata,No studies found,856,Successful,1,Hauturu (Clark),Whangamata,Pacific Ocean - South West,New Zealand,175.8911439|-37.21433414,Rattus norvegicus
Sterna striata,No studies found,856,Successful,4,Hauturu (Clark),Whangamata,Pacific Ocean - South West,New Zealand,175.8911439|-37.21433414,Rattus norvegicus
Ardenna grisea,Population study without data in support,3171,Successful,1,Hawea,Breaksea Sound,Pacific Ocean - South West,New Zealand,166.6435436|-45.59129478,Rattus norvegicus
Eudyptes pachyrhynchus,No studies found,3171,Successful,3,Hawea,Breaksea Sound,Pacific Ocean - South West,New Zealand,166.6435436|-45.59129478,Rattus norvegicus
Phoebetria palpebrata,No studies found,3171,Successful,1,Hawea,Breaksea Sound,Pacific Ocean - South West,New Zealand,166.6435436|-45.59129478,Rattus norvegicus
Sterna striata,No studies found,3171,Successful,4,Hawea,Breaksea Sound,Pacific Ocean - South West,New Zealand,166.6435436|-45.59129478,Rattus norvegicus
Ardenna grisea,Population study without data in support,1265,Successful,1,High Cliff,Falkland Islands (High Cliff Island Group),Atlantic Ocean - South,Falkland Islands (Malvinas),-59.48173963|-51.80848222,Rattus norvegicus
Eudyptes chrysolophus,No studies found,1265,Successful,3,High Cliff,Falkland Islands (High Cliff Island Group),Atlantic Ocean - South,Falkland Islands (Malvinas),-59.48173963|-51.80848222,Rattus norvegicus
Phoebetria palpebrata,No studies found,1265,Successful,1,High Cliff,Falkland Islands (High Cliff Island Group),Atlantic Ocean - South,Falkland Islands (Malvinas),-59.48173963|-51.80848222,Rattus norvegicus
Ardenna grisea,Population study without data in support,1266,Successful,1,High Cliff East,Falkland Islands (High Cliff Island Group),Atlantic Ocean - South,Falkland Islands (Malvinas),-59.48009937|-51.82119341,Rattus norvegicus
Eudyptes chrysolophus,No studies found,1266,Successful,3,High Cliff East,Falkland Islands (High Cliff Island Group),Atlantic Ocean - South,Falkland Islands (Malvinas),-59.48009937|-51.82119341,Rattus norvegicus
Phoebetria palpebrata,No studies found,1266,Successful,1,High Cliff East,Falkland Islands (High Cliff Island Group),Atlantic Ocean - South,Falkland Islands (Malvinas),-59.48009937|-51.82119341,Rattus norvegicus
Ardenna grisea,Population study without data in support,1268,Successful,1,High Cliff North Islet,Falkland Islands (High Cliff Island Group),Atlantic Ocean - South,Falkland Islands (Malvinas),-59.48884015|-51.82669813,Rattus norvegicus
Eudyptes chrysolophus,No studies found,1268,Successful,3,High Cliff North Islet,Falkland Islands (High Cliff Island Group),Atlantic Ocean - South,Falkland Islands (Malvinas),-59.48884015|-51.82669813,Rattus norvegicus
Phoebetria palpebrata,No studies found,1268,Successful,1,High Cliff North Islet,Falkland Islands (High Cliff Island Group),Atlantic Ocean - South,Falkland Islands (Malvinas),-59.48884015|-51.82669813,Rattus norvegicus
Procellaria cinerea,No studies found,1268,Successful,1,High Cliff North Islet,Falkland Islands (High Cliff Island Group),Atlantic Ocean - South,Falkland Islands (Malvinas),-59.48884015|-51.82669813,Rattus norvegicus
Ardenna grisea,Population study without data in support,1269,Successful,1,High Cliff South Islet,Falkland Islands (High Cliff Island Group),Atlantic Ocean - South,Falkland Islands (Malvinas),-59.4909334|-51.82877171,Rattus norvegicus
Eudyptes chrysolophus,No studies found,1269,Successful,3,High Cliff South Islet,Falkland Islands (High Cliff Island Group),Atlantic Ocean - South,Falkland Islands (Malvinas),-59.4909334|-51.82877171,Rattus norvegicus
Phoebetria palpebrata,No studies found,1269,Successful,1,High Cliff South Islet,Falkland Islands (High Cliff Island Group),Atlantic Ocean - South,Falkland Islands (Malvinas),-59.4909334|-51.82877171,Rattus norvegicus
Procellaria cinerea,No studies found,1269,Successful,1,High Cliff South Islet,Falkland Islands (High Cliff Island Group),Atlantic Ocean - South,Falkland Islands (Malvinas),-59.4909334|-51.82877171,Rattus norvegicus
Ardenna grisea,Population study without data in support,1267,Successful,1,High Cliff West,Falkland Islands (High Cliff Island Group),Atlantic Ocean - South,Falkland Islands (Malvinas),-59.50541511|-51.82615583,Rattus norvegicus
Eudyptes chrysolophus,No studies found,1267,Successful,3,High Cliff West,Falkland Islands (High Cliff Island Group),Atlantic Ocean - South,Falkland Islands (Malvinas),-59.50541511|-51.82615583,Rattus norvegicus
Phoebetria palpebrata,No studies found,1267,Successful,1,High Cliff West,Falkland Islands (High Cliff Island Group),Atlantic Ocean - South,Falkland Islands (Malvinas),-59.50541511|-51.82615583,Rattus norvegicus
Ardenna grisea,Population study without data in support,3184,Successful,3,Horn Rock,Bermuda (Castle Islands),Atlantic Ocean - North,Bermuda,-64.66621141|32.34328463,Rattus norvegicus
Hydrobates leucorhous,No studies found,3184,Successful,1,Horn Rock,Bermuda (Castle Islands),Atlantic Ocean - North,Bermuda,-64.66621141|32.34328463,Rattus norvegicus
Ardenna grisea,Population study without data in support,1163,Successful (Reinvaded),1,Horse,Falkland Islands (Saunders Island Group),Atlantic Ocean - South,Falkland Islands (Malvinas),-60.09052384|-51.38768077,Rattus norvegicus
Eudyptes chrysolophus,No studies found,1163,Successful (Reinvaded),3,Horse,Falkland Islands (Saunders Island Group),Atlantic Ocean - South,Falkland Islands (Malvinas),-60.09052384|-51.38768077,Rattus norvegicus
Phoebetria palpebrata,No studies found,1163,Successful (Reinvaded),1,Horse,Falkland Islands (Saunders Island Group),Atlantic Ocean - South,Falkland Islands (Malvinas),-60.09052384|-51.38768077,Rattus norvegicus
Ardenna grisea,Population study without data in support,2309,Planned,3,Huric,Golfe du Morbihan,Atlantic Ocean - North,France,-2.79239698|47.56388744,Rattus norvegicus
Hydrobates leucorhous,No studies found,2309,Planned,1,Huric,Golfe du Morbihan,Atlantic Ocean - North,France,-2.79239698|47.56388744,Rattus norvegicus
Puffinus mauretanicus,No studies found,2309,Planned,1,Huric,Golfe du Morbihan,Atlantic Ocean - North,France,-2.79239698|47.56388744,Rattus norvegicus
Ardenna grisea,Population study without data in support,1110,Successful,2,Hutchy's,Falkland Islands (North East Island Group),Atlantic Ocean - South,Falkland Islands (Malvinas),-58.38867596|-52.00793235,Rattus norvegicus
Eudyptes chrysolophus,No studies found,1110,Successful,3,Hutchy's,Falkland Islands (North East Island Group),Atlantic Ocean - South,Falkland Islands (Malvinas),-58.38867596|-52.00793235,Rattus norvegicus
Phoebetria palpebrata,No studies found,1110,Successful,1,Hutchy's,Falkland Islands (North East Island Group),Atlantic Ocean - South,Falkland Islands (Malvinas),-58.38867596|-52.00793235,Rattus norvegicus
Ardenna grisea,Population study without data in support,2307,Planned,3,Ilur,Golfe du Morbihan,Atlantic Ocean - North,France,-2.79072193|47.57355318,Rattus norvegicus
Hydrobates leucorhous,No studies found,2307,Planned,1,Ilur,Golfe du Morbihan,Atlantic Ocean - North,France,-2.79072193|47.57355318,Rattus norvegicus
Puffinus mauretanicus,No studies found,2307,Planned,1,Ilur,Golfe du Morbihan,Atlantic Ocean - North,France,-2.79072193|47.57355318,Rattus norvegicus
Hydrobates leucorhous,No studies found,1893,Trial or Research only,1,Ina,Aleutian Islands (Adak Island (Bay of Islands)),Pacific Ocean - North East,United States,-176.7559322|51.79897735,Rattus norvegicus
Onychoprion aleuticus,No studies found,1893,Trial or Research only,2,Ina,Aleutian Islands (Adak Island (Bay of Islands)),Pacific Ocean - North East,United States,-176.7559322|51.79897735,Rattus norvegicus
Ptychoramphus aleuticus,No studies found,1893,Trial or Research only,3,Ina,Aleutian Islands (Adak Island (Bay of Islands)),Pacific Ocean - North East,United States,-176.7559322|51.79897735,Rattus norvegicus
Ardenna grisea,Population study without data in support,48,Successful,1,Inner North West,Falkland Islands (North West Island Group),Atlantic Ocean - South,Falkland Islands (Malvinas),-59.18891226|-51.58629073,Rattus norvegicus
Cinclodes antarcticus,Population study with all qualities in support,48,Successful,1,Inner North West,Falkland Islands (North West Island Group),Atlantic Ocean - South,Falkland Islands (Malvinas),-59.18891226|-51.58629073,Rattus norvegicus
Eudyptes chrysolophus,No studies found,48,Successful,2,Inner North West,Falkland Islands (North West Island Group),Atlantic Ocean - South,Falkland Islands (Malvinas),-59.18891226|-51.58629073,Rattus norvegicus
Ardenna grisea,Population study without data in support,53,Successful (Reinvaded),1,Inner North West,Falkland Islands (North West Island Group),Atlantic Ocean - South,Falkland Islands (Malvinas),-59.18891226|-51.58629073,Rattus norvegicus
Cinclodes antarcticus,Population study with all qualities in support,53,Successful (Reinvaded),1,Inner North West,Falkland Islands (North West Island Group),Atlantic Ocean - South,Falkland Islands (Malvinas),-59.18891226|-51.58629073,Rattus norvegicus
Eudyptes chrysolophus,No studies found,53,Successful (Reinvaded),2,Inner North West,Falkland Islands (North West Island Group),Atlantic Ocean - South,Falkland Islands (Malvinas),-59.18891226|-51.58629073,Rattus norvegicus
Ardenna grisea,Population study without data in support,3180,Successful,3,Inner Pear Rock,Bermuda (Long Bay),Atlantic Ocean - North,Bermuda,-64.65250525|32.350659,Rattus norvegicus
Hydrobates leucorhous,No studies found,3180,Successful,1,Inner Pear Rock,Bermuda (Long Bay),Atlantic Ocean - North,Bermuda,-64.65250525|32.350659,Rattus norvegicus
Puffinus mauretanicus,No studies found,223,Successful,1,Isola delle Femmine,Sicilian Islands,Mediterranean,Italy,13.2359258|38.21012614,Rattus norvegicus
Ardenna grisea,Population study without data in support,3043,Successful,1,James,Falkland Islands (Kelp Islands),Atlantic Ocean - South,Falkland Islands (Malvinas),-58.198899|-51.86533044,Rattus norvegicus
Eudyptes chrysolophus,No studies found,3043,Successful,3,James,Falkland Islands (Kelp Islands),Atlantic Ocean - South,Falkland Islands (Malvinas),-58.198899|-51.86533044,Rattus norvegicus
Phoebetria palpebrata,No studies found,3043,Successful,1,James,Falkland Islands (Kelp Islands),Atlantic Ocean - South,Falkland Islands (Malvinas),-58.198899|-51.86533044,Rattus norvegicus
Apteryx mantelli,All studies are not in support,888,Successful,1,Kapiti,Kapiti Islands,Pacific Ocean - South West,New Zealand,174.9113428|-40.85674274,Rattus norvegicus
Ardenna grisea,Population study without data in support,888,Successful,1,Kapiti,Kapiti Islands,Pacific Ocean - South West,New Zealand,174.9113428|-40.85674274,Rattus norvegicus
Chlidonias albostriatus,Only predation in support,888,Successful,4,Kapiti,Kapiti Islands,Pacific Ocean - South West,New Zealand,174.9113428|-40.85674274,Rattus norvegicus
Coturnix novaezelandiae,No studies found,888,Successful,1,Kapiti,Kapiti Islands,Pacific Ocean - South West,New Zealand,174.9113428|-40.85674274,Rattus norvegicus
Larus bulleri,No studies found,888,Successful,3,Kapiti,Kapiti Islands,Pacific Ocean - South West,New Zealand,174.9113428|-40.85674274,Rattus norvegicus
Mergus australis,No studies found,888,Successful,1,Kapiti,Kapiti Islands,Pacific Ocean - South West,New Zealand,174.9113428|-40.85674274,Rattus norvegicus
Nestor meridionalis,No studies found,888,Successful,1,Kapiti,Kapiti Islands,Pacific Ocean - South West,New Zealand,174.9113428|-40.85674274,Rattus norvegicus
Philesturnus rufusater,No studies found,888,Successful,1,Kapiti,Kapiti Islands,Pacific Ocean - South West,New Zealand,174.9113428|-40.85674274,Rattus norvegicus
Sterna striata,No studies found,888,Successful,1,Kapiti,Kapiti Islands,Pacific Ocean - South West,New Zealand,174.9113428|-40.85674274,Rattus norvegicus
Turnagra tanagra,No studies found,888,Successful,1,Kapiti,Kapiti Islands,Pacific Ocean - South West,New Zealand,174.9113428|-40.85674274,Rattus norvegicus
Ardenna grisea,Population study without data in support,3156,Successful,1,Kate,Falkland Islands (Kelp Islands),Atlantic Ocean - South,Falkland Islands (Malvinas),-58.20229458|-51.87030172,Rattus norvegicus
Eudyptes chrysolophus,No studies found,3156,Successful,3,Kate,Falkland Islands (Kelp Islands),Atlantic Ocean - South,Falkland Islands (Malvinas),-58.20229458|-51.87030172,Rattus norvegicus
Phoebetria palpebrata,No studies found,3156,Successful,1,Kate,Falkland Islands (Kelp Islands),Atlantic Ocean - South,Falkland Islands (Malvinas),-58.20229458|-51.87030172,Rattus norvegicus
Ardenna grisea,Population study without data in support,3032,Successful (Reinvaded),1,Kent,Falkland Islands (River Harbour),Atlantic Ocean - South,Falkland Islands (Malvinas),-59.67062822|-51.43263458,Rattus norvegicus
Eudyptes chrysolophus,No studies found,3032,Successful (Reinvaded),3,Kent,Falkland Islands (River Harbour),Atlantic Ocean - South,Falkland Islands (Malvinas),-59.67062822|-51.43263458,Rattus norvegicus
Phoebetria palpebrata,No studies found,3032,Successful (Reinvaded),1,Kent,Falkland Islands (River Harbour),Atlantic Ocean - South,Falkland Islands (Malvinas),-59.67062822|-51.43263458,Rattus norvegicus
Ardenna grisea,Population study without data in support,3033,Successful (Reinvaded),1,Kent Island Knob,Falkland Islands (River Harbour),Atlantic Ocean - South,Falkland Islands (Malvinas),-59.67944559|-51.42315221,Rattus norvegicus
Eudyptes chrysolophus,No studies found,3033,Successful (Reinvaded),3,Kent Island Knob,Falkland Islands (River Harbour),Atlantic Ocean - South,Falkland Islands (Malvinas),-59.67944559|-51.42315221,Rattus norvegicus
Phoebetria palpebrata,No studies found,3033,Successful (Reinvaded),1,Kent Island Knob,Falkland Islands (River Harbour),Atlantic Ocean - South,Falkland Islands (Malvinas),-59.67944559|-51.42315221,Rattus norvegicus
Ardenna grisea,Population study without data in support,1270,Successful,1,Knoll,Falkland Islands,Atlantic Ocean - South,Falkland Islands (Malvinas),-60.77020907|-52.14127421,Rattus norvegicus
Cinclodes antarcticus,Population study with all qualities in support,1270,Successful,1,Knoll,Falkland Islands,Atlantic Ocean - South,Falkland Islands (Malvinas),-60.77020907|-52.14127421,Rattus norvegicus
Eudyptes chrysolophus,No studies found,1270,Successful,3,Knoll,Falkland Islands,Atlantic Ocean - South,Falkland Islands (Malvinas),-60.77020907|-52.14127421,Rattus norvegicus
Phoebetria palpebrata,No studies found,1270,Successful,1,Knoll,Falkland Islands,Atlantic Ocean - South,Falkland Islands (Malvinas),-60.77020907|-52.14127421,Rattus norvegicus
Ardenna carneipes,All studies are not in support,1308,Successful,1,Koi,Hauraki Gulf (Waiheke Island),Pacific Ocean - South West,New Zealand,175.0556283|-36.82691667,Rattus norvegicus
Ardenna grisea,Population study without data in support,1308,Successful,2,Koi,Hauraki Gulf (Waiheke Island),Pacific Ocean - South West,New Zealand,175.0556283|-36.82691667,Rattus norvegicus
Eudyptes pachyrhynchus,No studies found,1308,Successful,3,Koi,Hauraki Gulf (Waiheke Island),Pacific Ocean - South West,New Zealand,175.0556283|-36.82691667,Rattus norvegicus
Procellaria cinerea,No studies found,1308,Successful,1,Koi,Hauraki Gulf (Waiheke Island),Pacific Ocean - South West,New Zealand,175.0556283|-36.82691667,Rattus norvegicus
Procellaria westlandica,No studies found,1308,Successful,1,Koi,Hauraki Gulf (Waiheke Island),Pacific Ocean - South West,New Zealand,175.0556283|-36.82691667,Rattus norvegicus
Sterna striata,No studies found,1308,Successful,4,Koi,Hauraki Gulf (Waiheke Island),Pacific Ocean - South West,New Zealand,175.0556283|-36.82691667,Rattus norvegicus
Ardenna carneipes,All studies are not in support,1876,Successful,1,Kuiamokimoki,Bay of Islands (Moturoa),Pacific Ocean - South West,New Zealand,174.19849|-35.23039829,Rattus norvegicus
Ardenna grisea,Population study without data in support,1876,Successful,2,Kuiamokimoki,Bay of Islands (Moturoa),Pacific Ocean - South West,New Zealand,174.19849|-35.23039829,Rattus norvegicus
Eudyptes pachyrhynchus,No studies found,1876,Successful,3,Kuiamokimoki,Bay of Islands (Moturoa),Pacific Ocean - South West,New Zealand,174.19849|-35.23039829,Rattus norvegicus
Procellaria cinerea,No studies found,1876,Successful,1,Kuiamokimoki,Bay of Islands (Moturoa),Pacific Ocean - South West,New Zealand,174.19849|-35.23039829,Rattus norvegicus
Procellaria westlandica,No studies found,1876,Successful,1,Kuiamokimoki,Bay of Islands (Moturoa),Pacific Ocean - South West,New Zealand,174.19849|-35.23039829,Rattus norvegicus
Sterna striata,No studies found,1876,Successful,4,Kuiamokimoki,Bay of Islands (Moturoa),Pacific Ocean - South West,New Zealand,174.19849|-35.23039829,Rattus norvegicus
Ardenna grisea,Population study without data in support,1171,Failed,3,Le Loc'h,Archipel de Glenan,Atlantic Ocean - North,France,-3.9965682|47.70554754,Rattus norvegicus
Hydrobates leucorhous,No studies found,1171,Failed,1,Le Loc'h,Archipel de Glenan,Atlantic Ocean - North,France,-3.9965682|47.70554754,Rattus norvegicus
Puffinus mauretanicus,No studies found,1171,Failed,1,Le Loc'h,Archipel de Glenan,Atlantic Ocean - North,France,-3.9965682|47.70554754,Rattus norvegicus
Ardenna grisea,Population study without data in support,2175,Successful,3,Les Mottes,Sept les Archipelago,Atlantic Ocean - North,France,-3.487435821|48.88034757,Rattus norvegicus
Fratercula arctica,Population study with data in support,2175,Successful,2,Les Mottes,Sept les Archipelago,Atlantic Ocean - North,France,-3.487435821|48.88034757,Rattus norvegicus
Hydrobates leucorhous,No studies found,2175,Successful,1,Les Mottes,Sept les Archipelago,Atlantic Ocean - North,France,-3.487435821|48.88034757,Rattus norvegicus
Puffinus mauretanicus,No studies found,2175,Successful,1,Les Mottes,Sept les Archipelago,Atlantic Ocean - North,France,-3.487435821|48.88034757,Rattus norvegicus
Ardenna grisea,Population study without data in support,1111,Successful,1,Letterbox,Falkland Islands (Weddell Islands),Atlantic Ocean - South,Falkland Islands (Malvinas),-61.14881485|-51.82482095,Rattus norvegicus
Eudyptes chrysolophus,No studies found,1111,Successful,3,Letterbox,Falkland Islands (Weddell Islands),Atlantic Ocean - South,Falkland Islands (Malvinas),-61.14881485|-51.82482095,Rattus norvegicus
Phoebetria palpebrata,No studies found,1111,Successful,1,Letterbox,Falkland Islands (Weddell Islands),Atlantic Ocean - South,Falkland Islands (Malvinas),-61.14881485|-51.82482095,Rattus norvegicus
Ardenna grisea,Population study without data in support,1271,Successful,1,Lion Creek Outer,Falkland Islands (Eagle Passage),Atlantic Ocean - South,Falkland Islands (Malvinas),-59.50527962|-52.285471,Rattus norvegicus
Eudyptes chrysolophus,No studies found,1271,Successful,3,Lion Creek Outer,Falkland Islands (Eagle Passage),Atlantic Ocean - South,Falkland Islands (Malvinas),-59.50527962|-52.285471,Rattus norvegicus
Phoebetria palpebrata,No studies found,1271,Successful,1,Lion Creek Outer,Falkland Islands (Eagle Passage),Atlantic Ocean - South,Falkland Islands (Malvinas),-59.50527962|-52.285471,Rattus norvegicus
Ardenna grisea,Population study without data in support,3049,Successful,1,Little Bense,Falkland Islands (Bense Islands group),Atlantic Ocean - South,Falkland Islands (Malvinas),-60.51110277|-51.48493937,Rattus norvegicus
Cinclodes antarcticus,Population study with all qualities in support,3049,Successful,1,Little Bense,Falkland Islands (Bense Islands group),Atlantic Ocean - South,Falkland Islands (Malvinas),-60.51110277|-51.48493937,Rattus norvegicus
Eudyptes chrysolophus,No studies found,3049,Successful,2,Little Bense,Falkland Islands (Bense Islands group),Atlantic Ocean - South,Falkland Islands (Malvinas),-60.51110277|-51.48493937,Rattus norvegicus
Ardenna grisea,Population study without data in support,64,Successful,1,Little Coffin,Falkland Islands (Beaver Island Group),Atlantic Ocean - South,Falkland Islands (Malvinas),-61.16089066|-51.86509581,Rattus norvegicus
Eudyptes chrysolophus,No studies found,64,Successful,3,Little Coffin,Falkland Islands (Beaver Island Group),Atlantic Ocean - South,Falkland Islands (Malvinas),-61.16089066|-51.86509581,Rattus norvegicus
Phoebetria palpebrata,No studies found,64,Successful,1,Little Coffin,Falkland Islands (Beaver Island Group),Atlantic Ocean - South,Falkland Islands (Malvinas),-61.16089066|-51.86509581,Rattus norvegicus
Ardenna grisea,Population study without data in support,1272,Successful,1,Little Coffin Islet,Falkland Islands (Beaver Island Group),Atlantic Ocean - South,Falkland Islands (Malvinas),-61.15450535|-51.86844372,Rattus norvegicus
Eudyptes chrysolophus,No studies found,1272,Successful,3,Little Coffin Islet,Falkland Islands (Beaver Island Group),Atlantic Ocean - South,Falkland Islands (Malvinas),-61.15450535|-51.86844372,Rattus norvegicus
Phoebetria palpebrata,No studies found,1272,Successful,1,Little Coffin Islet,Falkland Islands (Beaver Island Group),Atlantic Ocean - South,Falkland Islands (Malvinas),-61.15450535|-51.86844372,Rattus norvegicus
Procellaria cinerea,No studies found,1272,Successful,1,Little Coffin Islet,Falkland Islands (Beaver Island Group),Atlantic Ocean - South,Falkland Islands (Malvinas),-61.15450535|-51.86844372,Rattus norvegicus
Ardenna carneipes,All studies are not in support,1873,Successful (Reinvaded),1,Little Rat,Bay of Islands (Black Rocks),Pacific Ocean - South West,New Zealand,174.0992937|-35.20475981,Rattus norvegicus
Ardenna grisea,Population study without data in support,1873,Successful (Reinvaded),2,Little Rat,Bay of Islands (Black Rocks),Pacific Ocean - South West,New Zealand,174.0992937|-35.20475981,Rattus norvegicus
Eudyptes pachyrhynchus,No studies found,1873,Successful (Reinvaded),3,Little Rat,Bay of Islands (Black Rocks),Pacific Ocean - South West,New Zealand,174.0992937|-35.20475981,Rattus norvegicus
Sterna striata,No studies found,1873,Successful (Reinvaded),4,Little Rat,Bay of Islands (Black Rocks),Pacific Ocean - South West,New Zealand,174.0992937|-35.20475981,Rattus norvegicus
Ardenna grisea,Population study without data in support,56,Successful,1,Little Samuel,Falkland Islands (Choiseul Sound),Atlantic Ocean - South,Falkland Islands (Malvinas),-58.66276017|-51.95276053,Rattus norvegicus
Eudyptes chrysolophus,No studies found,56,Successful,3,Little Samuel,Falkland Islands (Choiseul Sound),Atlantic Ocean - South,Falkland Islands (Malvinas),-58.66276017|-51.95276053,Rattus norvegicus
Phoebetria palpebrata,No studies found,56,Successful,1,Little Samuel,Falkland Islands (Choiseul Sound),Atlantic Ocean - South,Falkland Islands (Malvinas),-58.66276017|-51.95276053,Rattus norvegicus
Procellaria cinerea,No studies found,56,Successful,1,Little Samuel,Falkland Islands (Choiseul Sound),Atlantic Ocean - South,Falkland Islands (Malvinas),-58.66276017|-51.95276053,Rattus norvegicus
Ardenna grisea,Population study without data in support,1273,Successful,1,Little Shag,Falkland Islands (Salvador Waters),Atlantic Ocean - South,Falkland Islands (Malvinas),-58.31773392|-51.39169259,Rattus norvegicus
Eudyptes chrysolophus,No studies found,1273,Successful,3,Little Shag,Falkland Islands (Salvador Waters),Atlantic Ocean - South,Falkland Islands (Malvinas),-58.31773392|-51.39169259,Rattus norvegicus
Phoebetria palpebrata,No studies found,1273,Successful,1,Little Shag,Falkland Islands (Salvador Waters),Atlantic Ocean - South,Falkland Islands (Malvinas),-58.31773392|-51.39169259,Rattus norvegicus
Procellaria cinerea,No studies found,1273,Successful,1,Little Shag,Falkland Islands (Salvador Waters),Atlantic Ocean - South,Falkland Islands (Malvinas),-58.31773392|-51.39169259,Rattus norvegicus
Ardenna grisea,Population study without data in support,3185,Successful,3,Long Rock,Bermuda (Ruth's Bay),Atlantic Ocean - North,Bermuda,-64.65470183|32.35723525,Rattus norvegicus
Hydrobates leucorhous,No studies found,3185,Successful,1,Long Rock,Bermuda (Ruth's Bay),Atlantic Ocean - North,Bermuda,-64.65470183|32.35723525,Rattus norvegicus
Ardenna grisea,Population study without data in support,3228,Successful,3,Looe,English Channel,Atlantic Ocean - North,United Kingdom,-4.450452876|50.33696417,Rattus norvegicus
Ardenna grisea,Population study without data in support,3229,Successful,3,Looe,English Channel,Atlantic Ocean - North,United Kingdom,-4.450452876|50.33696417,Rattus norvegicus
Fratercula arctica,Population study with data in support,3228,Successful,3,Looe,English Channel,Atlantic Ocean - North,United Kingdom,-4.450452876|50.33696417,Rattus norvegicus
Fratercula arctica,Population study with data in support,3229,Successful,3,Looe,English Channel,Atlantic Ocean - North,United Kingdom,-4.450452876|50.33696417,Rattus norvegicus
Puffinus mauretanicus,No studies found,3228,Successful,1,Looe,English Channel,Atlantic Ocean - North,United Kingdom,-4.450452876|50.33696417,Rattus norvegicus
Puffinus mauretanicus,No studies found,3229,Successful,1,Looe,English Channel,Atlantic Ocean - North,United Kingdom,-4.450452876|50.33696417,Rattus norvegicus
Ardenna carneipes,All studies are not in support,854,Successful,1,Lucy,British Columbia (Haida Gwaii),Pacific Ocean - North East,Canada,-132.9845764|54.18265672,Rattus norvegicus
Ardenna creatopus,All studies are not in support,854,Successful,1,Lucy,British Columbia (Haida Gwaii),Pacific Ocean - North East,Canada,-132.9845764|54.18265672,Rattus norvegicus
Ardenna grisea,Population study without data in support,854,Successful,3,Lucy,British Columbia (Haida Gwaii),Pacific Ocean - North East,Canada,-132.9845764|54.18265672,Rattus norvegicus
Hydrobates leucorhous,No studies found,854,Successful,1,Lucy,British Columbia (Haida Gwaii),Pacific Ocean - North East,Canada,-132.9845764|54.18265672,Rattus norvegicus
Ardenna carneipes,All studies are not in support,2194,Trial or Research only,1,Lucy,British Columbia (Haida Gwaii),Pacific Ocean - North East,Canada,-132.9845764|54.18265672,Rattus norvegicus
Ardenna creatopus,All studies are not in support,2194,Trial or Research only,1,Lucy,British Columbia (Haida Gwaii),Pacific Ocean - North East,Canada,-132.9845764|54.18265672,Rattus norvegicus
Ardenna grisea,Population study without data in support,2194,Trial or Research only,3,Lucy,British Columbia (Haida Gwaii),Pacific Ocean - North East,Canada,-132.9845764|54.18265672,Rattus norvegicus
Hydrobates leucorhous,No studies found,2194,Trial or Research only,1,Lucy,British Columbia (Haida Gwaii),Pacific Ocean - North East,Canada,-132.9845764|54.18265672,Rattus norvegicus
Ardenna grisea,Population study without data in support,235,Successful,3,Lundy,Bristol Channel,Atlantic Ocean - North,United Kingdom,-4.66958038|51.17794887,Rattus norvegicus
Fratercula arctica,Population study with data in support,235,Successful,2,Lundy,Bristol Channel,Atlantic Ocean - North,United Kingdom,-4.66958038|51.17794887,Rattus norvegicus
Ardenna carneipes,All studies are not in support,1859,Successful,1,Mahenotiti,Bay of Islands (Urupukapuka),Pacific Ocean - South West,New Zealand,174.2479817|-35.22754213,Rattus norvegicus
Ardenna grisea,Population study without data in support,1859,Successful,2,Mahenotiti,Bay of Islands (Urupukapuka),Pacific Ocean - South West,New Zealand,174.2479817|-35.22754213,Rattus norvegicus
Eudyptes pachyrhynchus,No studies found,1859,Successful,3,Mahenotiti,Bay of Islands (Urupukapuka),Pacific Ocean - South West,New Zealand,174.2479817|-35.22754213,Rattus norvegicus
Procellaria cinerea,No studies found,1859,Successful,1,Mahenotiti,Bay of Islands (Urupukapuka),Pacific Ocean - South West,New Zealand,174.2479817|-35.22754213,Rattus norvegicus
Procellaria westlandica,No studies found,1859,Successful,1,Mahenotiti,Bay of Islands (Urupukapuka),Pacific Ocean - South West,New Zealand,174.2479817|-35.22754213,Rattus norvegicus
Sterna striata,No studies found,1859,Successful,4,Mahenotiti,Bay of Islands (Urupukapuka),Pacific Ocean - South West,New Zealand,174.2479817|-35.22754213,Rattus norvegicus
Ardenna grisea,Population study without data in support,2326,Successful,3,Malban,Sept les Archipelago,Atlantic Ocean - North,France,-3.465167138|48.89188715,Rattus norvegicus
Fratercula arctica,Population study with data in support,2326,Successful,2,Malban,Sept les Archipelago,Atlantic Ocean - North,France,-3.465167138|48.89188715,Rattus norvegicus
Hydrobates leucorhous,No studies found,2326,Successful,1,Malban,Sept les Archipelago,Atlantic Ocean - North,France,-3.465167138|48.89188715,Rattus norvegicus
Puffinus mauretanicus,No studies found,2326,Successful,1,Malban,Sept les Archipelago,Atlantic Ocean - North,France,-3.465167138|48.89188715,Rattus norvegicus
Ardenna carneipes,All studies are not in support,466,Successful,1,Maria,Hauraki Gulf,Pacific Ocean - South West,New Zealand,175.0058469|-36.70914809,Rattus norvegicus
Ardenna grisea,Population study without data in support,466,Successful,2,Maria,Hauraki Gulf,Pacific Ocean - South West,New Zealand,175.0058469|-36.70914809,Rattus norvegicus
Eudyptes pachyrhynchus,No studies found,466,Successful,3,Maria,Hauraki Gulf,Pacific Ocean - South West,New Zealand,175.0058469|-36.70914809,Rattus norvegicus
Larus bulleri,No studies found,466,Successful,3,Maria,Hauraki Gulf,Pacific Ocean - South West,New Zealand,175.0058469|-36.70914809,Rattus norvegicus
Sterna striata,No studies found,466,Successful,4,Maria,Hauraki Gulf,Pacific Ocean - South West,New Zealand,175.0058469|-36.70914809,Rattus norvegicus
Apteryx mantelli,All studies are not in support,73,Successful,1,Matakohe (Limestone/Whangarei),Whangarei Harbour,Pacific Ocean - South West,New Zealand,174.3592187|-35.7841762,Rattus norvegicus
Ardenna grisea,Population study without data in support,73,Successful,2,Matakohe (Limestone/Whangarei),Whangarei Harbour,Pacific Ocean - South West,New Zealand,174.3592187|-35.7841762,Rattus norvegicus
Coturnix novaezelandiae,No studies found,73,Successful,1,Matakohe (Limestone/Whangarei),Whangarei Harbour,Pacific Ocean - South West,New Zealand,174.3592187|-35.7841762,Rattus norvegicus
Mergus australis,No studies found,73,Successful,1,Matakohe (Limestone/Whangarei),Whangarei Harbour,Pacific Ocean - South West,New Zealand,174.3592187|-35.7841762,Rattus norvegicus
Nestor meridionalis,No studies found,73,Successful,1,Matakohe (Limestone/Whangarei),Whangarei Harbour,Pacific Ocean - South West,New Zealand,174.3592187|-35.7841762,Rattus norvegicus
Sterna striata,No studies found,73,Successful,1,Matakohe (Limestone/Whangarei),Whangarei Harbour,Pacific Ocean - South West,New Zealand,174.3592187|-35.7841762,Rattus norvegicus
Turnagra tanagra,No studies found,73,Successful,1,Matakohe (Limestone/Whangarei),Whangarei Harbour,Pacific Ocean - South West,New Zealand,174.3592187|-35.7841762,Rattus norvegicus
Ardenna carneipes,All studies are not in support,1215,Successful,1,Mauhaka Rocks,Whangamata,Pacific Ocean - South West,New Zealand,175.8932839|-37.21838827,Rattus norvegicus
Ardenna grisea,Population study without data in support,1215,Successful,1,Mauhaka Rocks,Whangamata,Pacific Ocean - South West,New Zealand,175.8932839|-37.21838827,Rattus norvegicus
Eudyptes pachyrhynchus,No studies found,1215,Successful,3,Mauhaka Rocks,Whangamata,Pacific Ocean - South West,New Zealand,175.8932839|-37.21838827,Rattus norvegicus
Phoebetria palpebrata,No studies found,1215,Successful,1,Mauhaka Rocks,Whangamata,Pacific Ocean - South West,New Zealand,175.8932839|-37.21838827,Rattus norvegicus
Sterna striata,No studies found,1215,Successful,4,Mauhaka Rocks,Whangamata,Pacific Ocean - South West,New Zealand,175.8932839|-37.21838827,Rattus norvegicus
Ardenna grisea,Population study without data in support,484,Successful,1,Mayor (Tuhua),Bay of Plenty,Pacific Ocean - South West,New Zealand,176.2554517|-37.28663952,Rattus norvegicus
Coturnix novaezelandiae,No studies found,484,Successful,1,Mayor (Tuhua),Bay of Plenty,Pacific Ocean - South West,New Zealand,176.2554517|-37.28663952,Rattus norvegicus
Cyanoramphus malherbi,No studies found,484,Successful,1,Mayor (Tuhua),Bay of Plenty,Pacific Ocean - South West,New Zealand,176.2554517|-37.28663952,Rattus norvegicus
Mergus australis,No studies found,484,Successful,1,Mayor (Tuhua),Bay of Plenty,Pacific Ocean - South West,New Zealand,176.2554517|-37.28663952,Rattus norvegicus
Nestor meridionalis,No studies found,484,Successful,1,Mayor (Tuhua),Bay of Plenty,Pacific Ocean - South West,New Zealand,176.2554517|-37.28663952,Rattus norvegicus
Sterna striata,No studies found,484,Successful,1,Mayor (Tuhua),Bay of Plenty,Pacific Ocean - South West,New Zealand,176.2554517|-37.28663952,Rattus norvegicus
Ardenna grisea,Population study without data in support,247,Successful,3,Moines,Sept les Archipelago,Atlantic Ocean - North,France,-3.491644497|48.87863924,Rattus norvegicus
Fratercula arctica,Population study with data in support,247,Successful,2,Moines,Sept les Archipelago,Atlantic Ocean - North,France,-3.491644497|48.87863924,Rattus norvegicus
Hydrobates leucorhous,No studies found,247,Successful,1,Moines,Sept les Archipelago,Atlantic Ocean - North,France,-3.491644497|48.87863924,Rattus norvegicus
Puffinus mauretanicus,No studies found,247,Successful,1,Moines,Sept les Archipelago,Atlantic Ocean - North,France,-3.491644497|48.87863924,Rattus norvegicus
Apteryx mantelli,All studies are not in support,1105,Successful,1,Mokoia,Lake Rotorua,Pacific Ocean - South West,New Zealand,176.2876889|-38.07997516,Rattus norvegicus
Coturnix novaezelandiae,No studies found,1105,Successful,1,Mokoia,Lake Rotorua,Pacific Ocean - South West,New Zealand,176.2876889|-38.07997516,Rattus norvegicus
Himantopus novaezelandiae,No studies found,1105,Successful,1,Mokoia,Lake Rotorua,Pacific Ocean - South West,New Zealand,176.2876889|-38.07997516,Rattus norvegicus
Hymenolaimus malacorhynchos,All studies are not in support,1105,Successful,1,Mokoia,Lake Rotorua,Pacific Ocean - South West,New Zealand,176.2876889|-38.07997516,Rattus norvegicus
Larus bulleri,No studies found,1105,Successful,1,Mokoia,Lake Rotorua,Pacific Ocean - South West,New Zealand,176.2876889|-38.07997516,Rattus norvegicus
Mergus australis,No studies found,1105,Successful,1,Mokoia,Lake Rotorua,Pacific Ocean - South West,New Zealand,176.2876889|-38.07997516,Rattus norvegicus
Turnagra tanagra,No studies found,1105,Successful,1,Mokoia,Lake Rotorua,Pacific Ocean - South West,New Zealand,176.2876889|-38.07997516,Rattus norvegicus
Apteryx mantelli,All studies are not in support,3217,In Progress,1,Mokoia,Lake Rotorua,Pacific Ocean - South West,New Zealand,176.2876889|-38.07997516,Rattus norvegicus
Coturnix novaezelandiae,No studies found,3217,In Progress,1,Mokoia,Lake Rotorua,Pacific Ocean - South West,New Zealand,176.2876889|-38.07997516,Rattus norvegicus
Himantopus novaezelandiae,No studies found,3217,In Progress,1,Mokoia,Lake Rotorua,Pacific Ocean - South West,New Zealand,176.2876889|-38.07997516,Rattus norvegicus
Hymenolaimus malacorhynchos,All studies are not in support,3217,In Progress,1,Mokoia,Lake Rotorua,Pacific Ocean - South West,New Zealand,176.2876889|-38.07997516,Rattus norvegicus
Larus bulleri,No studies found,3217,In Progress,1,Mokoia,Lake Rotorua,Pacific Ocean - South West,New Zealand,176.2876889|-38.07997516,Rattus norvegicus
Mergus australis,No studies found,3217,In Progress,1,Mokoia,Lake Rotorua,Pacific Ocean - South West,New Zealand,176.2876889|-38.07997516,Rattus norvegicus
Turnagra tanagra,No studies found,3217,In Progress,1,Mokoia,Lake Rotorua,Pacific Ocean - South West,New Zealand,176.2876889|-38.07997516,Rattus norvegicus
Ardenna grisea,Population study without data in support,1196,Failed,3,Morts,Bay of Roscanvel,Atlantic Ocean - North,France,-4.53721591|48.30309,Rattus norvegicus
Hydrobates leucorhous,No studies found,1196,Failed,1,Morts,Bay of Roscanvel,Atlantic Ocean - North,France,-4.53721591|48.30309,Rattus norvegicus
Puffinus mauretanicus,No studies found,1196,Failed,1,Morts,Bay of Roscanvel,Atlantic Ocean - North,France,-4.53721591|48.30309,Rattus norvegicus
Apteryx mantelli,All studies are not in support,2692,Successful,1,Motiti,Hokianga Harbour,Pacific Ocean - South West,New Zealand,173.552736|-35.3531485,Rattus norvegicus
Ardenna grisea,Population study without data in support,2692,Successful,2,Motiti,Hokianga Harbour,Pacific Ocean - South West,New Zealand,173.552736|-35.3531485,Rattus norvegicus
Coturnix novaezelandiae,No studies found,2692,Successful,1,Motiti,Hokianga Harbour,Pacific Ocean - South West,New Zealand,173.552736|-35.3531485,Rattus norvegicus
Mergus australis,No studies found,2692,Successful,1,Motiti,Hokianga Harbour,Pacific Ocean - South West,New Zealand,173.552736|-35.3531485,Rattus norvegicus
Nestor meridionalis,No studies found,2692,Successful,1,Motiti,Hokianga Harbour,Pacific Ocean - South West,New Zealand,173.552736|-35.3531485,Rattus norvegicus
Turnagra tanagra,No studies found,2692,Successful,1,Motiti,Hokianga Harbour,Pacific Ocean - South West,New Zealand,173.552736|-35.3531485,Rattus norvegicus
Ardenna carneipes,All studies are not in support,454,Successful,1,Motu-o-Kura (Bare),Hawke's Bay,Pacific Ocean - South West,New Zealand,177.0273021|-39.83347025,Rattus norvegicus
Ardenna grisea,Population study without data in support,454,Successful,1,Motu-o-Kura (Bare),Hawke's Bay,Pacific Ocean - South West,New Zealand,177.0273021|-39.83347025,Rattus norvegicus
Eudyptes pachyrhynchus,No studies found,454,Successful,3,Motu-o-Kura (Bare),Hawke's Bay,Pacific Ocean - South West,New Zealand,177.0273021|-39.83347025,Rattus norvegicus
Himantopus novaezelandiae,No studies found,454,Successful,1,Motu-o-Kura (Bare),Hawke's Bay,Pacific Ocean - South West,New Zealand,177.0273021|-39.83347025,Rattus norvegicus
Larus bulleri,No studies found,454,Successful,3,Motu-o-Kura (Bare),Hawke's Bay,Pacific Ocean - South West,New Zealand,177.0273021|-39.83347025,Rattus norvegicus
Phoebetria palpebrata,No studies found,454,Successful,1,Motu-o-Kura (Bare),Hawke's Bay,Pacific Ocean - South West,New Zealand,177.0273021|-39.83347025,Rattus norvegicus
Sterna striata,No studies found,454,Successful,4,Motu-o-Kura (Bare),Hawke's Bay,Pacific Ocean - South West,New Zealand,177.0273021|-39.83347025,Rattus norvegicus
Ardenna carneipes,All studies are not in support,2183,Successful,1,Motuarohia,Bay of Islands,Pacific Ocean - South West,New Zealand,174.1657474|-35.233027,Rattus norvegicus
Ardenna grisea,Population study without data in support,2183,Successful,2,Motuarohia,Bay of Islands,Pacific Ocean - South West,New Zealand,174.1657474|-35.233027,Rattus norvegicus
Eudyptes pachyrhynchus,No studies found,2183,Successful,3,Motuarohia,Bay of Islands,Pacific Ocean - South West,New Zealand,174.1657474|-35.233027,Rattus norvegicus
Sterna striata,No studies found,2183,Successful,4,Motuarohia,Bay of Islands,Pacific Ocean - South West,New Zealand,174.1657474|-35.233027,Rattus norvegicus
Ardenna carneipes,All studies are not in support,2903,In Progress,1,Motuarohia,Bay of Islands,Pacific Ocean - South West,New Zealand,174.1657474|-35.233027,Rattus norvegicus
Ardenna grisea,Population study without data in support,2903,In Progress,2,Motuarohia,Bay of Islands,Pacific Ocean - South West,New Zealand,174.1657474|-35.233027,Rattus norvegicus
Eudyptes pachyrhynchus,No studies found,2903,In Progress,3,Motuarohia,Bay of Islands,Pacific Ocean - South West,New Zealand,174.1657474|-35.233027,Rattus norvegicus
Sterna striata,No studies found,2903,In Progress,4,Motuarohia,Bay of Islands,Pacific Ocean - South West,New Zealand,174.1657474|-35.233027,Rattus norvegicus
Ardenna carneipes,All studies are not in support,295,Successful,1,Motuhoropapa,Hauraki Gulf,Pacific Ocean - South West,New Zealand,174.9638439|-36.68910099,Rattus norvegicus
Ardenna grisea,Population study without data in support,295,Successful,2,Motuhoropapa,Hauraki Gulf,Pacific Ocean - South West,New Zealand,174.9638439|-36.68910099,Rattus norvegicus
Eudyptes pachyrhynchus,No studies found,295,Successful,3,Motuhoropapa,Hauraki Gulf,Pacific Ocean - South West,New Zealand,174.9638439|-36.68910099,Rattus norvegicus
Larus bulleri,No studies found,295,Successful,3,Motuhoropapa,Hauraki Gulf,Pacific Ocean - South West,New Zealand,174.9638439|-36.68910099,Rattus norvegicus
Sterna striata,No studies found,295,Successful,4,Motuhoropapa,Hauraki Gulf,Pacific Ocean - South West,New Zealand,174.9638439|-36.68910099,Rattus norvegicus
Ardenna carneipes,All studies are not in support,147,Successful (Reinvaded),1,Motuhoropapa,Hauraki Gulf,Pacific Ocean - South West,New Zealand,174.9638439|-36.68910099,Rattus norvegicus
Ardenna carneipes,All studies are not in support,294,Successful (Reinvaded),1,Motuhoropapa,Hauraki Gulf,Pacific Ocean - South West,New Zealand,174.9638439|-36.68910099,Rattus norvegicus
Ardenna carneipes,All studies are not in support,487,Successful (Reinvaded),1,Motuhoropapa,Hauraki Gulf,Pacific Ocean - South West,New Zealand,174.9638439|-36.68910099,Rattus norvegicus
Ardenna carneipes,All studies are not in support,829,Successful (Reinvaded),1,Motuhoropapa,Hauraki Gulf,Pacific Ocean - South West,New Zealand,174.9638439|-36.68910099,Rattus norvegicus
Ardenna carneipes,All studies are not in support,830,Successful (Reinvaded),1,Motuhoropapa,Hauraki Gulf,Pacific Ocean - South West,New Zealand,174.9638439|-36.68910099,Rattus norvegicus
Ardenna carneipes,All studies are not in support,863,Successful (Reinvaded),1,Motuhoropapa,Hauraki Gulf,Pacific Ocean - South West,New Zealand,174.9638439|-36.68910099,Rattus norvegicus
Ardenna grisea,Population study without data in support,147,Successful (Reinvaded),2,Motuhoropapa,Hauraki Gulf,Pacific Ocean - South West,New Zealand,174.9638439|-36.68910099,Rattus norvegicus
Ardenna grisea,Population study without data in support,294,Successful (Reinvaded),2,Motuhoropapa,Hauraki Gulf,Pacific Ocean - South West,New Zealand,174.9638439|-36.68910099,Rattus norvegicus
Ardenna grisea,Population study without data in support,487,Successful (Reinvaded),2,Motuhoropapa,Hauraki Gulf,Pacific Ocean - South West,New Zealand,174.9638439|-36.68910099,Rattus norvegicus
Ardenna grisea,Population study without data in support,829,Successful (Reinvaded),2,Motuhoropapa,Hauraki Gulf,Pacific Ocean - South West,New Zealand,174.9638439|-36.68910099,Rattus norvegicus
Ardenna grisea,Population study without data in support,830,Successful (Reinvaded),2,Motuhoropapa,Hauraki Gulf,Pacific Ocean - South West,New Zealand,174.9638439|-36.68910099,Rattus norvegicus
Ardenna grisea,Population study without data in support,863,Successful (Reinvaded),2,Motuhoropapa,Hauraki Gulf,Pacific Ocean - South West,New Zealand,174.9638439|-36.68910099,Rattus norvegicus
Eudyptes pachyrhynchus,No studies found,147,Successful (Reinvaded),3,Motuhoropapa,Hauraki Gulf,Pacific Ocean - South West,New Zealand,174.9638439|-36.68910099,Rattus norvegicus
Eudyptes pachyrhynchus,No studies found,294,Successful (Reinvaded),3,Motuhoropapa,Hauraki Gulf,Pacific Ocean - South West,New Zealand,174.9638439|-36.68910099,Rattus norvegicus
Eudyptes pachyrhynchus,No studies found,487,Successful (Reinvaded),3,Motuhoropapa,Hauraki Gulf,Pacific Ocean - South West,New Zealand,174.9638439|-36.68910099,Rattus norvegicus
Eudyptes pachyrhynchus,No studies found,829,Successful (Reinvaded),3,Motuhoropapa,Hauraki Gulf,Pacific Ocean - South West,New Zealand,174.9638439|-36.68910099,Rattus norvegicus
Eudyptes pachyrhynchus,No studies found,830,Successful (Reinvaded),3,Motuhoropapa,Hauraki Gulf,Pacific Ocean - South West,New Zealand,174.9638439|-36.68910099,Rattus norvegicus
Eudyptes pachyrhynchus,No studies found,863,Successful (Reinvaded),3,Motuhoropapa,Hauraki Gulf,Pacific Ocean - South West,New Zealand,174.9638439|-36.68910099,Rattus norvegicus
Larus bulleri,No studies found,147,Successful (Reinvaded),3,Motuhoropapa,Hauraki Gulf,Pacific Ocean - South West,New Zealand,174.9638439|-36.68910099,Rattus norvegicus
Larus bulleri,No studies found,294,Successful (Reinvaded),3,Motuhoropapa,Hauraki Gulf,Pacific Ocean - South West,New Zealand,174.9638439|-36.68910099,Rattus norvegicus
Larus bulleri,No studies found,487,Successful (Reinvaded),3,Motuhoropapa,Hauraki Gulf,Pacific Ocean - South West,New Zealand,174.9638439|-36.68910099,Rattus norvegicus
Larus bulleri,No studies found,829,Successful (Reinvaded),3,Motuhoropapa,Hauraki Gulf,Pacific Ocean - South West,New Zealand,174.9638439|-36.68910099,Rattus norvegicus
Larus bulleri,No studies found,830,Successful (Reinvaded),3,Motuhoropapa,Hauraki Gulf,Pacific Ocean - South West,New Zealand,174.9638439|-36.68910099,Rattus norvegicus
Larus bulleri,No studies found,863,Successful (Reinvaded),3,Motuhoropapa,Hauraki Gulf,Pacific Ocean - South West,New Zealand,174.9638439|-36.68910099,Rattus norvegicus
Sterna striata,No studies found,147,Successful (Reinvaded),4,Motuhoropapa,Hauraki Gulf,Pacific Ocean - South West,New Zealand,174.9638439|-36.68910099,Rattus norvegicus
Sterna striata,No studies found,294,Successful (Reinvaded),4,Motuhoropapa,Hauraki Gulf,Pacific Ocean - South West,New Zealand,174.9638439|-36.68910099,Rattus norvegicus
Sterna striata,No studies found,487,Successful (Reinvaded),4,Motuhoropapa,Hauraki Gulf,Pacific Ocean - South West,New Zealand,174.9638439|-36.68910099,Rattus norvegicus
Sterna striata,No studies found,829,Successful (Reinvaded),4,Motuhoropapa,Hauraki Gulf,Pacific Ocean - South West,New Zealand,174.9638439|-36.68910099,Rattus norvegicus
Sterna striata,No studies found,830,Successful (Reinvaded),4,Motuhoropapa,Hauraki Gulf,Pacific Ocean - South West,New Zealand,174.9638439|-36.68910099,Rattus norvegicus
Sterna striata,No studies found,863,Successful (Reinvaded),4,Motuhoropapa,Hauraki Gulf,Pacific Ocean - South West,New Zealand,174.9638439|-36.68910099,Rattus norvegicus
Ardenna grisea,Population study without data in support,442,Successful,2,Motuihe,Hauraki Gulf,Pacific Ocean - South West,New Zealand,174.9461854|-36.8124031,Rattus norvegicus
Ardenna grisea,Population study without data in support,2714,Successful,2,Motuihe,Hauraki Gulf,Pacific Ocean - South West,New Zealand,174.9461854|-36.8124031,Rattus norvegicus
Coturnix novaezelandiae,No studies found,442,Successful,1,Motuihe,Hauraki Gulf,Pacific Ocean - South West,New Zealand,174.9461854|-36.8124031,Rattus norvegicus
Coturnix novaezelandiae,No studies found,2714,Successful,1,Motuihe,Hauraki Gulf,Pacific Ocean - South West,New Zealand,174.9461854|-36.8124031,Rattus norvegicus
Larus bulleri,No studies found,442,Successful,3,Motuihe,Hauraki Gulf,Pacific Ocean - South West,New Zealand,174.9461854|-36.8124031,Rattus norvegicus
Larus bulleri,No studies found,2714,Successful,3,Motuihe,Hauraki Gulf,Pacific Ocean - South West,New Zealand,174.9461854|-36.8124031,Rattus norvegicus
Mergus australis,No studies found,442,Successful,1,Motuihe,Hauraki Gulf,Pacific Ocean - South West,New Zealand,174.9461854|-36.8124031,Rattus norvegicus
Mergus australis,No studies found,2714,Successful,1,Motuihe,Hauraki Gulf,Pacific Ocean - South West,New Zealand,174.9461854|-36.8124031,Rattus norvegicus
Sterna striata,No studies found,442,Successful,1,Motuihe,Hauraki Gulf,Pacific Ocean - South West,New Zealand,174.9461854|-36.8124031,Rattus norvegicus
Sterna striata,No studies found,2714,Successful,1,Motuihe,Hauraki Gulf,Pacific Ocean - South West,New Zealand,174.9461854|-36.8124031,Rattus norvegicus
Turnagra tanagra,No studies found,442,Successful,1,Motuihe,Hauraki Gulf,Pacific Ocean - South West,New Zealand,174.9461854|-36.8124031,Rattus norvegicus
Turnagra tanagra,No studies found,2714,Successful,1,Motuihe,Hauraki Gulf,Pacific Ocean - South West,New Zealand,174.9461854|-36.8124031,Rattus norvegicus
Ardenna grisea,Population study without data in support,8,Unknown,2,Motuihe,Hauraki Gulf,Pacific Ocean - South West,New Zealand,174.9461854|-36.8124031,Rattus norvegicus
Coturnix novaezelandiae,No studies found,8,Unknown,1,Motuihe,Hauraki Gulf,Pacific Ocean - South West,New Zealand,174.9461854|-36.8124031,Rattus norvegicus
Larus bulleri,No studies found,8,Unknown,3,Motuihe,Hauraki Gulf,Pacific Ocean - South West,New Zealand,174.9461854|-36.8124031,Rattus norvegicus
Mergus australis,No studies found,8,Unknown,1,Motuihe,Hauraki Gulf,Pacific Ocean - South West,New Zealand,174.9461854|-36.8124031,Rattus norvegicus
Sterna striata,No studies found,8,Unknown,1,Motuihe,Hauraki Gulf,Pacific Ocean - South West,New Zealand,174.9461854|-36.8124031,Rattus norvegicus
Turnagra tanagra,No studies found,8,Unknown,1,Motuihe,Hauraki Gulf,Pacific Ocean - South West,New Zealand,174.9461854|-36.8124031,Rattus norvegicus
Ardenna carneipes,All studies are not in support,1103,Successful (Reinvaded),1,Motungara (Motungarara),Kapiti Islands,Pacific Ocean - South West,New Zealand,174.9006916|-40.88699209,Rattus norvegicus
Ardenna grisea,Population study without data in support,1103,Successful (Reinvaded),1,Motungara (Motungarara),Kapiti Islands,Pacific Ocean - South West,New Zealand,174.9006916|-40.88699209,Rattus norvegicus
Chlidonias albostriatus,Only predation in support,1103,Successful (Reinvaded),4,Motungara (Motungarara),Kapiti Islands,Pacific Ocean - South West,New Zealand,174.9006916|-40.88699209,Rattus norvegicus
Eudyptes pachyrhynchus,No studies found,1103,Successful (Reinvaded),3,Motungara (Motungarara),Kapiti Islands,Pacific Ocean - South West,New Zealand,174.9006916|-40.88699209,Rattus norvegicus
Phoebetria palpebrata,No studies found,1103,Successful (Reinvaded),1,Motungara (Motungarara),Kapiti Islands,Pacific Ocean - South West,New Zealand,174.9006916|-40.88699209,Rattus norvegicus
Sterna striata,No studies found,1103,Successful (Reinvaded),4,Motungara (Motungarara),Kapiti Islands,Pacific Ocean - South West,New Zealand,174.9006916|-40.88699209,Rattus norvegicus
Ardenna carneipes,All studies are not in support,2702,Unknown,1,Motungara (Motungarara),Kapiti Islands,Pacific Ocean - South West,New Zealand,174.9006916|-40.88699209,Rattus norvegicus
Ardenna grisea,Population study without data in support,2702,Unknown,1,Motungara (Motungarara),Kapiti Islands,Pacific Ocean - South West,New Zealand,174.9006916|-40.88699209,Rattus norvegicus
Chlidonias albostriatus,Only predation in support,2702,Unknown,4,Motungara (Motungarara),Kapiti Islands,Pacific Ocean - South West,New Zealand,174.9006916|-40.88699209,Rattus norvegicus
Eudyptes pachyrhynchus,No studies found,2702,Unknown,3,Motungara (Motungarara),Kapiti Islands,Pacific Ocean - South West,New Zealand,174.9006916|-40.88699209,Rattus norvegicus
Phoebetria palpebrata,No studies found,2702,Unknown,1,Motungara (Motungarara),Kapiti Islands,Pacific Ocean - South West,New Zealand,174.9006916|-40.88699209,Rattus norvegicus
Sterna striata,No studies found,2702,Unknown,4,Motungara (Motungarara),Kapiti Islands,Pacific Ocean - South West,New Zealand,174.9006916|-40.88699209,Rattus norvegicus
Ardenna carneipes,All studies are not in support,1870,Successful,1,Motungarara (Cliff Rock),Bay of Islands (Okahu Island),Pacific Ocean - South West,New Zealand,174.2044992|-35.20296911,Rattus norvegicus
Ardenna grisea,Population study without data in support,1870,Successful,2,Motungarara (Cliff Rock),Bay of Islands (Okahu Island),Pacific Ocean - South West,New Zealand,174.2044992|-35.20296911,Rattus norvegicus
Eudyptes pachyrhynchus,No studies found,1870,Successful,3,Motungarara (Cliff Rock),Bay of Islands (Okahu Island),Pacific Ocean - South West,New Zealand,174.2044992|-35.20296911,Rattus norvegicus
Sterna striata,No studies found,1870,Successful,4,Motungarara (Cliff Rock),Bay of Islands (Okahu Island),Pacific Ocean - South West,New Zealand,174.2044992|-35.20296911,Rattus norvegicus
Ardenna carneipes,All studies are not in support,1877,Successful,1,Motuoi,Bay of Islands (Moturoa),Pacific Ocean - South West,New Zealand,174.1819477|-35.21909192,Rattus norvegicus
Ardenna grisea,Population study without data in support,1877,Successful,2,Motuoi,Bay of Islands (Moturoa),Pacific Ocean - South West,New Zealand,174.1819477|-35.21909192,Rattus norvegicus
Eudyptes pachyrhynchus,No studies found,1877,Successful,3,Motuoi,Bay of Islands (Moturoa),Pacific Ocean - South West,New Zealand,174.1819477|-35.21909192,Rattus norvegicus
Sterna striata,No studies found,1877,Successful,4,Motuoi,Bay of Islands (Moturoa),Pacific Ocean - South West,New Zealand,174.1819477|-35.21909192,Rattus norvegicus
Ardenna carneipes,All studies are not in support,406,Successful,1,Moturemu,Kaipara Harbor,Pacific Ocean - South West,New Zealand,174.3931099|-36.42229159,Rattus norvegicus
Ardenna grisea,Population study without data in support,406,Successful,2,Moturemu,Kaipara Harbor,Pacific Ocean - South West,New Zealand,174.3931099|-36.42229159,Rattus norvegicus
Eudyptes pachyrhynchus,No studies found,406,Successful,3,Moturemu,Kaipara Harbor,Pacific Ocean - South West,New Zealand,174.3931099|-36.42229159,Rattus norvegicus
Himantopus novaezelandiae,No studies found,406,Successful,3,Moturemu,Kaipara Harbor,Pacific Ocean - South West,New Zealand,174.3931099|-36.42229159,Rattus norvegicus
Larus bulleri,No studies found,406,Successful,3,Moturemu,Kaipara Harbor,Pacific Ocean - South West,New Zealand,174.3931099|-36.42229159,Rattus norvegicus
Phoebetria palpebrata,No studies found,406,Successful,1,Moturemu,Kaipara Harbor,Pacific Ocean - South West,New Zealand,174.3931099|-36.42229159,Rattus norvegicus
Sterna striata,No studies found,406,Successful,4,Moturemu,Kaipara Harbor,Pacific Ocean - South West,New Zealand,174.3931099|-36.42229159,Rattus norvegicus
Ardenna carneipes,All studies are not in support,152,Successful (Reinvaded),1,Moturemu,Kaipara Harbor,Pacific Ocean - South West,New Zealand,174.3931099|-36.42229159,Rattus norvegicus
Ardenna grisea,Population study without data in support,152,Successful (Reinvaded),2,Moturemu,Kaipara Harbor,Pacific Ocean - South West,New Zealand,174.3931099|-36.42229159,Rattus norvegicus
Eudyptes pachyrhynchus,No studies found,152,Successful (Reinvaded),3,Moturemu,Kaipara Harbor,Pacific Ocean - South West,New Zealand,174.3931099|-36.42229159,Rattus norvegicus
Himantopus novaezelandiae,No studies found,152,Successful (Reinvaded),3,Moturemu,Kaipara Harbor,Pacific Ocean - South West,New Zealand,174.3931099|-36.42229159,Rattus norvegicus
Larus bulleri,No studies found,152,Successful (Reinvaded),3,Moturemu,Kaipara Harbor,Pacific Ocean - South West,New Zealand,174.3931099|-36.42229159,Rattus norvegicus
Phoebetria palpebrata,No studies found,152,Successful (Reinvaded),1,Moturemu,Kaipara Harbor,Pacific Ocean - South West,New Zealand,174.3931099|-36.42229159,Rattus norvegicus
Sterna striata,No studies found,152,Successful (Reinvaded),4,Moturemu,Kaipara Harbor,Pacific Ocean - South West,New Zealand,174.3931099|-36.42229159,Rattus norvegicus
Ardenna grisea,Population study without data in support,390,Successful (Reinvaded),2,Moturoa,Bay of Islands (Black Rocks),Pacific Ocean - South West,New Zealand,174.0898421|-35.20988997,Rattus norvegicus
Ardenna grisea,Population study without data in support,2218,Successful (Reinvaded),2,Moturoa,Bay of Islands (Black Rocks),Pacific Ocean - South West,New Zealand,174.0898421|-35.20988997,Rattus norvegicus
Coturnix novaezelandiae,No studies found,390,Successful (Reinvaded),1,Moturoa,Bay of Islands (Black Rocks),Pacific Ocean - South West,New Zealand,174.0898421|-35.20988997,Rattus norvegicus
Coturnix novaezelandiae,No studies found,2218,Successful (Reinvaded),1,Moturoa,Bay of Islands (Black Rocks),Pacific Ocean - South West,New Zealand,174.0898421|-35.20988997,Rattus norvegicus
Mergus australis,No studies found,390,Successful (Reinvaded),1,Moturoa,Bay of Islands (Black Rocks),Pacific Ocean - South West,New Zealand,174.0898421|-35.20988997,Rattus norvegicus
Mergus australis,No studies found,2218,Successful (Reinvaded),1,Moturoa,Bay of Islands (Black Rocks),Pacific Ocean - South West,New Zealand,174.0898421|-35.20988997,Rattus norvegicus
Sterna striata,No studies found,390,Successful (Reinvaded),1,Moturoa,Bay of Islands (Black Rocks),Pacific Ocean - South West,New Zealand,174.0898421|-35.20988997,Rattus norvegicus
Sterna striata,No studies found,2218,Successful (Reinvaded),1,Moturoa,Bay of Islands (Black Rocks),Pacific Ocean - South West,New Zealand,174.0898421|-35.20988997,Rattus norvegicus
Turnagra tanagra,No studies found,390,Successful (Reinvaded),1,Moturoa,Bay of Islands (Black Rocks),Pacific Ocean - South West,New Zealand,174.0898421|-35.20988997,Rattus norvegicus
Turnagra tanagra,No studies found,2218,Successful (Reinvaded),1,Moturoa,Bay of Islands (Black Rocks),Pacific Ocean - South West,New Zealand,174.0898421|-35.20988997,Rattus norvegicus
Ardenna grisea,Population study without data in support,1841,Successful,2,Moturua,Bay of Islands,Pacific Ocean - South West,New Zealand,174.1909514|-35.2236004,Rattus norvegicus
Coturnix novaezelandiae,No studies found,1841,Successful,1,Moturua,Bay of Islands,Pacific Ocean - South West,New Zealand,174.1909514|-35.2236004,Rattus norvegicus
Mergus australis,No studies found,1841,Successful,1,Moturua,Bay of Islands,Pacific Ocean - South West,New Zealand,174.1909514|-35.2236004,Rattus norvegicus
Sterna striata,No studies found,1841,Successful,1,Moturua,Bay of Islands,Pacific Ocean - South West,New Zealand,174.1909514|-35.2236004,Rattus norvegicus
Turnagra tanagra,No studies found,1841,Successful,1,Moturua,Bay of Islands,Pacific Ocean - South West,New Zealand,174.1909514|-35.2236004,Rattus norvegicus
Ardenna carneipes,All studies are not in support,2471,Successful,1,Motutapu,Bay of Islands,Pacific Ocean - South West,New Zealand,174.0179199|-35.19288021,Rattus norvegicus
Ardenna grisea,Population study without data in support,1231,Successful,2,Motutapu,Hauraki Gulf,Pacific Ocean - South West,New Zealand,174.915858|-36.76471453,Rattus norvegicus
Ardenna grisea,Population study without data in support,2471,Successful,2,Motutapu,Bay of Islands,Pacific Ocean - South West,New Zealand,174.0179199|-35.19288021,Rattus norvegicus
Coturnix novaezelandiae,No studies found,1231,Successful,1,Motutapu,Hauraki Gulf,Pacific Ocean - South West,New Zealand,174.915858|-36.76471453,Rattus norvegicus
Eudyptes pachyrhynchus,No studies found,2471,Successful,3,Motutapu,Bay of Islands,Pacific Ocean - South West,New Zealand,174.0179199|-35.19288021,Rattus norvegicus
Larus bulleri,No studies found,1231,Successful,3,Motutapu,Hauraki Gulf,Pacific Ocean - South West,New Zealand,174.915858|-36.76471453,Rattus norvegicus
Mergus australis,No studies found,1231,Successful,1,Motutapu,Hauraki Gulf,Pacific Ocean - South West,New Zealand,174.915858|-36.76471453,Rattus norvegicus
Procellaria cinerea,No studies found,2471,Successful,1,Motutapu,Bay of Islands,Pacific Ocean - South West,New Zealand,174.0179199|-35.19288021,Rattus norvegicus
Procellaria westlandica,No studies found,2471,Successful,1,Motutapu,Bay of Islands,Pacific Ocean - South West,New Zealand,174.0179199|-35.19288021,Rattus norvegicus
Sterna striata,No studies found,1231,Successful,1,Motutapu,Hauraki Gulf,Pacific Ocean - South West,New Zealand,174.915858|-36.76471453,Rattus norvegicus
Sterna striata,No studies found,2471,Successful,4,Motutapu,Bay of Islands,Pacific Ocean - South West,New Zealand,174.0179199|-35.19288021,Rattus norvegicus
Turnagra tanagra,No studies found,1231,Successful,1,Motutapu,Hauraki Gulf,Pacific Ocean - South West,New Zealand,174.915858|-36.76471453,Rattus norvegicus
Ardenna carneipes,All studies are not in support,1848,Successful,1,Motutara,Bay of Islands (Motukiekie),Pacific Ocean - South West,New Zealand,174.1950463|-35.21439622,Rattus norvegicus
Ardenna grisea,Population study without data in support,1848,Successful,2,Motutara,Bay of Islands (Motukiekie),Pacific Ocean - South West,New Zealand,174.1950463|-35.21439622,Rattus norvegicus
Eudyptes pachyrhynchus,No studies found,1848,Successful,3,Motutara,Bay of Islands (Motukiekie),Pacific Ocean - South West,New Zealand,174.1950463|-35.21439622,Rattus norvegicus
Sterna striata,No studies found,1848,Successful,4,Motutara,Bay of Islands (Motukiekie),Pacific Ocean - South West,New Zealand,174.1950463|-35.21439622,Rattus norvegicus
Ardenna carneipes,All studies are not in support,1208,Successful,1,Motuterahiki,Bay of Islands,Pacific Ocean - South West,New Zealand,174.0952508|-35.18530024,Rattus norvegicus
Ardenna grisea,Population study without data in support,1208,Successful,2,Motuterahiki,Bay of Islands,Pacific Ocean - South West,New Zealand,174.0952508|-35.18530024,Rattus norvegicus
Eudyptes pachyrhynchus,No studies found,1208,Successful,3,Motuterahiki,Bay of Islands,Pacific Ocean - South West,New Zealand,174.0952508|-35.18530024,Rattus norvegicus
Procellaria cinerea,No studies found,1208,Successful,1,Motuterahiki,Bay of Islands,Pacific Ocean - South West,New Zealand,174.0952508|-35.18530024,Rattus norvegicus
Procellaria westlandica,No studies found,1208,Successful,1,Motuterahiki,Bay of Islands,Pacific Ocean - South West,New Zealand,174.0952508|-35.18530024,Rattus norvegicus
Sterna striata,No studies found,1208,Successful,4,Motuterahiki,Bay of Islands,Pacific Ocean - South West,New Zealand,174.0952508|-35.18530024,Rattus norvegicus
Ardenna carneipes,All studies are not in support,1205,Successful (Reinvaded),1,Mouse,Bay of Islands (Black Rocks),Pacific Ocean - South West,New Zealand,174.1032424|-35.20337348,Rattus norvegicus
Ardenna grisea,Population study without data in support,1205,Successful (Reinvaded),2,Mouse,Bay of Islands (Black Rocks),Pacific Ocean - South West,New Zealand,174.1032424|-35.20337348,Rattus norvegicus
Eudyptes pachyrhynchus,No studies found,1205,Successful (Reinvaded),3,Mouse,Bay of Islands (Black Rocks),Pacific Ocean - South West,New Zealand,174.1032424|-35.20337348,Rattus norvegicus
Sterna striata,No studies found,1205,Successful (Reinvaded),4,Mouse,Bay of Islands (Black Rocks),Pacific Ocean - South West,New Zealand,174.1032424|-35.20337348,Rattus norvegicus
Ardenna grisea,Population study without data in support,414,Successful,1,Moutohora,Bay of Plenty,Pacific Ocean - South West,New Zealand,176.9730937|-37.85510639,Rattus norvegicus
Coturnix novaezelandiae,No studies found,414,Successful,1,Moutohora,Bay of Plenty,Pacific Ocean - South West,New Zealand,176.9730937|-37.85510639,Rattus norvegicus
Larus bulleri,No studies found,414,Successful,1,Moutohora,Bay of Plenty,Pacific Ocean - South West,New Zealand,176.9730937|-37.85510639,Rattus norvegicus
Mergus australis,No studies found,414,Successful,1,Moutohora,Bay of Plenty,Pacific Ocean - South West,New Zealand,176.9730937|-37.85510639,Rattus norvegicus
Sterna striata,No studies found,414,Successful,1,Moutohora,Bay of Plenty,Pacific Ocean - South West,New Zealand,176.9730937|-37.85510639,Rattus norvegicus
Ardenna carneipes,All studies are not in support,2274,Successful (Reinvaded),1,NE Crater Rim,Bay of Islands (Black Rocks),Pacific Ocean - South West,New Zealand,174.1127129|-35.20350583,Rattus norvegicus
Ardenna grisea,Population study without data in support,2274,Successful (Reinvaded),2,NE Crater Rim,Bay of Islands (Black Rocks),Pacific Ocean - South West,New Zealand,174.1127129|-35.20350583,Rattus norvegicus
Eudyptes pachyrhynchus,No studies found,2274,Successful (Reinvaded),3,NE Crater Rim,Bay of Islands (Black Rocks),Pacific Ocean - South West,New Zealand,174.1127129|-35.20350583,Rattus norvegicus
Sterna striata,No studies found,2274,Successful (Reinvaded),4,NE Crater Rim,Bay of Islands (Black Rocks),Pacific Ocean - South West,New Zealand,174.1127129|-35.20350583,Rattus norvegicus
Ardenna carneipes,All studies are not in support,2272,Successful (Reinvaded),1,NW Crater Rim,Bay of Islands (Black Rocks),Pacific Ocean - South West,New Zealand,174.1108509|-35.2029227,Rattus norvegicus
Ardenna grisea,Population study without data in support,2272,Successful (Reinvaded),2,NW Crater Rim,Bay of Islands (Black Rocks),Pacific Ocean - South West,New Zealand,174.1108509|-35.2029227,Rattus norvegicus
Eudyptes pachyrhynchus,No studies found,2272,Successful (Reinvaded),3,NW Crater Rim,Bay of Islands (Black Rocks),Pacific Ocean - South West,New Zealand,174.1108509|-35.2029227,Rattus norvegicus
Sterna striata,No studies found,2272,Successful (Reinvaded),4,NW Crater Rim,Bay of Islands (Black Rocks),Pacific Ocean - South West,New Zealand,174.1108509|-35.2029227,Rattus norvegicus
Ardenna grisea,Population study without data in support,2911,Successful (Reinvaded),1,Native,Stewart Islands (Paterson Inlet),Pacific Ocean - South West,New Zealand,168.1538712|-46.91541411,Rattus norvegicus
Chlidonias albostriatus,Only predation in support,2911,Successful (Reinvaded),1,Native,Stewart Islands (Paterson Inlet),Pacific Ocean - South West,New Zealand,168.1538712|-46.91541411,Rattus norvegicus
Mergus australis,No studies found,2911,Successful (Reinvaded),1,Native,Stewart Islands (Paterson Inlet),Pacific Ocean - South West,New Zealand,168.1538712|-46.91541411,Rattus norvegicus
Sterna striata,No studies found,2911,Successful (Reinvaded),1,Native,Stewart Islands (Paterson Inlet),Pacific Ocean - South West,New Zealand,168.1538712|-46.91541411,Rattus norvegicus
Ardenna grisea,Population study without data in support,2913,In Progress,1,Native,Stewart Islands (Paterson Inlet),Pacific Ocean - South West,New Zealand,168.1538712|-46.91541411,Rattus norvegicus
Chlidonias albostriatus,Only predation in support,2913,In Progress,1,Native,Stewart Islands (Paterson Inlet),Pacific Ocean - South West,New Zealand,168.1538712|-46.91541411,Rattus norvegicus
Mergus australis,No studies found,2913,In Progress,1,Native,Stewart Islands (Paterson Inlet),Pacific Ocean - South West,New Zealand,168.1538712|-46.91541411,Rattus norvegicus
Sterna striata,No studies found,2913,In Progress,1,Native,Stewart Islands (Paterson Inlet),Pacific Ocean - South West,New Zealand,168.1538712|-46.91541411,Rattus norvegicus
Ardenna carneipes,All studies are not in support,1879,Successful,1,Ngatokaparangi 1,Bay of Islands (Motukiekie),Pacific Ocean - South West,New Zealand,174.2086656|-35.22244456,Rattus norvegicus
Ardenna grisea,Population study without data in support,1879,Successful,2,Ngatokaparangi 1,Bay of Islands (Motukiekie),Pacific Ocean - South West,New Zealand,174.2086656|-35.22244456,Rattus norvegicus
Eudyptes pachyrhynchus,No studies found,1879,Successful,3,Ngatokaparangi 1,Bay of Islands (Motukiekie),Pacific Ocean - South West,New Zealand,174.2086656|-35.22244456,Rattus norvegicus
Procellaria cinerea,No studies found,1879,Successful,1,Ngatokaparangi 1,Bay of Islands (Motukiekie),Pacific Ocean - South West,New Zealand,174.2086656|-35.22244456,Rattus norvegicus
Procellaria westlandica,No studies found,1879,Successful,1,Ngatokaparangi 1,Bay of Islands (Motukiekie),Pacific Ocean - South West,New Zealand,174.2086656|-35.22244456,Rattus norvegicus
Sterna striata,No studies found,1879,Successful,4,Ngatokaparangi 1,Bay of Islands (Motukiekie),Pacific Ocean - South West,New Zealand,174.2086656|-35.22244456,Rattus norvegicus
Ardenna carneipes,All studies are not in support,1880,Successful,1,Ngatokaparangi 2,Bay of Islands (Motukiekie),Pacific Ocean - South West,New Zealand,174.2110907|-35.22250802,Rattus norvegicus
Ardenna grisea,Population study without data in support,1880,Successful,2,Ngatokaparangi 2,Bay of Islands (Motukiekie),Pacific Ocean - South West,New Zealand,174.2110907|-35.22250802,Rattus norvegicus
Eudyptes pachyrhynchus,No studies found,1880,Successful,3,Ngatokaparangi 2,Bay of Islands (Motukiekie),Pacific Ocean - South West,New Zealand,174.2110907|-35.22250802,Rattus norvegicus
Procellaria cinerea,No studies found,1880,Successful,1,Ngatokaparangi 2,Bay of Islands (Motukiekie),Pacific Ocean - South West,New Zealand,174.2110907|-35.22250802,Rattus norvegicus
Procellaria westlandica,No studies found,1880,Successful,1,Ngatokaparangi 2,Bay of Islands (Motukiekie),Pacific Ocean - South West,New Zealand,174.2110907|-35.22250802,Rattus norvegicus
Sterna striata,No studies found,1880,Successful,4,Ngatokaparangi 2,Bay of Islands (Motukiekie),Pacific Ocean - South West,New Zealand,174.2110907|-35.22250802,Rattus norvegicus
Ardenna carneipes,All studies are not in support,1881,Successful,1,Ngatokaparangi 3,Bay of Islands (Motukiekie),Pacific Ocean - South West,New Zealand,174.2080844|-35.2234912,Rattus norvegicus
Ardenna grisea,Population study without data in support,1881,Successful,2,Ngatokaparangi 3,Bay of Islands (Motukiekie),Pacific Ocean - South West,New Zealand,174.2080844|-35.2234912,Rattus norvegicus
Eudyptes pachyrhynchus,No studies found,1881,Successful,3,Ngatokaparangi 3,Bay of Islands (Motukiekie),Pacific Ocean - South West,New Zealand,174.2080844|-35.2234912,Rattus norvegicus
Procellaria cinerea,No studies found,1881,Successful,1,Ngatokaparangi 3,Bay of Islands (Motukiekie),Pacific Ocean - South West,New Zealand,174.2080844|-35.2234912,Rattus norvegicus
Procellaria westlandica,No studies found,1881,Successful,1,Ngatokaparangi 3,Bay of Islands (Motukiekie),Pacific Ocean - South West,New Zealand,174.2080844|-35.2234912,Rattus norvegicus
Sterna striata,No studies found,1881,Successful,4,Ngatokaparangi 3,Bay of Islands (Motukiekie),Pacific Ocean - South West,New Zealand,174.2080844|-35.2234912,Rattus norvegicus
Calonectris leucomelas,Only predation in support,2687,Successful,1,Ngerebelas,Kayangel Atoll,Pacific Ocean - North West,Palau,134.69963|8.042511082,Rattus norvegicus
Megapodius laperouse,All studies are not in support,2687,Successful,1,Ngerebelas,Kayangel Atoll,Pacific Ocean - North West,Palau,134.69963|8.042511082,Rattus norvegicus
Ardenna grisea,Population study without data in support,266,Successful,3,Nonsuch,Bermuda (Castle Islands),Atlantic Ocean - North,Bermuda,-64.66284194|32.34736416,Rattus norvegicus
Hydrobates leucorhous,No studies found,266,Successful,1,Nonsuch,Bermuda (Castle Islands),Atlantic Ocean - North,Bermuda,-64.66284194|32.34736416,Rattus norvegicus
Ardenna grisea,Population study without data in support,57,Successful,2,North East,Falkland Islands (North East Island Group),Atlantic Ocean - South,Falkland Islands (Malvinas),-58.36856044|-52.00660522,Rattus norvegicus
Cinclodes antarcticus,Population study with all qualities in support,57,Successful,1,North East,Falkland Islands (North East Island Group),Atlantic Ocean - South,Falkland Islands (Malvinas),-58.36856044|-52.00660522,Rattus norvegicus
Eudyptes chrysolophus,No studies found,57,Successful,2,North East,Falkland Islands (North East Island Group),Atlantic Ocean - South,Falkland Islands (Malvinas),-58.36856044|-52.00660522,Rattus norvegicus
Hydrobates leucorhous,No studies found,3101,Trial or Research only,1,North Rocks,Aleutian Islands (Adak Island (Bay of Islands)),Pacific Ocean - North East,United States,-176.7975933|51.82731695,Rattus norvegicus
Onychoprion aleuticus,No studies found,3101,Trial or Research only,2,North Rocks,Aleutian Islands (Adak Island (Bay of Islands)),Pacific Ocean - North East,United States,-176.7975933|51.82731695,Rattus norvegicus
Ptychoramphus aleuticus,No studies found,3101,Trial or Research only,3,North Rocks,Aleutian Islands (Adak Island (Bay of Islands)),Pacific Ocean - North East,United States,-176.7975933|51.82731695,Rattus norvegicus
Ardenna grisea,Population study without data in support,49,Successful,1,North West Islands South Islet,Falkland Islands (North West Island Group),Atlantic Ocean - South,Falkland Islands (Malvinas),-59.18863259|-51.59415575,Rattus norvegicus
Eudyptes chrysolophus,No studies found,49,Successful,3,North West Islands South Islet,Falkland Islands (North West Island Group),Atlantic Ocean - South,Falkland Islands (Malvinas),-59.18863259|-51.59415575,Rattus norvegicus
Phoebetria palpebrata,No studies found,49,Successful,1,North West Islands South Islet,Falkland Islands (North West Island Group),Atlantic Ocean - South,Falkland Islands (Malvinas),-59.18863259|-51.59415575,Rattus norvegicus
Ardenna grisea,Population study without data in support,54,Successful (Reinvaded),1,North West Islands South Islet,Falkland Islands (North West Island Group),Atlantic Ocean - South,Falkland Islands (Malvinas),-59.18863259|-51.59415575,Rattus norvegicus
Eudyptes chrysolophus,No studies found,54,Successful (Reinvaded),3,North West Islands South Islet,Falkland Islands (North West Island Group),Atlantic Ocean - South,Falkland Islands (Malvinas),-59.18863259|-51.59415575,Rattus norvegicus
Phoebetria palpebrata,No studies found,54,Successful (Reinvaded),1,North West Islands South Islet,Falkland Islands (North West Island Group),Atlantic Ocean - South,Falkland Islands (Malvinas),-59.18863259|-51.59415575,Rattus norvegicus
Hydrobates leucorhous,No studies found,3093,Trial or Research only,1,North-Western Chain,Aleutian Islands (Adak Island (Bay of Islands-Channel Islands Group)),Pacific Ocean - North East,United States,-176.8239477|51.81462733,Rattus norvegicus
Onychoprion aleuticus,No studies found,3093,Trial or Research only,2,North-Western Chain,Aleutian Islands (Adak Island (Bay of Islands-Channel Islands Group)),Pacific Ocean - North East,United States,-176.8239477|51.81462733,Rattus norvegicus
Ptychoramphus aleuticus,No studies found,3093,Trial or Research only,3,North-Western Chain,Aleutian Islands (Adak Island (Bay of Islands-Channel Islands Group)),Pacific Ocean - North East,United States,-176.8239477|51.81462733,Rattus norvegicus
Ardenna grisea,Population study without data in support,2310,Planned,3,Oeufs,Golfe du Morbihan,Atlantic Ocean - North,France,-2.7864083|47.55768099,Rattus norvegicus
Fratercula arctica,Population study with data in support,2310,Planned,3,Oeufs,Golfe du Morbihan,Atlantic Ocean - North,France,-2.7864083|47.55768099,Rattus norvegicus
Hydrobates leucorhous,No studies found,2310,Planned,1,Oeufs,Golfe du Morbihan,Atlantic Ocean - North,France,-2.7864083|47.55768099,Rattus norvegicus
Puffinus mauretanicus,No studies found,2310,Planned,1,Oeufs,Golfe du Morbihan,Atlantic Ocean - North,France,-2.7864083|47.55768099,Rattus norvegicus
Ardenna grisea,Population study without data in support,1161,Successful (Reinvaded),2,Ohakana (Ohana),Ohiwa Harbour,Pacific Ocean - South West,New Zealand,177.0763858|-37.98803493,Rattus norvegicus
Coturnix novaezelandiae,No studies found,1161,Successful (Reinvaded),1,Ohakana (Ohana),Ohiwa Harbour,Pacific Ocean - South West,New Zealand,177.0763858|-37.98803493,Rattus norvegicus
Himantopus novaezelandiae,No studies found,1161,Successful (Reinvaded),1,Ohakana (Ohana),Ohiwa Harbour,Pacific Ocean - South West,New Zealand,177.0763858|-37.98803493,Rattus norvegicus
Hymenolaimus malacorhynchos,All studies are not in support,1161,Successful (Reinvaded),1,Ohakana (Ohana),Ohiwa Harbour,Pacific Ocean - South West,New Zealand,177.0763858|-37.98803493,Rattus norvegicus
Larus bulleri,No studies found,1161,Successful (Reinvaded),1,Ohakana (Ohana),Ohiwa Harbour,Pacific Ocean - South West,New Zealand,177.0763858|-37.98803493,Rattus norvegicus
Mergus australis,No studies found,1161,Successful (Reinvaded),1,Ohakana (Ohana),Ohiwa Harbour,Pacific Ocean - South West,New Zealand,177.0763858|-37.98803493,Rattus norvegicus
Sterna striata,No studies found,1161,Successful (Reinvaded),1,Ohakana (Ohana),Ohiwa Harbour,Pacific Ocean - South West,New Zealand,177.0763858|-37.98803493,Rattus norvegicus
Turnagra tanagra,No studies found,1161,Successful (Reinvaded),1,Ohakana (Ohana),Ohiwa Harbour,Pacific Ocean - South West,New Zealand,177.0763858|-37.98803493,Rattus norvegicus
Ardenna carneipes,All studies are not in support,1852,Successful,1,Okahu,Bay of Islands,Pacific Ocean - South West,New Zealand,174.2091029|-35.19850051,Rattus norvegicus
Ardenna grisea,Population study without data in support,1852,Successful,2,Okahu,Bay of Islands,Pacific Ocean - South West,New Zealand,174.2091029|-35.19850051,Rattus norvegicus
Eudyptes pachyrhynchus,No studies found,1852,Successful,3,Okahu,Bay of Islands,Pacific Ocean - South West,New Zealand,174.2091029|-35.19850051,Rattus norvegicus
Sterna striata,No studies found,1852,Successful,4,Okahu,Bay of Islands,Pacific Ocean - South West,New Zealand,174.2091029|-35.19850051,Rattus norvegicus
Ardenna carneipes,All studies are not in support,292,Successful,1,Otata (Otatou),Hauraki Gulf,Pacific Ocean - South West,New Zealand,174.9751315|-36.69569515,Rattus norvegicus
Ardenna grisea,Population study without data in support,292,Successful,2,Otata (Otatou),Hauraki Gulf,Pacific Ocean - South West,New Zealand,174.9751315|-36.69569515,Rattus norvegicus
Eudyptes pachyrhynchus,No studies found,292,Successful,3,Otata (Otatou),Hauraki Gulf,Pacific Ocean - South West,New Zealand,174.9751315|-36.69569515,Rattus norvegicus
Larus bulleri,No studies found,292,Successful,3,Otata (Otatou),Hauraki Gulf,Pacific Ocean - South West,New Zealand,174.9751315|-36.69569515,Rattus norvegicus
Sterna striata,No studies found,292,Successful,4,Otata (Otatou),Hauraki Gulf,Pacific Ocean - South West,New Zealand,174.9751315|-36.69569515,Rattus norvegicus
Ardenna carneipes,All studies are not in support,148,Successful (Reinvaded),1,Otata (Otatou),Hauraki Gulf,Pacific Ocean - South West,New Zealand,174.9751315|-36.69569515,Rattus norvegicus
Ardenna carneipes,All studies are not in support,293,Successful (Reinvaded),1,Otata (Otatou),Hauraki Gulf,Pacific Ocean - South West,New Zealand,174.9751315|-36.69569515,Rattus norvegicus
Ardenna carneipes,All studies are not in support,441,Successful (Reinvaded),1,Otata (Otatou),Hauraki Gulf,Pacific Ocean - South West,New Zealand,174.9751315|-36.69569515,Rattus norvegicus
Ardenna carneipes,All studies are not in support,488,Successful (Reinvaded),1,Otata (Otatou),Hauraki Gulf,Pacific Ocean - South West,New Zealand,174.9751315|-36.69569515,Rattus norvegicus
Ardenna grisea,Population study without data in support,148,Successful (Reinvaded),2,Otata (Otatou),Hauraki Gulf,Pacific Ocean - South West,New Zealand,174.9751315|-36.69569515,Rattus norvegicus
Ardenna grisea,Population study without data in support,293,Successful (Reinvaded),2,Otata (Otatou),Hauraki Gulf,Pacific Ocean - South West,New Zealand,174.9751315|-36.69569515,Rattus norvegicus
Ardenna grisea,Population study without data in support,441,Successful (Reinvaded),2,Otata (Otatou),Hauraki Gulf,Pacific Ocean - South West,New Zealand,174.9751315|-36.69569515,Rattus norvegicus
Ardenna grisea,Population study without data in support,488,Successful (Reinvaded),2,Otata (Otatou),Hauraki Gulf,Pacific Ocean - South West,New Zealand,174.9751315|-36.69569515,Rattus norvegicus
Eudyptes pachyrhynchus,No studies found,148,Successful (Reinvaded),3,Otata (Otatou),Hauraki Gulf,Pacific Ocean - South West,New Zealand,174.9751315|-36.69569515,Rattus norvegicus
Eudyptes pachyrhynchus,No studies found,293,Successful (Reinvaded),3,Otata (Otatou),Hauraki Gulf,Pacific Ocean - South West,New Zealand,174.9751315|-36.69569515,Rattus norvegicus
Eudyptes pachyrhynchus,No studies found,441,Successful (Reinvaded),3,Otata (Otatou),Hauraki Gulf,Pacific Ocean - South West,New Zealand,174.9751315|-36.69569515,Rattus norvegicus
Eudyptes pachyrhynchus,No studies found,488,Successful (Reinvaded),3,Otata (Otatou),Hauraki Gulf,Pacific Ocean - South West,New Zealand,174.9751315|-36.69569515,Rattus norvegicus
Larus bulleri,No studies found,148,Successful (Reinvaded),3,Otata (Otatou),Hauraki Gulf,Pacific Ocean - South West,New Zealand,174.9751315|-36.69569515,Rattus norvegicus
Larus bulleri,No studies found,293,Successful (Reinvaded),3,Otata (Otatou),Hauraki Gulf,Pacific Ocean - South West,New Zealand,174.9751315|-36.69569515,Rattus norvegicus
Larus bulleri,No studies found,441,Successful (Reinvaded),3,Otata (Otatou),Hauraki Gulf,Pacific Ocean - South West,New Zealand,174.9751315|-36.69569515,Rattus norvegicus
Larus bulleri,No studies found,488,Successful (Reinvaded),3,Otata (Otatou),Hauraki Gulf,Pacific Ocean - South West,New Zealand,174.9751315|-36.69569515,Rattus norvegicus
Sterna striata,No studies found,148,Successful (Reinvaded),4,Otata (Otatou),Hauraki Gulf,Pacific Ocean - South West,New Zealand,174.9751315|-36.69569515,Rattus norvegicus
Sterna striata,No studies found,293,Successful (Reinvaded),4,Otata (Otatou),Hauraki Gulf,Pacific Ocean - South West,New Zealand,174.9751315|-36.69569515,Rattus norvegicus
Sterna striata,No studies found,441,Successful (Reinvaded),4,Otata (Otatou),Hauraki Gulf,Pacific Ocean - South West,New Zealand,174.9751315|-36.69569515,Rattus norvegicus
Sterna striata,No studies found,488,Successful (Reinvaded),4,Otata (Otatou),Hauraki Gulf,Pacific Ocean - South West,New Zealand,174.9751315|-36.69569515,Rattus norvegicus
Ardenna grisea,Population study without data in support,42,Successful,1,Outer,Falkland Islands (Queen Charlotte Bay),Atlantic Ocean - South,Falkland Islands (Malvinas),-60.52503284|-51.86374686,Rattus norvegicus
Eudyptes chrysolophus,No studies found,42,Successful,3,Outer,Falkland Islands (Queen Charlotte Bay),Atlantic Ocean - South,Falkland Islands (Malvinas),-60.52503284|-51.86374686,Rattus norvegicus
Phoebetria palpebrata,No studies found,42,Successful,1,Outer,Falkland Islands (Queen Charlotte Bay),Atlantic Ocean - South,Falkland Islands (Malvinas),-60.52503284|-51.86374686,Rattus norvegicus
Ardenna carneipes,All studies are not in support,2264,Successful (Reinvaded),1,Outer Little Rat,Bay of Islands (Black Rocks),Pacific Ocean - South West,New Zealand,174.0957646|-35.20011152,Rattus norvegicus
Ardenna grisea,Population study without data in support,2264,Successful (Reinvaded),2,Outer Little Rat,Bay of Islands (Black Rocks),Pacific Ocean - South West,New Zealand,174.0957646|-35.20011152,Rattus norvegicus
Eudyptes pachyrhynchus,No studies found,2264,Successful (Reinvaded),3,Outer Little Rat,Bay of Islands (Black Rocks),Pacific Ocean - South West,New Zealand,174.0957646|-35.20011152,Rattus norvegicus
Procellaria cinerea,No studies found,2264,Successful (Reinvaded),1,Outer Little Rat,Bay of Islands (Black Rocks),Pacific Ocean - South West,New Zealand,174.0957646|-35.20011152,Rattus norvegicus
Procellaria westlandica,No studies found,2264,Successful (Reinvaded),1,Outer Little Rat,Bay of Islands (Black Rocks),Pacific Ocean - South West,New Zealand,174.0957646|-35.20011152,Rattus norvegicus
Sterna striata,No studies found,2264,Successful (Reinvaded),4,Outer Little Rat,Bay of Islands (Black Rocks),Pacific Ocean - South West,New Zealand,174.0957646|-35.20011152,Rattus norvegicus
Ardenna grisea,Population study without data in support,47,Successful,1,Outer North West,Falkland Islands (North West Island Group),Atlantic Ocean - South,Falkland Islands (Malvinas),-59.21201224|-51.58782479,Rattus norvegicus
Cinclodes antarcticus,Population study with all qualities in support,47,Successful,1,Outer North West,Falkland Islands (North West Island Group),Atlantic Ocean - South,Falkland Islands (Malvinas),-59.21201224|-51.58782479,Rattus norvegicus
Eudyptes chrysolophus,No studies found,47,Successful,2,Outer North West,Falkland Islands (North West Island Group),Atlantic Ocean - South,Falkland Islands (Malvinas),-59.21201224|-51.58782479,Rattus norvegicus
Ardenna grisea,Population study without data in support,52,Successful (Reinvaded),1,Outer North West,Falkland Islands (North West Island Group),Atlantic Ocean - South,Falkland Islands (Malvinas),-59.21201224|-51.58782479,Rattus norvegicus
Ardenna grisea,Population study without data in support,1274,Successful (Reinvaded),1,Outer North West,Falkland Islands (North West Island Group),Atlantic Ocean - South,Falkland Islands (Malvinas),-59.21201224|-51.58782479,Rattus norvegicus
Cinclodes antarcticus,Population study with all qualities in support,52,Successful (Reinvaded),1,Outer North West,Falkland Islands (North West Island Group),Atlantic Ocean - South,Falkland Islands (Malvinas),-59.21201224|-51.58782479,Rattus norvegicus
Cinclodes antarcticus,Population study with all qualities in support,1274,Successful (Reinvaded),1,Outer North West,Falkland Islands (North West Island Group),Atlantic Ocean - South,Falkland Islands (Malvinas),-59.21201224|-51.58782479,Rattus norvegicus
Eudyptes chrysolophus,No studies found,52,Successful (Reinvaded),2,Outer North West,Falkland Islands (North West Island Group),Atlantic Ocean - South,Falkland Islands (Malvinas),-59.21201224|-51.58782479,Rattus norvegicus
Eudyptes chrysolophus,No studies found,1274,Successful (Reinvaded),2,Outer North West,Falkland Islands (North West Island Group),Atlantic Ocean - South,Falkland Islands (Malvinas),-59.21201224|-51.58782479,Rattus norvegicus
Ardenna grisea,Population study without data in support,3183,Successful,3,Outer Pear Rock,Bermuda (Long Bay),Atlantic Ocean - North,Bermuda,-64.65070699|32.34867089,Rattus norvegicus
Hydrobates leucorhous,No studies found,3183,Successful,1,Outer Pear Rock,Bermuda (Long Bay),Atlantic Ocean - North,Bermuda,-64.65070699|32.34867089,Rattus norvegicus
Pterodroma cahow,No studies found,3183,Successful,1,Outer Pear Rock,Bermuda (Long Bay),Atlantic Ocean - North,Bermuda,-64.65070699|32.34867089,Rattus norvegicus
Ardenna carneipes,All studies are not in support,2280,Successful (Reinvaded),1,Outer Stuck Anchor Rock,Bay of Islands (Black Rocks),Pacific Ocean - South West,New Zealand,174.1130798|-35.21171792,Rattus norvegicus
Ardenna grisea,Population study without data in support,2280,Successful (Reinvaded),2,Outer Stuck Anchor Rock,Bay of Islands (Black Rocks),Pacific Ocean - South West,New Zealand,174.1130798|-35.21171792,Rattus norvegicus
Eudyptes pachyrhynchus,No studies found,2280,Successful (Reinvaded),3,Outer Stuck Anchor Rock,Bay of Islands (Black Rocks),Pacific Ocean - South West,New Zealand,174.1130798|-35.21171792,Rattus norvegicus
Procellaria cinerea,No studies found,2280,Successful (Reinvaded),1,Outer Stuck Anchor Rock,Bay of Islands (Black Rocks),Pacific Ocean - South West,New Zealand,174.1130798|-35.21171792,Rattus norvegicus
Procellaria westlandica,No studies found,2280,Successful (Reinvaded),1,Outer Stuck Anchor Rock,Bay of Islands (Black Rocks),Pacific Ocean - South West,New Zealand,174.1130798|-35.21171792,Rattus norvegicus
Sterna striata,No studies found,2280,Successful (Reinvaded),4,Outer Stuck Anchor Rock,Bay of Islands (Black Rocks),Pacific Ocean - South West,New Zealand,174.1130798|-35.21171792,Rattus norvegicus
Ardenna carneipes,All studies are not in support,1885,Successful,1,Pakatahi,Bay of Islands (Moturoa),Pacific Ocean - South West,New Zealand,174.2000723|-35.23115647,Rattus norvegicus
Ardenna grisea,Population study without data in support,1885,Successful,2,Pakatahi,Bay of Islands (Moturoa),Pacific Ocean - South West,New Zealand,174.2000723|-35.23115647,Rattus norvegicus
Eudyptes pachyrhynchus,No studies found,1885,Successful,3,Pakatahi,Bay of Islands (Moturoa),Pacific Ocean - South West,New Zealand,174.2000723|-35.23115647,Rattus norvegicus
Procellaria cinerea,No studies found,1885,Successful,1,Pakatahi,Bay of Islands (Moturoa),Pacific Ocean - South West,New Zealand,174.2000723|-35.23115647,Rattus norvegicus
Procellaria westlandica,No studies found,1885,Successful,1,Pakatahi,Bay of Islands (Moturoa),Pacific Ocean - South West,New Zealand,174.2000723|-35.23115647,Rattus norvegicus
Sterna striata,No studies found,1885,Successful,4,Pakatahi,Bay of Islands (Moturoa),Pacific Ocean - South West,New Zealand,174.2000723|-35.23115647,Rattus norvegicus
Ardenna carneipes,All studies are not in support,2396,Successful,1,Pakatoa,Hauraki Gulf,Pacific Ocean - South West,New Zealand,175.1945655|-36.79672453,Rattus norvegicus
Ardenna grisea,Population study without data in support,2396,Successful,1,Pakatoa,Hauraki Gulf,Pacific Ocean - South West,New Zealand,175.1945655|-36.79672453,Rattus norvegicus
Eudyptes pachyrhynchus,No studies found,2396,Successful,3,Pakatoa,Hauraki Gulf,Pacific Ocean - South West,New Zealand,175.1945655|-36.79672453,Rattus norvegicus
Larus bulleri,No studies found,2396,Successful,3,Pakatoa,Hauraki Gulf,Pacific Ocean - South West,New Zealand,175.1945655|-36.79672453,Rattus norvegicus
Sterna striata,No studies found,2396,Successful,4,Pakatoa,Hauraki Gulf,Pacific Ocean - South West,New Zealand,175.1945655|-36.79672453,Rattus norvegicus
Ardenna carneipes,All studies are not in support,2413,Successful (Reinvaded),1,Pakatoa,Hauraki Gulf,Pacific Ocean - South West,New Zealand,175.1945655|-36.79672453,Rattus norvegicus
Ardenna grisea,Population study without data in support,2413,Successful (Reinvaded),1,Pakatoa,Hauraki Gulf,Pacific Ocean - South West,New Zealand,175.1945655|-36.79672453,Rattus norvegicus
Eudyptes pachyrhynchus,No studies found,2413,Successful (Reinvaded),3,Pakatoa,Hauraki Gulf,Pacific Ocean - South West,New Zealand,175.1945655|-36.79672453,Rattus norvegicus
Larus bulleri,No studies found,2413,Successful (Reinvaded),3,Pakatoa,Hauraki Gulf,Pacific Ocean - South West,New Zealand,175.1945655|-36.79672453,Rattus norvegicus
Sterna striata,No studies found,2413,Successful (Reinvaded),4,Pakatoa,Hauraki Gulf,Pacific Ocean - South West,New Zealand,175.1945655|-36.79672453,Rattus norvegicus
Ardenna grisea,Population study without data in support,2694,Successful,2,Pakihi,Hauraki Gulf,Pacific Ocean - South West,New Zealand,175.1610352|-36.91027199,Rattus norvegicus
Coturnix novaezelandiae,No studies found,2694,Successful,1,Pakihi,Hauraki Gulf,Pacific Ocean - South West,New Zealand,175.1610352|-36.91027199,Rattus norvegicus
Larus bulleri,No studies found,2694,Successful,1,Pakihi,Hauraki Gulf,Pacific Ocean - South West,New Zealand,175.1610352|-36.91027199,Rattus norvegicus
Mergus australis,No studies found,2694,Successful,1,Pakihi,Hauraki Gulf,Pacific Ocean - South West,New Zealand,175.1610352|-36.91027199,Rattus norvegicus
Sterna striata,No studies found,2694,Successful,1,Pakihi,Hauraki Gulf,Pacific Ocean - South West,New Zealand,175.1610352|-36.91027199,Rattus norvegicus
Turnagra tanagra,No studies found,2694,Successful,1,Pakihi,Hauraki Gulf,Pacific Ocean - South West,New Zealand,175.1610352|-36.91027199,Rattus norvegicus
Coturnix novaezelandiae,No studies found,1104,Successful,1,Patiti (Banded),Lake Rotomahana,Pacific Ocean - South West,New Zealand,176.4459231|-38.26767285,Rattus norvegicus
Himantopus novaezelandiae,No studies found,1104,Successful,1,Patiti (Banded),Lake Rotomahana,Pacific Ocean - South West,New Zealand,176.4459231|-38.26767285,Rattus norvegicus
Hymenolaimus malacorhynchos,All studies are not in support,1104,Successful,1,Patiti (Banded),Lake Rotomahana,Pacific Ocean - South West,New Zealand,176.4459231|-38.26767285,Rattus norvegicus
Larus bulleri,No studies found,1104,Successful,1,Patiti (Banded),Lake Rotomahana,Pacific Ocean - South West,New Zealand,176.4459231|-38.26767285,Rattus norvegicus
Mergus australis,No studies found,1104,Successful,1,Patiti (Banded),Lake Rotomahana,Pacific Ocean - South West,New Zealand,176.4459231|-38.26767285,Rattus norvegicus
Turnagra tanagra,No studies found,1104,Successful,1,Patiti (Banded),Lake Rotomahana,Pacific Ocean - South West,New Zealand,176.4459231|-38.26767285,Rattus norvegicus
Ardenna grisea,Population study without data in support,1838,Successful (Reinvaded),1,Pearl,Stewart Islands,Pacific Ocean - South West,New Zealand,167.7073568|-47.19181788,Rattus norvegicus
Mergus australis,No studies found,1838,Successful (Reinvaded),1,Pearl,Stewart Islands,Pacific Ocean - South West,New Zealand,167.7073568|-47.19181788,Rattus norvegicus
Sterna striata,No studies found,1838,Successful (Reinvaded),1,Pearl,Stewart Islands,Pacific Ocean - South West,New Zealand,167.7073568|-47.19181788,Rattus norvegicus
Ardenna grisea,Population study without data in support,1167,Successful,1,Pete's,Falkland Islands (North East Island Group),Atlantic Ocean - South,Falkland Islands (Malvinas),-58.39539334|-52.00523385,Rattus norvegicus
Eudyptes chrysolophus,No studies found,1167,Successful,3,Pete's,Falkland Islands (North East Island Group),Atlantic Ocean - South,Falkland Islands (Malvinas),-58.39539334|-52.00523385,Rattus norvegicus
Phoebetria palpebrata,No studies found,1167,Successful,1,Pete's,Falkland Islands (North East Island Group),Atlantic Ocean - South,Falkland Islands (Malvinas),-58.39539334|-52.00523385,Rattus norvegicus
Procellaria cinerea,No studies found,1167,Successful,1,Pete's,Falkland Islands (North East Island Group),Atlantic Ocean - South,Falkland Islands (Malvinas),-58.39539334|-52.00523385,Rattus norvegicus
Ardenna carneipes,All studies are not in support,1871,Successful (Reinvaded),1,Phil's Hat,Bay of Islands (Black Rocks),Pacific Ocean - South West,New Zealand,174.1062553|-35.20675354,Rattus norvegicus
Ardenna grisea,Population study without data in support,1871,Successful (Reinvaded),2,Phil's Hat,Bay of Islands (Black Rocks),Pacific Ocean - South West,New Zealand,174.1062553|-35.20675354,Rattus norvegicus
Eudyptes pachyrhynchus,No studies found,1871,Successful (Reinvaded),3,Phil's Hat,Bay of Islands (Black Rocks),Pacific Ocean - South West,New Zealand,174.1062553|-35.20675354,Rattus norvegicus
Procellaria cinerea,No studies found,1871,Successful (Reinvaded),1,Phil's Hat,Bay of Islands (Black Rocks),Pacific Ocean - South West,New Zealand,174.1062553|-35.20675354,Rattus norvegicus
Procellaria westlandica,No studies found,1871,Successful (Reinvaded),1,Phil's Hat,Bay of Islands (Black Rocks),Pacific Ocean - South West,New Zealand,174.1062553|-35.20675354,Rattus norvegicus
Sterna striata,No studies found,1871,Successful (Reinvaded),4,Phil's Hat,Bay of Islands (Black Rocks),Pacific Ocean - South West,New Zealand,174.1062553|-35.20675354,Rattus norvegicus
Ardenna grisea,Population study without data in support,61,Successful,1,Pitt,Falkland Islands (Weddell Islands),Atlantic Ocean - South,Falkland Islands (Malvinas),-61.06019781|-51.80536193,Rattus norvegicus
Eudyptes chrysolophus,No studies found,61,Successful,3,Pitt,Falkland Islands (Weddell Islands),Atlantic Ocean - South,Falkland Islands (Malvinas),-61.06019781|-51.80536193,Rattus norvegicus
Phoebetria palpebrata,No studies found,61,Successful,1,Pitt,Falkland Islands (Weddell Islands),Atlantic Ocean - South,Falkland Islands (Malvinas),-61.06019781|-51.80536193,Rattus norvegicus
Ardenna grisea,Population study without data in support,255,Successful,3,Plate,Sept les Archipelago,Atlantic Ocean - North,France,-3.497948221|48.88291191,Rattus norvegicus
Fratercula arctica,Population study with data in support,255,Successful,2,Plate,Sept les Archipelago,Atlantic Ocean - North,France,-3.497948221|48.88291191,Rattus norvegicus
Hydrobates leucorhous,No studies found,255,Successful,1,Plate,Sept les Archipelago,Atlantic Ocean - North,France,-3.497948221|48.88291191,Rattus norvegicus
Puffinus mauretanicus,No studies found,255,Successful,1,Plate,Sept les Archipelago,Atlantic Ocean - North,France,-3.497948221|48.88291191,Rattus norvegicus
Ardenna carneipes,All studies are not in support,1861,Successful,1,Poroporo,Bay of Islands,Pacific Ocean - South West,New Zealand,174.224338|-35.22900794,Rattus norvegicus
Ardenna grisea,Population study without data in support,1861,Successful,2,Poroporo,Bay of Islands,Pacific Ocean - South West,New Zealand,174.224338|-35.22900794,Rattus norvegicus
Eudyptes pachyrhynchus,No studies found,1861,Successful,3,Poroporo,Bay of Islands,Pacific Ocean - South West,New Zealand,174.224338|-35.22900794,Rattus norvegicus
Sterna striata,No studies found,1861,Successful,4,Poroporo,Bay of Islands,Pacific Ocean - South West,New Zealand,174.224338|-35.22900794,Rattus norvegicus
Pterodroma hasitata,No studies found,3065,To Be Confirmed,1,Prickly Pear East,Lesser Antilles (Anguilla Islands),Caribbean,Anguilla,-63.17207993|18.26343445,Rattus norvegicus
Pterodroma hasitata,No studies found,3067,To Be Confirmed,1,Prickly Pear West,Lesser Antilles (Anguilla Islands),Caribbean,Anguilla,-63.18548246|18.2669087,Rattus norvegicus
Ardenna carneipes,All studies are not in support,1298,Successful,1,Puangiangi,Rangitoto Islands,Pacific Ocean - South West,New Zealand,173.9829686|-40.77047335,Rattus norvegicus
Ardenna grisea,Population study without data in support,1298,Successful,1,Puangiangi,Rangitoto Islands,Pacific Ocean - South West,New Zealand,173.9829686|-40.77047335,Rattus norvegicus
Chlidonias albostriatus,Only predation in support,1298,Successful,4,Puangiangi,Rangitoto Islands,Pacific Ocean - South West,New Zealand,173.9829686|-40.77047335,Rattus norvegicus
Eudyptes pachyrhynchus,No studies found,1298,Successful,3,Puangiangi,Rangitoto Islands,Pacific Ocean - South West,New Zealand,173.9829686|-40.77047335,Rattus norvegicus
Phoebetria palpebrata,No studies found,1298,Successful,1,Puangiangi,Rangitoto Islands,Pacific Ocean - South West,New Zealand,173.9829686|-40.77047335,Rattus norvegicus
Procellaria cinerea,No studies found,1298,Successful,1,Puangiangi,Rangitoto Islands,Pacific Ocean - South West,New Zealand,173.9829686|-40.77047335,Rattus norvegicus
Procellaria westlandica,No studies found,1298,Successful,1,Puangiangi,Rangitoto Islands,Pacific Ocean - South West,New Zealand,173.9829686|-40.77047335,Rattus norvegicus
Sterna striata,No studies found,1298,Successful,4,Puangiangi,Rangitoto Islands,Pacific Ocean - South West,New Zealand,173.9829686|-40.77047335,Rattus norvegicus
Ardenna grisea,Population study without data in support,228,Successful,3,Puffin,null,Atlantic Ocean - North,United Kingdom,-4.02681091|53.31864642,Rattus norvegicus
Fratercula arctica,Population study with data in support,228,Successful,2,Puffin,null,Atlantic Ocean - North,United Kingdom,-4.02681091|53.31864642,Rattus norvegicus
Puffinus mauretanicus,No studies found,228,Successful,1,Puffin,null,Atlantic Ocean - North,United Kingdom,-4.02681091|53.31864642,Rattus norvegicus
Ardenna grisea,Population study without data in support,3034,Successful,1,Rabbit,Falkland Islands (River Harbour),Atlantic Ocean - South,Falkland Islands (Malvinas),-59.71345077|-51.43275236,Rattus norvegicus
Eudyptes chrysolophus,No studies found,3034,Successful,3,Rabbit,Falkland Islands (River Harbour),Atlantic Ocean - South,Falkland Islands (Malvinas),-59.71345077|-51.43275236,Rattus norvegicus
Phoebetria palpebrata,No studies found,3034,Successful,1,Rabbit,Falkland Islands (River Harbour),Atlantic Ocean - South,Falkland Islands (Malvinas),-59.71345077|-51.43275236,Rattus norvegicus
Ardenna grisea,Population study without data in support,297,Successful,2,Rakino,Hauraki Gulf,Pacific Ocean - South West,New Zealand,174.9477689|-36.71849935,Rattus norvegicus
Coturnix novaezelandiae,No studies found,297,Successful,1,Rakino,Hauraki Gulf,Pacific Ocean - South West,New Zealand,174.9477689|-36.71849935,Rattus norvegicus
Larus bulleri,No studies found,297,Successful,3,Rakino,Hauraki Gulf,Pacific Ocean - South West,New Zealand,174.9477689|-36.71849935,Rattus norvegicus
Mergus australis,No studies found,297,Successful,1,Rakino,Hauraki Gulf,Pacific Ocean - South West,New Zealand,174.9477689|-36.71849935,Rattus norvegicus
Sterna striata,No studies found,297,Successful,1,Rakino,Hauraki Gulf,Pacific Ocean - South West,New Zealand,174.9477689|-36.71849935,Rattus norvegicus
Turnagra tanagra,No studies found,297,Successful,1,Rakino,Hauraki Gulf,Pacific Ocean - South West,New Zealand,174.9477689|-36.71849935,Rattus norvegicus
Ardenna grisea,Population study without data in support,150,Failed,2,Rakino,Hauraki Gulf,Pacific Ocean - South West,New Zealand,174.9477689|-36.71849935,Rattus norvegicus
Coturnix novaezelandiae,No studies found,150,Failed,1,Rakino,Hauraki Gulf,Pacific Ocean - South West,New Zealand,174.9477689|-36.71849935,Rattus norvegicus
Larus bulleri,No studies found,150,Failed,3,Rakino,Hauraki Gulf,Pacific Ocean - South West,New Zealand,174.9477689|-36.71849935,Rattus norvegicus
Mergus australis,No studies found,150,Failed,1,Rakino,Hauraki Gulf,Pacific Ocean - South West,New Zealand,174.9477689|-36.71849935,Rattus norvegicus
Sterna striata,No studies found,150,Failed,1,Rakino,Hauraki Gulf,Pacific Ocean - South West,New Zealand,174.9477689|-36.71849935,Rattus norvegicus
Turnagra tanagra,No studies found,150,Failed,1,Rakino,Hauraki Gulf,Pacific Ocean - South West,New Zealand,174.9477689|-36.71849935,Rattus norvegicus
Ardenna grisea,Population study without data in support,2410,Incomplete,2,Rakino,Hauraki Gulf,Pacific Ocean - South West,New Zealand,174.9477689|-36.71849935,Rattus norvegicus
Coturnix novaezelandiae,No studies found,2410,Incomplete,1,Rakino,Hauraki Gulf,Pacific Ocean - South West,New Zealand,174.9477689|-36.71849935,Rattus norvegicus
Larus bulleri,No studies found,2410,Incomplete,3,Rakino,Hauraki Gulf,Pacific Ocean - South West,New Zealand,174.9477689|-36.71849935,Rattus norvegicus
Mergus australis,No studies found,2410,Incomplete,1,Rakino,Hauraki Gulf,Pacific Ocean - South West,New Zealand,174.9477689|-36.71849935,Rattus norvegicus
Sterna striata,No studies found,2410,Incomplete,1,Rakino,Hauraki Gulf,Pacific Ocean - South West,New Zealand,174.9477689|-36.71849935,Rattus norvegicus
Turnagra tanagra,No studies found,2410,Incomplete,1,Rakino,Hauraki Gulf,Pacific Ocean - South West,New Zealand,174.9477689|-36.71849935,Rattus norvegicus
Ardenna grisea,Population study without data in support,236,Successful,3,Ramsey,Pembrokeshire,Atlantic Ocean - North,United Kingdom,-5.34022689|51.86630023,Rattus norvegicus
Fratercula arctica,Population study with data in support,236,Successful,2,Ramsey,Pembrokeshire,Atlantic Ocean - North,United Kingdom,-5.34022689|51.86630023,Rattus norvegicus
Ardenna carneipes,All studies are not in support,1886,Successful,1,Rangiatea,Bay of Islands (Moturoa),Pacific Ocean - South West,New Zealand,174.1797091|-35.21804184,Rattus norvegicus
Ardenna grisea,Population study without data in support,1886,Successful,2,Rangiatea,Bay of Islands (Moturoa),Pacific Ocean - South West,New Zealand,174.1797091|-35.21804184,Rattus norvegicus
Eudyptes pachyrhynchus,No studies found,1886,Successful,3,Rangiatea,Bay of Islands (Moturoa),Pacific Ocean - South West,New Zealand,174.1797091|-35.21804184,Rattus norvegicus
Sterna striata,No studies found,1886,Successful,4,Rangiatea,Bay of Islands (Moturoa),Pacific Ocean - South West,New Zealand,174.1797091|-35.21804184,Rattus norvegicus
Ardenna grisea,Population study without data in support,1239,Successful,2,Rangitoto,Hauraki Gulf,Pacific Ocean - South West,New Zealand,174.863184|-36.78649262,Rattus norvegicus
Coturnix novaezelandiae,No studies found,1239,Successful,1,Rangitoto,Hauraki Gulf,Pacific Ocean - South West,New Zealand,174.863184|-36.78649262,Rattus norvegicus
Larus bulleri,No studies found,1239,Successful,3,Rangitoto,Hauraki Gulf,Pacific Ocean - South West,New Zealand,174.863184|-36.78649262,Rattus norvegicus
Mergus australis,No studies found,1239,Successful,1,Rangitoto,Hauraki Gulf,Pacific Ocean - South West,New Zealand,174.863184|-36.78649262,Rattus norvegicus
Sterna striata,No studies found,1239,Successful,1,Rangitoto,Hauraki Gulf,Pacific Ocean - South West,New Zealand,174.863184|-36.78649262,Rattus norvegicus
Turnagra tanagra,No studies found,1239,Successful,1,Rangitoto,Hauraki Gulf,Pacific Ocean - South West,New Zealand,174.863184|-36.78649262,Rattus norvegicus
Ardenna grisea,Population study without data in support,1285,Successful,2,Raoul,Kermadec Islands,Pacific Ocean - South East,New Zealand,-177.9294217|-29.26572148,Rattus norvegicus
Ardenna grisea,Population study without data in support,1275,Successful,2,Rat,Falkland Islands (Salvador Waters),Atlantic Ocean - South,Falkland Islands (Malvinas),-58.33083749|-51.44780909,Rattus norvegicus
Ardenna grisea,Population study without data in support,2321,Successful,1,Rat,Falkland Islands (Beaver Island Group),Atlantic Ocean - South,Falkland Islands (Malvinas),-61.21992|-51.84443,Rattus norvegicus
Cinclodes antarcticus,Population study with all qualities in support,2321,Successful,1,Rat,Falkland Islands (Beaver Island Group),Atlantic Ocean - South,Falkland Islands (Malvinas),-61.21992|-51.84443,Rattus norvegicus
Eudyptes chrysolophus,No studies found,1275,Successful,3,Rat,Falkland Islands (Salvador Waters),Atlantic Ocean - South,Falkland Islands (Malvinas),-58.33083749|-51.44780909,Rattus norvegicus
Eudyptes chrysolophus,No studies found,2321,Successful,3,Rat,Falkland Islands (Beaver Island Group),Atlantic Ocean - South,Falkland Islands (Malvinas),-61.21992|-51.84443,Rattus norvegicus
Phoebetria palpebrata,No studies found,1275,Successful,1,Rat,Falkland Islands (Salvador Waters),Atlantic Ocean - South,Falkland Islands (Malvinas),-58.33083749|-51.44780909,Rattus norvegicus
Phoebetria palpebrata,No studies found,2321,Successful,1,Rat,Falkland Islands (Beaver Island Group),Atlantic Ocean - South,Falkland Islands (Malvinas),-61.21992|-51.84443,Rattus norvegicus
Procellaria cinerea,No studies found,2321,Successful,1,Rat,Falkland Islands (Beaver Island Group),Atlantic Ocean - South,Falkland Islands (Malvinas),-61.21992|-51.84443,Rattus norvegicus
Ardenna carneipes,All studies are not in support,1872,Successful (Reinvaded),1,Rat,Bay of Islands (Black Rocks),Pacific Ocean - South West,New Zealand,174.0986825|-35.20344009,Rattus norvegicus
Ardenna grisea,Population study without data in support,1183,Successful (Reinvaded),1,Rat,Falkland Islands (Beaver Island Group),Atlantic Ocean - South,Falkland Islands (Malvinas),-61.21992|-51.84443,Rattus norvegicus
Ardenna grisea,Population study without data in support,1872,Successful (Reinvaded),2,Rat,Bay of Islands (Black Rocks),Pacific Ocean - South West,New Zealand,174.0986825|-35.20344009,Rattus norvegicus
Cinclodes antarcticus,Population study with all qualities in support,1183,Successful (Reinvaded),1,Rat,Falkland Islands (Beaver Island Group),Atlantic Ocean - South,Falkland Islands (Malvinas),-61.21992|-51.84443,Rattus norvegicus
Eudyptes chrysolophus,No studies found,1183,Successful (Reinvaded),3,Rat,Falkland Islands (Beaver Island Group),Atlantic Ocean - South,Falkland Islands (Malvinas),-61.21992|-51.84443,Rattus norvegicus
Eudyptes pachyrhynchus,No studies found,1872,Successful (Reinvaded),3,Rat,Bay of Islands (Black Rocks),Pacific Ocean - South West,New Zealand,174.0986825|-35.20344009,Rattus norvegicus
Phoebetria palpebrata,No studies found,1183,Successful (Reinvaded),1,Rat,Falkland Islands (Beaver Island Group),Atlantic Ocean - South,Falkland Islands (Malvinas),-61.21992|-51.84443,Rattus norvegicus
Procellaria cinerea,No studies found,1183,Successful (Reinvaded),1,Rat,Falkland Islands (Beaver Island Group),Atlantic Ocean - South,Falkland Islands (Malvinas),-61.21992|-51.84443,Rattus norvegicus
Sterna striata,No studies found,1872,Successful (Reinvaded),4,Rat,Bay of Islands (Black Rocks),Pacific Ocean - South West,New Zealand,174.0986825|-35.20344009,Rattus norvegicus
Ardenna grisea,Population study without data in support,1276,Trial or Research only,1,Rat,Falkland Islands (Saunders Island Group),Atlantic Ocean - South,Falkland Islands (Malvinas),-60.10018314|-51.40714924,Rattus norvegicus
Eudyptes chrysolophus,No studies found,1276,Trial or Research only,3,Rat,Falkland Islands (Saunders Island Group),Atlantic Ocean - South,Falkland Islands (Malvinas),-60.10018314|-51.40714924,Rattus norvegicus
Phoebetria palpebrata,No studies found,1276,Trial or Research only,1,Rat,Falkland Islands (Saunders Island Group),Atlantic Ocean - South,Falkland Islands (Malvinas),-60.10018314|-51.40714924,Rattus norvegicus
Ardenna grisea,Population study without data in support,1164,Successful,3,Rats,Sept les Archipelago,Atlantic Ocean - North,France,-3.500302599|48.88725737,Rattus norvegicus
Fratercula arctica,Population study with data in support,1164,Successful,2,Rats,Sept les Archipelago,Atlantic Ocean - North,France,-3.500302599|48.88725737,Rattus norvegicus
Hydrobates leucorhous,No studies found,1164,Successful,1,Rats,Sept les Archipelago,Atlantic Ocean - North,France,-3.500302599|48.88725737,Rattus norvegicus
Puffinus mauretanicus,No studies found,1164,Successful,1,Rats,Sept les Archipelago,Atlantic Ocean - North,France,-3.500302599|48.88725737,Rattus norvegicus
Ardenna grisea,Population study without data in support,278,Successful (Reinvaded),3,Rimains,Rimains Islands,Atlantic Ocean - North,France,-1.82675434|48.68195642,Rattus norvegicus
Puffinus mauretanicus,No studies found,278,Successful (Reinvaded),1,Rimains,Rimains Islands,Atlantic Ocean - North,France,-1.82675434|48.68195642,Rattus norvegicus
Ardenna grisea,Population study without data in support,3036,Successful,1,River Island Knob,Falkland Islands (River Harbour),Atlantic Ocean - South,Falkland Islands (Malvinas),-59.61502936|-51.3965062,Rattus norvegicus
Eudyptes chrysolophus,No studies found,3036,Successful,3,River Island Knob,Falkland Islands (River Harbour),Atlantic Ocean - South,Falkland Islands (Malvinas),-59.61502936|-51.3965062,Rattus norvegicus
Phoebetria palpebrata,No studies found,3036,Successful,1,River Island Knob,Falkland Islands (River Harbour),Atlantic Ocean - South,Falkland Islands (Malvinas),-59.61502936|-51.3965062,Rattus norvegicus
Ardenna grisea,Population study without data in support,1851,Successful,1,Rookery,Falkland Islands (Beaver Island Group),Atlantic Ocean - South,Falkland Islands (Malvinas),-61.21512997|-51.83737881,Rattus norvegicus
Eudyptes chrysolophus,No studies found,1851,Successful,3,Rookery,Falkland Islands (Beaver Island Group),Atlantic Ocean - South,Falkland Islands (Malvinas),-61.21512997|-51.83737881,Rattus norvegicus
Phoebetria palpebrata,No studies found,1851,Successful,1,Rookery,Falkland Islands (Beaver Island Group),Atlantic Ocean - South,Falkland Islands (Malvinas),-61.21512997|-51.83737881,Rattus norvegicus
Ardenna grisea,Population study without data in support,1112,Successful (Reinvaded),1,Rookery,Falkland Islands (Beaver Island Group),Atlantic Ocean - South,Falkland Islands (Malvinas),-61.21512997|-51.83737881,Rattus norvegicus
Eudyptes chrysolophus,No studies found,1112,Successful (Reinvaded),3,Rookery,Falkland Islands (Beaver Island Group),Atlantic Ocean - South,Falkland Islands (Malvinas),-61.21512997|-51.83737881,Rattus norvegicus
Phoebetria palpebrata,No studies found,1112,Successful (Reinvaded),1,Rookery,Falkland Islands (Beaver Island Group),Atlantic Ocean - South,Falkland Islands (Malvinas),-61.21512997|-51.83737881,Rattus norvegicus
Ardenna carneipes,All studies are not in support,2414,Successful,1,Rotoroa,Hauraki Gulf,Pacific Ocean - South West,New Zealand,175.1982745|-36.81642187,Rattus norvegicus
Ardenna carneipes,All studies are not in support,2715,Successful,1,Rotoroa,Hauraki Gulf,Pacific Ocean - South West,New Zealand,175.1982745|-36.81642187,Rattus norvegicus
Ardenna grisea,Population study without data in support,2414,Successful,1,Rotoroa,Hauraki Gulf,Pacific Ocean - South West,New Zealand,175.1982745|-36.81642187,Rattus norvegicus
Ardenna grisea,Population study without data in support,2715,Successful,1,Rotoroa,Hauraki Gulf,Pacific Ocean - South West,New Zealand,175.1982745|-36.81642187,Rattus norvegicus
Eudyptes pachyrhynchus,No studies found,2414,Successful,3,Rotoroa,Hauraki Gulf,Pacific Ocean - South West,New Zealand,175.1982745|-36.81642187,Rattus norvegicus
Eudyptes pachyrhynchus,No studies found,2715,Successful,3,Rotoroa,Hauraki Gulf,Pacific Ocean - South West,New Zealand,175.1982745|-36.81642187,Rattus norvegicus
Larus bulleri,No studies found,2414,Successful,3,Rotoroa,Hauraki Gulf,Pacific Ocean - South West,New Zealand,175.1982745|-36.81642187,Rattus norvegicus
Larus bulleri,No studies found,2715,Successful,3,Rotoroa,Hauraki Gulf,Pacific Ocean - South West,New Zealand,175.1982745|-36.81642187,Rattus norvegicus
Sterna striata,No studies found,2414,Successful,4,Rotoroa,Hauraki Gulf,Pacific Ocean - South West,New Zealand,175.1982745|-36.81642187,Rattus norvegicus
Sterna striata,No studies found,2715,Successful,4,Rotoroa,Hauraki Gulf,Pacific Ocean - South West,New Zealand,175.1982745|-36.81642187,Rattus norvegicus
Ardenna carneipes,All studies are not in support,517,Failed,1,Rotoroa,Hauraki Gulf,Pacific Ocean - South West,New Zealand,175.1982745|-36.81642187,Rattus norvegicus
Ardenna grisea,Population study without data in support,517,Failed,1,Rotoroa,Hauraki Gulf,Pacific Ocean - South West,New Zealand,175.1982745|-36.81642187,Rattus norvegicus
Eudyptes pachyrhynchus,No studies found,517,Failed,3,Rotoroa,Hauraki Gulf,Pacific Ocean - South West,New Zealand,175.1982745|-36.81642187,Rattus norvegicus
Larus bulleri,No studies found,517,Failed,3,Rotoroa,Hauraki Gulf,Pacific Ocean - South West,New Zealand,175.1982745|-36.81642187,Rattus norvegicus
Sterna striata,No studies found,517,Failed,4,Rotoroa,Hauraki Gulf,Pacific Ocean - South West,New Zealand,175.1982745|-36.81642187,Rattus norvegicus
Ardenna carneipes,All studies are not in support,1198,Failed,1,Rotoroa Stacks,Hauraki Gulf,Pacific Ocean - South West,New Zealand,175.1875316|-36.82205294,Rattus norvegicus
Ardenna grisea,Population study without data in support,1198,Failed,1,Rotoroa Stacks,Hauraki Gulf,Pacific Ocean - South West,New Zealand,175.1875316|-36.82205294,Rattus norvegicus
Eudyptes pachyrhynchus,No studies found,1198,Failed,3,Rotoroa Stacks,Hauraki Gulf,Pacific Ocean - South West,New Zealand,175.1875316|-36.82205294,Rattus norvegicus
Procellaria cinerea,No studies found,1198,Failed,1,Rotoroa Stacks,Hauraki Gulf,Pacific Ocean - South West,New Zealand,175.1875316|-36.82205294,Rattus norvegicus
Procellaria westlandica,No studies found,1198,Failed,1,Rotoroa Stacks,Hauraki Gulf,Pacific Ocean - South West,New Zealand,175.1875316|-36.82205294,Rattus norvegicus
Sterna striata,No studies found,1198,Failed,4,Rotoroa Stacks,Hauraki Gulf,Pacific Ocean - South West,New Zealand,175.1875316|-36.82205294,Rattus norvegicus
Ardenna carneipes,All studies are not in support,1887,Successful,1,Round,Bay of Islands (Urupukapuka),Pacific Ocean - South West,New Zealand,174.2366307|-35.22818295,Rattus norvegicus
Ardenna grisea,Population study without data in support,1887,Successful,2,Round,Bay of Islands (Urupukapuka),Pacific Ocean - South West,New Zealand,174.2366307|-35.22818295,Rattus norvegicus
Eudyptes pachyrhynchus,No studies found,1887,Successful,3,Round,Bay of Islands (Urupukapuka),Pacific Ocean - South West,New Zealand,174.2366307|-35.22818295,Rattus norvegicus
Sterna striata,No studies found,1887,Successful,4,Round,Bay of Islands (Urupukapuka),Pacific Ocean - South West,New Zealand,174.2366307|-35.22818295,Rattus norvegicus
Ardenna grisea,Population study without data in support,260,Successful,3,Rouzic (Rougic),Sept les Archipelago,Atlantic Ocean - North,France,-3.437560012|48.89915691,Rattus norvegicus
Fratercula arctica,Population study with data in support,260,Successful,2,Rouzic (Rougic),Sept les Archipelago,Atlantic Ocean - North,France,-3.437560012|48.89915691,Rattus norvegicus
Hydrobates leucorhous,No studies found,260,Successful,1,Rouzic (Rougic),Sept les Archipelago,Atlantic Ocean - North,France,-3.437560012|48.89915691,Rattus norvegicus
Puffinus mauretanicus,No studies found,260,Successful,1,Rouzic (Rougic),Sept les Archipelago,Atlantic Ocean - North,France,-3.437560012|48.89915691,Rattus norvegicus
Certhidea olivacea,No studies found,1837,Successful,1,Rábida,Galapagos Islands,Pacific Ocean - North East,Ecuador,-90.70867487|-0.413861509,Rattus norvegicus
Pterodroma hasitata,No studies found,2254,Successful,1,Saba,Lesser Antilles (US Virgin Islands (St. Thomas Islands)),Caribbean,Virgin Islands U.S.,-65.00004629|18.30523023,Rattus norvegicus
Ardenna grisea,Population study without data in support,1846,Successful,3,Saddle,South Georgia Islands,Atlantic Ocean - South,South Georgia and the South Sandwich Islands,-37.74918485|-54.13969217,Rattus norvegicus
Eudyptes chrysolophus,No studies found,1846,Successful,3,Saddle,South Georgia Islands,Atlantic Ocean - South,South Georgia and the South Sandwich Islands,-37.74918485|-54.13969217,Rattus norvegicus
Phoebetria palpebrata,No studies found,1846,Successful,1,Saddle,South Georgia Islands,Atlantic Ocean - South,South Georgia and the South Sandwich Islands,-37.74918485|-54.13969217,Rattus norvegicus
Fratercula arctica,Population study with data in support,2216,Successful,2,Saint Agnes,Isles of Scilly,Atlantic Ocean - North,United Kingdom,-6.34430217|49.89107422,Rattus norvegicus
Hydrobates leucorhous,No studies found,2216,Successful,1,Saint Agnes,Isles of Scilly,Atlantic Ocean - North,United Kingdom,-6.34430217|49.89107422,Rattus norvegicus
Ardenna grisea,Population study without data in support,230,Failed,3,Saint-Riom,Saint-Riom Islands,Atlantic Ocean - North,France,-2.981828739|48.79794092,Rattus norvegicus
Fratercula arctica,Population study with data in support,230,Failed,2,Saint-Riom,Saint-Riom Islands,Atlantic Ocean - North,France,-2.981828739|48.79794092,Rattus norvegicus
Hydrobates leucorhous,No studies found,230,Failed,1,Saint-Riom,Saint-Riom Islands,Atlantic Ocean - North,France,-2.981828739|48.79794092,Rattus norvegicus
Puffinus mauretanicus,No studies found,230,Failed,1,Saint-Riom,Saint-Riom Islands,Atlantic Ocean - North,France,-2.981828739|48.79794092,Rattus norvegicus
Ardenna grisea,Population study without data in support,1115,Failed,3,Saint-Riom (6 islets),Saint-Riom Islands,Atlantic Ocean - North,France,-2.9836496|48.80517882,Rattus norvegicus
Fratercula arctica,Population study with data in support,1115,Failed,2,Saint-Riom (6 islets),Saint-Riom Islands,Atlantic Ocean - North,France,-2.9836496|48.80517882,Rattus norvegicus
Hydrobates leucorhous,No studies found,1115,Failed,1,Saint-Riom (6 islets),Saint-Riom Islands,Atlantic Ocean - North,France,-2.9836496|48.80517882,Rattus norvegicus
Puffinus mauretanicus,No studies found,1115,Failed,1,Saint-Riom (6 islets),Saint-Riom Islands,Atlantic Ocean - North,France,-2.9836496|48.80517882,Rattus norvegicus
Ardenna grisea,Population study without data in support,3041,Successful,1,Sam,Falkland Islands (Kelp Islands),Atlantic Ocean - South,Falkland Islands (Malvinas),-58.18932024|-51.8545957,Rattus norvegicus
Eudyptes chrysolophus,No studies found,3041,Successful,3,Sam,Falkland Islands (Kelp Islands),Atlantic Ocean - South,Falkland Islands (Malvinas),-58.18932024|-51.8545957,Rattus norvegicus
Phoebetria palpebrata,No studies found,3041,Successful,1,Sam,Falkland Islands (Kelp Islands),Atlantic Ocean - South,Falkland Islands (Malvinas),-58.18932024|-51.8545957,Rattus norvegicus
Ardenna grisea,Population study without data in support,2322,Successful,1,Sea Dog,Falkland Islands,Atlantic Ocean - South,Falkland Islands (Malvinas),-61.09497158|-52.00454386,Rattus norvegicus
Eudyptes chrysolophus,No studies found,2322,Successful,3,Sea Dog,Falkland Islands,Atlantic Ocean - South,Falkland Islands (Malvinas),-61.09497158|-52.00454386,Rattus norvegicus
Phoebetria palpebrata,No studies found,2322,Successful,1,Sea Dog,Falkland Islands,Atlantic Ocean - South,Falkland Islands (Malvinas),-61.09497158|-52.00454386,Rattus norvegicus
Ardenna grisea,Population study without data in support,2323,Successful,1,Sea Lion,Falkland Islands (Choiseul Sound),Atlantic Ocean - South,Falkland Islands (Malvinas),-58.72374531|-51.92905034,Rattus norvegicus
Eudyptes chrysolophus,No studies found,2323,Successful,3,Sea Lion,Falkland Islands (Choiseul Sound),Atlantic Ocean - South,Falkland Islands (Malvinas),-58.72374531|-51.92905034,Rattus norvegicus
Phoebetria palpebrata,No studies found,2323,Successful,1,Sea Lion,Falkland Islands (Choiseul Sound),Atlantic Ocean - South,Falkland Islands (Malvinas),-58.72374531|-51.92905034,Rattus norvegicus
Certhidea olivacea,No studies found,3139,Planned,1,Seymour Norte,Galapagos Islands,Pacific Ocean - North East,Ecuador,-90.2849004|-0.395017292,Rattus norvegicus
Progne modesta,No studies found,3139,Planned,1,Seymour Norte,Galapagos Islands,Pacific Ocean - North East,Ecuador,-90.2849004|-0.395017292,Rattus norvegicus
Ardenna grisea,Population study without data in support,2324,Successful,1,Skull Bay,Falkland Islands (Weddell Island Group),Atlantic Ocean - South,Falkland Islands (Malvinas),-61.13813888|-51.88749619,Rattus norvegicus
Eudyptes chrysolophus,No studies found,2324,Successful,3,Skull Bay,Falkland Islands (Weddell Island Group),Atlantic Ocean - South,Falkland Islands (Malvinas),-61.13813888|-51.88749619,Rattus norvegicus
Phoebetria palpebrata,No studies found,2324,Successful,1,Skull Bay,Falkland Islands (Weddell Island Group),Atlantic Ocean - South,Falkland Islands (Malvinas),-61.13813888|-51.88749619,Rattus norvegicus
Ardenna grisea,Population study without data in support,66,Successful (Reinvaded),1,Skull Bay,Falkland Islands (Weddell Island Group),Atlantic Ocean - South,Falkland Islands (Malvinas),-61.13813888|-51.88749619,Rattus norvegicus
Eudyptes chrysolophus,No studies found,66,Successful (Reinvaded),3,Skull Bay,Falkland Islands (Weddell Island Group),Atlantic Ocean - South,Falkland Islands (Malvinas),-61.13813888|-51.88749619,Rattus norvegicus
Phoebetria palpebrata,No studies found,66,Successful (Reinvaded),1,Skull Bay,Falkland Islands (Weddell Island Group),Atlantic Ocean - South,Falkland Islands (Malvinas),-61.13813888|-51.88749619,Rattus norvegicus
Ardenna grisea,Population study without data in support,1178,Successful (Reinvaded),1,Sniper,Falkland Islands (Choiseul Sound),Atlantic Ocean - South,Falkland Islands (Malvinas),-58.5047867|-51.91712011,Rattus norvegicus
Eudyptes chrysolophus,No studies found,1178,Successful (Reinvaded),3,Sniper,Falkland Islands (Choiseul Sound),Atlantic Ocean - South,Falkland Islands (Malvinas),-58.5047867|-51.91712011,Rattus norvegicus
Phoebetria palpebrata,No studies found,1178,Successful (Reinvaded),1,Sniper,Falkland Islands (Choiseul Sound),Atlantic Ocean - South,Falkland Islands (Malvinas),-58.5047867|-51.91712011,Rattus norvegicus
Procellaria cinerea,No studies found,1178,Successful (Reinvaded),1,Sniper,Falkland Islands (Choiseul Sound),Atlantic Ocean - South,Falkland Islands (Malvinas),-58.5047867|-51.91712011,Rattus norvegicus
Hydrobates leucorhous,No studies found,1856,Trial or Research only,1,South,Aleutian Islands (Adak Island (Bay of Islands)),Pacific Ocean - North East,United States,-176.8006095|51.82092992,Rattus norvegicus
Onychoprion aleuticus,No studies found,1856,Trial or Research only,2,South,Aleutian Islands (Adak Island (Bay of Islands)),Pacific Ocean - North East,United States,-176.8006095|51.82092992,Rattus norvegicus
Ptychoramphus aleuticus,No studies found,1856,Trial or Research only,3,South,Aleutian Islands (Adak Island (Bay of Islands)),Pacific Ocean - North East,United States,-176.8006095|51.82092992,Rattus norvegicus
Ardenna carneipes,All studies are not in support,2276,Successful (Reinvaded),1,South Crater Rim,Bay of Islands (Black Rocks),Pacific Ocean - South West,New Zealand,174.1117711|-35.20532153,Rattus norvegicus
Ardenna grisea,Population study without data in support,2276,Successful (Reinvaded),2,South Crater Rim,Bay of Islands (Black Rocks),Pacific Ocean - South West,New Zealand,174.1117711|-35.20532153,Rattus norvegicus
Eudyptes pachyrhynchus,No studies found,2276,Successful (Reinvaded),3,South Crater Rim,Bay of Islands (Black Rocks),Pacific Ocean - South West,New Zealand,174.1117711|-35.20532153,Rattus norvegicus
Sterna striata,No studies found,2276,Successful (Reinvaded),4,South Crater Rim,Bay of Islands (Black Rocks),Pacific Ocean - South West,New Zealand,174.1117711|-35.20532153,Rattus norvegicus
Eudyptes chrysolophus,No studies found,1834,Successful,2,South Georgia,South Georgia Islands,Atlantic Ocean - South,South Georgia and the South Sandwich Islands,-36.6802295|-54.37892661,Rattus norvegicus
Eudyptes chrysolophus,No studies found,2831,Successful,2,South Georgia,South Georgia Islands,Atlantic Ocean - South,South Georgia and the South Sandwich Islands,-36.6802295|-54.37892661,Rattus norvegicus
Phoebetria palpebrata,No studies found,1834,Successful,2,South Georgia,South Georgia Islands,Atlantic Ocean - South,South Georgia and the South Sandwich Islands,-36.6802295|-54.37892661,Rattus norvegicus
Phoebetria palpebrata,No studies found,2831,Successful,2,South Georgia,South Georgia Islands,Atlantic Ocean - South,South Georgia and the South Sandwich Islands,-36.6802295|-54.37892661,Rattus norvegicus
Ardenna grisea,Population study without data in support,1173,Successful (Reinvaded),1,South West Horse,Falkland Islands (North West Island Group),Atlantic Ocean - South,Falkland Islands (Malvinas),-59.14757843|-51.60433988,Rattus norvegicus
Eudyptes chrysolophus,No studies found,1173,Successful (Reinvaded),3,South West Horse,Falkland Islands (North West Island Group),Atlantic Ocean - South,Falkland Islands (Malvinas),-59.14757843|-51.60433988,Rattus norvegicus
Phoebetria palpebrata,No studies found,1173,Successful (Reinvaded),1,South West Horse,Falkland Islands (North West Island Group),Atlantic Ocean - South,Falkland Islands (Malvinas),-59.14757843|-51.60433988,Rattus norvegicus
Ardenna carneipes,All studies are not in support,3057,Successful,1,St. James,British Columbia (Haida Gwaii),Pacific Ocean - North East,Canada,-131.0174373|51.93711216,Rattus norvegicus
Ardenna creatopus,All studies are not in support,3057,Successful,1,St. James,British Columbia (Haida Gwaii),Pacific Ocean - North East,Canada,-131.0174373|51.93711216,Rattus norvegicus
Ardenna grisea,Population study without data in support,3057,Successful,3,St. James,British Columbia (Haida Gwaii),Pacific Ocean - North East,Canada,-131.0174373|51.93711216,Rattus norvegicus
Hydrobates leucorhous,No studies found,3057,Successful,1,St. James,British Columbia (Haida Gwaii),Pacific Ocean - North East,Canada,-131.0174373|51.93711216,Rattus norvegicus
Ptychoramphus aleuticus,No studies found,3057,Successful,1,St. James,British Columbia (Haida Gwaii),Pacific Ocean - North East,Canada,-131.0174373|51.93711216,Rattus norvegicus
Ardenna grisea,Population study without data in support,1277,Successful,1,Staats,Falkland Islands (Beaver Island Group),Atlantic Ocean - South,Falkland Islands (Malvinas),-61.18892753|-51.89042225,Rattus norvegicus
Cinclodes antarcticus,Population study with all qualities in support,1277,Successful,1,Staats,Falkland Islands (Beaver Island Group),Atlantic Ocean - South,Falkland Islands (Malvinas),-61.18892753|-51.89042225,Rattus norvegicus
Eudyptes chrysolophus,No studies found,1277,Successful,2,Staats,Falkland Islands (Beaver Island Group),Atlantic Ocean - South,Falkland Islands (Malvinas),-61.18892753|-51.89042225,Rattus norvegicus
Ardenna grisea,Population study without data in support,1867,Successful,1,Stick-in-the-mud,Falkland Islands (Weddell Island Group),Atlantic Ocean - South,Falkland Islands (Malvinas),-61.16700055|-51.84797603,Rattus norvegicus
Eudyptes chrysolophus,No studies found,1867,Successful,3,Stick-in-the-mud,Falkland Islands (Weddell Island Group),Atlantic Ocean - South,Falkland Islands (Malvinas),-61.16700055|-51.84797603,Rattus norvegicus
Phoebetria palpebrata,No studies found,1867,Successful,1,Stick-in-the-mud,Falkland Islands (Weddell Island Group),Atlantic Ocean - South,Falkland Islands (Malvinas),-61.16700055|-51.84797603,Rattus norvegicus
Ardenna grisea,Population study without data in support,1113,Successful (Reinvaded),1,Stick-in-the-mud,Falkland Islands (Weddell Island Group),Atlantic Ocean - South,Falkland Islands (Malvinas),-61.16700055|-51.84797603,Rattus norvegicus
Eudyptes chrysolophus,No studies found,1113,Successful (Reinvaded),3,Stick-in-the-mud,Falkland Islands (Weddell Island Group),Atlantic Ocean - South,Falkland Islands (Malvinas),-61.16700055|-51.84797603,Rattus norvegicus
Phoebetria palpebrata,No studies found,1113,Successful (Reinvaded),1,Stick-in-the-mud,Falkland Islands (Weddell Island Group),Atlantic Ocean - South,Falkland Islands (Malvinas),-61.16700055|-51.84797603,Rattus norvegicus
Ardenna carneipes,All studies are not in support,2278,Successful (Reinvaded),1,Stuck Anchor Rock,Bay of Islands (Black Rocks),Pacific Ocean - South West,New Zealand,174.1122491|-35.21017846,Rattus norvegicus
Ardenna grisea,Population study without data in support,2278,Successful (Reinvaded),2,Stuck Anchor Rock,Bay of Islands (Black Rocks),Pacific Ocean - South West,New Zealand,174.1122491|-35.21017846,Rattus norvegicus
Eudyptes pachyrhynchus,No studies found,2278,Successful (Reinvaded),3,Stuck Anchor Rock,Bay of Islands (Black Rocks),Pacific Ocean - South West,New Zealand,174.1122491|-35.21017846,Rattus norvegicus
Procellaria cinerea,No studies found,2278,Successful (Reinvaded),1,Stuck Anchor Rock,Bay of Islands (Black Rocks),Pacific Ocean - South West,New Zealand,174.1122491|-35.21017846,Rattus norvegicus
Procellaria westlandica,No studies found,2278,Successful (Reinvaded),1,Stuck Anchor Rock,Bay of Islands (Black Rocks),Pacific Ocean - South West,New Zealand,174.1122491|-35.21017846,Rattus norvegicus
Sterna striata,No studies found,2278,Successful (Reinvaded),4,Stuck Anchor Rock,Bay of Islands (Black Rocks),Pacific Ocean - South West,New Zealand,174.1122491|-35.21017846,Rattus norvegicus
Ardenna carneipes,All studies are not in support,451,Successful,1,Tahoramaurea,Kapiti Islands,Pacific Ocean - South West,New Zealand,174.9029021|-40.88962786,Rattus norvegicus
Ardenna grisea,Population study without data in support,451,Successful,1,Tahoramaurea,Kapiti Islands,Pacific Ocean - South West,New Zealand,174.9029021|-40.88962786,Rattus norvegicus
Chlidonias albostriatus,Only predation in support,451,Successful,4,Tahoramaurea,Kapiti Islands,Pacific Ocean - South West,New Zealand,174.9029021|-40.88962786,Rattus norvegicus
Eudyptes pachyrhynchus,No studies found,451,Successful,3,Tahoramaurea,Kapiti Islands,Pacific Ocean - South West,New Zealand,174.9029021|-40.88962786,Rattus norvegicus
Larus bulleri,No studies found,451,Successful,3,Tahoramaurea,Kapiti Islands,Pacific Ocean - South West,New Zealand,174.9029021|-40.88962786,Rattus norvegicus
Phoebetria palpebrata,No studies found,451,Successful,1,Tahoramaurea,Kapiti Islands,Pacific Ocean - South West,New Zealand,174.9029021|-40.88962786,Rattus norvegicus
Sterna striata,No studies found,451,Successful,4,Tahoramaurea,Kapiti Islands,Pacific Ocean - South West,New Zealand,174.9029021|-40.88962786,Rattus norvegicus
Ardenna carneipes,All studies are not in support,1857,Successful,1,Takangaroa,Hauraki Gulf (Kawau),Pacific Ocean - South West,New Zealand,174.7942048|-36.42543,Rattus norvegicus
Ardenna grisea,Population study without data in support,1857,Successful,1,Takangaroa,Hauraki Gulf (Kawau),Pacific Ocean - South West,New Zealand,174.7942048|-36.42543,Rattus norvegicus
Eudyptes pachyrhynchus,No studies found,1857,Successful,3,Takangaroa,Hauraki Gulf (Kawau),Pacific Ocean - South West,New Zealand,174.7942048|-36.42543,Rattus norvegicus
Larus bulleri,No studies found,1857,Successful,3,Takangaroa,Hauraki Gulf (Kawau),Pacific Ocean - South West,New Zealand,174.7942048|-36.42543,Rattus norvegicus
Sterna striata,No studies found,1857,Successful,4,Takangaroa,Hauraki Gulf (Kawau),Pacific Ocean - South West,New Zealand,174.7942048|-36.42543,Rattus norvegicus
Ardenna carneipes,All studies are not in support,296,Successful,1,Tarahiki (Terahiki),Hauraki Gulf,Pacific Ocean - South West,New Zealand,175.2271735|-36.79051763,Rattus norvegicus
Ardenna grisea,Population study without data in support,296,Successful,1,Tarahiki (Terahiki),Hauraki Gulf,Pacific Ocean - South West,New Zealand,175.2271735|-36.79051763,Rattus norvegicus
Eudyptes pachyrhynchus,No studies found,296,Successful,3,Tarahiki (Terahiki),Hauraki Gulf,Pacific Ocean - South West,New Zealand,175.2271735|-36.79051763,Rattus norvegicus
Larus bulleri,No studies found,296,Successful,3,Tarahiki (Terahiki),Hauraki Gulf,Pacific Ocean - South West,New Zealand,175.2271735|-36.79051763,Rattus norvegicus
Sterna striata,No studies found,296,Successful,4,Tarahiki (Terahiki),Hauraki Gulf,Pacific Ocean - South West,New Zealand,175.2271735|-36.79051763,Rattus norvegicus
Ardenna carneipes,All studies are not in support,143,Successful,1,Taranaki,Bay of Islands,Pacific Ocean - South West,New Zealand,174.0135833|-35.20377585,Rattus norvegicus
Ardenna grisea,Population study without data in support,143,Successful,2,Taranaki,Bay of Islands,Pacific Ocean - South West,New Zealand,174.0135833|-35.20377585,Rattus norvegicus
Eudyptes pachyrhynchus,No studies found,143,Successful,3,Taranaki,Bay of Islands,Pacific Ocean - South West,New Zealand,174.0135833|-35.20377585,Rattus norvegicus
Procellaria cinerea,No studies found,143,Successful,1,Taranaki,Bay of Islands,Pacific Ocean - South West,New Zealand,174.0135833|-35.20377585,Rattus norvegicus
Procellaria westlandica,No studies found,143,Successful,1,Taranaki,Bay of Islands,Pacific Ocean - South West,New Zealand,174.0135833|-35.20377585,Rattus norvegicus
Sterna striata,No studies found,143,Successful,4,Taranaki,Bay of Islands,Pacific Ocean - South West,New Zealand,174.0135833|-35.20377585,Rattus norvegicus
Ardenna carneipes,All studies are not in support,1858,Successful,1,Te Ao,Bay of Islands (Urupukapuka),Pacific Ocean - South West,New Zealand,174.2414585|-35.22760283,Rattus norvegicus
Ardenna grisea,Population study without data in support,1858,Successful,2,Te Ao,Bay of Islands (Urupukapuka),Pacific Ocean - South West,New Zealand,174.2414585|-35.22760283,Rattus norvegicus
Eudyptes pachyrhynchus,No studies found,1858,Successful,3,Te Ao,Bay of Islands (Urupukapuka),Pacific Ocean - South West,New Zealand,174.2414585|-35.22760283,Rattus norvegicus
Procellaria cinerea,No studies found,1858,Successful,1,Te Ao,Bay of Islands (Urupukapuka),Pacific Ocean - South West,New Zealand,174.2414585|-35.22760283,Rattus norvegicus
Procellaria westlandica,No studies found,1858,Successful,1,Te Ao,Bay of Islands (Urupukapuka),Pacific Ocean - South West,New Zealand,174.2414585|-35.22760283,Rattus norvegicus
Sterna striata,No studies found,1858,Successful,4,Te Ao,Bay of Islands (Urupukapuka),Pacific Ocean - South West,New Zealand,174.2414585|-35.22760283,Rattus norvegicus
Ardenna carneipes,All studies are not in support,860,Successful,1,Te Haupa (Saddle),Hauraki Gulf,Pacific Ocean - South West,New Zealand,174.7477144|-36.5116953,Rattus norvegicus
Ardenna grisea,Population study without data in support,860,Successful,2,Te Haupa (Saddle),Hauraki Gulf,Pacific Ocean - South West,New Zealand,174.7477144|-36.5116953,Rattus norvegicus
Eudyptes pachyrhynchus,No studies found,860,Successful,3,Te Haupa (Saddle),Hauraki Gulf,Pacific Ocean - South West,New Zealand,174.7477144|-36.5116953,Rattus norvegicus
Larus bulleri,No studies found,860,Successful,3,Te Haupa (Saddle),Hauraki Gulf,Pacific Ocean - South West,New Zealand,174.7477144|-36.5116953,Rattus norvegicus
Sterna striata,No studies found,860,Successful,4,Te Haupa (Saddle),Hauraki Gulf,Pacific Ocean - South West,New Zealand,174.7477144|-36.5116953,Rattus norvegicus
Ardenna grisea,Population study without data in support,59,Successful,1,Tea,Falkland Islands (Beaver Island Group),Atlantic Ocean - South,Falkland Islands (Malvinas),-61.17215022|-51.90310617,Rattus norvegicus
Cinclodes antarcticus,Population study with all qualities in support,59,Successful,1,Tea,Falkland Islands (Beaver Island Group),Atlantic Ocean - South,Falkland Islands (Malvinas),-61.17215022|-51.90310617,Rattus norvegicus
Eudyptes chrysolophus,No studies found,59,Successful,2,Tea,Falkland Islands (Beaver Island Group),Atlantic Ocean - South,Falkland Islands (Malvinas),-61.17215022|-51.90310617,Rattus norvegicus
Ardenna carneipes,All studies are not in support,2268,Successful (Reinvaded),1,Tern Rock,Bay of Islands (Black Rocks),Pacific Ocean - South West,New Zealand,174.1091402|-35.19912512,Rattus norvegicus
Ardenna grisea,Population study without data in support,2268,Successful (Reinvaded),2,Tern Rock,Bay of Islands (Black Rocks),Pacific Ocean - South West,New Zealand,174.1091402|-35.19912512,Rattus norvegicus
Eudyptes pachyrhynchus,No studies found,2268,Successful (Reinvaded),3,Tern Rock,Bay of Islands (Black Rocks),Pacific Ocean - South West,New Zealand,174.1091402|-35.19912512,Rattus norvegicus
Sterna striata,No studies found,2268,Successful (Reinvaded),4,Tern Rock,Bay of Islands (Black Rocks),Pacific Ocean - South West,New Zealand,174.1091402|-35.19912512,Rattus norvegicus
Ardenna grisea,Population study without data in support,1175,Successful,1,The Knobs,Falkland Islands (The Knobs),Atlantic Ocean - South,Falkland Islands (Malvinas),-58.16004537|-51.80268294,Rattus norvegicus
Eudyptes chrysolophus,No studies found,1175,Successful,3,The Knobs,Falkland Islands (The Knobs),Atlantic Ocean - South,Falkland Islands (Malvinas),-58.16004537|-51.80268294,Rattus norvegicus
Phoebetria palpebrata,No studies found,1175,Successful,1,The Knobs,Falkland Islands (The Knobs),Atlantic Ocean - South,Falkland Islands (Malvinas),-58.16004537|-51.80268294,Rattus norvegicus
Ardenna grisea,Population study without data in support,1177,Successful,1,The Knobs Islet,Falkland Islands (The Knobs),Atlantic Ocean - South,Falkland Islands (Malvinas),-58.168774|-51.79703928,Rattus norvegicus
Eudyptes chrysolophus,No studies found,1177,Successful,3,The Knobs Islet,Falkland Islands (The Knobs),Atlantic Ocean - South,Falkland Islands (Malvinas),-58.168774|-51.79703928,Rattus norvegicus
Phoebetria palpebrata,No studies found,1177,Successful,1,The Knobs Islet,Falkland Islands (The Knobs),Atlantic Ocean - South,Falkland Islands (Malvinas),-58.168774|-51.79703928,Rattus norvegicus
Procellaria cinerea,No studies found,1177,Successful,1,The Knobs Islet,Falkland Islands (The Knobs),Atlantic Ocean - South,Falkland Islands (Malvinas),-58.168774|-51.79703928,Rattus norvegicus
Ardenna grisea,Population study without data in support,2325,Successful,1,Third,Falkland Islands (Bleaker Island Group),Atlantic Ocean - South,Falkland Islands (Malvinas),-58.87648124|-52.20368325,Rattus norvegicus
Eudyptes chrysolophus,No studies found,2325,Successful,3,Third,Falkland Islands (Bleaker Island Group),Atlantic Ocean - South,Falkland Islands (Malvinas),-58.87648124|-52.20368325,Rattus norvegicus
Phoebetria palpebrata,No studies found,2325,Successful,1,Third,Falkland Islands (Bleaker Island Group),Atlantic Ocean - South,Falkland Islands (Malvinas),-58.87648124|-52.20368325,Rattus norvegicus
Ardenna grisea,Population study without data in support,3045,To Be Confirmed,1,Tickle,Falkland Islands (Falkland Sound),Atlantic Ocean - South,Falkland Islands (Malvinas),-59.65462602|-51.99217568,Rattus norvegicus
Cinclodes antarcticus,Population study with all qualities in support,3045,To Be Confirmed,1,Tickle,Falkland Islands (Falkland Sound),Atlantic Ocean - South,Falkland Islands (Malvinas),-59.65462602|-51.99217568,Rattus norvegicus
Eudyptes chrysolophus,No studies found,3045,To Be Confirmed,2,Tickle,Falkland Islands (Falkland Sound),Atlantic Ocean - South,Falkland Islands (Malvinas),-59.65462602|-51.99217568,Rattus norvegicus
Ardenna grisea,Population study without data in support,3052,To Be Confirmed,1,Tickle Islet,Falkland Islands (Falkland Sound),Atlantic Ocean - South,Falkland Islands (Malvinas),-59.67021076|-51.99654987,Rattus norvegicus
Eudyptes chrysolophus,No studies found,3052,To Be Confirmed,3,Tickle Islet,Falkland Islands (Falkland Sound),Atlantic Ocean - South,Falkland Islands (Malvinas),-59.67021076|-51.99654987,Rattus norvegicus
Phoebetria palpebrata,No studies found,3052,To Be Confirmed,1,Tickle Islet,Falkland Islands (Falkland Sound),Atlantic Ocean - South,Falkland Islands (Malvinas),-59.67021076|-51.99654987,Rattus norvegicus
Ardenna grisea,Population study without data in support,323,Successful,1,Tinui,Rangitoto Islands,Pacific Ocean - South West,New Zealand,173.9688262|-40.7760022,Rattus norvegicus
Chlidonias albostriatus,Only predation in support,323,Successful,4,Tinui,Rangitoto Islands,Pacific Ocean - South West,New Zealand,173.9688262|-40.7760022,Rattus norvegicus
Coturnix novaezelandiae,No studies found,323,Successful,1,Tinui,Rangitoto Islands,Pacific Ocean - South West,New Zealand,173.9688262|-40.7760022,Rattus norvegicus
Himantopus novaezelandiae,No studies found,323,Successful,1,Tinui,Rangitoto Islands,Pacific Ocean - South West,New Zealand,173.9688262|-40.7760022,Rattus norvegicus
Larus bulleri,No studies found,323,Successful,3,Tinui,Rangitoto Islands,Pacific Ocean - South West,New Zealand,173.9688262|-40.7760022,Rattus norvegicus
Mergus australis,No studies found,323,Successful,1,Tinui,Rangitoto Islands,Pacific Ocean - South West,New Zealand,173.9688262|-40.7760022,Rattus norvegicus
Sterna striata,No studies found,323,Successful,1,Tinui,Rangitoto Islands,Pacific Ocean - South West,New Zealand,173.9688262|-40.7760022,Rattus norvegicus
Turnagra capensis,No studies found,323,Successful,1,Tinui,Rangitoto Islands,Pacific Ocean - South West,New Zealand,173.9688262|-40.7760022,Rattus norvegicus
Ardenna carneipes,All studies are not in support,1299,Successful,1,Titi,Marlborough Sound,Pacific Ocean - South West,New Zealand,174.1392583|-40.9511942,Rattus norvegicus
Ardenna grisea,Population study without data in support,1299,Successful,1,Titi,Marlborough Sound,Pacific Ocean - South West,New Zealand,174.1392583|-40.9511942,Rattus norvegicus
Chlidonias albostriatus,Only predation in support,1299,Successful,4,Titi,Marlborough Sound,Pacific Ocean - South West,New Zealand,174.1392583|-40.9511942,Rattus norvegicus
Cyanoramphus auriceps,No studies found,1299,Successful,1,Titi,Marlborough Sound,Pacific Ocean - South West,New Zealand,174.1392583|-40.9511942,Rattus norvegicus
Eudyptes pachyrhynchus,No studies found,1299,Successful,3,Titi,Marlborough Sound,Pacific Ocean - South West,New Zealand,174.1392583|-40.9511942,Rattus norvegicus
Larus bulleri,No studies found,1299,Successful,3,Titi,Marlborough Sound,Pacific Ocean - South West,New Zealand,174.1392583|-40.9511942,Rattus norvegicus
Phoebetria palpebrata,No studies found,1299,Successful,1,Titi,Marlborough Sound,Pacific Ocean - South West,New Zealand,174.1392583|-40.9511942,Rattus norvegicus
Sterna striata,No studies found,1299,Successful,4,Titi,Marlborough Sound,Pacific Ocean - South West,New Zealand,174.1392583|-40.9511942,Rattus norvegicus
Ardenna grisea,Population study without data in support,233,Successful,3,Tomé,Brittany,Atlantic Ocean - North,France,-3.40799924|48.83668591,Rattus norvegicus
Fratercula arctica,Population study with data in support,233,Successful,2,Tomé,Brittany,Atlantic Ocean - North,France,-3.40799924|48.83668591,Rattus norvegicus
Hydrobates leucorhous,No studies found,233,Successful,1,Tomé,Brittany,Atlantic Ocean - North,France,-3.40799924|48.83668591,Rattus norvegicus
Puffinus mauretanicus,No studies found,233,Successful,1,Tomé,Brittany,Atlantic Ocean - North,France,-3.40799924|48.83668591,Rattus norvegicus
Ardenna grisea,Population study without data in support,32,Successful,2,Top,Falkland Islands (Blanco Bay),Atlantic Ocean - South,Falkland Islands (Malvinas),-57.74516621|-51.67238694,Rattus norvegicus
Eudyptes chrysolophus,No studies found,32,Successful,3,Top,Falkland Islands (Blanco Bay),Atlantic Ocean - South,Falkland Islands (Malvinas),-57.74516621|-51.67238694,Rattus norvegicus
Phoebetria palpebrata,No studies found,32,Successful,1,Top,Falkland Islands (Blanco Bay),Atlantic Ocean - South,Falkland Islands (Malvinas),-57.74516621|-51.67238694,Rattus norvegicus
Ardenna grisea,Population study without data in support,3035,Successful (Reinvaded),1,Top,Falkland Islands (River Harbour),Atlantic Ocean - South,Falkland Islands (Malvinas),-59.73601045|-51.43800992,Rattus norvegicus
Eudyptes chrysolophus,No studies found,3035,Successful (Reinvaded),3,Top,Falkland Islands (River Harbour),Atlantic Ocean - South,Falkland Islands (Malvinas),-59.73601045|-51.43800992,Rattus norvegicus
Phoebetria palpebrata,No studies found,3035,Successful (Reinvaded),1,Top,Falkland Islands (River Harbour),Atlantic Ocean - South,Falkland Islands (Malvinas),-59.73601045|-51.43800992,Rattus norvegicus
Ardenna grisea,Population study without data in support,3038,Successful (Reinvaded),1,Top Island Centre Islet,Falkland Islands (River Harbour),Atlantic Ocean - South,Falkland Islands (Malvinas),-59.7530311|-51.43010297,Rattus norvegicus
Cinclodes antarcticus,Population study with all qualities in support,3038,Successful (Reinvaded),1,Top Island Centre Islet,Falkland Islands (River Harbour),Atlantic Ocean - South,Falkland Islands (Malvinas),-59.7530311|-51.43010297,Rattus norvegicus
Eudyptes chrysolophus,No studies found,3038,Successful (Reinvaded),2,Top Island Centre Islet,Falkland Islands (River Harbour),Atlantic Ocean - South,Falkland Islands (Malvinas),-59.7530311|-51.43010297,Rattus norvegicus
Ardenna grisea,Population study without data in support,3037,Successful (Reinvaded),1,Top Island East Islet,Falkland Islands (River Harbour),Atlantic Ocean - South,Falkland Islands (Malvinas),-59.74607169|-51.42928583,Rattus norvegicus
Cinclodes antarcticus,Population study with all qualities in support,3037,Successful (Reinvaded),1,Top Island East Islet,Falkland Islands (River Harbour),Atlantic Ocean - South,Falkland Islands (Malvinas),-59.74607169|-51.42928583,Rattus norvegicus
Eudyptes chrysolophus,No studies found,3037,Successful (Reinvaded),2,Top Island East Islet,Falkland Islands (River Harbour),Atlantic Ocean - South,Falkland Islands (Malvinas),-59.74607169|-51.42928583,Rattus norvegicus
Ardenna grisea,Population study without data in support,3039,Successful (Reinvaded),1,Top Island South Islet,Falkland Islands (River Harbour),Atlantic Ocean - South,Falkland Islands (Malvinas),-59.75439871|-51.43429285,Rattus norvegicus
Eudyptes chrysolophus,No studies found,3039,Successful (Reinvaded),3,Top Island South Islet,Falkland Islands (River Harbour),Atlantic Ocean - South,Falkland Islands (Malvinas),-59.75439871|-51.43429285,Rattus norvegicus
Phoebetria palpebrata,No studies found,3039,Successful (Reinvaded),1,Top Island South Islet,Falkland Islands (River Harbour),Atlantic Ocean - South,Falkland Islands (Malvinas),-59.75439871|-51.43429285,Rattus norvegicus
Ardenna grisea,Population study without data in support,3040,Successful (Reinvaded),1,Top Island West Islet,Falkland Islands (River Harbour),Atlantic Ocean - South,Falkland Islands (Malvinas),-59.76090442|-51.43147354,Rattus norvegicus
Cinclodes antarcticus,Population study with all qualities in support,3040,Successful (Reinvaded),1,Top Island West Islet,Falkland Islands (River Harbour),Atlantic Ocean - South,Falkland Islands (Malvinas),-59.76090442|-51.43147354,Rattus norvegicus
Eudyptes chrysolophus,No studies found,3040,Successful (Reinvaded),2,Top Island West Islet,Falkland Islands (River Harbour),Atlantic Ocean - South,Falkland Islands (Malvinas),-59.76090442|-51.43147354,Rattus norvegicus
Ardenna grisea,Population study without data in support,257,Successful,3,Trielen,Molne Archipelago,Atlantic Ocean - North,France,-4.93825292|48.37264584,Rattus norvegicus
Fratercula arctica,Population study with data in support,257,Successful,2,Trielen,Molne Archipelago,Atlantic Ocean - North,France,-4.93825292|48.37264584,Rattus norvegicus
Hydrobates leucorhous,No studies found,257,Successful,1,Trielen,Molne Archipelago,Atlantic Ocean - North,France,-4.93825292|48.37264584,Rattus norvegicus
Puffinus mauretanicus,No studies found,257,Successful,1,Trielen,Molne Archipelago,Atlantic Ocean - North,France,-4.93825292|48.37264584,Rattus norvegicus
Ardenna grisea,Population study without data in support,1195,Failed,3,Trébéron,null,Atlantic Ocean - North,France,-4.5303404|48.30486275,Rattus norvegicus
Hydrobates leucorhous,No studies found,1195,Failed,1,Trébéron,null,Atlantic Ocean - North,France,-4.5303404|48.30486275,Rattus norvegicus
Puffinus mauretanicus,No studies found,1195,Failed,1,Trébéron,null,Atlantic Ocean - North,France,-4.5303404|48.30486275,Rattus norvegicus
Ardenna grisea,Population study without data in support,824,Successful (Reinvaded),1,Ulva,Stewart Islands,Pacific Ocean - South West,New Zealand,168.132651|-46.93233514,Rattus norvegicus
Ardenna grisea,Population study without data in support,2154,Successful (Reinvaded),1,Ulva,Stewart Islands,Pacific Ocean - South West,New Zealand,168.132651|-46.93233514,Rattus norvegicus
Chlidonias albostriatus,Only predation in support,824,Successful (Reinvaded),1,Ulva,Stewart Islands,Pacific Ocean - South West,New Zealand,168.132651|-46.93233514,Rattus norvegicus
Chlidonias albostriatus,Only predation in support,2154,Successful (Reinvaded),1,Ulva,Stewart Islands,Pacific Ocean - South West,New Zealand,168.132651|-46.93233514,Rattus norvegicus
Mergus australis,No studies found,824,Successful (Reinvaded),1,Ulva,Stewart Islands,Pacific Ocean - South West,New Zealand,168.132651|-46.93233514,Rattus norvegicus
Mergus australis,No studies found,2154,Successful (Reinvaded),1,Ulva,Stewart Islands,Pacific Ocean - South West,New Zealand,168.132651|-46.93233514,Rattus norvegicus
Nestor meridionalis,No studies found,824,Successful (Reinvaded),1,Ulva,Stewart Islands,Pacific Ocean - South West,New Zealand,168.132651|-46.93233514,Rattus norvegicus
Nestor meridionalis,No studies found,2154,Successful (Reinvaded),1,Ulva,Stewart Islands,Pacific Ocean - South West,New Zealand,168.132651|-46.93233514,Rattus norvegicus
Sterna striata,No studies found,824,Successful (Reinvaded),1,Ulva,Stewart Islands,Pacific Ocean - South West,New Zealand,168.132651|-46.93233514,Rattus norvegicus
Sterna striata,No studies found,2154,Successful (Reinvaded),1,Ulva,Stewart Islands,Pacific Ocean - South West,New Zealand,168.132651|-46.93233514,Rattus norvegicus
Ardenna carneipes,All studies are not in support,1199,Successful (Reinvaded),1,Unnamed Cape Wiwiki A (Snail Rock),Bay of Islands (Cape Wiwiki),Pacific Ocean - South West,New Zealand,174.1222147|-35.15366114,Rattus norvegicus
Ardenna grisea,Population study without data in support,1199,Successful (Reinvaded),2,Unnamed Cape Wiwiki A (Snail Rock),Bay of Islands (Cape Wiwiki),Pacific Ocean - South West,New Zealand,174.1222147|-35.15366114,Rattus norvegicus
Eudyptes pachyrhynchus,No studies found,1199,Successful (Reinvaded),3,Unnamed Cape Wiwiki A (Snail Rock),Bay of Islands (Cape Wiwiki),Pacific Ocean - South West,New Zealand,174.1222147|-35.15366114,Rattus norvegicus
Procellaria cinerea,No studies found,1199,Successful (Reinvaded),1,Unnamed Cape Wiwiki A (Snail Rock),Bay of Islands (Cape Wiwiki),Pacific Ocean - South West,New Zealand,174.1222147|-35.15366114,Rattus norvegicus
Procellaria westlandica,No studies found,1199,Successful (Reinvaded),1,Unnamed Cape Wiwiki A (Snail Rock),Bay of Islands (Cape Wiwiki),Pacific Ocean - South West,New Zealand,174.1222147|-35.15366114,Rattus norvegicus
Sterna striata,No studies found,1199,Successful (Reinvaded),4,Unnamed Cape Wiwiki A (Snail Rock),Bay of Islands (Cape Wiwiki),Pacific Ocean - South West,New Zealand,174.1222147|-35.15366114,Rattus norvegicus
Ardenna carneipes,All studies are not in support,1200,Successful (Reinvaded),1,Unnamed Cape Wiwiki B (Gorse Island),Bay of Islands (Cape Wiwiki),Pacific Ocean - South West,New Zealand,174.1215032|-35.15274242,Rattus norvegicus
Ardenna grisea,Population study without data in support,1200,Successful (Reinvaded),2,Unnamed Cape Wiwiki B (Gorse Island),Bay of Islands (Cape Wiwiki),Pacific Ocean - South West,New Zealand,174.1215032|-35.15274242,Rattus norvegicus
Eudyptes pachyrhynchus,No studies found,1200,Successful (Reinvaded),3,Unnamed Cape Wiwiki B (Gorse Island),Bay of Islands (Cape Wiwiki),Pacific Ocean - South West,New Zealand,174.1215032|-35.15274242,Rattus norvegicus
Procellaria cinerea,No studies found,1200,Successful (Reinvaded),1,Unnamed Cape Wiwiki B (Gorse Island),Bay of Islands (Cape Wiwiki),Pacific Ocean - South West,New Zealand,174.1215032|-35.15274242,Rattus norvegicus
Procellaria westlandica,No studies found,1200,Successful (Reinvaded),1,Unnamed Cape Wiwiki B (Gorse Island),Bay of Islands (Cape Wiwiki),Pacific Ocean - South West,New Zealand,174.1215032|-35.15274242,Rattus norvegicus
Sterna striata,No studies found,1200,Successful (Reinvaded),4,Unnamed Cape Wiwiki B (Gorse Island),Bay of Islands (Cape Wiwiki),Pacific Ocean - South West,New Zealand,174.1215032|-35.15274242,Rattus norvegicus
Ardenna grisea,Population study without data in support,1839,Successful,2,Urupukapuka,Bay of Islands,Pacific Ocean - South West,New Zealand,174.2318392|-35.21482764,Rattus norvegicus
Ardenna grisea,Population study without data in support,2512,Successful,2,Urupukapuka,Bay of Islands,Pacific Ocean - South West,New Zealand,174.2318392|-35.21482764,Rattus norvegicus
Ardenna grisea,Population study without data in support,2513,Successful,2,Urupukapuka,Bay of Islands,Pacific Ocean - South West,New Zealand,174.2318392|-35.21482764,Rattus norvegicus
Coturnix novaezelandiae,No studies found,1839,Successful,1,Urupukapuka,Bay of Islands,Pacific Ocean - South West,New Zealand,174.2318392|-35.21482764,Rattus norvegicus
Coturnix novaezelandiae,No studies found,2512,Successful,1,Urupukapuka,Bay of Islands,Pacific Ocean - South West,New Zealand,174.2318392|-35.21482764,Rattus norvegicus
Coturnix novaezelandiae,No studies found,2513,Successful,1,Urupukapuka,Bay of Islands,Pacific Ocean - South West,New Zealand,174.2318392|-35.21482764,Rattus norvegicus
Mergus australis,No studies found,1839,Successful,1,Urupukapuka,Bay of Islands,Pacific Ocean - South West,New Zealand,174.2318392|-35.21482764,Rattus norvegicus
Mergus australis,No studies found,2512,Successful,1,Urupukapuka,Bay of Islands,Pacific Ocean - South West,New Zealand,174.2318392|-35.21482764,Rattus norvegicus
Mergus australis,No studies found,2513,Successful,1,Urupukapuka,Bay of Islands,Pacific Ocean - South West,New Zealand,174.2318392|-35.21482764,Rattus norvegicus
Sterna striata,No studies found,1839,Successful,1,Urupukapuka,Bay of Islands,Pacific Ocean - South West,New Zealand,174.2318392|-35.21482764,Rattus norvegicus
Sterna striata,No studies found,2512,Successful,1,Urupukapuka,Bay of Islands,Pacific Ocean - South West,New Zealand,174.2318392|-35.21482764,Rattus norvegicus
Sterna striata,No studies found,2513,Successful,1,Urupukapuka,Bay of Islands,Pacific Ocean - South West,New Zealand,174.2318392|-35.21482764,Rattus norvegicus
Turnagra tanagra,No studies found,1839,Successful,1,Urupukapuka,Bay of Islands,Pacific Ocean - South West,New Zealand,174.2318392|-35.21482764,Rattus norvegicus
Turnagra tanagra,No studies found,2512,Successful,1,Urupukapuka,Bay of Islands,Pacific Ocean - South West,New Zealand,174.2318392|-35.21482764,Rattus norvegicus
Turnagra tanagra,No studies found,2513,Successful,1,Urupukapuka,Bay of Islands,Pacific Ocean - South West,New Zealand,174.2318392|-35.21482764,Rattus norvegicus
Ardenna grisea,Population study without data in support,1847,Successful,2,Waewaetorea,Bay of Islands,Pacific Ocean - South West,New Zealand,174.2159249|-35.20454206,Rattus norvegicus
Coturnix novaezelandiae,No studies found,1847,Successful,1,Waewaetorea,Bay of Islands,Pacific Ocean - South West,New Zealand,174.2159249|-35.20454206,Rattus norvegicus
Mergus australis,No studies found,1847,Successful,1,Waewaetorea,Bay of Islands,Pacific Ocean - South West,New Zealand,174.2159249|-35.20454206,Rattus norvegicus
Nestor meridionalis,No studies found,1847,Successful,1,Waewaetorea,Bay of Islands,Pacific Ocean - South West,New Zealand,174.2159249|-35.20454206,Rattus norvegicus
Sterna striata,No studies found,1847,Successful,1,Waewaetorea,Bay of Islands,Pacific Ocean - South West,New Zealand,174.2159249|-35.20454206,Rattus norvegicus
Turnagra tanagra,No studies found,1847,Successful,1,Waewaetorea,Bay of Islands,Pacific Ocean - South West,New Zealand,174.2159249|-35.20454206,Rattus norvegicus
Ardenna carneipes,All studies are not in support,1197,Successful,1,Wainui,Bay of Islands,Pacific Ocean - South West,New Zealand,174.0071967|-35.19899865,Rattus norvegicus
Ardenna grisea,Population study without data in support,1197,Successful,2,Wainui,Bay of Islands,Pacific Ocean - South West,New Zealand,174.0071967|-35.19899865,Rattus norvegicus
Eudyptes pachyrhynchus,No studies found,1197,Successful,3,Wainui,Bay of Islands,Pacific Ocean - South West,New Zealand,174.0071967|-35.19899865,Rattus norvegicus
Sterna striata,No studies found,1197,Successful,4,Wainui,Bay of Islands,Pacific Ocean - South West,New Zealand,174.0071967|-35.19899865,Rattus norvegicus
Ardenna carneipes,All studies are not in support,1207,Successful (Reinvaded),1,West Atoll,Bay of Islands (Black Rocks),Pacific Ocean - South West,New Zealand,174.0789085|-35.20218735,Rattus norvegicus
Ardenna grisea,Population study without data in support,1207,Successful (Reinvaded),2,West Atoll,Bay of Islands (Black Rocks),Pacific Ocean - South West,New Zealand,174.0789085|-35.20218735,Rattus norvegicus
Eudyptes pachyrhynchus,No studies found,1207,Successful (Reinvaded),3,West Atoll,Bay of Islands (Black Rocks),Pacific Ocean - South West,New Zealand,174.0789085|-35.20218735,Rattus norvegicus
Sterna striata,No studies found,1207,Successful (Reinvaded),4,West Atoll,Bay of Islands (Black Rocks),Pacific Ocean - South West,New Zealand,174.0789085|-35.20218735,Rattus norvegicus
Ardenna carneipes,All studies are not in support,2266,Successful (Reinvaded),1,West Tern Rock,Bay of Islands (Black Rocks),Pacific Ocean - South West,New Zealand,174.1067185|-35.19931853,Rattus norvegicus
Ardenna grisea,Population study without data in support,2266,Successful (Reinvaded),2,West Tern Rock,Bay of Islands (Black Rocks),Pacific Ocean - South West,New Zealand,174.1067185|-35.19931853,Rattus norvegicus
Eudyptes pachyrhynchus,No studies found,2266,Successful (Reinvaded),3,West Tern Rock,Bay of Islands (Black Rocks),Pacific Ocean - South West,New Zealand,174.1067185|-35.19931853,Rattus norvegicus
Sterna striata,No studies found,2266,Successful (Reinvaded),4,West Tern Rock,Bay of Islands (Black Rocks),Pacific Ocean - South West,New Zealand,174.1067185|-35.19931853,Rattus norvegicus
Ardenna grisea,Population study without data in support,386,Successful,1,Whakaterepapanui,Rangitoto Islands,Pacific Ocean - South West,New Zealand,173.9931919|-40.75332759,Rattus norvegicus
Chlidonias albostriatus,Only predation in support,386,Successful,4,Whakaterepapanui,Rangitoto Islands,Pacific Ocean - South West,New Zealand,173.9931919|-40.75332759,Rattus norvegicus
Coturnix novaezelandiae,No studies found,386,Successful,1,Whakaterepapanui,Rangitoto Islands,Pacific Ocean - South West,New Zealand,173.9931919|-40.75332759,Rattus norvegicus
Himantopus novaezelandiae,No studies found,386,Successful,1,Whakaterepapanui,Rangitoto Islands,Pacific Ocean - South West,New Zealand,173.9931919|-40.75332759,Rattus norvegicus
Larus bulleri,No studies found,386,Successful,3,Whakaterepapanui,Rangitoto Islands,Pacific Ocean - South West,New Zealand,173.9931919|-40.75332759,Rattus norvegicus
Mergus australis,No studies found,386,Successful,1,Whakaterepapanui,Rangitoto Islands,Pacific Ocean - South West,New Zealand,173.9931919|-40.75332759,Rattus norvegicus
Sterna striata,No studies found,386,Successful,1,Whakaterepapanui,Rangitoto Islands,Pacific Ocean - South West,New Zealand,173.9931919|-40.75332759,Rattus norvegicus
Turnagra capensis,No studies found,386,Successful,1,Whakaterepapanui,Rangitoto Islands,Pacific Ocean - South West,New Zealand,173.9931919|-40.75332759,Rattus norvegicus
Ardenna carneipes,All studies are not in support,872,Successful,1,Whenuakura (Whangamata),Whitianga Islands,Pacific Ocean - South West,New Zealand,175.8960386|-37.21987538,Rattus norvegicus
Ardenna grisea,Population study without data in support,872,Successful,1,Whenuakura (Whangamata),Whitianga Islands,Pacific Ocean - South West,New Zealand,175.8960386|-37.21987538,Rattus norvegicus
Eudyptes pachyrhynchus,No studies found,872,Successful,3,Whenuakura (Whangamata),Whitianga Islands,Pacific Ocean - South West,New Zealand,175.8960386|-37.21987538,Rattus norvegicus
Phoebetria palpebrata,No studies found,872,Successful,1,Whenuakura (Whangamata),Whitianga Islands,Pacific Ocean - South West,New Zealand,175.8960386|-37.21987538,Rattus norvegicus
Sterna striata,No studies found,872,Successful,4,Whenuakura (Whangamata),Whitianga Islands,Pacific Ocean - South West,New Zealand,175.8960386|-37.21987538,Rattus norvegicus
Pterodroma sandwichensis,Lethal program in support,926,Successful,1,Alau,Hawaiian Islands,Pacific Ocean - North East,United States,-155.9773521|20.72846654,Rattus exulans
Puffinus newelli,Lethal program in support,926,Successful,1,Alau,Hawaiian Islands,Pacific Ocean - North East,United States,-155.9773521|20.72846654,Rattus exulans
Nesofregetta fuliginosa,No studies found,2314,Successful,1,Anchorage,Cook Islands (Suwarrow Atoll),Pacific Ocean - South East,Cook Islands,-163.1043232|-13.24796221,Rattus exulans
Procellaria parkinsoni,No studies found,2314,Successful,1,Anchorage,Cook Islands (Suwarrow Atoll),Pacific Ocean - South East,Cook Islands,-163.1043232|-13.24796221,Rattus exulans
Pseudobulweria rostrata,No studies found,2314,Successful,1,Anchorage,Cook Islands (Suwarrow Atoll),Pacific Ocean - South East,Cook Islands,-163.1043232|-13.24796221,Rattus exulans
Pterodroma alba,All studies are not in support,2314,Successful,1,Anchorage,Cook Islands (Suwarrow Atoll),Pacific Ocean - South East,Cook Islands,-163.1043232|-13.24796221,Rattus exulans
Pterodroma cookii,Population study with all qualities in support,2314,Successful,1,Anchorage,Cook Islands (Suwarrow Atoll),Pacific Ocean - South East,Cook Islands,-163.1043232|-13.24796221,Rattus exulans
Pterodroma pycrofti,Population study with data in support,2314,Successful,1,Anchorage,Cook Islands (Suwarrow Atoll),Pacific Ocean - South East,Cook Islands,-163.1043232|-13.24796221,Rattus exulans
Nesofregetta fuliginosa,No studies found,290,Successful (Reinvaded),1,Anchorage,Cook Islands (Suwarrow Atoll),Pacific Ocean - South East,Cook Islands,-163.1043232|-13.24796221,Rattus exulans
Procellaria parkinsoni,No studies found,290,Successful (Reinvaded),1,Anchorage,Cook Islands (Suwarrow Atoll),Pacific Ocean - South East,Cook Islands,-163.1043232|-13.24796221,Rattus exulans
Pseudobulweria rostrata,No studies found,290,Successful (Reinvaded),1,Anchorage,Cook Islands (Suwarrow Atoll),Pacific Ocean - South East,Cook Islands,-163.1043232|-13.24796221,Rattus exulans
Pterodroma alba,All studies are not in support,290,Successful (Reinvaded),1,Anchorage,Cook Islands (Suwarrow Atoll),Pacific Ocean - South East,Cook Islands,-163.1043232|-13.24796221,Rattus exulans
Pterodroma cookii,Population study with all qualities in support,290,Successful (Reinvaded),1,Anchorage,Cook Islands (Suwarrow Atoll),Pacific Ocean - South East,Cook Islands,-163.1043232|-13.24796221,Rattus exulans
Pterodroma pycrofti,Population study with data in support,290,Successful (Reinvaded),1,Anchorage,Cook Islands (Suwarrow Atoll),Pacific Ocean - South East,Cook Islands,-163.1043232|-13.24796221,Rattus exulans
Eudyptes pachyrhynchus,No studies found,1117,Successful,3,Arch,Mokohinau Islands,Pacific Ocean - South West,New Zealand,175.1016881|-35.91047344,Rattus exulans
Fregetta maoriana,No studies found,1117,Successful,1,Arch,Mokohinau Islands,Pacific Ocean - South West,New Zealand,175.1016881|-35.91047344,Rattus exulans
Sterna striata,No studies found,1117,Successful,4,Arch,Mokohinau Islands,Pacific Ocean - South West,New Zealand,175.1016881|-35.91047344,Rattus exulans
Eudyptes pachyrhynchus,No studies found,445,Successful,3,Atihau (Trig),Mokohinau Islands,Pacific Ocean - South West,New Zealand,175.098831|-35.91326645,Rattus exulans
Fregetta maoriana,No studies found,445,Successful,1,Atihau (Trig),Mokohinau Islands,Pacific Ocean - South West,New Zealand,175.098831|-35.91326645,Rattus exulans
Sterna striata,No studies found,445,Successful,4,Atihau (Trig),Mokohinau Islands,Pacific Ocean - South West,New Zealand,175.098831|-35.91326645,Rattus exulans
Nesofregetta fuliginosa,No studies found,3110,Failed,1,Beautemps Beaupre,New Caledonia (Loyalty Islands),Pacific Ocean - South West,New Caledonia,166.1402973|-20.40949462,Rattus exulans
Pseudobulweria rostrata,No studies found,3110,Failed,1,Beautemps Beaupre,New Caledonia (Loyalty Islands),Pacific Ocean - South West,New Caledonia,166.1402973|-20.40949462,Rattus exulans
Nesofregetta fuliginosa,No studies found,3111,Planned,1,Beautemps Beaupre,New Caledonia (Loyalty Islands),Pacific Ocean - South West,New Caledonia,166.1402973|-20.40949462,Rattus exulans
Pseudobulweria rostrata,No studies found,3111,Planned,1,Beautemps Beaupre,New Caledonia (Loyalty Islands),Pacific Ocean - South West,New Caledonia,166.1402973|-20.40949462,Rattus exulans
Chenonetta finschi,No studies found,1984,Successful,1,Bench,Stewart Islands,Pacific Ocean - South West,New Zealand,168.2398052|-46.90934994,Rattus exulans
Coenocorypha iredalei,No studies found,1984,Successful,1,Bench,Stewart Islands,Pacific Ocean - South West,New Zealand,168.2398052|-46.90934994,Rattus exulans
Mergus australis,No studies found,1984,Successful,1,Bench,Stewart Islands,Pacific Ocean - South West,New Zealand,168.2398052|-46.90934994,Rattus exulans
Sterna striata,No studies found,1984,Successful,1,Bench,Stewart Islands,Pacific Ocean - South West,New Zealand,168.2398052|-46.90934994,Rattus exulans
Tribonyx hodgenorum,No studies found,1984,Successful,1,Bench,Stewart Islands,Pacific Ocean - South West,New Zealand,168.2398052|-46.90934994,Rattus exulans
Nesofregetta fuliginosa,No studies found,2458,Successful,2,Big Ambo,Line Islands (Kiritimati),Pacific Ocean - North East,Kiribati,-157.4321447|1.838159457,Rattus exulans
Pterodroma alba,All studies are not in support,2458,Successful,1,Big Ambo,Line Islands (Kiritimati),Pacific Ocean - North East,Kiribati,-157.4321447|1.838159457,Rattus exulans
Nesofregetta fuliginosa,No studies found,2441,Successful,2,Big Fred/Tonga,Line Islands (Kiritimati),Pacific Ocean - North East,Kiribati,-157.4153966|1.846677037,Rattus exulans
Pterodroma alba,All studies are not in support,2441,Successful,1,Big Fred/Tonga,Line Islands (Kiritimati),Pacific Ocean - North East,Kiribati,-157.4153966|1.846677037,Rattus exulans
Nesofregetta fuliginosa,No studies found,2437,Successful (Reinvaded),2,Big Nimroona,Line Islands (Kiritimati),Pacific Ocean - North East,Kiribati,-157.4243272|1.830097698,Rattus exulans
Pterodroma alba,All studies are not in support,2437,Successful (Reinvaded),1,Big Nimroona,Line Islands (Kiritimati),Pacific Ocean - North East,Kiribati,-157.4243272|1.830097698,Rattus exulans
Nesofregetta fuliginosa,No studies found,2460,Successful,2,Big Tibo,Line Islands (Kiritimati),Pacific Ocean - North East,Kiribati,-157.4393497|1.842800604,Rattus exulans
Pterodroma alba,All studies are not in support,2460,Successful,1,Big Tibo,Line Islands (Kiritimati),Pacific Ocean - North East,Kiribati,-157.4393497|1.842800604,Rattus exulans
Chenonetta finschi,No studies found,444,Successful,1,Burgess,Mokohinau Islands,Pacific Ocean - South West,New Zealand,175.113124|-35.90429006,Rattus exulans
Coturnix novaezelandiae,All studies are not in support,444,Successful,1,Burgess,Mokohinau Islands,Pacific Ocean - South West,New Zealand,175.113124|-35.90429006,Rattus exulans
Mergus australis,No studies found,444,Successful,1,Burgess,Mokohinau Islands,Pacific Ocean - South West,New Zealand,175.113124|-35.90429006,Rattus exulans
Sterna striata,No studies found,444,Successful,4,Burgess,Mokohinau Islands,Pacific Ocean - South West,New Zealand,175.113124|-35.90429006,Rattus exulans
Tribonyx hodgenorum,No studies found,444,Successful,1,Burgess,Mokohinau Islands,Pacific Ocean - South West,New Zealand,175.113124|-35.90429006,Rattus exulans
Nesofregetta fuliginosa,No studies found,3147,Planned,1,Channel,Phoenix Islands (Kanton),Pacific Ocean - South East,Kiribati,-171.7120867|-2.811425671,Rattus exulans
Pseudobulweria rostrata,No studies found,3147,Planned,1,Channel,Phoenix Islands (Kanton),Pacific Ocean - South East,Kiribati,-171.7120867|-2.811425671,Rattus exulans
Pterodroma alba,All studies are not in support,3147,Planned,1,Channel,Phoenix Islands (Kanton),Pacific Ocean - South East,Kiribati,-171.7120867|-2.811425671,Rattus exulans
Megapodius laperouse,All studies are not in support,876,Successful,1,Cocos,Mariana Islands,Pacific Ocean - North West,Guam,144.6515132|13.23791283,Rattus exulans
Pseudobulweria rostrata,No studies found,876,Successful,1,Cocos,Mariana Islands,Pacific Ocean - North West,Guam,144.6515132|13.23791283,Rattus exulans
Chenonetta finschi,No studies found,2683,Failed,1,Cone,Whangaroa Bay,Pacific Ocean - South West,New Zealand,173.7668127|-34.95304454,Rattus exulans
Coturnix novaezelandiae,All studies are not in support,2683,Failed,1,Cone,Whangaroa Bay,Pacific Ocean - South West,New Zealand,173.7668127|-34.95304454,Rattus exulans
Mergus australis,No studies found,2683,Failed,1,Cone,Whangaroa Bay,Pacific Ocean - South West,New Zealand,173.7668127|-34.95304454,Rattus exulans
Sterna striata,No studies found,2683,Failed,1,Cone,Whangaroa Bay,Pacific Ocean - South West,New Zealand,173.7668127|-34.95304454,Rattus exulans
Tribonyx hodgenorum,No studies found,2683,Failed,1,Cone,Whangaroa Bay,Pacific Ocean - South West,New Zealand,173.7668127|-34.95304454,Rattus exulans
Turnagra tanagra,No studies found,2683,Failed,1,Cone,Whangaroa Bay,Pacific Ocean - South West,New Zealand,173.7668127|-34.95304454,Rattus exulans
Chenonetta finschi,No studies found,325,Successful,1,Coppermine,Hen and Chicken Islands,Pacific Ocean - South West,New Zealand,174.7721267|-35.8886159,Rattus exulans
Coturnix novaezelandiae,All studies are not in support,325,Successful,1,Coppermine,Hen and Chicken Islands,Pacific Ocean - South West,New Zealand,174.7721267|-35.8886159,Rattus exulans
Mergus australis,No studies found,325,Successful,1,Coppermine,Hen and Chicken Islands,Pacific Ocean - South West,New Zealand,174.7721267|-35.8886159,Rattus exulans
Pterodroma pycrofti,Population study with data in support,325,Successful,2,Coppermine,Hen and Chicken Islands,Pacific Ocean - South West,New Zealand,174.7721267|-35.8886159,Rattus exulans
Sterna striata,No studies found,325,Successful,1,Coppermine,Hen and Chicken Islands,Pacific Ocean - South West,New Zealand,174.7721267|-35.8886159,Rattus exulans
Tribonyx hodgenorum,No studies found,325,Successful,1,Coppermine,Hen and Chicken Islands,Pacific Ocean - South West,New Zealand,174.7721267|-35.8886159,Rattus exulans
Chenonetta finschi,No studies found,435,Failed,1,Coppermine,Hen and Chicken Islands,Pacific Ocean - South West,New Zealand,174.7721267|-35.8886159,Rattus exulans
Coturnix novaezelandiae,All studies are not in support,435,Failed,1,Coppermine,Hen and Chicken Islands,Pacific Ocean - South West,New Zealand,174.7721267|-35.8886159,Rattus exulans
Mergus australis,No studies found,435,Failed,1,Coppermine,Hen and Chicken Islands,Pacific Ocean - South West,New Zealand,174.7721267|-35.8886159,Rattus exulans
Pterodroma pycrofti,Population study with data in support,435,Failed,2,Coppermine,Hen and Chicken Islands,Pacific Ocean - South West,New Zealand,174.7721267|-35.8886159,Rattus exulans
Sterna striata,No studies found,435,Failed,1,Coppermine,Hen and Chicken Islands,Pacific Ocean - South West,New Zealand,174.7721267|-35.8886159,Rattus exulans
Tribonyx hodgenorum,No studies found,435,Failed,1,Coppermine,Hen and Chicken Islands,Pacific Ocean - South West,New Zealand,174.7721267|-35.8886159,Rattus exulans
Chenonetta finschi,No studies found,838,Successful,1,Cuvier,Colville Channel,Pacific Ocean - South West,New Zealand,175.7716047|-36.43693492,Rattus exulans
Coturnix novaezelandiae,All studies are not in support,838,Successful,1,Cuvier,Colville Channel,Pacific Ocean - South West,New Zealand,175.7716047|-36.43693492,Rattus exulans
Mergus australis,No studies found,838,Successful,1,Cuvier,Colville Channel,Pacific Ocean - South West,New Zealand,175.7716047|-36.43693492,Rattus exulans
Sterna striata,No studies found,838,Successful,4,Cuvier,Colville Channel,Pacific Ocean - South West,New Zealand,175.7716047|-36.43693492,Rattus exulans
Tribonyx hodgenorum,No studies found,838,Successful,1,Cuvier,Colville Channel,Pacific Ocean - South West,New Zealand,175.7716047|-36.43693492,Rattus exulans
Nesofregetta fuliginosa,No studies found,2006,Successful,1,Double,New Caledonia Islands,Pacific Ocean - South West,New Caledonia,164.1285128|-20.46763608,Rattus exulans
Pseudobulweria rostrata,No studies found,2006,Successful,1,Double,New Caledonia Islands,Pacific Ocean - South West,New Caledonia,164.1285128|-20.46763608,Rattus exulans
Eudyptes pachyrhynchus,No studies found,822,Successful,3,Double (Moturehu),Mercury Islands,Pacific Ocean - South West,New Zealand,175.9063272|-36.62541972,Rattus exulans
Fregetta maoriana,No studies found,822,Successful,1,Double (Moturehu),Mercury Islands,Pacific Ocean - South West,New Zealand,175.9063272|-36.62541972,Rattus exulans
Sterna striata,No studies found,822,Successful,4,Double (Moturehu),Mercury Islands,Pacific Ocean - South West,New Zealand,175.9063272|-36.62541972,Rattus exulans
Nesofregetta fuliginosa,No studies found,2434,Successful,2,Drum,Line Islands (Kiritimati),Pacific Ocean - North East,Kiribati,-157.3921183|1.838304651,Rattus exulans
Pterodroma alba,All studies are not in support,2434,Successful,1,Drum,Line Islands (Kiritimati),Pacific Ocean - North East,Kiribati,-157.3921183|1.838304651,Rattus exulans
Nesofregetta fuliginosa,No studies found,243,Successful,1,Ducie,Pitcairn Islands,Pacific Ocean - South East,Pitcairn,-124.7859491|-24.6818233,Rattus exulans
Pseudobulweria rostrata,No studies found,243,Successful,1,Ducie,Pitcairn Islands,Pacific Ocean - South East,Pitcairn,-124.7859491|-24.6818233,Rattus exulans
Pterodroma alba,All studies are not in support,243,Successful,1,Ducie,Pitcairn Islands,Pacific Ocean - South East,Pitcairn,-124.7859491|-24.6818233,Rattus exulans
Pterodroma atrata,Only predation in support,243,Successful,1,Ducie,Pitcairn Islands,Pacific Ocean - South East,Pitcairn,-124.7859491|-24.6818233,Rattus exulans
Pterodroma cookii,Population study with all qualities in support,243,Successful,1,Ducie,Pitcairn Islands,Pacific Ocean - South East,Pitcairn,-124.7859491|-24.6818233,Rattus exulans
Nesofregetta fuliginosa,No studies found,2445,Successful,1,E isle,Line Islands (Kiritimati),Pacific Ocean - North East,Kiribati,-157.3209235|1.957195754,Rattus exulans
Pterodroma alba,All studies are not in support,2445,Successful,1,E isle,Line Islands (Kiritimati),Pacific Ocean - North East,Kiribati,-157.3209235|1.957195754,Rattus exulans
Eudyptes pachyrhynchus,No studies found,153,Successful,3,East (Whangaokeno),East Cape,Pacific Ocean - South West,New Zealand,178.5761018|-37.69057978,Rattus exulans
Sterna striata,No studies found,153,Successful,4,East (Whangaokeno),East Cape,Pacific Ocean - South West,New Zealand,178.5761018|-37.69057978,Rattus exulans
Nesofregetta fuliginosa,No studies found,2436,Successful (Reinvaded),2,East Drum,Line Islands (Kiritimati),Pacific Ocean - North East,Kiribati,-157.3881468|1.837206379,Rattus exulans
Pterodroma alba,All studies are not in support,2436,Successful (Reinvaded),1,East Drum,Line Islands (Kiritimati),Pacific Ocean - North East,Kiribati,-157.3881468|1.837206379,Rattus exulans
Eudyptes pachyrhynchus,No studies found,468,Successful,3,Fanal,Mokohinau Islands,Pacific Ocean - South West,New Zealand,175.147196|-35.93996033,Rattus exulans
Fregetta maoriana,No studies found,468,Successful,1,Fanal,Mokohinau Islands,Pacific Ocean - South West,New Zealand,175.147196|-35.93996033,Rattus exulans
Sterna striata,No studies found,468,Successful,4,Fanal,Mokohinau Islands,Pacific Ocean - South West,New Zealand,175.147196|-35.93996033,Rattus exulans
Nesofregetta fuliginosa,No studies found,2852,To Be Confirmed,1,Fangasito,Vava'u group (Otu Motu Lalo),Pacific Ocean - South East,Tonga,-174.0807198|-18.81904119,Rattus exulans
Pachycephala jacquinoti,No studies found,2852,To Be Confirmed,1,Fangasito,Vava'u group (Otu Motu Lalo),Pacific Ocean - South East,Tonga,-174.0807198|-18.81904119,Rattus exulans
Pampusana stairi,No studies found,2852,To Be Confirmed,1,Fangasito,Vava'u group (Otu Motu Lalo),Pacific Ocean - South East,Tonga,-174.0807198|-18.81904119,Rattus exulans
Pseudobulweria rostrata,No studies found,2852,To Be Confirmed,1,Fangasito,Vava'u group (Otu Motu Lalo),Pacific Ocean - South East,Tonga,-174.0807198|-18.81904119,Rattus exulans
Pterodroma alba,All studies are not in support,2852,To Be Confirmed,1,Fangasito,Vava'u group (Otu Motu Lalo),Pacific Ocean - South East,Tonga,-174.0807198|-18.81904119,Rattus exulans
Pterodroma alba,All studies are not in support,3148,Planned,2,Fatu Huku,Marquesas,Pacific Ocean - South East,French Polynesia,-138.9260018|-9.436772654,Rattus exulans
Eudyptes pachyrhynchus,No studies found,885,Successful,3,Flax (Hokoromea),Mokohinau Islands,Pacific Ocean - South West,New Zealand,175.1039164|-35.91151522,Rattus exulans
Fregetta maoriana,No studies found,885,Successful,1,Flax (Hokoromea),Mokohinau Islands,Pacific Ocean - South West,New Zealand,175.1039164|-35.91151522,Rattus exulans
Sterna striata,No studies found,885,Successful,4,Flax (Hokoromea),Mokohinau Islands,Pacific Ocean - South West,New Zealand,175.1039164|-35.91151522,Rattus exulans
Nesofregetta fuliginosa,No studies found,2459,Failed,2,Frigatebird,Line Islands (Kiritimati),Pacific Ocean - North East,Kiribati,-157.3563251|1.821075062,Rattus exulans
Pterodroma alba,All studies are not in support,2459,Failed,1,Frigatebird,Line Islands (Kiritimati),Pacific Ocean - North East,Kiribati,-157.3563251|1.821075062,Rattus exulans
Nesofregetta fuliginosa,No studies found,1168,Successful,1,G'I,New Caledonia Islands,Pacific Ocean - South West,New Caledonia,166.8512381|-22.72230986,Rattus exulans
Pseudobulweria rostrata,No studies found,1168,Successful,1,G'I,New Caledonia Islands,Pacific Ocean - South West,New Caledonia,166.8512381|-22.72230986,Rattus exulans
Chenonetta finschi,No studies found,2909,Successful,1,Great Mercury,Mercury Islands,Pacific Ocean - South West,New Zealand,175.7957877|-36.61610385,Rattus exulans
Coturnix novaezelandiae,All studies are not in support,2909,Successful,1,Great Mercury,Mercury Islands,Pacific Ocean - South West,New Zealand,175.7957877|-36.61610385,Rattus exulans
Mergus australis,No studies found,2909,Successful,1,Great Mercury,Mercury Islands,Pacific Ocean - South West,New Zealand,175.7957877|-36.61610385,Rattus exulans
Pterodroma pycrofti,Population study with data in support,2909,Successful,2,Great Mercury,Mercury Islands,Pacific Ocean - South West,New Zealand,175.7957877|-36.61610385,Rattus exulans
Sterna striata,No studies found,2909,Successful,1,Great Mercury,Mercury Islands,Pacific Ocean - South West,New Zealand,175.7957877|-36.61610385,Rattus exulans
Tribonyx hodgenorum,No studies found,2909,Successful,1,Great Mercury,Mercury Islands,Pacific Ocean - South West,New Zealand,175.7957877|-36.61610385,Rattus exulans
Nesofregetta fuliginosa,No studies found,2008,Planned,1,Hatu Iti (Motu Iti),Marquesas,Pacific Ocean - South East,French Polynesia,-140.6181303|-8.676328902,Rattus exulans
Pseudobulweria rostrata,No studies found,2008,Planned,1,Hatu Iti (Motu Iti),Marquesas,Pacific Ocean - South East,French Polynesia,-140.6181303|-8.676328902,Rattus exulans
Pterodroma alba,All studies are not in support,2008,Planned,1,Hatu Iti (Motu Iti),Marquesas,Pacific Ocean - South East,French Polynesia,-140.6181303|-8.676328902,Rattus exulans
Pterodroma atrata,Only predation in support,2008,Planned,1,Hatu Iti (Motu Iti),Marquesas,Pacific Ocean - South East,French Polynesia,-140.6181303|-8.676328902,Rattus exulans
Pterodroma atrata,Only predation in support,1979,Failed,2,Henderson,Pitcairn Islands,Pacific Ocean - South East,Pitcairn,-128.3228943|-24.37681899,Rattus exulans
Nesofregetta fuliginosa,No studies found,2450,Successful,2,Isles Lagoon 13,Line Islands (Kiritimati),Pacific Ocean - North East,Kiribati,-157.3667423|1.827210397,Rattus exulans
Pterodroma alba,All studies are not in support,2450,Successful,1,Isles Lagoon 13,Line Islands (Kiritimati),Pacific Ocean - North East,Kiribati,-157.3667423|1.827210397,Rattus exulans
Nesofregetta fuliginosa,No studies found,2451,Successful,2,Isles Lagoon 16,Line Islands (Kiritimati),Pacific Ocean - North East,Kiribati,-157.36939|1.829493798,Rattus exulans
Pterodroma alba,All studies are not in support,2451,Successful,1,Isles Lagoon 16,Line Islands (Kiritimati),Pacific Ocean - North East,Kiribati,-157.36939|1.829493798,Rattus exulans
Nesofregetta fuliginosa,No studies found,2446,Successful,2,Isles Lagoon 2,Line Islands (Kiritimati),Pacific Ocean - North East,Kiribati,-157.3632883|1.840368301,Rattus exulans
Pterodroma alba,All studies are not in support,2446,Successful,1,Isles Lagoon 2,Line Islands (Kiritimati),Pacific Ocean - North East,Kiribati,-157.3632883|1.840368301,Rattus exulans
Nesofregetta fuliginosa,No studies found,2452,Successful,2,Isles Lagoon 21,Line Islands (Kiritimati),Pacific Ocean - North East,Kiribati,-157.3764015|1.827494669,Rattus exulans
Pterodroma alba,All studies are not in support,2452,Successful,1,Isles Lagoon 21,Line Islands (Kiritimati),Pacific Ocean - North East,Kiribati,-157.3764015|1.827494669,Rattus exulans
Nesofregetta fuliginosa,No studies found,2453,Successful,2,Isles Lagoon 22,Line Islands (Kiritimati),Pacific Ocean - North East,Kiribati,-157.3735991|1.825368703,Rattus exulans
Pterodroma alba,All studies are not in support,2453,Successful,1,Isles Lagoon 22,Line Islands (Kiritimati),Pacific Ocean - North East,Kiribati,-157.3735991|1.825368703,Rattus exulans
Nesofregetta fuliginosa,No studies found,2454,Successful,2,Isles Lagoon 23,Line Islands (Kiritimati),Pacific Ocean - North East,Kiribati,-157.3747339|1.822258047,Rattus exulans
Pterodroma alba,All studies are not in support,2454,Successful,1,Isles Lagoon 23,Line Islands (Kiritimati),Pacific Ocean - North East,Kiribati,-157.3747339|1.822258047,Rattus exulans
Nesofregetta fuliginosa,No studies found,2447,Successful,2,Isles Lagoon 3,Line Islands (Kiritimati),Pacific Ocean - North East,Kiribati,-157.3605134|1.83771416,Rattus exulans
Pterodroma alba,All studies are not in support,2447,Successful,1,Isles Lagoon 3,Line Islands (Kiritimati),Pacific Ocean - North East,Kiribati,-157.3605134|1.83771416,Rattus exulans
Nesofregetta fuliginosa,No studies found,2448,Successful,2,Isles Lagoon 4,Line Islands (Kiritimati),Pacific Ocean - North East,Kiribati,-157.3630581|1.838492062,Rattus exulans
Pterodroma alba,All studies are not in support,2448,Successful,1,Isles Lagoon 4,Line Islands (Kiritimati),Pacific Ocean - North East,Kiribati,-157.3630581|1.838492062,Rattus exulans
Nesofregetta fuliginosa,No studies found,2449,Successful,2,Isles Lagoon 5,Line Islands (Kiritimati),Pacific Ocean - North East,Kiribati,-157.3648998|1.838095398,Rattus exulans
Pterodroma alba,All studies are not in support,2449,Successful,1,Isles Lagoon 5,Line Islands (Kiritimati),Pacific Ocean - North East,Kiribati,-157.3648998|1.838095398,Rattus exulans
Nesofregetta fuliginosa,No studies found,1281,Successful,1,Kadomo,Mamanuca Group,Pacific Ocean - South West,Fiji,177.0524494|-17.49261296,Rattus exulans
Pampusana stairi,No studies found,1281,Successful,1,Kadomo,Mamanuca Group,Pacific Ocean - South West,Fiji,177.0524494|-17.49261296,Rattus exulans
Pseudobulweria macgillivrayi,No studies found,1281,Successful,1,Kadomo,Mamanuca Group,Pacific Ocean - South West,Fiji,177.0524494|-17.49261296,Rattus exulans
Pseudobulweria rostrata,No studies found,1281,Successful,1,Kadomo,Mamanuca Group,Pacific Ocean - South West,Fiji,177.0524494|-17.49261296,Rattus exulans
Pterodroma alba,All studies are not in support,1281,Successful,1,Kadomo,Mamanuca Group,Pacific Ocean - South West,Fiji,177.0524494|-17.49261296,Rattus exulans
Chenonetta finschi,No studies found,2246,Failed,1,Kaikoura,Great Barrier Islands,Pacific Ocean - South West,New Zealand,175.3252891|-36.17637718,Rattus exulans
Coturnix novaezelandiae,All studies are not in support,2246,Failed,1,Kaikoura,Great Barrier Islands,Pacific Ocean - South West,New Zealand,175.3252891|-36.17637718,Rattus exulans
Mergus australis,No studies found,2246,Failed,1,Kaikoura,Great Barrier Islands,Pacific Ocean - South West,New Zealand,175.3252891|-36.17637718,Rattus exulans
Sterna striata,No studies found,2246,Failed,4,Kaikoura,Great Barrier Islands,Pacific Ocean - South West,New Zealand,175.3252891|-36.17637718,Rattus exulans
Tribonyx hodgenorum,No studies found,2246,Failed,1,Kaikoura,Great Barrier Islands,Pacific Ocean - South West,New Zealand,175.3252891|-36.17637718,Rattus exulans
Nesofregetta fuliginosa,No studies found,2800,Failed,1,Kamaka,Gambier,Pacific Ocean - South East,French Polynesia,-134.9576483|-23.24297165,Rattus exulans
Pseudobulweria rostrata,No studies found,2800,Failed,1,Kamaka,Gambier,Pacific Ocean - South East,French Polynesia,-134.9576483|-23.24297165,Rattus exulans
Pterodroma alba,All studies are not in support,2800,Failed,1,Kamaka,Gambier,Pacific Ocean - South East,French Polynesia,-134.9576483|-23.24297165,Rattus exulans
Pterodroma atrata,Only predation in support,2800,Failed,1,Kamaka,Gambier,Pacific Ocean - South East,French Polynesia,-134.9576483|-23.24297165,Rattus exulans
Apteryx mantelli,All studies are not in support,889,Successful,1,Kapiti,Kapiti Islands,Pacific Ocean - South West,New Zealand,174.9113428|-40.85674274,Rattus exulans
Chenonetta finschi,No studies found,889,Successful,1,Kapiti,Kapiti Islands,Pacific Ocean - South West,New Zealand,174.9113428|-40.85674274,Rattus exulans
Coturnix novaezelandiae,All studies are not in support,889,Successful,1,Kapiti,Kapiti Islands,Pacific Ocean - South West,New Zealand,174.9113428|-40.85674274,Rattus exulans
Mergus australis,No studies found,889,Successful,1,Kapiti,Kapiti Islands,Pacific Ocean - South West,New Zealand,174.9113428|-40.85674274,Rattus exulans
Sterna striata,No studies found,889,Successful,1,Kapiti,Kapiti Islands,Pacific Ocean - South West,New Zealand,174.9113428|-40.85674274,Rattus exulans
Tribonyx hodgenorum,No studies found,889,Successful,1,Kapiti,Kapiti Islands,Pacific Ocean - South West,New Zealand,174.9113428|-40.85674274,Rattus exulans
Turnagra tanagra,No studies found,889,Successful,1,Kapiti,Kapiti Islands,Pacific Ocean - South West,New Zealand,174.9113428|-40.85674274,Rattus exulans
Megapodius laperouse,All studies are not in support,2055,Failed,1,Kayangel,Kayangel Atoll,Pacific Ocean - North West,Palau,134.7177708|8.083189208,Rattus exulans
Megapodius laperouse,All studies are not in support,3133,To Be Confirmed,1,Kayangel,Kayangel Atoll,Pacific Ocean - North West,Palau,134.7177708|8.083189208,Rattus exulans
Eudyptes pachyrhynchus,No studies found,443,Successful,3,Korapuki,Mercury Islands,Pacific Ocean - South West,New Zealand,175.8483849|-36.65893989,Rattus exulans
Fregetta maoriana,No studies found,443,Successful,1,Korapuki,Mercury Islands,Pacific Ocean - South West,New Zealand,175.8483849|-36.65893989,Rattus exulans
Sterna striata,No studies found,443,Successful,4,Korapuki,Mercury Islands,Pacific Ocean - South West,New Zealand,175.8483849|-36.65893989,Rattus exulans
Eudyptes pachyrhynchus,No studies found,151,Successful,3,Lady Alice (Mauimua),Hen and Chicken Islands,Pacific Ocean - South West,New Zealand,174.7280744|-35.8898964,Rattus exulans
Fregetta maoriana,No studies found,151,Successful,1,Lady Alice (Mauimua),Hen and Chicken Islands,Pacific Ocean - South West,New Zealand,174.7280744|-35.8898964,Rattus exulans
Sterna striata,No studies found,151,Successful,4,Lady Alice (Mauimua),Hen and Chicken Islands,Pacific Ocean - South West,New Zealand,174.7280744|-35.8898964,Rattus exulans
Nesofregetta fuliginosa,No studies found,1120,Successful,1,Laregnere,New Caledonia Islands,Pacific Ocean - South West,New Caledonia,166.3198077|-22.32704229,Rattus exulans
Pseudobulweria rostrata,No studies found,1120,Successful,1,Laregnere,New Caledonia Islands,Pacific Ocean - South West,New Caledonia,166.3198077|-22.32704229,Rattus exulans
Apteryx mantelli,All studies are not in support,40,Successful,1,Little Barrier,Hauraki Gulf,Pacific Ocean - South West,New Zealand,175.0819196|-36.20160033,Rattus exulans
Chenonetta finschi,No studies found,40,Successful,1,Little Barrier,Hauraki Gulf,Pacific Ocean - South West,New Zealand,175.0819196|-36.20160033,Rattus exulans
Coenocorypha barrierensis,No studies found,40,Successful,1,Little Barrier,Hauraki Gulf,Pacific Ocean - South West,New Zealand,175.0819196|-36.20160033,Rattus exulans
Coturnix novaezelandiae,All studies are not in support,40,Successful,1,Little Barrier,Hauraki Gulf,Pacific Ocean - South West,New Zealand,175.0819196|-36.20160033,Rattus exulans
Cyanoramphus auriceps,No studies found,40,Successful,1,Little Barrier,Hauraki Gulf,Pacific Ocean - South West,New Zealand,175.0819196|-36.20160033,Rattus exulans
Fregetta maoriana,No studies found,40,Successful,2,Little Barrier,Hauraki Gulf,Pacific Ocean - South West,New Zealand,175.0819196|-36.20160033,Rattus exulans
Mergus australis,No studies found,40,Successful,1,Little Barrier,Hauraki Gulf,Pacific Ocean - South West,New Zealand,175.0819196|-36.20160033,Rattus exulans
Pterodroma cookii,Population study with all qualities in support,40,Successful,2,Little Barrier,Hauraki Gulf,Pacific Ocean - South West,New Zealand,175.0819196|-36.20160033,Rattus exulans
Sterna striata,No studies found,40,Successful,4,Little Barrier,Hauraki Gulf,Pacific Ocean - South West,New Zealand,175.0819196|-36.20160033,Rattus exulans
Tribonyx hodgenorum,No studies found,40,Successful,1,Little Barrier,Hauraki Gulf,Pacific Ocean - South West,New Zealand,175.0819196|-36.20160033,Rattus exulans
Eudyptes pachyrhynchus,No studies found,1118,Successful,3,Lizard,Mokohinau Islands,Pacific Ocean - South West,New Zealand,175.1135628|-35.90933129,Rattus exulans
Fregetta maoriana,No studies found,1118,Successful,1,Lizard,Mokohinau Islands,Pacific Ocean - South West,New Zealand,175.1135628|-35.90933129,Rattus exulans
Sterna striata,No studies found,1118,Successful,4,Lizard,Mokohinau Islands,Pacific Ocean - South West,New Zealand,175.1135628|-35.90933129,Rattus exulans
Chenonetta finschi,No studies found,381,Successful,1,Long,Marlborough Sound,Pacific Ocean - South West,New Zealand,174.2813724|-41.1174272,Rattus exulans
Coturnix novaezelandiae,All studies are not in support,381,Successful,1,Long,Marlborough Sound,Pacific Ocean - South West,New Zealand,174.2813724|-41.1174272,Rattus exulans
Mergus australis,No studies found,381,Successful,1,Long,Marlborough Sound,Pacific Ocean - South West,New Zealand,174.2813724|-41.1174272,Rattus exulans
Pterodroma pycrofti,Population study with data in support,381,Successful,1,Long,Marlborough Sound,Pacific Ocean - South West,New Zealand,174.2813724|-41.1174272,Rattus exulans
Sterna striata,No studies found,381,Successful,1,Long,Marlborough Sound,Pacific Ocean - South West,New Zealand,174.2813724|-41.1174272,Rattus exulans
Tribonyx hodgenorum,No studies found,381,Successful,1,Long,Marlborough Sound,Pacific Ocean - South West,New Zealand,174.2813724|-41.1174272,Rattus exulans
Turnagra capensis,No studies found,381,Successful,1,Long,Marlborough Sound,Pacific Ocean - South West,New Zealand,174.2813724|-41.1174272,Rattus exulans
Nesofregetta fuliginosa,No studies found,2011,To Be Confirmed,1,Lua Loli,Vava'u group,Pacific Ocean - South East,Tonga,-174.0100462|-18.83756259,Rattus exulans
Pseudobulweria rostrata,No studies found,2011,To Be Confirmed,1,Lua Loli,Vava'u group,Pacific Ocean - South East,Tonga,-174.0100462|-18.83756259,Rattus exulans
Pterodroma alba,All studies are not in support,2011,To Be Confirmed,1,Lua Loli,Vava'u group,Pacific Ocean - South East,Tonga,-174.0100462|-18.83756259,Rattus exulans
Pterodroma cookii,Population study with all qualities in support,2011,To Be Confirmed,1,Lua Loli,Vava'u group,Pacific Ocean - South East,Tonga,-174.0100462|-18.83756259,Rattus exulans
Pterodroma pycrofti,Population study with data in support,2011,To Be Confirmed,1,Lua Loli,Vava'u group,Pacific Ocean - South East,Tonga,-174.0100462|-18.83756259,Rattus exulans
Nesofregetta fuliginosa,No studies found,2853,To Be Confirmed,1,Luahiapo,Vava'u group (Otu Motu Lalo),Pacific Ocean - South East,Tonga,-174.0402551|-18.79933335,Rattus exulans
Pachycephala jacquinoti,No studies found,2853,To Be Confirmed,1,Luahiapo,Vava'u group (Otu Motu Lalo),Pacific Ocean - South East,Tonga,-174.0402551|-18.79933335,Rattus exulans
Pseudobulweria rostrata,No studies found,2853,To Be Confirmed,1,Luahiapo,Vava'u group (Otu Motu Lalo),Pacific Ocean - South East,Tonga,-174.0402551|-18.79933335,Rattus exulans
Pterodroma alba,All studies are not in support,2853,To Be Confirmed,1,Luahiapo,Vava'u group (Otu Motu Lalo),Pacific Ocean - South East,Tonga,-174.0402551|-18.79933335,Rattus exulans
Nesofregetta fuliginosa,No studies found,1121,Successful,1,Mabualau,Viti Levu Group,Pacific Ocean - South West,Fiji,178.7563624|-17.97247327,Rattus exulans
Pseudobulweria macgillivrayi,No studies found,1121,Successful,1,Mabualau,Viti Levu Group,Pacific Ocean - South West,Fiji,178.7563624|-17.97247327,Rattus exulans
Pseudobulweria rostrata,No studies found,1121,Successful,1,Mabualau,Viti Levu Group,Pacific Ocean - South West,Fiji,178.7563624|-17.97247327,Rattus exulans
Pterodroma alba,All studies are not in support,1121,Successful,1,Mabualau,Viti Levu Group,Pacific Ocean - South West,Fiji,178.7563624|-17.97247327,Rattus exulans
Nesofregetta fuliginosa,No studies found,237,Successful,1,Makapu,Gambier  (Mangareva Atoll),Pacific Ocean - South East,French Polynesia,-134.9235647|-23.19961602,Rattus exulans
Pseudobulweria rostrata,No studies found,237,Successful,1,Makapu,Gambier  (Mangareva Atoll),Pacific Ocean - South East,French Polynesia,-134.9235647|-23.19961602,Rattus exulans
Pterodroma alba,All studies are not in support,237,Successful,1,Makapu,Gambier  (Mangareva Atoll),Pacific Ocean - South East,French Polynesia,-134.9235647|-23.19961602,Rattus exulans
Pterodroma atrata,Only predation in support,237,Successful,1,Makapu,Gambier  (Mangareva Atoll),Pacific Ocean - South East,French Polynesia,-134.9235647|-23.19961602,Rattus exulans
Nesofregetta fuliginosa,No studies found,2798,Successful,1,Makaroa,Gambier,Pacific Ocean - South East,French Polynesia,-134.9707975|-23.21886608,Rattus exulans
Pseudobulweria rostrata,No studies found,2798,Successful,1,Makaroa,Gambier,Pacific Ocean - South East,French Polynesia,-134.9707975|-23.21886608,Rattus exulans
Pterodroma alba,All studies are not in support,2798,Successful,1,Makaroa,Gambier,Pacific Ocean - South East,French Polynesia,-134.9707975|-23.21886608,Rattus exulans
Pterodroma atrata,Only predation in support,2798,Successful,1,Makaroa,Gambier,Pacific Ocean - South East,French Polynesia,-134.9707975|-23.21886608,Rattus exulans
Nesofregetta fuliginosa,No studies found,2854,Successful,1,Malinoa,Tongatapu group,Pacific Ocean - South East,Tonga,-175.1290211|-21.03683636,Rattus exulans
Procellaria parkinsoni,No studies found,2854,Successful,1,Malinoa,Tongatapu group,Pacific Ocean - South East,Tonga,-175.1290211|-21.03683636,Rattus exulans
Pseudobulweria rostrata,No studies found,2854,Successful,1,Malinoa,Tongatapu group,Pacific Ocean - South East,Tonga,-175.1290211|-21.03683636,Rattus exulans
Pterodroma alba,All studies are not in support,2854,Successful,1,Malinoa,Tongatapu group,Pacific Ocean - South East,Tonga,-175.1290211|-21.03683636,Rattus exulans
Pterodroma cookii,Population study with all qualities in support,2854,Successful,1,Malinoa,Tongatapu group,Pacific Ocean - South East,Tonga,-175.1290211|-21.03683636,Rattus exulans
Pterodroma pycrofti,Population study with data in support,2854,Successful,1,Malinoa,Tongatapu group,Pacific Ocean - South East,Tonga,-175.1290211|-21.03683636,Rattus exulans
Nesofregetta fuliginosa,No studies found,2003,Successful (Reinvaded),1,Maninita,Vava'u group (Otu Motu Lalo),Pacific Ocean - South East,Tonga,-173.9953591|-18.85736096,Rattus exulans
Pachycephala jacquinoti,No studies found,2003,Successful (Reinvaded),1,Maninita,Vava'u group (Otu Motu Lalo),Pacific Ocean - South East,Tonga,-173.9953591|-18.85736096,Rattus exulans
Pseudobulweria rostrata,No studies found,2003,Successful (Reinvaded),1,Maninita,Vava'u group (Otu Motu Lalo),Pacific Ocean - South East,Tonga,-173.9953591|-18.85736096,Rattus exulans
Pterodroma alba,All studies are not in support,2003,Successful (Reinvaded),1,Maninita,Vava'u group (Otu Motu Lalo),Pacific Ocean - South East,Tonga,-173.9953591|-18.85736096,Rattus exulans
Chenonetta finschi,No studies found,485,Successful,1,Mayor (Tuhua),Bay of Plenty,Pacific Ocean - South West,New Zealand,176.2554517|-37.28663952,Rattus exulans
Coturnix novaezelandiae,All studies are not in support,485,Successful,1,Mayor (Tuhua),Bay of Plenty,Pacific Ocean - South West,New Zealand,176.2554517|-37.28663952,Rattus exulans
Cyanoramphus malherbi,No studies found,485,Successful,1,Mayor (Tuhua),Bay of Plenty,Pacific Ocean - South West,New Zealand,176.2554517|-37.28663952,Rattus exulans
Mergus australis,No studies found,485,Successful,1,Mayor (Tuhua),Bay of Plenty,Pacific Ocean - South West,New Zealand,176.2554517|-37.28663952,Rattus exulans
Sterna striata,No studies found,485,Successful,1,Mayor (Tuhua),Bay of Plenty,Pacific Ocean - South West,New Zealand,176.2554517|-37.28663952,Rattus exulans
Tribonyx hodgenorum,No studies found,485,Successful,1,Mayor (Tuhua),Bay of Plenty,Pacific Ocean - South West,New Zealand,176.2554517|-37.28663952,Rattus exulans
Nesofregetta fuliginosa,No studies found,289,Failed,1,Mekiro,Gambier  (Mangareva Atoll),Pacific Ocean - South East,French Polynesia,-134.9206568|-23.1744233,Rattus exulans
Pseudobulweria rostrata,No studies found,289,Failed,1,Mekiro,Gambier  (Mangareva Atoll),Pacific Ocean - South East,French Polynesia,-134.9206568|-23.1744233,Rattus exulans
Pterodroma alba,All studies are not in support,289,Failed,1,Mekiro,Gambier  (Mangareva Atoll),Pacific Ocean - South East,French Polynesia,-134.9206568|-23.1744233,Rattus exulans
Pterodroma atrata,Only predation in support,289,Failed,1,Mekiro,Gambier  (Mangareva Atoll),Pacific Ocean - South East,French Polynesia,-134.9206568|-23.1744233,Rattus exulans
Eudyptes pachyrhynchus,No studies found,268,Successful,3,Middle Chain,Aldermen Islands,Pacific Ocean - South West,New Zealand,176.0812395|-36.95817189,Rattus exulans
Sterna striata,No studies found,268,Successful,4,Middle Chain,Aldermen Islands,Pacific Ocean - South West,New Zealand,176.0812395|-36.95817189,Rattus exulans
Pomarea mendozae,No studies found,3018,Planned,1,Mohotani,Marquesas,Pacific Ocean - South East,French Polynesia,-138.8271045|-9.984474252,Rattus exulans
Pterodroma pycrofti,Population study with data in support,3018,Planned,1,Mohotani,Marquesas,Pacific Ocean - South East,French Polynesia,-138.8271045|-9.984474252,Rattus exulans
Pterodroma cookii,Population study with all qualities in support,925,Successful,1,Mokapu,Hawaiian Islands,Pacific Ocean - North East,United States,-156.9237871|21.18337192,Rattus exulans
Pterodroma pycrofti,Population study with data in support,925,Successful,1,Mokapu,Hawaiian Islands,Pacific Ocean - North East,United States,-156.9237871|21.18337192,Rattus exulans
Pterodroma sandwichensis,Lethal program in support,925,Successful,1,Mokapu,Hawaiian Islands,Pacific Ocean - North East,United States,-156.9237871|21.18337192,Rattus exulans
Puffinus newelli,Lethal program in support,925,Successful,1,Mokapu,Hawaiian Islands,Pacific Ocean - North East,United States,-156.9237871|21.18337192,Rattus exulans
Chenonetta finschi,No studies found,421,Successful,1,Mokonui/ Big Moggy,Stewart Islands,Pacific Ocean - South West,New Zealand,167.4044808|-47.1481573,Rattus exulans
Coenocorypha iredalei,No studies found,421,Successful,1,Mokonui/ Big Moggy,Stewart Islands,Pacific Ocean - South West,New Zealand,167.4044808|-47.1481573,Rattus exulans
Mergus australis,No studies found,421,Successful,1,Mokonui/ Big Moggy,Stewart Islands,Pacific Ocean - South West,New Zealand,167.4044808|-47.1481573,Rattus exulans
Sterna striata,No studies found,421,Successful,4,Mokonui/ Big Moggy,Stewart Islands,Pacific Ocean - South West,New Zealand,167.4044808|-47.1481573,Rattus exulans
Tribonyx hodgenorum,No studies found,421,Successful,1,Mokonui/ Big Moggy,Stewart Islands,Pacific Ocean - South West,New Zealand,167.4044808|-47.1481573,Rattus exulans
Pterodroma sandwichensis,Lethal program in support,2477,Successful,1,Moku'auia (Goat Island),Hawaiian Islands,Pacific Ocean - North East,United States,-157.9227435|21.66281095,Rattus exulans
Puffinus newelli,Lethal program in support,2477,Successful,1,Moku'auia (Goat Island),Hawaiian Islands,Pacific Ocean - North East,United States,-157.9227435|21.66281095,Rattus exulans
Nesofregetta fuliginosa,No studies found,1282,Successful,1,Monuriki,Mamanuca Group,Pacific Ocean - South West,Fiji,177.0341259|-17.60955535,Rattus exulans
Pampusana stairi,No studies found,1282,Successful,1,Monuriki,Mamanuca Group,Pacific Ocean - South West,Fiji,177.0341259|-17.60955535,Rattus exulans
Pseudobulweria macgillivrayi,No studies found,1282,Successful,1,Monuriki,Mamanuca Group,Pacific Ocean - South West,Fiji,177.0341259|-17.60955535,Rattus exulans
Pseudobulweria rostrata,No studies found,1282,Successful,1,Monuriki,Mamanuca Group,Pacific Ocean - South West,Fiji,177.0341259|-17.60955535,Rattus exulans
Pterodroma alba,All studies are not in support,1282,Successful,1,Monuriki,Mamanuca Group,Pacific Ocean - South West,Fiji,177.0341259|-17.60955535,Rattus exulans
Nesofregetta fuliginosa,No studies found,2318,Successful (Reinvaded),1,Motu Kena,Cook Islands (Suwarrow Atoll),Pacific Ocean - South East,Cook Islands,-163.1928336|-13.27803148,Rattus exulans
Pseudobulweria rostrata,No studies found,2318,Successful (Reinvaded),1,Motu Kena,Cook Islands (Suwarrow Atoll),Pacific Ocean - South East,Cook Islands,-163.1928336|-13.27803148,Rattus exulans
Pterodroma alba,All studies are not in support,2318,Successful (Reinvaded),1,Motu Kena,Cook Islands (Suwarrow Atoll),Pacific Ocean - South East,Cook Islands,-163.1928336|-13.27803148,Rattus exulans
Nesofregetta fuliginosa,No studies found,3172,To Be Confirmed,1,Motu Kena,Cook Islands (Suwarrow Atoll),Pacific Ocean - South East,Cook Islands,-163.1928336|-13.27803148,Rattus exulans
Pseudobulweria rostrata,No studies found,3172,To Be Confirmed,1,Motu Kena,Cook Islands (Suwarrow Atoll),Pacific Ocean - South East,Cook Islands,-163.1928336|-13.27803148,Rattus exulans
Pterodroma alba,All studies are not in support,3172,To Be Confirmed,1,Motu Kena,Cook Islands (Suwarrow Atoll),Pacific Ocean - South East,Cook Islands,-163.1928336|-13.27803148,Rattus exulans
Nesofregetta fuliginosa,No studies found,2317,Successful (Reinvaded),1,Motu Kena Iti,Cook Islands (Suwarrow Atoll),Pacific Ocean - South East,Cook Islands,-163.1940939|-13.27736257,Rattus exulans
Pseudobulweria rostrata,No studies found,2317,Successful (Reinvaded),1,Motu Kena Iti,Cook Islands (Suwarrow Atoll),Pacific Ocean - South East,Cook Islands,-163.1940939|-13.27736257,Rattus exulans
Pterodroma alba,All studies are not in support,2317,Successful (Reinvaded),1,Motu Kena Iti,Cook Islands (Suwarrow Atoll),Pacific Ocean - South East,Cook Islands,-163.1940939|-13.27736257,Rattus exulans
Nesofregetta fuliginosa,No studies found,3173,To Be Confirmed,1,Motu Kena Iti,Cook Islands (Suwarrow Atoll),Pacific Ocean - South East,Cook Islands,-163.1940939|-13.27736257,Rattus exulans
Pseudobulweria rostrata,No studies found,3173,To Be Confirmed,1,Motu Kena Iti,Cook Islands (Suwarrow Atoll),Pacific Ocean - South East,Cook Islands,-163.1940939|-13.27736257,Rattus exulans
Pterodroma alba,All studies are not in support,3173,To Be Confirmed,1,Motu Kena Iti,Cook Islands (Suwarrow Atoll),Pacific Ocean - South East,Cook Islands,-163.1940939|-13.27736257,Rattus exulans
Nesofregetta fuliginosa,No studies found,1997,Planned,1,Motu Oa,Marquesas (Ua Pou group),Pacific Ocean - South East,French Polynesia,-140.0470206|-9.479683513,Rattus exulans
Pseudobulweria rostrata,No studies found,1997,Planned,1,Motu Oa,Marquesas (Ua Pou group),Pacific Ocean - South East,French Polynesia,-140.0470206|-9.479683513,Rattus exulans
Pterodroma alba,All studies are not in support,1997,Planned,1,Motu Oa,Marquesas (Ua Pou group),Pacific Ocean - South East,French Polynesia,-140.0470206|-9.479683513,Rattus exulans
Pterodroma atrata,Only predation in support,1997,Planned,1,Motu Oa,Marquesas (Ua Pou group),Pacific Ocean - South East,French Polynesia,-140.0470206|-9.479683513,Rattus exulans
Nesofregetta fuliginosa,No studies found,3020,Planned,1,Motu Takahe,Marquesas (Ua Pou Group),Pacific Ocean - South East,French Polynesia,-140.0726063|-9.46637508,Rattus exulans
Procellaria parkinsoni,No studies found,3020,Planned,1,Motu Takahe,Marquesas (Ua Pou Group),Pacific Ocean - South East,French Polynesia,-140.0726063|-9.46637508,Rattus exulans
Pseudobulweria rostrata,No studies found,3020,Planned,1,Motu Takahe,Marquesas (Ua Pou Group),Pacific Ocean - South East,French Polynesia,-140.0726063|-9.46637508,Rattus exulans
Pterodroma alba,All studies are not in support,3020,Planned,1,Motu Takahe,Marquesas (Ua Pou Group),Pacific Ocean - South East,French Polynesia,-140.0726063|-9.46637508,Rattus exulans
Pterodroma atrata,Only predation in support,3020,Planned,1,Motu Takahe,Marquesas (Ua Pou Group),Pacific Ocean - South East,French Polynesia,-140.0726063|-9.46637508,Rattus exulans
Pterodroma cookii,Population study with all qualities in support,3020,Planned,1,Motu Takahe,Marquesas (Ua Pou Group),Pacific Ocean - South East,French Polynesia,-140.0726063|-9.46637508,Rattus exulans
Pterodroma pycrofti,Population study with data in support,3020,Planned,1,Motu Takahe,Marquesas (Ua Pou Group),Pacific Ocean - South East,French Polynesia,-140.0726063|-9.46637508,Rattus exulans
Nesofregetta fuliginosa,No studies found,2833,Successful,1,Motu Tapu,Tongatapu group,Pacific Ocean - South East,Tonga,-175.0567077|-21.09163091,Rattus exulans
Pseudobulweria rostrata,No studies found,2833,Successful,1,Motu Tapu,Tongatapu group,Pacific Ocean - South East,Tonga,-175.0567077|-21.09163091,Rattus exulans
Pterodroma alba,All studies are not in support,2833,Successful,1,Motu Tapu,Tongatapu group,Pacific Ocean - South East,Tonga,-175.0567077|-21.09163091,Rattus exulans
Nesofregetta fuliginosa,No studies found,3174,Failed,1,Motu To'u,Cook Islands (Suwarrow Atoll),Pacific Ocean - South East,Cook Islands,-163.1980955|-13.27300025,Rattus exulans
Nesofregetta fuliginosa,No studies found,3175,Failed,1,Motu To'u,Cook Islands (Suwarrow Atoll),Pacific Ocean - South East,Cook Islands,-163.1980955|-13.27300025,Rattus exulans
Pseudobulweria rostrata,No studies found,3174,Failed,1,Motu To'u,Cook Islands (Suwarrow Atoll),Pacific Ocean - South East,Cook Islands,-163.1980955|-13.27300025,Rattus exulans
Pseudobulweria rostrata,No studies found,3175,Failed,1,Motu To'u,Cook Islands (Suwarrow Atoll),Pacific Ocean - South East,Cook Islands,-163.1980955|-13.27300025,Rattus exulans
Pterodroma alba,All studies are not in support,3174,Failed,1,Motu To'u,Cook Islands (Suwarrow Atoll),Pacific Ocean - South East,Cook Islands,-163.1980955|-13.27300025,Rattus exulans
Pterodroma alba,All studies are not in support,3175,Failed,1,Motu To'u,Cook Islands (Suwarrow Atoll),Pacific Ocean - South East,Cook Islands,-163.1980955|-13.27300025,Rattus exulans
Nesofregetta fuliginosa,No studies found,2111,To Be Confirmed,1,Motu To'u,Cook Islands (Suwarrow Atoll),Pacific Ocean - South East,Cook Islands,-163.1980955|-13.27300025,Rattus exulans
Pseudobulweria rostrata,No studies found,2111,To Be Confirmed,1,Motu To'u,Cook Islands (Suwarrow Atoll),Pacific Ocean - South East,Cook Islands,-163.1980955|-13.27300025,Rattus exulans
Pterodroma alba,All studies are not in support,2111,To Be Confirmed,1,Motu To'u,Cook Islands (Suwarrow Atoll),Pacific Ocean - South East,Cook Islands,-163.1980955|-13.27300025,Rattus exulans
Nesofregetta fuliginosa,No studies found,2464,Failed,1,Motu Upua,Line Islands (Kirimatiti),Pacific Ocean - North East,Kiribati,-157.4491628|1.997845012,Rattus exulans
Pterodroma alba,All studies are not in support,2464,Failed,1,Motu Upua,Line Islands (Kirimatiti),Pacific Ocean - North East,Kiribati,-157.4491628|1.997845012,Rattus exulans
Nesofregetta fuliginosa,No studies found,262,Failed,1,Motu-o-ari,Gambier  (Mangareva Atoll),Pacific Ocean - South East,French Polynesia,-135.021418|-23.15111254,Rattus exulans
Pseudobulweria rostrata,No studies found,262,Failed,1,Motu-o-ari,Gambier  (Mangareva Atoll),Pacific Ocean - South East,French Polynesia,-135.021418|-23.15111254,Rattus exulans
Pterodroma alba,All studies are not in support,262,Failed,1,Motu-o-ari,Gambier  (Mangareva Atoll),Pacific Ocean - South East,French Polynesia,-135.021418|-23.15111254,Rattus exulans
Pterodroma atrata,Only predation in support,262,Failed,1,Motu-o-ari,Gambier  (Mangareva Atoll),Pacific Ocean - South East,French Polynesia,-135.021418|-23.15111254,Rattus exulans
Pterodroma cookii,Population study with all qualities in support,262,Failed,1,Motu-o-ari,Gambier  (Mangareva Atoll),Pacific Ocean - South East,French Polynesia,-135.021418|-23.15111254,Rattus exulans
Chenonetta finschi,No studies found,402,Successful,1,Motuara,Marlborough Sound,Pacific Ocean - South West,New Zealand,174.2750062|-41.09145921,Rattus exulans
Coturnix novaezelandiae,All studies are not in support,402,Successful,1,Motuara,Marlborough Sound,Pacific Ocean - South West,New Zealand,174.2750062|-41.09145921,Rattus exulans
Cyanoramphus auriceps,No studies found,402,Successful,1,Motuara,Marlborough Sound,Pacific Ocean - South West,New Zealand,174.2750062|-41.09145921,Rattus exulans
Mergus australis,No studies found,402,Successful,1,Motuara,Marlborough Sound,Pacific Ocean - South West,New Zealand,174.2750062|-41.09145921,Rattus exulans
Sterna striata,No studies found,402,Successful,1,Motuara,Marlborough Sound,Pacific Ocean - South West,New Zealand,174.2750062|-41.09145921,Rattus exulans
Tribonyx hodgenorum,No studies found,402,Successful,1,Motuara,Marlborough Sound,Pacific Ocean - South West,New Zealand,174.2750062|-41.09145921,Rattus exulans
Turnagra capensis,No studies found,402,Successful,1,Motuara,Marlborough Sound,Pacific Ocean - South West,New Zealand,174.2750062|-41.09145921,Rattus exulans
Fregetta maoriana,No studies found,980,Successful,1,Motuopao,Te Paki Islands,Pacific Ocean - South West,New Zealand,172.6376409|-34.47047512,Rattus exulans
Sterna striata,No studies found,980,Successful,4,Motuopao,Te Paki Islands,Pacific Ocean - South West,New Zealand,172.6376409|-34.47047512,Rattus exulans
Chenonetta finschi,No studies found,1986,Successful,1,Moturua,Bay of Islands,Pacific Ocean - South West,New Zealand,174.1909514|-35.2236004,Rattus exulans
Coturnix novaezelandiae,All studies are not in support,1986,Successful,1,Moturua,Bay of Islands,Pacific Ocean - South West,New Zealand,174.1909514|-35.2236004,Rattus exulans
Mergus australis,No studies found,1986,Successful,1,Moturua,Bay of Islands,Pacific Ocean - South West,New Zealand,174.1909514|-35.2236004,Rattus exulans
Sterna striata,No studies found,1986,Successful,1,Moturua,Bay of Islands,Pacific Ocean - South West,New Zealand,174.1909514|-35.2236004,Rattus exulans
Tribonyx hodgenorum,No studies found,1986,Successful,1,Moturua,Bay of Islands,Pacific Ocean - South West,New Zealand,174.1909514|-35.2236004,Rattus exulans
Turnagra tanagra,No studies found,1986,Successful,1,Moturua,Bay of Islands,Pacific Ocean - South West,New Zealand,174.1909514|-35.2236004,Rattus exulans
Chenonetta finschi,No studies found,1230,Successful,1,Motutapu,Hauraki Gulf,Pacific Ocean - South West,New Zealand,174.915858|-36.76471453,Rattus exulans
Coturnix novaezelandiae,All studies are not in support,1230,Successful,1,Motutapu,Hauraki Gulf,Pacific Ocean - South West,New Zealand,174.915858|-36.76471453,Rattus exulans
Mergus australis,No studies found,1230,Successful,1,Motutapu,Hauraki Gulf,Pacific Ocean - South West,New Zealand,174.915858|-36.76471453,Rattus exulans
Sterna striata,No studies found,1230,Successful,1,Motutapu,Hauraki Gulf,Pacific Ocean - South West,New Zealand,174.915858|-36.76471453,Rattus exulans
Tribonyx hodgenorum,No studies found,1230,Successful,1,Motutapu,Hauraki Gulf,Pacific Ocean - South West,New Zealand,174.915858|-36.76471453,Rattus exulans
Turnagra tanagra,No studies found,1230,Successful,1,Motutapu,Hauraki Gulf,Pacific Ocean - South West,New Zealand,174.915858|-36.76471453,Rattus exulans
Nesofregetta fuliginosa,No studies found,2443,Successful,2,NW Fred/Tonga,Line Islands (Kiritimati),Pacific Ocean - North East,Kiribati,-157.4171991|1.849226906,Rattus exulans
Pterodroma alba,All studies are not in support,2443,Successful,1,NW Fred/Tonga,Line Islands (Kiritimati),Pacific Ocean - North East,Kiribati,-157.4171991|1.849226906,Rattus exulans
Pterodroma cookii,Population study with all qualities in support,2443,Successful,1,NW Fred/Tonga,Line Islands (Kiritimati),Pacific Ocean - North East,Kiribati,-157.4171991|1.849226906,Rattus exulans
Pterodroma pycrofti,Population study with data in support,2443,Successful,1,NW Fred/Tonga,Line Islands (Kiritimati),Pacific Ocean - North East,Kiribati,-157.4171991|1.849226906,Rattus exulans
Nesofregetta fuliginosa,No studies found,2439,Successful,2,NW Nimroona,Line Islands (Kiritimati),Pacific Ocean - North East,Kiribati,-157.4278704|1.830788205,Rattus exulans
Pterodroma alba,All studies are not in support,2439,Successful,1,NW Nimroona,Line Islands (Kiritimati),Pacific Ocean - North East,Kiribati,-157.4278704|1.830788205,Rattus exulans
Nesofregetta fuliginosa,No studies found,2457,Successful,2,NW Tibo,Line Islands (Kiritimati),Pacific Ocean - North East,Kiribati,-157.4401423|1.8459442,Rattus exulans
Pterodroma alba,All studies are not in support,2457,Successful,1,NW Tibo,Line Islands (Kiritimati),Pacific Ocean - North East,Kiribati,-157.4401423|1.8459442,Rattus exulans
Nesofregetta fuliginosa,No studies found,313,Successful,1,Ndo,New Caledonia Islands,Pacific Ocean - South West,New Caledonia,166.9688989|-22.68371999,Rattus exulans
Pseudobulweria rostrata,No studies found,313,Successful,1,Ndo,New Caledonia Islands,Pacific Ocean - South West,New Caledonia,166.9688989|-22.68371999,Rattus exulans
Nesofregetta fuliginosa,No studies found,1185,Successful,1,Nge,New Caledonia Islands,Pacific Ocean - South West,New Caledonia,166.8507786|-22.69320357,Rattus exulans
Pseudobulweria rostrata,No studies found,1185,Successful,1,Nge,New Caledonia Islands,Pacific Ocean - South West,New Caledonia,166.8507786|-22.69320357,Rattus exulans
Nesofregetta fuliginosa,No studies found,2435,Successful,2,North Drum,Line Islands (Kiritimati),Pacific Ocean - North East,Kiribati,-157.3904481|1.841577017,Rattus exulans
Pterodroma alba,All studies are not in support,2435,Successful,1,North Drum,Line Islands (Kiritimati),Pacific Ocean - North East,Kiribati,-157.3904481|1.841577017,Rattus exulans
Nesofregetta fuliginosa,No studies found,1996,Successful,1,Nu'ulua,Samoan Islands (Western (Aleipata Islands)),Pacific Ocean - South East,Samoa,-171.4102425|-14.07295418,Rattus exulans
Pampusana stairi,No studies found,1996,Successful,1,Nu'ulua,Samoan Islands (Western (Aleipata Islands)),Pacific Ocean - South East,Samoa,-171.4102425|-14.07295418,Rattus exulans
Pseudobulweria rostrata,No studies found,1996,Successful,1,Nu'ulua,Samoan Islands (Western (Aleipata Islands)),Pacific Ocean - South East,Samoa,-171.4102425|-14.07295418,Rattus exulans
Pterodroma alba,All studies are not in support,1996,Successful,1,Nu'ulua,Samoan Islands (Western (Aleipata Islands)),Pacific Ocean - South East,Samoa,-171.4102425|-14.07295418,Rattus exulans
Nesofregetta fuliginosa,No studies found,1991,Failed,1,Nu'utele,Samoan Islands (Western (Aleipata Islands)),Pacific Ocean - South East,Samoa,-171.4228217|-14.0633339,Rattus exulans
Pampusana stairi,No studies found,1991,Failed,1,Nu'utele,Samoan Islands (Western (Aleipata Islands)),Pacific Ocean - South East,Samoa,-171.4228217|-14.0633339,Rattus exulans
Pseudobulweria rostrata,No studies found,1991,Failed,1,Nu'utele,Samoan Islands (Western (Aleipata Islands)),Pacific Ocean - South East,Samoa,-171.4228217|-14.0633339,Rattus exulans
Pterodroma alba,All studies are not in support,1991,Failed,1,Nu'utele,Samoan Islands (Western (Aleipata Islands)),Pacific Ocean - South East,Samoa,-171.4228217|-14.0633339,Rattus exulans
Nesofregetta fuliginosa,No studies found,1999,Successful,1,Nukubasaga,Ringgold Islands,Pacific Ocean - South East,Fiji,-179.2521176|-16.30248731,Rattus exulans
Pampusana stairi,No studies found,1999,Successful,1,Nukubasaga,Ringgold Islands,Pacific Ocean - South East,Fiji,-179.2521176|-16.30248731,Rattus exulans
Pseudobulweria rostrata,No studies found,1999,Successful,1,Nukubasaga,Ringgold Islands,Pacific Ocean - South East,Fiji,-179.2521176|-16.30248731,Rattus exulans
Pterodroma alba,All studies are not in support,1999,Successful,1,Nukubasaga,Ringgold Islands,Pacific Ocean - South East,Fiji,-179.2521176|-16.30248731,Rattus exulans
Nesofregetta fuliginosa,No studies found,2009,Successful,1,Nukupureti,Ringgold Islands,Pacific Ocean - South East,Fiji,-179.2687275|-16.31018067,Rattus exulans
Pseudobulweria rostrata,No studies found,2009,Successful,1,Nukupureti,Ringgold Islands,Pacific Ocean - South East,Fiji,-179.2687275|-16.31018067,Rattus exulans
Pterodroma alba,All studies are not in support,2009,Successful,1,Nukupureti,Ringgold Islands,Pacific Ocean - South East,Fiji,-179.2687275|-16.31018067,Rattus exulans
Pterodroma cookii,Population study with all qualities in support,2009,Successful,1,Nukupureti,Ringgold Islands,Pacific Ocean - South East,Fiji,-179.2687275|-16.31018067,Rattus exulans
Pterodroma pycrofti,Population study with data in support,2009,Successful,1,Nukupureti,Ringgold Islands,Pacific Ocean - South East,Fiji,-179.2687275|-16.31018067,Rattus exulans
Nesofregetta fuliginosa,No studies found,2002,Successful,1,Nukusemanu,Ringgold Islands,Pacific Ocean - South East,Fiji,-179.4175874|-16.33427909,Rattus exulans
Pseudobulweria rostrata,No studies found,2002,Successful,1,Nukusemanu,Ringgold Islands,Pacific Ocean - South East,Fiji,-179.4175874|-16.33427909,Rattus exulans
Pterodroma alba,All studies are not in support,2002,Successful,1,Nukusemanu,Ringgold Islands,Pacific Ocean - South East,Fiji,-179.4175874|-16.33427909,Rattus exulans
Chenonetta finschi,No studies found,322,Successful,1,Nukuwaiata,Chetwodes Islands,Pacific Ocean - South West,New Zealand,174.0734951|-40.89980499,Rattus exulans
Coturnix novaezelandiae,All studies are not in support,322,Successful,1,Nukuwaiata,Chetwodes Islands,Pacific Ocean - South West,New Zealand,174.0734951|-40.89980499,Rattus exulans
Cyanoramphus auriceps,No studies found,322,Successful,1,Nukuwaiata,Chetwodes Islands,Pacific Ocean - South West,New Zealand,174.0734951|-40.89980499,Rattus exulans
Mergus australis,No studies found,322,Successful,1,Nukuwaiata,Chetwodes Islands,Pacific Ocean - South West,New Zealand,174.0734951|-40.89980499,Rattus exulans
Sterna striata,No studies found,322,Successful,1,Nukuwaiata,Chetwodes Islands,Pacific Ocean - South West,New Zealand,174.0734951|-40.89980499,Rattus exulans
Tribonyx hodgenorum,No studies found,322,Successful,1,Nukuwaiata,Chetwodes Islands,Pacific Ocean - South West,New Zealand,174.0734951|-40.89980499,Rattus exulans
Turnagra capensis,No studies found,322,Successful,1,Nukuwaiata,Chetwodes Islands,Pacific Ocean - South West,New Zealand,174.0734951|-40.89980499,Rattus exulans
Nesofregetta fuliginosa,No studies found,2461,Successful,2,Oasis 1 (East),Line Islands (Kiritimati),Pacific Ocean - North East,Kiribati,-157.3654855|1.807356774,Rattus exulans
Pterodroma alba,All studies are not in support,2461,Successful,1,Oasis 1 (East),Line Islands (Kiritimati),Pacific Ocean - North East,Kiribati,-157.3654855|1.807356774,Rattus exulans
Nesofregetta fuliginosa,No studies found,2462,Successful,2,Oasis 2,Line Islands (Kiritimati),Pacific Ocean - North East,Kiribati,-157.3684912|1.808720522,Rattus exulans
Pterodroma alba,All studies are not in support,2462,Successful,1,Oasis 2,Line Islands (Kiritimati),Pacific Ocean - North East,Kiribati,-157.3684912|1.808720522,Rattus exulans
Nesofregetta fuliginosa,No studies found,2463,Successful,2,Oasis 3,Line Islands (Kiritimati),Pacific Ocean - North East,Kiribati,-157.3703833|1.809555237,Rattus exulans
Pterodroma alba,All studies are not in support,2463,Successful,1,Oasis 3,Line Islands (Kiritimati),Pacific Ocean - North East,Kiribati,-157.3703833|1.809555237,Rattus exulans
Nesofregetta fuliginosa,No studies found,212,Successful,1,Oeno,Pitcairn Islands,Pacific Ocean - South East,Pitcairn,-130.7430855|-23.92851367,Rattus exulans
Pseudobulweria rostrata,No studies found,212,Successful,1,Oeno,Pitcairn Islands,Pacific Ocean - South East,Pitcairn,-130.7430855|-23.92851367,Rattus exulans
Pterodroma alba,All studies are not in support,212,Successful,1,Oeno,Pitcairn Islands,Pacific Ocean - South East,Pitcairn,-130.7430855|-23.92851367,Rattus exulans
Pterodroma atrata,Only predation in support,212,Successful,1,Oeno,Pitcairn Islands,Pacific Ocean - South East,Pitcairn,-130.7430855|-23.92851367,Rattus exulans
Eudyptes pachyrhynchus,No studies found,1993,Successful,3,Ohinau (Ohina),Coromandel Islands,Pacific Ocean - South West,New Zealand,175.8812005|-36.72843944,Rattus exulans
Sterna striata,No studies found,1993,Successful,4,Ohinau (Ohina),Coromandel Islands,Pacific Ocean - South West,New Zealand,175.8812005|-36.72843944,Rattus exulans
Nesofregetta fuliginosa,No studies found,2000,Failed,1,Onetahi,Society Islands,Pacific Ocean - South East,French Polynesia,-149.5912563|-17.0186367,Rattus exulans
Pseudobulweria rostrata,No studies found,2000,Failed,1,Onetahi,Society Islands,Pacific Ocean - South East,French Polynesia,-149.5912563|-17.0186367,Rattus exulans
Pterodroma alba,All studies are not in support,2000,Failed,1,Onetahi,Society Islands,Pacific Ocean - South East,French Polynesia,-149.5912563|-17.0186367,Rattus exulans
Pterodroma atrata,Only predation in support,2000,Failed,1,Onetahi,Society Islands,Pacific Ocean - South East,French Polynesia,-149.5912563|-17.0186367,Rattus exulans
Nesofregetta fuliginosa,No studies found,3149,Trial or Research only,1,Orona,Phoenix Islands,Pacific Ocean - South East,Kiribati,-172.2023242|-4.521594582,Rattus exulans
Pseudobulweria rostrata,No studies found,3149,Trial or Research only,1,Orona,Phoenix Islands,Pacific Ocean - South East,Kiribati,-172.2023242|-4.521594582,Rattus exulans
Pterodroma alba,All studies are not in support,3149,Trial or Research only,1,Orona,Phoenix Islands,Pacific Ocean - South East,Kiribati,-172.2023242|-4.521594582,Rattus exulans
Pterodroma cookii,Population study with all qualities in support,3149,Trial or Research only,1,Orona,Phoenix Islands,Pacific Ocean - South East,Kiribati,-172.2023242|-4.521594582,Rattus exulans
Pterodroma pycrofti,Population study with data in support,3149,Trial or Research only,1,Orona,Phoenix Islands,Pacific Ocean - South East,Kiribati,-172.2023242|-4.521594582,Rattus exulans
Chenonetta finschi,No studies found,1982,Successful,1,Pearl,Stewart Islands,Pacific Ocean - South West,New Zealand,167.7073568|-47.19181788,Rattus exulans
Coenocorypha iredalei,No studies found,1982,Successful,1,Pearl,Stewart Islands,Pacific Ocean - South West,New Zealand,167.7073568|-47.19181788,Rattus exulans
Mergus australis,No studies found,1982,Successful,1,Pearl,Stewart Islands,Pacific Ocean - South West,New Zealand,167.7073568|-47.19181788,Rattus exulans
Sterna striata,No studies found,1982,Successful,1,Pearl,Stewart Islands,Pacific Ocean - South West,New Zealand,167.7073568|-47.19181788,Rattus exulans
Tribonyx hodgenorum,No studies found,1982,Successful,1,Pearl,Stewart Islands,Pacific Ocean - South West,New Zealand,167.7073568|-47.19181788,Rattus exulans
Pterodroma atrata,Only predation in support,274,Failed,2,Pitcairn,Pitcairn Islands,Pacific Ocean - South East,Pitcairn,-130.1057887|-25.06985602,Rattus exulans
Pterodroma atrata,Only predation in support,3212,Failed,2,Pitcairn,Pitcairn Islands,Pacific Ocean - South East,Pitcairn,-130.1057887|-25.06985602,Rattus exulans
Chenonetta finschi,No studies found,839,Successful,1,Putauhina,Stewart Islands,Pacific Ocean - South West,New Zealand,167.3869177|-47.21589368,Rattus exulans
Coenocorypha iredalei,No studies found,839,Successful,1,Putauhina,Stewart Islands,Pacific Ocean - South West,New Zealand,167.3869177|-47.21589368,Rattus exulans
Mergus australis,No studies found,839,Successful,1,Putauhina,Stewart Islands,Pacific Ocean - South West,New Zealand,167.3869177|-47.21589368,Rattus exulans
Sterna striata,No studies found,839,Successful,4,Putauhina,Stewart Islands,Pacific Ocean - South West,New Zealand,167.3869177|-47.21589368,Rattus exulans
Tribonyx hodgenorum,No studies found,839,Successful,1,Putauhina,Stewart Islands,Pacific Ocean - South West,New Zealand,167.3869177|-47.21589368,Rattus exulans
Nesofregetta fuliginosa,No studies found,1988,Successful,1,Qelelevu (Naqelelevu),Ringgold Islands (Qelelevu),Pacific Ocean - South East,Fiji,-179.1610064|-16.08989402,Rattus exulans
Pampusana stairi,No studies found,1988,Successful,1,Qelelevu (Naqelelevu),Ringgold Islands (Qelelevu),Pacific Ocean - South East,Fiji,-179.1610064|-16.08989402,Rattus exulans
Pseudobulweria rostrata,No studies found,1988,Successful,1,Qelelevu (Naqelelevu),Ringgold Islands (Qelelevu),Pacific Ocean - South East,Fiji,-179.1610064|-16.08989402,Rattus exulans
Pterodroma alba,All studies are not in support,1988,Successful,1,Qelelevu (Naqelelevu),Ringgold Islands (Qelelevu),Pacific Ocean - South East,Fiji,-179.1610064|-16.08989402,Rattus exulans
Chenonetta finschi,No studies found,1238,Successful,1,Rangitoto,Hauraki Gulf,Pacific Ocean - South West,New Zealand,174.863184|-36.78649262,Rattus exulans
Coturnix novaezelandiae,All studies are not in support,1238,Successful,1,Rangitoto,Hauraki Gulf,Pacific Ocean - South West,New Zealand,174.863184|-36.78649262,Rattus exulans
Mergus australis,No studies found,1238,Successful,1,Rangitoto,Hauraki Gulf,Pacific Ocean - South West,New Zealand,174.863184|-36.78649262,Rattus exulans
Sterna striata,No studies found,1238,Successful,1,Rangitoto,Hauraki Gulf,Pacific Ocean - South West,New Zealand,174.863184|-36.78649262,Rattus exulans
Tribonyx hodgenorum,No studies found,1238,Successful,1,Rangitoto,Hauraki Gulf,Pacific Ocean - South West,New Zealand,174.863184|-36.78649262,Rattus exulans
Turnagra tanagra,No studies found,1238,Successful,1,Rangitoto,Hauraki Gulf,Pacific Ocean - South West,New Zealand,174.863184|-36.78649262,Rattus exulans
Eudyptes pachyrhynchus,No studies found,413,Successful,3,Rarotoka (Centre),Foveaux Strait,Pacific Ocean - South West,New Zealand,167.8447872|-46.45590175,Rattus exulans
Sterna striata,No studies found,413,Successful,4,Rarotoka (Centre),Foveaux Strait,Pacific Ocean - South West,New Zealand,167.8447872|-46.45590175,Rattus exulans
Chenonetta finschi,No studies found,891,Successful,1,Red Mercury (Whakau),Mercury Islands,Pacific Ocean - South West,New Zealand,175.9352706|-36.62414526,Rattus exulans
Coturnix novaezelandiae,All studies are not in support,891,Successful,1,Red Mercury (Whakau),Mercury Islands,Pacific Ocean - South West,New Zealand,175.9352706|-36.62414526,Rattus exulans
Mergus australis,No studies found,891,Successful,1,Red Mercury (Whakau),Mercury Islands,Pacific Ocean - South West,New Zealand,175.9352706|-36.62414526,Rattus exulans
Pterodroma pycrofti,Population study with data in support,891,Successful,2,Red Mercury (Whakau),Mercury Islands,Pacific Ocean - South West,New Zealand,175.9352706|-36.62414526,Rattus exulans
Sterna striata,No studies found,891,Successful,1,Red Mercury (Whakau),Mercury Islands,Pacific Ocean - South West,New Zealand,175.9352706|-36.62414526,Rattus exulans
Tribonyx hodgenorum,No studies found,891,Successful,1,Red Mercury (Whakau),Mercury Islands,Pacific Ocean - South West,New Zealand,175.9352706|-36.62414526,Rattus exulans
Nesofregetta fuliginosa,No studies found,312,Successful,1,Redika,New Caledonia Islands (South Lagoon),Pacific Ocean - South West,New Caledonia,166.6111387|-22.51549727,Rattus exulans
Pseudobulweria rostrata,No studies found,312,Successful,1,Redika,New Caledonia Islands (South Lagoon),Pacific Ocean - South West,New Caledonia,166.6111387|-22.51549727,Rattus exulans
Nesofregetta fuliginosa,No studies found,439,Successful,1,Rose Atoll,Samoan Islands (American),Pacific Ocean - South East,American Samoa,-168.1443273|-14.54684639,Rattus exulans
Pseudobulweria rostrata,No studies found,439,Successful,1,Rose Atoll,Samoan Islands (American),Pacific Ocean - South East,American Samoa,-168.1443273|-14.54684639,Rattus exulans
Pterodroma alba,All studies are not in support,439,Successful,1,Rose Atoll,Samoan Islands (American),Pacific Ocean - South East,American Samoa,-168.1443273|-14.54684639,Rattus exulans
Eudyptes pachyrhynchus,No studies found,897,Successful,3,Rurima,Bay of Plenty,Pacific Ocean - South West,New Zealand,176.8727401|-37.83107023,Rattus exulans
Sterna striata,No studies found,897,Successful,4,Rurima,Bay of Plenty,Pacific Ocean - South West,New Zealand,176.8727401|-37.83107023,Rattus exulans
Nesofregetta fuliginosa,No studies found,2465,Successful,2,S Nimroona 1,Line Islands (Kiritimati),Pacific Ocean - North East,Kiribati,-157.4201684|1.822085741,Rattus exulans
Pterodroma alba,All studies are not in support,2465,Successful,1,S Nimroona 1,Line Islands (Kiritimati),Pacific Ocean - North East,Kiribati,-157.4201684|1.822085741,Rattus exulans
Nesofregetta fuliginosa,No studies found,2466,Successful,2,S Nimroona 2,Line Islands (Kiritimati),Pacific Ocean - North East,Kiribati,-157.4221347|1.822236094,Rattus exulans
Pterodroma alba,All studies are not in support,2466,Successful,1,S Nimroona 2,Line Islands (Kiritimati),Pacific Ocean - North East,Kiribati,-157.4221347|1.822236094,Rattus exulans
Nesofregetta fuliginosa,No studies found,2467,Successful,2,S Nimroona 3,Line Islands (Kiritimati),Pacific Ocean - North East,Kiribati,-157.4187383|1.823517979,Rattus exulans
Pterodroma alba,All studies are not in support,2467,Successful,1,S Nimroona 3,Line Islands (Kiritimati),Pacific Ocean - North East,Kiribati,-157.4187383|1.823517979,Rattus exulans
Nesofregetta fuliginosa,No studies found,2442,Successful,2,SE Fred/Tonga,Line Islands (Kiritimati),Pacific Ocean - North East,Kiribati,-157.4135181|1.84454756,Rattus exulans
Pterodroma alba,All studies are not in support,2442,Successful,1,SE Fred/Tonga,Line Islands (Kiritimati),Pacific Ocean - North East,Kiribati,-157.4135181|1.84454756,Rattus exulans
Pterodroma cookii,Population study with all qualities in support,2442,Successful,1,SE Fred/Tonga,Line Islands (Kiritimati),Pacific Ocean - North East,Kiribati,-157.4135181|1.84454756,Rattus exulans
Pterodroma pycrofti,Population study with data in support,2442,Successful,1,SE Fred/Tonga,Line Islands (Kiritimati),Pacific Ocean - North East,Kiribati,-157.4135181|1.84454756,Rattus exulans
Nesofregetta fuliginosa,No studies found,2456,Successful,2,SW Islet Koil,Line Islands (Kiritimati),Pacific Ocean - North East,Kiribati,-157.365017|1.81985022,Rattus exulans
Pterodroma alba,All studies are not in support,2456,Successful,1,SW Islet Koil,Line Islands (Kiritimati),Pacific Ocean - North East,Kiribati,-157.365017|1.81985022,Rattus exulans
Nesofregetta fuliginosa,No studies found,2440,Successful (Reinvaded),2,SW Nimroona,Line Islands (Kiritimati),Pacific Ocean - North East,Kiribati,-157.4279831|1.827989866,Rattus exulans
Pterodroma alba,All studies are not in support,2440,Successful (Reinvaded),1,SW Nimroona,Line Islands (Kiritimati),Pacific Ocean - North East,Kiribati,-157.4279831|1.827989866,Rattus exulans
Nesofregetta fuliginosa,No studies found,2455,Successful,2,SW motu Koil,Line Islands (Kiritimati),Pacific Ocean - North East,Kiribati,-157.362508|1.817092649,Rattus exulans
Pterodroma alba,All studies are not in support,2455,Successful,1,SW motu Koil,Line Islands (Kiritimati),Pacific Ocean - North East,Kiribati,-157.362508|1.817092649,Rattus exulans
Nesofregetta fuliginosa,No studies found,311,Successful (Reinvaded),1,Signal,New Caledonia Islands,Pacific Ocean - South West,New Caledonia,166.2931072|-22.29620712,Rattus exulans
Pseudobulweria rostrata,No studies found,311,Successful (Reinvaded),1,Signal,New Caledonia Islands,Pacific Ocean - South West,New Caledonia,166.2931072|-22.29620712,Rattus exulans
Eudyptes pachyrhynchus,No studies found,1145,Successful,3,Stack B,Mokohinau Islands,Pacific Ocean - South West,New Zealand,175.1038192|-35.90672167,Rattus exulans
Fregetta maoriana,No studies found,1145,Successful,1,Stack B,Mokohinau Islands,Pacific Ocean - South West,New Zealand,175.1038192|-35.90672167,Rattus exulans
Sterna striata,No studies found,1145,Successful,4,Stack B,Mokohinau Islands,Pacific Ocean - South West,New Zealand,175.1038192|-35.90672167,Rattus exulans
Eudyptes pachyrhynchus,No studies found,1146,Successful,3,Stack C (Motupapa),Mokohinau Islands,Pacific Ocean - South West,New Zealand,175.1032637|-35.90776592,Rattus exulans
Fregetta maoriana,No studies found,1146,Successful,1,Stack C (Motupapa),Mokohinau Islands,Pacific Ocean - South West,New Zealand,175.1032637|-35.90776592,Rattus exulans
Sterna striata,No studies found,1146,Successful,4,Stack C (Motupapa),Mokohinau Islands,Pacific Ocean - South West,New Zealand,175.1032637|-35.90776592,Rattus exulans
Eudyptes pachyrhynchus,No studies found,1147,Successful,3,Stack D,Mokohinau Islands,Pacific Ocean - South West,New Zealand,175.105326|-35.90839037,Rattus exulans
Fregetta maoriana,No studies found,1147,Successful,1,Stack D,Mokohinau Islands,Pacific Ocean - South West,New Zealand,175.105326|-35.90839037,Rattus exulans
Sterna striata,No studies found,1147,Successful,4,Stack D,Mokohinau Islands,Pacific Ocean - South West,New Zealand,175.105326|-35.90839037,Rattus exulans
Eudyptes pachyrhynchus,No studies found,1148,Successful,3,Stack E,Mokohinau Islands,Pacific Ocean - South West,New Zealand,175.1003526|-35.9115079,Rattus exulans
Fregetta maoriana,No studies found,1148,Successful,1,Stack E,Mokohinau Islands,Pacific Ocean - South West,New Zealand,175.1003526|-35.9115079,Rattus exulans
Sterna striata,No studies found,1148,Successful,4,Stack E,Mokohinau Islands,Pacific Ocean - South West,New Zealand,175.1003526|-35.9115079,Rattus exulans
Eudyptes pachyrhynchus,No studies found,1149,Successful,3,Stack F,Mokohinau Islands,Pacific Ocean - South West,New Zealand,175.1011014|-35.91221135,Rattus exulans
Fregetta maoriana,No studies found,1149,Successful,1,Stack F,Mokohinau Islands,Pacific Ocean - South West,New Zealand,175.1011014|-35.91221135,Rattus exulans
Sterna striata,No studies found,1149,Successful,4,Stack F,Mokohinau Islands,Pacific Ocean - South West,New Zealand,175.1011014|-35.91221135,Rattus exulans
Eudyptes pachyrhynchus,No studies found,1150,Successful,3,Stack G,Mokohinau Islands,Pacific Ocean - South West,New Zealand,175.1036242|-35.91403606,Rattus exulans
Fregetta maoriana,No studies found,1150,Successful,1,Stack G,Mokohinau Islands,Pacific Ocean - South West,New Zealand,175.1036242|-35.91403606,Rattus exulans
Sterna striata,No studies found,1150,Successful,4,Stack G,Mokohinau Islands,Pacific Ocean - South West,New Zealand,175.1036242|-35.91403606,Rattus exulans
Eudyptes pachyrhynchus,No studies found,1151,Successful,3,Stack I,Mokohinau Islands,Pacific Ocean - South West,New Zealand,175.0954641|-35.91690536,Rattus exulans
Fregetta maoriana,No studies found,1151,Successful,1,Stack I,Mokohinau Islands,Pacific Ocean - South West,New Zealand,175.0954641|-35.91690536,Rattus exulans
Procellaria parkinsoni,No studies found,1151,Successful,1,Stack I,Mokohinau Islands,Pacific Ocean - South West,New Zealand,175.0954641|-35.91690536,Rattus exulans
Procellaria westlandica,No studies found,1151,Successful,1,Stack I,Mokohinau Islands,Pacific Ocean - South West,New Zealand,175.0954641|-35.91690536,Rattus exulans
Pterodroma cookii,Population study with all qualities in support,1151,Successful,1,Stack I,Mokohinau Islands,Pacific Ocean - South West,New Zealand,175.0954641|-35.91690536,Rattus exulans
Pterodroma pycrofti,Population study with data in support,1151,Successful,1,Stack I,Mokohinau Islands,Pacific Ocean - South West,New Zealand,175.0954641|-35.91690536,Rattus exulans
Sterna striata,No studies found,1151,Successful,4,Stack I,Mokohinau Islands,Pacific Ocean - South West,New Zealand,175.0954641|-35.91690536,Rattus exulans
Eudyptes pachyrhynchus,No studies found,1152,Successful,3,Stack J,Mokohinau Islands,Pacific Ocean - South West,New Zealand,175.0983354|-35.91647483,Rattus exulans
Fregetta maoriana,No studies found,1152,Successful,1,Stack J,Mokohinau Islands,Pacific Ocean - South West,New Zealand,175.0983354|-35.91647483,Rattus exulans
Procellaria parkinsoni,No studies found,1152,Successful,1,Stack J,Mokohinau Islands,Pacific Ocean - South West,New Zealand,175.0983354|-35.91647483,Rattus exulans
Procellaria westlandica,No studies found,1152,Successful,1,Stack J,Mokohinau Islands,Pacific Ocean - South West,New Zealand,175.0983354|-35.91647483,Rattus exulans
Pterodroma cookii,Population study with all qualities in support,1152,Successful,1,Stack J,Mokohinau Islands,Pacific Ocean - South West,New Zealand,175.0983354|-35.91647483,Rattus exulans
Pterodroma pycrofti,Population study with data in support,1152,Successful,1,Stack J,Mokohinau Islands,Pacific Ocean - South West,New Zealand,175.0983354|-35.91647483,Rattus exulans
Sterna striata,No studies found,1152,Successful,4,Stack J,Mokohinau Islands,Pacific Ocean - South West,New Zealand,175.0983354|-35.91647483,Rattus exulans
Chenonetta finschi,No studies found,893,Successful,1,Stanley (Kawhitu),Mercury Islands,Pacific Ocean - South West,New Zealand,175.8863224|-36.64034801,Rattus exulans
Coturnix novaezelandiae,All studies are not in support,893,Successful,1,Stanley (Kawhitu),Mercury Islands,Pacific Ocean - South West,New Zealand,175.8863224|-36.64034801,Rattus exulans
Mergus australis,No studies found,893,Successful,1,Stanley (Kawhitu),Mercury Islands,Pacific Ocean - South West,New Zealand,175.8863224|-36.64034801,Rattus exulans
Pterodroma pycrofti,Population study with data in support,893,Successful,2,Stanley (Kawhitu),Mercury Islands,Pacific Ocean - South West,New Zealand,175.8863224|-36.64034801,Rattus exulans
Sterna striata,No studies found,893,Successful,1,Stanley (Kawhitu),Mercury Islands,Pacific Ocean - South West,New Zealand,175.8863224|-36.64034801,Rattus exulans
Tribonyx hodgenorum,No studies found,893,Successful,1,Stanley (Kawhitu),Mercury Islands,Pacific Ocean - South West,New Zealand,175.8863224|-36.64034801,Rattus exulans
Chenonetta finschi,No studies found,2681,Failed,1,Stephenson (Ririwha),Whangaroa Bay,Pacific Ocean - South West,New Zealand,173.7804043|-34.96352662,Rattus exulans
Coturnix novaezelandiae,All studies are not in support,2681,Failed,1,Stephenson (Ririwha),Whangaroa Bay,Pacific Ocean - South West,New Zealand,173.7804043|-34.96352662,Rattus exulans
Mergus australis,No studies found,2681,Failed,1,Stephenson (Ririwha),Whangaroa Bay,Pacific Ocean - South West,New Zealand,173.7804043|-34.96352662,Rattus exulans
Sterna striata,No studies found,2681,Failed,1,Stephenson (Ririwha),Whangaroa Bay,Pacific Ocean - South West,New Zealand,173.7804043|-34.96352662,Rattus exulans
Tribonyx hodgenorum,No studies found,2681,Failed,1,Stephenson (Ririwha),Whangaroa Bay,Pacific Ocean - South West,New Zealand,173.7804043|-34.96352662,Rattus exulans
Turnagra tanagra,No studies found,2681,Failed,1,Stephenson (Ririwha),Whangaroa Bay,Pacific Ocean - South West,New Zealand,173.7804043|-34.96352662,Rattus exulans
Nesofregetta fuliginosa,No studies found,166,Successful,1,Taere'ere,Tuamotu Archipelago (Rangiroa),Pacific Ocean - South East,French Polynesia,-147.8403966|-15.1946095,Rattus exulans
Pampusana erythroptera,No studies found,166,Successful,1,Taere'ere,Tuamotu Archipelago (Rangiroa),Pacific Ocean - South East,French Polynesia,-147.8403966|-15.1946095,Rattus exulans
Pseudobulweria rostrata,No studies found,166,Successful,1,Taere'ere,Tuamotu Archipelago (Rangiroa),Pacific Ocean - South East,French Polynesia,-147.8403966|-15.1946095,Rattus exulans
Pterodroma alba,All studies are not in support,166,Successful,1,Taere'ere,Tuamotu Archipelago (Rangiroa),Pacific Ocean - South East,French Polynesia,-147.8403966|-15.1946095,Rattus exulans
Pterodroma atrata,Only predation in support,166,Successful,1,Taere'ere,Tuamotu Archipelago (Rangiroa),Pacific Ocean - South East,French Polynesia,-147.8403966|-15.1946095,Rattus exulans
Chenonetta finschi,No studies found,1310,Successful,1,Taranga (Hen),Hen and Chicken Islands,Pacific Ocean - South West,New Zealand,174.7188377|-35.96346185,Rattus exulans
Coturnix novaezelandiae,All studies are not in support,1310,Successful,1,Taranga (Hen),Hen and Chicken Islands,Pacific Ocean - South West,New Zealand,174.7188377|-35.96346185,Rattus exulans
Mergus australis,No studies found,1310,Successful,1,Taranga (Hen),Hen and Chicken Islands,Pacific Ocean - South West,New Zealand,174.7188377|-35.96346185,Rattus exulans
Sterna striata,No studies found,1310,Successful,1,Taranga (Hen),Hen and Chicken Islands,Pacific Ocean - South West,New Zealand,174.7188377|-35.96346185,Rattus exulans
Tribonyx hodgenorum,No studies found,1310,Successful,1,Taranga (Hen),Hen and Chicken Islands,Pacific Ocean - South West,New Zealand,174.7188377|-35.96346185,Rattus exulans
Nesofregetta fuliginosa,No studies found,2001,Unknown,1,Taula,Vava'u group (Otu Motu Lalo),Pacific Ocean - South East,Tonga,-174.0106991|-18.84753284,Rattus exulans
Pachycephala jacquinoti,No studies found,2001,Unknown,1,Taula,Vava'u group (Otu Motu Lalo),Pacific Ocean - South East,Tonga,-174.0106991|-18.84753284,Rattus exulans
Pseudobulweria rostrata,No studies found,2001,Unknown,1,Taula,Vava'u group (Otu Motu Lalo),Pacific Ocean - South East,Tonga,-174.0106991|-18.84753284,Rattus exulans
Pterodroma alba,All studies are not in support,2001,Unknown,1,Taula,Vava'u group (Otu Motu Lalo),Pacific Ocean - South East,Tonga,-174.0106991|-18.84753284,Rattus exulans
Nesofregetta fuliginosa,No studies found,1998,Successful,1,Tauraria,Ringgold Islands (Qelelevu),Pacific Ocean - South East,Fiji,-179.1804231|-16.08243771,Rattus exulans
Pampusana stairi,No studies found,1998,Successful,1,Tauraria,Ringgold Islands (Qelelevu),Pacific Ocean - South East,Fiji,-179.1804231|-16.08243771,Rattus exulans
Pseudobulweria rostrata,No studies found,1998,Successful,1,Tauraria,Ringgold Islands (Qelelevu),Pacific Ocean - South East,Fiji,-179.1804231|-16.08243771,Rattus exulans
Pterodroma alba,All studies are not in support,1998,Successful,1,Tauraria,Ringgold Islands (Qelelevu),Pacific Ocean - South East,Fiji,-179.1804231|-16.08243771,Rattus exulans
Nesofregetta fuliginosa,No studies found,239,Failed,1,Teauaone,Gambier  (Mangareva Atoll),Pacific Ocean - South East,French Polynesia,-134.9553491|-23.00364248,Rattus exulans
Pseudobulweria rostrata,No studies found,239,Failed,1,Teauaone,Gambier  (Mangareva Atoll),Pacific Ocean - South East,French Polynesia,-134.9553491|-23.00364248,Rattus exulans
Pterodroma alba,All studies are not in support,239,Failed,1,Teauaone,Gambier  (Mangareva Atoll),Pacific Ocean - South East,French Polynesia,-134.9553491|-23.00364248,Rattus exulans
Pterodroma atrata,Only predation in support,239,Failed,1,Teauaone,Gambier  (Mangareva Atoll),Pacific Ocean - South East,French Polynesia,-134.9553491|-23.00364248,Rattus exulans
Nesofregetta fuliginosa,No studies found,2802,Successful,1,Temoe,Tuamotu Archipelago,Pacific Ocean - South East,French Polynesia,-134.4830506|-23.37070737,Rattus exulans
Pseudobulweria rostrata,No studies found,2802,Successful,1,Temoe,Tuamotu Archipelago,Pacific Ocean - South East,French Polynesia,-134.4830506|-23.37070737,Rattus exulans
Pterodroma alba,All studies are not in support,2802,Successful,1,Temoe,Tuamotu Archipelago,Pacific Ocean - South East,French Polynesia,-134.4830506|-23.37070737,Rattus exulans
Pterodroma atrata,Only predation in support,2802,Successful,1,Temoe,Tuamotu Archipelago,Pacific Ocean - South East,French Polynesia,-134.4830506|-23.37070737,Rattus exulans
Nesofregetta fuliginosa,No studies found,2795,Successful,1,Tenarunga (Tenania),Tuamotu Archipelago,Pacific Ocean - South East,French Polynesia,-136.5416276|-21.34388419,Rattus exulans
Pseudobulweria rostrata,No studies found,2795,Successful,1,Tenarunga (Tenania),Tuamotu Archipelago,Pacific Ocean - South East,French Polynesia,-136.5416276|-21.34388419,Rattus exulans
Pterodroma alba,All studies are not in support,2795,Successful,1,Tenarunga (Tenania),Tuamotu Archipelago,Pacific Ocean - South East,French Polynesia,-136.5416276|-21.34388419,Rattus exulans
Pterodroma atrata,Only predation in support,2795,Successful,1,Tenarunga (Tenania),Tuamotu Archipelago,Pacific Ocean - South East,French Polynesia,-136.5416276|-21.34388419,Rattus exulans
Pterodroma cookii,Population study with all qualities in support,2795,Successful,1,Tenarunga (Tenania),Tuamotu Archipelago,Pacific Ocean - South East,French Polynesia,-136.5416276|-21.34388419,Rattus exulans
Nesofregetta fuliginosa,No studies found,238,Failed,1,Tepapuri,Gambier  (Mangareva Atoll) Gambier Islands,Pacific Ocean - South East,French Polynesia,-134.9461073|-23.00630788,Rattus exulans
Pseudobulweria rostrata,No studies found,238,Failed,1,Tepapuri,Gambier  (Mangareva Atoll) Gambier Islands,Pacific Ocean - South East,French Polynesia,-134.9461073|-23.00630788,Rattus exulans
Pterodroma alba,All studies are not in support,238,Failed,1,Tepapuri,Gambier  (Mangareva Atoll) Gambier Islands,Pacific Ocean - South East,French Polynesia,-134.9461073|-23.00630788,Rattus exulans
Pterodroma atrata,Only predation in support,238,Failed,1,Tepapuri,Gambier  (Mangareva Atoll) Gambier Islands,Pacific Ocean - South East,French Polynesia,-134.9461073|-23.00630788,Rattus exulans
Nesofregetta fuliginosa,No studies found,1985,Trial or Research only,1,Tetiaroa Atoll (Honuea),Society Islands,Pacific Ocean - South East,French Polynesia,-149.5849878|-17.00926361,Rattus exulans
Pseudobulweria rostrata,No studies found,1985,Trial or Research only,1,Tetiaroa Atoll (Honuea),Society Islands,Pacific Ocean - South East,French Polynesia,-149.5849878|-17.00926361,Rattus exulans
Pterodroma alba,All studies are not in support,1985,Trial or Research only,1,Tetiaroa Atoll (Honuea),Society Islands,Pacific Ocean - South East,French Polynesia,-149.5849878|-17.00926361,Rattus exulans
Pterodroma atrata,Only predation in support,1985,Trial or Research only,1,Tetiaroa Atoll (Honuea),Society Islands,Pacific Ocean - South East,French Polynesia,-149.5849878|-17.00926361,Rattus exulans
Ducula galeata,No studies found,2934,Successful,1,Teuaua (Ua-Uka),Marquesas,Pacific Ocean - South East,French Polynesia,-139.5931222|-8.954210196,Rattus exulans
Nesofregetta fuliginosa,No studies found,2934,Successful,1,Teuaua (Ua-Uka),Marquesas,Pacific Ocean - South East,French Polynesia,-139.5931222|-8.954210196,Rattus exulans
Pseudobulweria rostrata,No studies found,2934,Successful,1,Teuaua (Ua-Uka),Marquesas,Pacific Ocean - South East,French Polynesia,-139.5931222|-8.954210196,Rattus exulans
Pterodroma alba,All studies are not in support,2934,Successful,1,Teuaua (Ua-Uka),Marquesas,Pacific Ocean - South East,French Polynesia,-139.5931222|-8.954210196,Rattus exulans
Pterodroma atrata,Only predation in support,2934,Successful,1,Teuaua (Ua-Uka),Marquesas,Pacific Ocean - South East,French Polynesia,-139.5931222|-8.954210196,Rattus exulans
Ducula galeata,No studies found,23,Failed,1,Teuaua (Ua-Uka),Marquesas,Pacific Ocean - South East,French Polynesia,-139.5931222|-8.954210196,Rattus exulans
Ducula galeata,No studies found,301,Failed,1,Teuaua (Ua-Uka),Marquesas,Pacific Ocean - South East,French Polynesia,-139.5931222|-8.954210196,Rattus exulans
Nesofregetta fuliginosa,No studies found,23,Failed,1,Teuaua (Ua-Uka),Marquesas,Pacific Ocean - South East,French Polynesia,-139.5931222|-8.954210196,Rattus exulans
Nesofregetta fuliginosa,No studies found,301,Failed,1,Teuaua (Ua-Uka),Marquesas,Pacific Ocean - South East,French Polynesia,-139.5931222|-8.954210196,Rattus exulans
Pseudobulweria rostrata,No studies found,23,Failed,1,Teuaua (Ua-Uka),Marquesas,Pacific Ocean - South East,French Polynesia,-139.5931222|-8.954210196,Rattus exulans
Pseudobulweria rostrata,No studies found,301,Failed,1,Teuaua (Ua-Uka),Marquesas,Pacific Ocean - South East,French Polynesia,-139.5931222|-8.954210196,Rattus exulans
Pterodroma alba,All studies are not in support,23,Failed,1,Teuaua (Ua-Uka),Marquesas,Pacific Ocean - South East,French Polynesia,-139.5931222|-8.954210196,Rattus exulans
Pterodroma alba,All studies are not in support,301,Failed,1,Teuaua (Ua-Uka),Marquesas,Pacific Ocean - South East,French Polynesia,-139.5931222|-8.954210196,Rattus exulans
Pterodroma atrata,Only predation in support,23,Failed,1,Teuaua (Ua-Uka),Marquesas,Pacific Ocean - South East,French Polynesia,-139.5931222|-8.954210196,Rattus exulans
Pterodroma atrata,Only predation in support,301,Failed,1,Teuaua (Ua-Uka),Marquesas,Pacific Ocean - South East,French Polynesia,-139.5931222|-8.954210196,Rattus exulans
Nesofregetta fuliginosa,No studies found,2007,Successful,1,Tiam'bouene,New Caledonia Islands,Pacific Ocean - South West,New Caledonia,164.0361772|-20.4054581,Rattus exulans
Pseudobulweria rostrata,No studies found,2007,Successful,1,Tiam'bouene,New Caledonia Islands,Pacific Ocean - South West,New Caledonia,164.0361772|-20.4054581,Rattus exulans
Chenonetta finschi,No studies found,7,Successful,1,Tiritiri Matangi,Hauraki Gulf,Pacific Ocean - South West,New Zealand,174.8900253|-36.60084388,Rattus exulans
Coturnix novaezelandiae,All studies are not in support,7,Successful,1,Tiritiri Matangi,Hauraki Gulf,Pacific Ocean - South West,New Zealand,174.8900253|-36.60084388,Rattus exulans
Mergus australis,No studies found,7,Successful,1,Tiritiri Matangi,Hauraki Gulf,Pacific Ocean - South West,New Zealand,174.8900253|-36.60084388,Rattus exulans
Sterna striata,No studies found,7,Successful,1,Tiritiri Matangi,Hauraki Gulf,Pacific Ocean - South West,New Zealand,174.8900253|-36.60084388,Rattus exulans
Tribonyx hodgenorum,No studies found,7,Successful,1,Tiritiri Matangi,Hauraki Gulf,Pacific Ocean - South West,New Zealand,174.8900253|-36.60084388,Rattus exulans
Turnagra tanagra,No studies found,7,Successful,1,Tiritiri Matangi,Hauraki Gulf,Pacific Ocean - South West,New Zealand,174.8900253|-36.60084388,Rattus exulans
Nesofregetta fuliginosa,No studies found,2004,Successful,1,Tuinibeka,Ringgold Islands (Qelelevu),Pacific Ocean - South East,Fiji,-179.1675751|-16.08374066,Rattus exulans
Pampusana stairi,No studies found,2004,Successful,1,Tuinibeka,Ringgold Islands (Qelelevu),Pacific Ocean - South East,Fiji,-179.1675751|-16.08374066,Rattus exulans
Pseudobulweria rostrata,No studies found,2004,Successful,1,Tuinibeka,Ringgold Islands (Qelelevu),Pacific Ocean - South East,Fiji,-179.1675751|-16.08374066,Rattus exulans
Pterodroma alba,All studies are not in support,2004,Successful,1,Tuinibeka,Ringgold Islands (Qelelevu),Pacific Ocean - South East,Fiji,-179.1675751|-16.08374066,Rattus exulans
Nesofregetta fuliginosa,No studies found,1186,Successful,1,Uatermbi,New Caledonia Islands,Pacific Ocean - South West,New Caledonia,166.8113352|-22.67869493,Rattus exulans
Pseudobulweria rostrata,No studies found,1186,Successful,1,Uatermbi,New Caledonia Islands,Pacific Ocean - South West,New Caledonia,166.8113352|-22.67869493,Rattus exulans
Nesofregetta fuliginosa,No studies found,314,Successful,1,Uatio,New Caledonia Islands (South Lagoon),Pacific Ocean - South West,New Caledonia,166.79569|-22.71024856,Rattus exulans
Pseudobulweria rostrata,No studies found,314,Successful,1,Uatio,New Caledonia Islands (South Lagoon),Pacific Ocean - South West,New Caledonia,166.79569|-22.71024856,Rattus exulans
Nesofregetta fuliginosa,No studies found,319,Successful,1,Uie,New Caledonia Islands,Pacific Ocean - South West,New Caledonia,166.9171834|-22.72276662,Rattus exulans
Pseudobulweria rostrata,No studies found,319,Successful,1,Uie,New Caledonia Islands,Pacific Ocean - South West,New Caledonia,166.9171834|-22.72276662,Rattus exulans
Pterodroma cookii,Population study with all qualities in support,319,Successful,1,Uie,New Caledonia Islands,Pacific Ocean - South West,New Caledonia,166.9171834|-22.72276662,Rattus exulans
Nesofregetta fuliginosa,No studies found,320,Successful,1,Uo,New Caledonia Islands,Pacific Ocean - South West,New Caledonia,166.7691108|-22.51726135,Rattus exulans
Pseudobulweria rostrata,No studies found,320,Successful,1,Uo,New Caledonia Islands,Pacific Ocean - South West,New Caledonia,166.7691108|-22.51726135,Rattus exulans
Nesofregetta fuliginosa,No studies found,2794,Successful,1,Vahanga,Tuamotu Archipelago,Pacific Ocean - South East,French Polynesia,-136.6516376|-21.33280297,Rattus exulans
Pseudobulweria rostrata,No studies found,2794,Successful,1,Vahanga,Tuamotu Archipelago,Pacific Ocean - South East,French Polynesia,-136.6516376|-21.33280297,Rattus exulans
Pterodroma alba,All studies are not in support,2794,Successful,1,Vahanga,Tuamotu Archipelago,Pacific Ocean - South East,French Polynesia,-136.6516376|-21.33280297,Rattus exulans
Pterodroma atrata,Only predation in support,2794,Successful,1,Vahanga,Tuamotu Archipelago,Pacific Ocean - South East,French Polynesia,-136.6516376|-21.33280297,Rattus exulans
Pterodroma cookii,Population study with all qualities in support,2794,Successful,1,Vahanga,Tuamotu Archipelago,Pacific Ocean - South East,French Polynesia,-136.6516376|-21.33280297,Rattus exulans
Nesofregetta fuliginosa,No studies found,159,Failed,1,Vahanga,Tuamotu Archipelago,Pacific Ocean - South East,French Polynesia,-136.6516376|-21.33280297,Rattus exulans
Pseudobulweria rostrata,No studies found,159,Failed,1,Vahanga,Tuamotu Archipelago,Pacific Ocean - South East,French Polynesia,-136.6516376|-21.33280297,Rattus exulans
Pterodroma alba,All studies are not in support,159,Failed,1,Vahanga,Tuamotu Archipelago,Pacific Ocean - South East,French Polynesia,-136.6516376|-21.33280297,Rattus exulans
Pterodroma atrata,Only predation in support,159,Failed,1,Vahanga,Tuamotu Archipelago,Pacific Ocean - South East,French Polynesia,-136.6516376|-21.33280297,Rattus exulans
Pterodroma cookii,Population study with all qualities in support,159,Failed,1,Vahanga,Tuamotu Archipelago,Pacific Ocean - South East,French Polynesia,-136.6516376|-21.33280297,Rattus exulans
Nesofregetta fuliginosa,No studies found,1989,Trial or Research only,1,Vahanga,Tuamotu Archipelago,Pacific Ocean - South East,French Polynesia,-136.6516376|-21.33280297,Rattus exulans
Pseudobulweria rostrata,No studies found,1989,Trial or Research only,1,Vahanga,Tuamotu Archipelago,Pacific Ocean - South East,French Polynesia,-136.6516376|-21.33280297,Rattus exulans
Pterodroma alba,All studies are not in support,1989,Trial or Research only,1,Vahanga,Tuamotu Archipelago,Pacific Ocean - South East,French Polynesia,-136.6516376|-21.33280297,Rattus exulans
Pterodroma atrata,Only predation in support,1989,Trial or Research only,1,Vahanga,Tuamotu Archipelago,Pacific Ocean - South East,French Polynesia,-136.6516376|-21.33280297,Rattus exulans
Pterodroma cookii,Population study with all qualities in support,1989,Trial or Research only,1,Vahanga,Tuamotu Archipelago,Pacific Ocean - South East,French Polynesia,-136.6516376|-21.33280297,Rattus exulans
Nesofregetta fuliginosa,No studies found,1313,Successful,1,Vatu-i-Ra,Viti Levu Group,Pacific Ocean - South West,Fiji,178.4666492|-17.3148988,Rattus exulans
Pseudobulweria macgillivrayi,No studies found,1313,Successful,1,Vatu-i-Ra,Viti Levu Group,Pacific Ocean - South West,Fiji,178.4666492|-17.3148988,Rattus exulans
Pseudobulweria rostrata,No studies found,1313,Successful,1,Vatu-i-Ra,Viti Levu Group,Pacific Ocean - South West,Fiji,178.4666492|-17.3148988,Rattus exulans
Pterodroma alba,All studies are not in support,1313,Successful,1,Vatu-i-Ra,Viti Levu Group,Pacific Ocean - South West,Fiji,178.4666492|-17.3148988,Rattus exulans
Nesofregetta fuliginosa,No studies found,2010,Successful,1,Vetauua (Korotuna),Ringgold Islands,Pacific Ocean - South East,Fiji,-179.4083837|-15.95239162,Rattus exulans
Pampusana stairi,No studies found,2010,Successful,1,Vetauua (Korotuna),Ringgold Islands,Pacific Ocean - South East,Fiji,-179.4083837|-15.95239162,Rattus exulans
Pseudobulweria rostrata,No studies found,2010,Successful,1,Vetauua (Korotuna),Ringgold Islands,Pacific Ocean - South East,Fiji,-179.4083837|-15.95239162,Rattus exulans
Pterodroma alba,All studies are not in support,2010,Successful,1,Vetauua (Korotuna),Ringgold Islands,Pacific Ocean - South East,Fiji,-179.4083837|-15.95239162,Rattus exulans
Pampusana stairi,No studies found,1278,Successful (Reinvaded),1,Viwa (Verata),Tailevu Province,Pacific Ocean - South West,Fiji,178.6159459|-17.94113218,Rattus exulans
Nesofregetta fuliginosa,No studies found,1184,Successful,1,Vua,New Caledonia Islands,Pacific Ocean - South West,New Caledonia,166.7471034|-22.57662386,Rattus exulans
Pseudobulweria rostrata,No studies found,1184,Successful,1,Vua,New Caledonia Islands,Pacific Ocean - South West,New Caledonia,166.7471034|-22.57662386,Rattus exulans
Chenonetta finschi,No studies found,2390,Successful,1,Whakaterepapanui,Rangitoto Islands,Pacific Ocean - South West,New Zealand,173.9931919|-40.75332759,Rattus exulans
Coturnix novaezelandiae,All studies are not in support,2390,Successful,1,Whakaterepapanui,Rangitoto Islands,Pacific Ocean - South West,New Zealand,173.9931919|-40.75332759,Rattus exulans
Mergus australis,No studies found,2390,Successful,1,Whakaterepapanui,Rangitoto Islands,Pacific Ocean - South West,New Zealand,173.9931919|-40.75332759,Rattus exulans
Sterna striata,No studies found,2390,Successful,1,Whakaterepapanui,Rangitoto Islands,Pacific Ocean - South West,New Zealand,173.9931919|-40.75332759,Rattus exulans
Tribonyx hodgenorum,No studies found,2390,Successful,1,Whakaterepapanui,Rangitoto Islands,Pacific Ocean - South West,New Zealand,173.9931919|-40.75332759,Rattus exulans
Turnagra capensis,No studies found,2390,Successful,1,Whakaterepapanui,Rangitoto Islands,Pacific Ocean - South West,New Zealand,173.9931919|-40.75332759,Rattus exulans
Eudyptes pachyrhynchus,No studies found,146,Successful,3,Whatupuke (Mauiroto),Hen and Chicken Islands,Pacific Ocean - South West,New Zealand,174.7540295|-35.88954011,Rattus exulans
Fregetta maoriana,No studies found,146,Successful,1,Whatupuke (Mauiroto),Hen and Chicken Islands,Pacific Ocean - South West,New Zealand,174.7540295|-35.88954011,Rattus exulans
Sterna striata,No studies found,146,Successful,4,Whatupuke (Mauiroto),Hen and Chicken Islands,Pacific Ocean - South West,New Zealand,174.7540295|-35.88954011,Rattus exulans
Chenonetta finschi,No studies found,837,Successful,1,Whenua Hou/ Codfish,Stewart Islands,Pacific Ocean - South West,New Zealand,167.6307704|-46.77341893,Rattus exulans
Coenocorypha iredalei,No studies found,837,Successful,1,Whenua Hou/ Codfish,Stewart Islands,Pacific Ocean - South West,New Zealand,167.6307704|-46.77341893,Rattus exulans
Cyanoramphus auriceps,No studies found,837,Successful,1,Whenua Hou/ Codfish,Stewart Islands,Pacific Ocean - South West,New Zealand,167.6307704|-46.77341893,Rattus exulans
Eudyptes pachyrhynchus,No studies found,837,Successful,2,Whenua Hou/ Codfish,Stewart Islands,Pacific Ocean - South West,New Zealand,167.6307704|-46.77341893,Rattus exulans
Mergus australis,No studies found,837,Successful,1,Whenua Hou/ Codfish,Stewart Islands,Pacific Ocean - South West,New Zealand,167.6307704|-46.77341893,Rattus exulans
Pterodroma cookii,Population study with all qualities in support,837,Successful,2,Whenua Hou/ Codfish,Stewart Islands,Pacific Ocean - South West,New Zealand,167.6307704|-46.77341893,Rattus exulans
Sterna striata,No studies found,837,Successful,1,Whenua Hou/ Codfish,Stewart Islands,Pacific Ocean - South West,New Zealand,167.6307704|-46.77341893,Rattus exulans
Tribonyx hodgenorum,No studies found,837,Successful,1,Whenua Hou/ Codfish,Stewart Islands,Pacific Ocean - South West,New Zealand,167.6307704|-46.77341893,Rattus exulans
Diomedea exulans,Only predation in support,1291,Successful (Reinvaded),1,Adele,Tasman Bay,Pacific Ocean - South West,New Zealand,173.0598621|-40.98040707,Mus musculus
Phoebetria palpebrata,Only predation in support,467,Successful,1,Allports (Negara),Marlborough Sound,Pacific Ocean - South West,New Zealand,174.0562873|-41.23657405,Mus musculus
Cyanoramphus unicolor,No studies found,2303,Successful,1,Antipodes,Antipodes Islands,Pacific Ocean - South West,New Zealand,178.7726033|-49.68867929,Mus musculus
Diomedea exulans,Only predation in support,2303,Successful,1,Antipodes,Antipodes Islands,Pacific Ocean - South West,New Zealand,178.7726033|-49.68867929,Mus musculus
Eudyptes chrysolophus,No studies found,2303,Successful,2,Antipodes,Antipodes Islands,Pacific Ocean - South West,New Zealand,178.7726033|-49.68867929,Mus musculus
Diomedea exulans,Only predation in support,2625,Successful,1,Aorangi,Poor Knights Islands,Pacific Ocean - South West,New Zealand,174.739333|-35.4815512,Mus musculus
Eudyptes chrysolophus,No studies found,3141,Planned,2,Auckland,Auckland Islands,Pacific Ocean - South West,New Zealand,166.1034995|-50.70810335,Mus musculus
Phoebetria palpebrata,Only predation in support,3141,Planned,2,Auckland,Auckland Islands,Pacific Ocean - South West,New Zealand,166.1034995|-50.70810335,Mus musculus
Eudyptes chrysolophus,No studies found,1143,Failed,2,Australia,Kerguelen Islands (Golfe du Morbihan),Indian Ocean - West,French Southern Territories,69.85042007|-49.45383115,Mus musculus
Phoebetria fusca,Only predation in support,1143,Failed,1,Australia,Kerguelen Islands (Golfe du Morbihan),Indian Ocean - West,French Southern Territories,69.85042007|-49.45383115,Mus musculus
Phoebetria palpebrata,Only predation in support,1143,Failed,2,Australia,Kerguelen Islands (Golfe du Morbihan),Indian Ocean - West,French Southern Territories,69.85042007|-49.45383115,Mus musculus
Procellaria cinerea,Only predation in support,1143,Failed,2,Australia,Kerguelen Islands (Golfe du Morbihan),Indian Ocean - West,French Southern Territories,69.85042007|-49.45383115,Mus musculus
Diomedea exulans,Only predation in support,3047,Successful,1,Bense,Falkland Islands (Bense Islands group),Atlantic Ocean - South,Falkland Islands (Malvinas),-60.52293637|-51.49393691,Mus musculus
Eudyptes chrysolophus,No studies found,3047,Successful,2,Bense,Falkland Islands (Bense Islands group),Atlantic Ocean - South,Falkland Islands (Malvinas),-60.52293637|-51.49393691,Mus musculus
Diomedea exulans,Only predation in support,469,Successful,1,Browns,Hauraki Gulf,Pacific Ocean - South West,New Zealand,174.8945564|-36.83074946,Mus musculus
Hydrobates leucorhous,No studies found,206,Successful,1,Bugio,Madeira Islands (Desertas Islands),Atlantic Ocean - North,Portugal,-16.48358302|32.42963312,Mus musculus
Hydrobates leucorhous,No studies found,2353,Successful,1,Cal,Madeira Islands (Porto Santo Islands),Atlantic Ocean - North,Portugal,-16.38595385|33.00727933,Mus musculus
Hydrobates leucorhous,No studies found,2355,Successful (Reinvaded),1,Chao,Madeira Islands (Desertas Islands),Atlantic Ocean - North,Portugal,-16.54443012|32.58534663,Mus musculus
Hydrobates leucorhous,No studies found,2356,Planned,1,Chao,Madeira Islands (Desertas Islands),Atlantic Ocean - North,Portugal,-16.54443012|32.58534663,Mus musculus
Eudyptes chrysolophus,No studies found,2572,Failed,3,Chateau,Kerguelen Islands (Golfe du Morbihan),Indian Ocean - West,French Southern Territories,69.92432199|-49.4941167,Mus musculus
Phoebetria palpebrata,Only predation in support,2572,Failed,1,Chateau,Kerguelen Islands (Golfe du Morbihan),Indian Ocean - West,French Southern Territories,69.92432199|-49.4941167,Mus musculus
Diomedea exulans,Only predation in support,921,Successful,1,Coal,Preservation Inlet,Pacific Ocean - South West,New Zealand,166.6285454|-46.11606324,Mus musculus
Eudyptes chrysolophus,No studies found,513,Successful,2,Enderby,Auckland Islands,Pacific Ocean - South West,New Zealand,166.2952138|-50.4973257,Mus musculus
Phoebetria palpebrata,Only predation in support,513,Successful,2,Enderby,Auckland Islands,Pacific Ocean - South West,New Zealand,166.2952138|-50.4973257,Mus musculus
Diomedea exulans,Only predation in support,1303,Successful (Reinvaded),1,Fisherman,Tasman Bay,Pacific Ocean - South West,New Zealand,173.0505863|-40.99304819,Mus musculus
Phoebetria palpebrata,Only predation in support,1303,Successful (Reinvaded),1,Fisherman,Tasman Bay,Pacific Ocean - South West,New Zealand,173.0505863|-40.99304819,Mus musculus
Pterodroma arminjoniana,No studies found,2670,Successful,1,Gombrani,Rodrigues,Indian Ocean - West,Mauritius,63.41778598|-19.7693548,Mus musculus
Diomedea dabbenena,Only predation in support,3027,Planned,2,Gough,Tristan da Cunha,Atlantic Ocean - South,Saint Helena,-9.94122244|-40.31792375,Mus musculus
Diomedea exulans,Only predation in support,3027,Planned,1,Gough,Tristan da Cunha,Atlantic Ocean - South,Saint Helena,-9.94122244|-40.31792375,Mus musculus
Eudyptes moseleyi,All studies are not in support,3027,Planned,2,Gough,Tristan da Cunha,Atlantic Ocean - South,Saint Helena,-9.94122244|-40.31792375,Mus musculus
Pachyptila macgillivrayi,Only predation in support,3027,Planned,1,Gough,Tristan da Cunha,Atlantic Ocean - South,Saint Helena,-9.94122244|-40.31792375,Mus musculus
Phoebetria fusca,Only predation in support,3027,Planned,2,Gough,Tristan da Cunha,Atlantic Ocean - South,Saint Helena,-9.94122244|-40.31792375,Mus musculus
Phoebetria palpebrata,Only predation in support,3027,Planned,1,Gough,Tristan da Cunha,Atlantic Ocean - South,Saint Helena,-9.94122244|-40.31792375,Mus musculus
Procellaria cinerea,Only predation in support,3027,Planned,2,Gough,Tristan da Cunha,Atlantic Ocean - South,Saint Helena,-9.94122244|-40.31792375,Mus musculus
Pterodroma incerta,Only predation in support,3027,Planned,2,Gough,Tristan da Cunha,Atlantic Ocean - South,Saint Helena,-9.94122244|-40.31792375,Mus musculus
Rowettia goughensis,Only predation in support,3027,Planned,1,Gough,Tristan da Cunha,Atlantic Ocean - South,Saint Helena,-9.94122244|-40.31792375,Mus musculus
Thalassarche chlororhynchos,Only predation in support,3027,Planned,2,Gough,Tristan da Cunha,Atlantic Ocean - South,Saint Helena,-9.94122244|-40.31792375,Mus musculus
Phoebetria palpebrata,Only predation in support,1972,Failed,1,Haulashore,Nelson Islands,Pacific Ocean - South West,New Zealand,173.2574878|-41.26730488,Mus musculus
Phoebetria palpebrata,Only predation in support,886,Failed,1,Hauturu (Clark),Whangamata,Pacific Ocean - South West,New Zealand,175.8911439|-37.21433414,Mus musculus
Diomedea exulans,Only predation in support,3050,Successful,1,Little Bense,Falkland Islands (Bense Islands group),Atlantic Ocean - South,Falkland Islands (Malvinas),-60.51110277|-51.48493937,Mus musculus
Eudyptes chrysolophus,No studies found,3050,Successful,2,Little Bense,Falkland Islands (Bense Islands group),Atlantic Ocean - South,Falkland Islands (Malvinas),-60.51110277|-51.48493937,Mus musculus
Diomedea exulans,Only predation in support,2432,Planned,1,Lord Howe,Lord Howe Islands,Pacific Ocean - South West,Australia,159.0769287|-31.55341133,Mus musculus
Diomedea exulans,Only predation in support,704,Successful,2,Macquarie,Macquarie Islands,Pacific Ocean - South West,Australia,158.8643089|-54.62839539,Mus musculus
Phoebetria palpebrata,Only predation in support,704,Successful,2,Macquarie,Macquarie Islands,Pacific Ocean - South West,Australia,158.8643089|-54.62839539,Mus musculus
Thalassarche chrysostoma,Only predation in support,704,Successful,2,Macquarie,Macquarie Islands,Pacific Ocean - South West,Australia,158.8643089|-54.62839539,Mus musculus
Diomedea exulans,Only predation in support,412,Successful,1,Mana,Cook Straight,Pacific Ocean - South West,New Zealand,174.7809363|-41.08772053,Mus musculus
Diomedea dabbenena,Only predation in support,3022,Planned,1,Marion,Prince Edward Islands,Indian Ocean - West,South Africa,37.74039482|-46.90656288,Mus musculus
Diomedea exulans,Only predation in support,3022,Planned,2,Marion,Prince Edward Islands,Indian Ocean - West,South Africa,37.74039482|-46.90656288,Mus musculus
Eudyptes chrysolophus,No studies found,3022,Planned,2,Marion,Prince Edward Islands,Indian Ocean - West,South Africa,37.74039482|-46.90656288,Mus musculus
Phoebetria fusca,Only predation in support,3022,Planned,2,Marion,Prince Edward Islands,Indian Ocean - West,South Africa,37.74039482|-46.90656288,Mus musculus
Phoebetria fusca,Only predation in support,3022,Planned,1,Marion,Prince Edward Islands,Indian Ocean - West,South Africa,37.74039482|-46.90656288,Mus musculus
Phoebetria palpebrata,Only predation in support,3022,Planned,2,Marion,Prince Edward Islands,Indian Ocean - West,South Africa,37.74039482|-46.90656288,Mus musculus
Procellaria cinerea,Only predation in support,3022,Planned,2,Marion,Prince Edward Islands,Indian Ocean - West,South Africa,37.74039482|-46.90656288,Mus musculus
Thalassarche chrysostoma,Only predation in support,3022,Planned,2,Marion,Prince Edward Islands,Indian Ocean - West,South Africa,37.74039482|-46.90656288,Mus musculus
Diomedea exulans,Only predation in support,900,Successful,1,Montague,New South Wales,Pacific Ocean - South West,Australia,150.2267776|-36.25122236,Mus musculus
Diomedea exulans,Only predation in support,452,Successful,1,Motuihe,Hauraki Gulf,Pacific Ocean - South West,New Zealand,174.9461854|-36.8124031,Mus musculus
Diomedea exulans,Only predation in support,227,Successful (Reinvaded),1,Moturemu,Kaipara Harbor,Pacific Ocean - South West,New Zealand,174.3931099|-36.42229159,Mus musculus
Phoebetria palpebrata,Only predation in support,227,Successful (Reinvaded),1,Moturemu,Kaipara Harbor,Pacific Ocean - South West,New Zealand,174.3931099|-36.42229159,Mus musculus
Diomedea exulans,Only predation in support,16,Successful,1,Motutapere,Coromandel Harbor,Pacific Ocean - South West,New Zealand,175.429072|-36.77969089,Mus musculus
Phoebetria palpebrata,Only predation in support,2328,Successful,1,Motutapu,Marlborough Sound,Pacific Ocean - South West,New Zealand,174.0606889|-41.23626663,Mus musculus
Diomedea exulans,Only predation in support,1232,Successful (Reinvaded),1,Motutapu,Hauraki Gulf,Pacific Ocean - South West,New Zealand,174.915858|-36.76471453,Mus musculus
Diomedea exulans,Only predation in support,1967,Successful,1,Ohinau (Ohina),Coromandel Islands,Pacific Ocean - South West,New Zealand,175.8812005|-36.72843944,Mus musculus
Diomedea exulans,Only predation in support,489,Successful,1,Papakohatu (Crusoe),Hauraki Gulf,Pacific Ocean - South West,New Zealand,174.9739554|-36.81332208,Mus musculus
Phoebetria palpebrata,Only predation in support,1289,Unknown pre-status,1,Pickersgill,Queen Charlotte Sound,Pacific Ocean - South West,New Zealand,174.2821797|-41.16052755,Mus musculus
Hydrobates leucorhous,No studies found,1971,Successful,1,Plaza Norte,Galapagos Islands,Pacific Ocean - North East,Ecuador,-90.16125524|-0.580049412,Mus musculus
Pterodroma externa,Only predation in support,1971,Successful,1,Plaza Norte,Galapagos Islands,Pacific Ocean - North East,Ecuador,-90.16125524|-0.580049412,Mus musculus
Hydrobates leucorhous,No studies found,2214,Successful,1,Plaza Sur,Galapagos Islands,Pacific Ocean - North East,Ecuador,-90.16354332|-0.583451758,Mus musculus
Pterodroma externa,Only predation in support,2214,Successful,1,Plaza Sur,Galapagos Islands,Pacific Ocean - North East,Ecuador,-90.16354332|-0.583451758,Mus musculus
Diomedea exulans,Only predation in support,1240,Successful,1,Rangitoto,Hauraki Gulf,Pacific Ocean - South West,New Zealand,174.863184|-36.78649262,Mus musculus
Larus heermanni,Population study without data in support,478,Successful,1,Rasa,Gulf of California (Midriff Islands),Pacific Ocean - North East,Mexico,-112.9798053|28.82381016,Mus musculus
Puffinus opisthomelas,Population study without data in support,478,Successful,3,Rasa,Gulf of California (Midriff Islands),Pacific Ocean - North East,Mexico,-112.9798053|28.82381016,Mus musculus
Synthliboramphus craveri,No studies found,478,Successful,1,Rasa,Gulf of California (Midriff Islands),Pacific Ocean - North East,Mexico,-112.9798053|28.82381016,Mus musculus
Diomedea exulans,Only predation in support,966,Failed,1,Saint-Paul,Amsterdam and St. Paul Islands,Indian Ocean - West,French Southern Territories,77.52352343|-38.72212156,Mus musculus
Eudyptes moseleyi,All studies are not in support,966,Failed,2,Saint-Paul,Amsterdam and St. Paul Islands,Indian Ocean - West,French Southern Territories,77.52352343|-38.72212156,Mus musculus
Pachyptila macgillivrayi,Only predation in support,966,Failed,1,Saint-Paul,Amsterdam and St. Paul Islands,Indian Ocean - West,French Southern Territories,77.52352343|-38.72212156,Mus musculus
Phoebetria palpebrata,Only predation in support,966,Failed,1,Saint-Paul,Amsterdam and St. Paul Islands,Indian Ocean - West,French Southern Territories,77.52352343|-38.72212156,Mus musculus
Procellaria cinerea,Only predation in support,966,Failed,2,Saint-Paul,Amsterdam and St. Paul Islands,Indian Ocean - West,French Southern Territories,77.52352343|-38.72212156,Mus musculus
Phoebastria immutabilis,Only predation in support,3118,Planned,2,Sand,Hawaiian Islands (Midway Atoll),Pacific Ocean - North East,United States,-177.378933|28.20777515,Mus musculus
Eudyptes chrysolophus,No studies found,2308,Successful,2,South Georgia,South Georgia Islands,Atlantic Ocean - South,South Georgia and the South Sandwich Islands,-36.6802295|-54.37892661,Mus musculus
Phoebetria palpebrata,Only predation in support,2308,Successful,2,South Georgia,South Georgia Islands,Atlantic Ocean - South,South Georgia and the South Sandwich Islands,-36.6802295|-54.37892661,Mus musculus
Diomedea exulans,Only predation in support,1977,Failed,1,Stoll,Kerguelen Islands (Golfe du Morbihan),Atlantic Ocean - South,French Southern Territories,69.89033055|-49.45648895,Mus musculus
Eudyptes chrysolophus,No studies found,1977,Failed,3,Stoll,Kerguelen Islands (Golfe du Morbihan),Atlantic Ocean - South,French Southern Territories,69.89033055|-49.45648895,Mus musculus
Phoebetria palpebrata,Only predation in support,1977,Failed,1,Stoll,Kerguelen Islands (Golfe du Morbihan),Atlantic Ocean - South,French Southern Territories,69.89033055|-49.45648895,Mus musculus
Diomedea exulans,Only predation in support,2118,Successful,1,Te Haupa (Saddle),Hauraki Gulf,Pacific Ocean - South West,New Zealand,174.7477144|-36.5116953,Mus musculus
Diomedea exulans,Only predation in support,149,Failed,1,Te Haupa (Saddle),Hauraki Gulf,Pacific Ocean - South West,New Zealand,174.7477144|-36.5116953,Mus musculus
Phoebetria palpebrata,Only predation in support,1309,Successful (Reinvaded),1,Tonga,Tasman Bay,Pacific Ocean - South West,New Zealand,173.0669648|-40.89029124,Mus musculus
Hydrobates leucorhous,No studies found,2062,Failed,1,Venecia,Galapagos Islands,Pacific Ocean - North East,Ecuador,-90.4757509|-0.518408857,Mus musculus
Pterodroma externa,Only predation in support,2062,Failed,1,Venecia,Galapagos Islands,Pacific Ocean - North East,Ecuador,-90.4757509|-0.518408857,Mus musculus
Phoebetria palpebrata,Only predation in support,871,Successful,1,Whenuakura (Whangamata),Whitianga Islands,Pacific Ocean - South West,New Zealand,175.8960386|-37.21987538,Mus musculus
